ISO-10303-21;
HEADER;
FILE_DESCRIPTION((''),'2;1');
FILE_NAME('GY-91_2', '2026-03-08T23:37:55', (''), (''), 'ImageToStl.com STEP Converter','', '');
FILE_SCHEMA(('AUTOMOTIVE_DESIGN_CC2'));
ENDSEC;
DATA;
#1=PRODUCT_DEFINITION_CONTEXT('',#4,'design');
#2=APPLICATION_PROTOCOL_DEFINITION('INTERNATIONAL STANDARD','automotive_design',1994,#4);
#3=(GEOMETRIC_REPRESENTATION_CONTEXT(3)GLOBAL_UNCERTAINTY_ASSIGNED_CONTEXT((#5))GLOBAL_UNIT_ASSIGNED_CONTEXT((#6,#7,#8))REPRESENTATION_CONTEXT('NONE','WORKSPACE'));
#4=APPLICATION_CONTEXT(' ');
#5=UNCERTAINTY_MEASURE_WITH_UNIT(LENGTH_MEASURE(1.0E-006),#6,'','');
#6=(CONVERSION_BASED_UNIT('METRE',#10)LENGTH_UNIT()NAMED_UNIT(#11));
#7=(NAMED_UNIT(#12)PLANE_ANGLE_UNIT()SI_UNIT($,.RADIAN.));
#8=(NAMED_UNIT(#12)SOLID_ANGLE_UNIT()SI_UNIT($,.STERADIAN.));
#9=AXIS2_PLACEMENT_3D('',#14,#15,#16);
#10=LENGTH_MEASURE_WITH_UNIT(LENGTH_MEASURE(1.0),#17);
#11=DIMENSIONAL_EXPONENTS(1.0,0.0,0.0,0.0,0.0,0.0,0.0);
#12=DIMENSIONAL_EXPONENTS(0.0,0.0,0.0,0.0,0.0,0.0,0.0);
#13=PRODUCT_CONTEXT('',#4,'mechanical');
#14=CARTESIAN_POINT('',(0.0,0.0,0.0));
#15=DIRECTION('',(0.0,0.0,1.0));
#16=DIRECTION('',(1.0,0.0,0.0));
#17=(NAMED_UNIT(#11)LENGTH_UNIT()SI_UNIT(.MILLI.,.METRE.));
#18=PRESENTATION_STYLE_ASSIGNMENT((#19));
#19=SURFACE_STYLE_USAGE(.BOTH.,#20);
#20=SURFACE_SIDE_STYLE('',(#21));
#21=SURFACE_STYLE_FILL_AREA(#22);
#22=FILL_AREA_STYLE('',(#23));
#23=FILL_AREA_STYLE_COLOUR('',#24);
#24=COLOUR_RGB('',0.91373,0.11373,0.17647);
#25=PRESENTATION_STYLE_ASSIGNMENT((#26));
#26=SURFACE_STYLE_USAGE(.BOTH.,#27);
#27=SURFACE_SIDE_STYLE('',(#28));
#28=SURFACE_STYLE_FILL_AREA(#29);
#29=FILL_AREA_STYLE('',(#30));
#30=FILL_AREA_STYLE_COLOUR('',#31);
#31=COLOUR_RGB('',0.7098,0.72157,0.6);
#32=SHAPE_DEFINITION_REPRESENTATION(#33,#34);
#33=PRODUCT_DEFINITION_SHAPE('productshape0','',#37);
#34=MANIFOLD_SURFACE_SHAPE_REPRESENTATION('',(#35,#9),#3);
#35=SHELL_BASED_SURFACE_MODEL('shell0',(#39));
#36=PRODUCT('product0','','',(#13));
#37=PRODUCT_DEFINITION('mesh0','',#38,#2);
#38=PRODUCT_DEFINITION_FORMATION_WITH_SPECIFIED_SOURCE('prodsource0','',#36,.NOT_KNOWN.);
#39=CLOSED_SHELL('',(#445,#468,#491,#514,#537,#560,#583,#606,#629,#652,#675,#698,#721,#744,#767,#790,#813,#836,#859,#882,#905,#928,#951,#974,#997,#1020,#1043,#1066,#1089,#1112,#1135,#1158,#1181,#1204,#1227,#1250,#1273,#1296,#1319,#1342,#1365,#1388,#1411,#1434,#1457,#1480,#1503,#1526,#1549,#1572,#1595,#1618,#1641,#1664,#1687,#1710,#1733,#1756,#1779,#1802,#1825,#1848,#1871,#1894,#1917,#1940,#1963,#1986,#2009,#2032,#2055,#2078,#2101,#2124,#2147,#2170,#2193,#2216,#2239,#2262,#2285,#2308,#2331,#2354,#2377,#2400,#2423,#2446,#2469,#2492,#2515,#2538,#2561,#2584,#2607,#2630,#2653,#2676,#2699,#2722,#2745,#2768,#2791,#2814,#2837,#2860,#2883,#2906,#2929,#2952,#2975,#2998,#3021,#3044,#3067,#3090,#3113,#3136,#3159,#3182,#3205,#3228,#3251,#3274,#3297,#3320,#3343,#3366,#3389,#3412,#3435,#3458,#3481,#3504,#3527,#3550,#3573,#3596,#3619,#3642,#3665,#3688,#3711,#3734,#3757,#3780,#3803,#3826,#3849,#3872,#3895,#3918,#3941,#3964,#3987,#4010,#4033,#4056,#4079,#4102,#4125,#4148,#4171,#4194,#4217,#4240,#4263,#4286,#4309,#4332,#4355,#4378,#4401,#4424,#4447,#4470,#4493,#4516,#4539,#4562,#4585,#4608,#4631,#4654,#4677,#4700,#4723,#4746,#4769,#4792,#4815,#4838,#4861,#4884,#4907,#4930,#4953,#4976,#4999,#5022,#5045,#5068,#5091,#5114,#5137,#5160,#5183,#5206,#5229,#5252,#5275,#5298,#5321,#5344,#5367,#5390,#5413,#5436,#5459,#5482,#5505,#5528,#5551,#5574,#5597,#5620,#5643,#5666,#5689,#5712,#5735,#5758,#5781,#5804,#5827,#5850,#5873,#5896,#5919,#5942,#5965,#5988,#6011,#6034,#6057,#6080,#6103,#6126,#6149,#6172,#6195,#6218,#6241,#6264,#6287,#6310,#6333,#6356,#6379,#6402,#6425,#6448,#6471,#6494,#6517,#6540,#6563,#6586,#6609,#6632,#6655,#6678,#6701,#6724,#6747,#6770,#6793,#6816,#6839,#6862,#6885,#6908,#6931,#6954,#6977,#7000,#7023,#7046,#7069,#7092,#7115,#7138,#7161,#7184,#7207,#7230,#7253,#7276,#7299,#7322,#7345,#7368,#7391,#7414,#7437,#7460,#7483,#7506,#7529,#7552,#7575,#7598,#7621,#7644,#7667,#7690,#7713,#7736,#7759,#7782,#7805,#7828,#7851,#7874,#7897,#7920,#7943,#7966,#7989,#8012,#8035,#8058,#8081,#8104,#8127,#8150,#8173,#8196,#8219,#8242,#8265,#8288,#8311,#8334,#8357,#8380,#8403,#8426,#8449,#8472,#8495,#8518,#8541,#8564,#8587,#8610,#8633,#8656,#8679,#8702,#8725,#8748,#8771,#8794,#8817,#8840,#8863,#8886,#8909,#8932,#8955,#8978,#9001,#9024,#9047,#9070,#9093,#9116,#9139,#9162,#9185,#9208,#9231,#9254,#9277,#9300,#9323,#9346,#9369,#9392,#9415,#9438,#9461,#9484,#9507,#9530,#9553,#9576,#9599,#9622,#9645,#9668,#9691,#9714,#9737,#9760,#9783,#9806));
#40=CARTESIAN_POINT('',(20,-14,10));
#41=VERTEX_POINT('',#40);
#42=CARTESIAN_POINT('',(20,0,9));
#43=VERTEX_POINT('',#42);
#44=CARTESIAN_POINT('',(20,0,10));
#45=VERTEX_POINT('',#44);
#46=CARTESIAN_POINT('',(20,-14,9));
#47=VERTEX_POINT('',#46);
#48=CARTESIAN_POINT('',(0,0,10));
#49=VERTEX_POINT('',#48);
#50=CARTESIAN_POINT('',(0,0,9));
#51=VERTEX_POINT('',#50);
#52=CARTESIAN_POINT('',(0,-14,9));
#53=VERTEX_POINT('',#52);
#54=CARTESIAN_POINT('',(0,-14,10));
#55=VERTEX_POINT('',#54);
#56=CARTESIAN_POINT('',(3.518,-1.066,10));
#57=VERTEX_POINT('',#56);
#58=CARTESIAN_POINT('',(5.003,0,10));
#59=VERTEX_POINT('',#58);
#60=CARTESIAN_POINT('',(3.261,-1.015,10));
#61=VERTEX_POINT('',#60);
#62=CARTESIAN_POINT('',(3.766,-1.15,10));
#63=VERTEX_POINT('',#62);
#64=CARTESIAN_POINT('',(4.001,-1.266,10));
#65=VERTEX_POINT('',#64);
#66=CARTESIAN_POINT('',(1.15,-3.766,9));
#67=VERTEX_POINT('',#66);
#68=CARTESIAN_POINT('',(1.066,-3.518,9));
#69=VERTEX_POINT('',#68);
#70=CARTESIAN_POINT('',(15.999,-4.734,10));
#71=VERTEX_POINT('',#70);
#72=CARTESIAN_POINT('',(16.234,-4.85,10));
#73=VERTEX_POINT('',#72);
#74=CARTESIAN_POINT('',(1.015,-3.261,9));
#75=VERTEX_POINT('',#74);
#76=CARTESIAN_POINT('',(4.985,-3.261,10));
#77=VERTEX_POINT('',#76);
#78=CARTESIAN_POINT('',(4.934,-3.518,10));
#79=VERTEX_POINT('',#78);
#80=CARTESIAN_POINT('',(15.066,-3.518,10));
#81=VERTEX_POINT('',#80);
#82=CARTESIAN_POINT('',(4.219,-1.411,10));
#83=VERTEX_POINT('',#82);
#84=CARTESIAN_POINT('',(1.015,-2.739,9));
#85=VERTEX_POINT('',#84);
#86=CARTESIAN_POINT('',(1.066,-2.482,9));
#87=VERTEX_POINT('',#86);
#88=CARTESIAN_POINT('',(0.998,-3,9));
#89=VERTEX_POINT('',#88);
#90=CARTESIAN_POINT('',(15.015,-3.261,10));
#91=VERTEX_POINT('',#90);
#92=CARTESIAN_POINT('',(14.998,-3,10));
#93=VERTEX_POINT('',#92);
#94=CARTESIAN_POINT('',(5.003,-3,10));
#95=VERTEX_POINT('',#94);
#96=CARTESIAN_POINT('',(1.15,-2.234,9));
#97=VERTEX_POINT('',#96);
#98=CARTESIAN_POINT('',(1.266,-1.999,9));
#99=VERTEX_POINT('',#98);
#100=CARTESIAN_POINT('',(4.416,-1.584,10));
#101=VERTEX_POINT('',#100);
#102=CARTESIAN_POINT('',(15.15,-3.766,10));
#103=VERTEX_POINT('',#102);
#104=CARTESIAN_POINT('',(4.589,-1.781,10));
#105=VERTEX_POINT('',#104);
#106=CARTESIAN_POINT('',(18.416,-4.416,10));
#107=VERTEX_POINT('',#106);
#108=CARTESIAN_POINT('',(18.589,-4.219,10));
#109=VERTEX_POINT('',#108);
#110=CARTESIAN_POINT('',(4.985,-2.739,10));
#111=VERTEX_POINT('',#110);
#112=CARTESIAN_POINT('',(15.015,-2.739,10));
#113=VERTEX_POINT('',#112);
#114=CARTESIAN_POINT('',(18.219,-4.589,10));
#115=VERTEX_POINT('',#114);
#116=CARTESIAN_POINT('',(4.85,-3.766,10));
#117=VERTEX_POINT('',#116);
#118=CARTESIAN_POINT('',(4.734,-4.001,10));
#119=VERTEX_POINT('',#118);
#120=CARTESIAN_POINT('',(18.001,-4.734,10));
#121=VERTEX_POINT('',#120);
#122=CARTESIAN_POINT('',(17.766,-4.85,10));
#123=VERTEX_POINT('',#122);
#124=CARTESIAN_POINT('',(1.411,-1.781,9));
#125=VERTEX_POINT('',#124);
#126=CARTESIAN_POINT('',(1.584,-1.584,9));
#127=VERTEX_POINT('',#126);
#128=CARTESIAN_POINT('',(17.261,-4.985,10));
#129=VERTEX_POINT('',#128);
#130=CARTESIAN_POINT('',(17.518,-4.934,10));
#131=VERTEX_POINT('',#130);
#132=CARTESIAN_POINT('',(15.781,-4.589,10));
#133=VERTEX_POINT('',#132);
#134=CARTESIAN_POINT('',(15.584,-4.416,10));
#135=VERTEX_POINT('',#134);
#136=CARTESIAN_POINT('',(1.781,-1.411,9));
#137=VERTEX_POINT('',#136);
#138=CARTESIAN_POINT('',(4.934,-2.482,10));
#139=VERTEX_POINT('',#138);
#140=CARTESIAN_POINT('',(3,-0.998,10));
#141=VERTEX_POINT('',#140);
#142=CARTESIAN_POINT('',(4.85,-2.234,10));
#143=VERTEX_POINT('',#142);
#144=CARTESIAN_POINT('',(1.999,-1.266,9));
#145=VERTEX_POINT('',#144);
#146=CARTESIAN_POINT('',(2.234,-1.15,9));
#147=VERTEX_POINT('',#146);
#148=CARTESIAN_POINT('',(4.734,-1.999,10));
#149=VERTEX_POINT('',#148);
#150=CARTESIAN_POINT('',(2.482,-1.066,9));
#151=VERTEX_POINT('',#150);
#152=CARTESIAN_POINT('',(2.739,-1.015,9));
#153=VERTEX_POINT('',#152);
#154=CARTESIAN_POINT('',(15.266,-4.001,10));
#155=VERTEX_POINT('',#154);
#156=CARTESIAN_POINT('',(15.411,-4.219,10));
#157=VERTEX_POINT('',#156);
#158=CARTESIAN_POINT('',(4.589,-4.219,10));
#159=VERTEX_POINT('',#158);
#160=CARTESIAN_POINT('',(4.416,-4.416,10));
#161=VERTEX_POINT('',#160);
#162=CARTESIAN_POINT('',(15.066,-2.482,10));
#163=VERTEX_POINT('',#162);
#164=CARTESIAN_POINT('',(3.261,-1.015,9));
#165=VERTEX_POINT('',#164);
#166=CARTESIAN_POINT('',(14.998,0,9));
#167=VERTEX_POINT('',#166);
#168=CARTESIAN_POINT('',(3.518,-1.066,9));
#169=VERTEX_POINT('',#168);
#170=CARTESIAN_POINT('',(2.739,-4.985,10));
#171=VERTEX_POINT('',#170);
#172=CARTESIAN_POINT('',(3,-5.003,10));
#173=VERTEX_POINT('',#172);
#174=CARTESIAN_POINT('',(2.482,-4.934,10));
#175=VERTEX_POINT('',#174);
#176=CARTESIAN_POINT('',(2.234,-4.85,10));
#177=VERTEX_POINT('',#176);
#178=CARTESIAN_POINT('',(15.15,-2.234,10));
#179=VERTEX_POINT('',#178);
#180=CARTESIAN_POINT('',(3.766,-1.15,9));
#181=VERTEX_POINT('',#180);
#182=CARTESIAN_POINT('',(4.001,-1.266,9));
#183=VERTEX_POINT('',#182);
#184=CARTESIAN_POINT('',(1.015,-3.261,10));
#185=VERTEX_POINT('',#184);
#186=CARTESIAN_POINT('',(4.219,-1.411,9));
#187=VERTEX_POINT('',#186);
#188=CARTESIAN_POINT('',(15.411,-1.781,10));
#189=VERTEX_POINT('',#188);
#190=CARTESIAN_POINT('',(15.266,-1.999,10));
#191=VERTEX_POINT('',#190);
#192=CARTESIAN_POINT('',(15.781,-1.411,10));
#193=VERTEX_POINT('',#192);
#194=CARTESIAN_POINT('',(15.584,-1.584,10));
#195=VERTEX_POINT('',#194);
#196=CARTESIAN_POINT('',(15.999,-4.734,9));
#197=VERTEX_POINT('',#196);
#198=CARTESIAN_POINT('',(16.234,-4.85,9));
#199=VERTEX_POINT('',#198);
#200=CARTESIAN_POINT('',(15.999,-1.266,10));
#201=VERTEX_POINT('',#200);
#202=CARTESIAN_POINT('',(15.781,-4.589,9));
#203=VERTEX_POINT('',#202);
#204=CARTESIAN_POINT('',(16.234,-1.15,10));
#205=VERTEX_POINT('',#204);
#206=CARTESIAN_POINT('',(4.734,-1.999,9));
#207=VERTEX_POINT('',#206);
#208=CARTESIAN_POINT('',(4.589,-1.781,9));
#209=VERTEX_POINT('',#208);
#210=CARTESIAN_POINT('',(15.584,-4.416,9));
#211=VERTEX_POINT('',#210);
#212=CARTESIAN_POINT('',(15.411,-1.781,9));
#213=VERTEX_POINT('',#212);
#214=CARTESIAN_POINT('',(15.266,-1.999,9));
#215=VERTEX_POINT('',#214);
#216=CARTESIAN_POINT('',(4.985,-2.739,9));
#217=VERTEX_POINT('',#216);
#218=CARTESIAN_POINT('',(19.003,-3,10));
#219=VERTEX_POINT('',#218);
#220=CARTESIAN_POINT('',(18.985,-2.739,10));
#221=VERTEX_POINT('',#220);
#222=CARTESIAN_POINT('',(16.482,-4.934,9));
#223=VERTEX_POINT('',#222);
#224=CARTESIAN_POINT('',(15.15,-2.234,9));
#225=VERTEX_POINT('',#224);
#226=CARTESIAN_POINT('',(15.066,-2.482,9));
#227=VERTEX_POINT('',#226);
#228=CARTESIAN_POINT('',(5.003,-3,9));
#229=VERTEX_POINT('',#228);
#230=CARTESIAN_POINT('',(15.015,-2.739,9));
#231=VERTEX_POINT('',#230);
#232=CARTESIAN_POINT('',(18.734,-4.001,10));
#233=VERTEX_POINT('',#232);
#234=CARTESIAN_POINT('',(18.416,-4.416,9));
#235=VERTEX_POINT('',#234);
#236=CARTESIAN_POINT('',(18.589,-4.219,9));
#237=VERTEX_POINT('',#236);
#238=CARTESIAN_POINT('',(18.219,-4.589,9));
#239=VERTEX_POINT('',#238);
#240=CARTESIAN_POINT('',(4.934,-2.482,9));
#241=VERTEX_POINT('',#240);
#242=CARTESIAN_POINT('',(4.85,-2.234,9));
#243=VERTEX_POINT('',#242);
#244=CARTESIAN_POINT('',(4.416,-1.584,9));
#245=VERTEX_POINT('',#244);
#246=CARTESIAN_POINT('',(3,-0.998,9));
#247=VERTEX_POINT('',#246);
#248=CARTESIAN_POINT('',(18.85,-3.766,10));
#249=VERTEX_POINT('',#248);
#250=CARTESIAN_POINT('',(18.934,-3.518,10));
#251=VERTEX_POINT('',#250);
#252=CARTESIAN_POINT('',(18.001,-4.734,9));
#253=VERTEX_POINT('',#252);
#254=CARTESIAN_POINT('',(17.766,-4.85,9));
#255=VERTEX_POINT('',#254);
#256=CARTESIAN_POINT('',(17.518,-4.934,9));
#257=VERTEX_POINT('',#256);
#258=CARTESIAN_POINT('',(17.261,-4.985,9));
#259=VERTEX_POINT('',#258);
#260=CARTESIAN_POINT('',(15.999,-1.266,9));
#261=VERTEX_POINT('',#260);
#262=CARTESIAN_POINT('',(15.781,-1.411,9));
#263=VERTEX_POINT('',#262);
#264=CARTESIAN_POINT('',(15.584,-1.584,9));
#265=VERTEX_POINT('',#264);
#266=CARTESIAN_POINT('',(4.934,-3.518,9));
#267=VERTEX_POINT('',#266);
#268=CARTESIAN_POINT('',(4.985,-3.261,9));
#269=VERTEX_POINT('',#268);
#270=CARTESIAN_POINT('',(15.066,-3.518,9));
#271=VERTEX_POINT('',#270);
#272=CARTESIAN_POINT('',(4.589,-4.219,9));
#273=VERTEX_POINT('',#272);
#274=CARTESIAN_POINT('',(4.734,-4.001,9));
#275=VERTEX_POINT('',#274);
#276=CARTESIAN_POINT('',(15.266,-4.001,9));
#277=VERTEX_POINT('',#276);
#278=CARTESIAN_POINT('',(14.998,-3,9));
#279=VERTEX_POINT('',#278);
#280=CARTESIAN_POINT('',(15.015,-3.261,9));
#281=VERTEX_POINT('',#280);
#282=CARTESIAN_POINT('',(15.411,-4.219,9));
#283=VERTEX_POINT('',#282);
#284=CARTESIAN_POINT('',(4.219,-4.589,9));
#285=VERTEX_POINT('',#284);
#286=CARTESIAN_POINT('',(3.261,-4.985,9));
#287=VERTEX_POINT('',#286);
#288=CARTESIAN_POINT('',(3.518,-4.934,9));
#289=VERTEX_POINT('',#288);
#290=CARTESIAN_POINT('',(2.482,-4.934,9));
#291=VERTEX_POINT('',#290);
#292=CARTESIAN_POINT('',(2.739,-4.985,9));
#293=VERTEX_POINT('',#292);
#294=CARTESIAN_POINT('',(1.999,-4.734,9));
#295=VERTEX_POINT('',#294);
#296=CARTESIAN_POINT('',(2.234,-4.85,9));
#297=VERTEX_POINT('',#296);
#298=CARTESIAN_POINT('',(16.739,-1.015,10));
#299=VERTEX_POINT('',#298);
#300=CARTESIAN_POINT('',(16.482,-1.066,10));
#301=VERTEX_POINT('',#300);
#302=CARTESIAN_POINT('',(4.416,-4.416,9));
#303=VERTEX_POINT('',#302);
#304=CARTESIAN_POINT('',(15.15,-3.766,9));
#305=VERTEX_POINT('',#304);
#306=CARTESIAN_POINT('',(17,-0.998,10));
#307=VERTEX_POINT('',#306);
#308=CARTESIAN_POINT('',(17.766,-1.15,10));
#309=VERTEX_POINT('',#308);
#310=CARTESIAN_POINT('',(17.518,-1.066,10));
#311=VERTEX_POINT('',#310);
#312=CARTESIAN_POINT('',(18.589,-1.781,10));
#313=VERTEX_POINT('',#312);
#314=CARTESIAN_POINT('',(18.416,-1.584,10));
#315=VERTEX_POINT('',#314);
#316=CARTESIAN_POINT('',(16.234,-1.15,9));
#317=VERTEX_POINT('',#316);
#318=CARTESIAN_POINT('',(18.85,-2.234,10));
#319=VERTEX_POINT('',#318);
#320=CARTESIAN_POINT('',(18.734,-1.999,10));
#321=VERTEX_POINT('',#320);
#322=CARTESIAN_POINT('',(17.261,-1.015,10));
#323=VERTEX_POINT('',#322);
#324=CARTESIAN_POINT('',(18.001,-1.266,10));
#325=VERTEX_POINT('',#324);
#326=CARTESIAN_POINT('',(18.219,-1.411,10));
#327=VERTEX_POINT('',#326);
#328=CARTESIAN_POINT('',(18.934,-2.482,9));
#329=VERTEX_POINT('',#328);
#330=CARTESIAN_POINT('',(18.85,-2.234,9));
#331=VERTEX_POINT('',#330);
#332=CARTESIAN_POINT('',(18.934,-2.482,10));
#333=VERTEX_POINT('',#332);
#334=CARTESIAN_POINT('',(18.985,-3.261,10));
#335=VERTEX_POINT('',#334);
#336=CARTESIAN_POINT('',(18.985,-2.739,9));
#337=VERTEX_POINT('',#336);
#338=CARTESIAN_POINT('',(17,-5.003,10));
#339=VERTEX_POINT('',#338);
#340=CARTESIAN_POINT('',(16.739,-4.985,10));
#341=VERTEX_POINT('',#340);
#342=CARTESIAN_POINT('',(16.482,-4.934,10));
#343=VERTEX_POINT('',#342);
#344=CARTESIAN_POINT('',(18.934,-3.518,9));
#345=VERTEX_POINT('',#344);
#346=CARTESIAN_POINT('',(18.85,-3.766,9));
#347=VERTEX_POINT('',#346);
#348=CARTESIAN_POINT('',(18.734,-4.001,9));
#349=VERTEX_POINT('',#348);
#350=CARTESIAN_POINT('',(1.781,-4.589,10));
#351=VERTEX_POINT('',#350);
#352=CARTESIAN_POINT('',(1.999,-4.734,10));
#353=VERTEX_POINT('',#352);
#354=CARTESIAN_POINT('',(16.482,-1.066,9));
#355=VERTEX_POINT('',#354);
#356=CARTESIAN_POINT('',(16.739,-1.015,9));
#357=VERTEX_POINT('',#356);
#358=CARTESIAN_POINT('',(1.584,-4.416,10));
#359=VERTEX_POINT('',#358);
#360=CARTESIAN_POINT('',(1.411,-4.219,10));
#361=VERTEX_POINT('',#360);
#362=CARTESIAN_POINT('',(1.266,-4.001,10));
#363=VERTEX_POINT('',#362);
#364=CARTESIAN_POINT('',(1.066,-3.518,10));
#365=VERTEX_POINT('',#364);
#366=CARTESIAN_POINT('',(1.15,-3.766,10));
#367=VERTEX_POINT('',#366);
#368=CARTESIAN_POINT('',(3.766,-4.85,10));
#369=VERTEX_POINT('',#368);
#370=CARTESIAN_POINT('',(17.766,-1.15,9));
#371=VERTEX_POINT('',#370);
#372=CARTESIAN_POINT('',(18.001,-1.266,9));
#373=VERTEX_POINT('',#372);
#374=CARTESIAN_POINT('',(3.261,-4.985,10));
#375=VERTEX_POINT('',#374);
#376=CARTESIAN_POINT('',(3.518,-4.934,10));
#377=VERTEX_POINT('',#376);
#378=CARTESIAN_POINT('',(18.416,-1.584,9));
#379=VERTEX_POINT('',#378);
#380=CARTESIAN_POINT('',(18.219,-1.411,9));
#381=VERTEX_POINT('',#380);
#382=CARTESIAN_POINT('',(4.219,-4.589,10));
#383=VERTEX_POINT('',#382);
#384=CARTESIAN_POINT('',(19.003,-3,9));
#385=VERTEX_POINT('',#384);
#386=CARTESIAN_POINT('',(4.001,-4.734,10));
#387=VERTEX_POINT('',#386);
#388=CARTESIAN_POINT('',(18.589,-1.781,9));
#389=VERTEX_POINT('',#388);
#390=CARTESIAN_POINT('',(18.734,-1.999,9));
#391=VERTEX_POINT('',#390);
#392=CARTESIAN_POINT('',(17.518,-1.066,9));
#393=VERTEX_POINT('',#392);
#394=CARTESIAN_POINT('',(17.261,-1.015,9));
#395=VERTEX_POINT('',#394);
#396=CARTESIAN_POINT('',(17,-0.998,9));
#397=VERTEX_POINT('',#396);
#398=CARTESIAN_POINT('',(18.985,-3.261,9));
#399=VERTEX_POINT('',#398);
#400=CARTESIAN_POINT('',(16.739,-4.985,9));
#401=VERTEX_POINT('',#400);
#402=CARTESIAN_POINT('',(17,-5.003,9));
#403=VERTEX_POINT('',#402);
#404=CARTESIAN_POINT('',(0.998,-3,10));
#405=VERTEX_POINT('',#404);
#406=CARTESIAN_POINT('',(3,-5.003,9));
#407=VERTEX_POINT('',#406);
#408=CARTESIAN_POINT('',(1.066,-2.482,10));
#409=VERTEX_POINT('',#408);
#410=CARTESIAN_POINT('',(1.015,-2.739,10));
#411=VERTEX_POINT('',#410);
#412=CARTESIAN_POINT('',(1.15,-2.234,10));
#413=VERTEX_POINT('',#412);
#414=CARTESIAN_POINT('',(1.266,-1.999,10));
#415=VERTEX_POINT('',#414);
#416=CARTESIAN_POINT('',(1.781,-4.589,9));
#417=VERTEX_POINT('',#416);
#418=CARTESIAN_POINT('',(1.411,-1.781,10));
#419=VERTEX_POINT('',#418);
#420=CARTESIAN_POINT('',(1.584,-1.584,10));
#421=VERTEX_POINT('',#420);
#422=CARTESIAN_POINT('',(1.411,-4.219,9));
#423=VERTEX_POINT('',#422);
#424=CARTESIAN_POINT('',(1.266,-4.001,9));
#425=VERTEX_POINT('',#424);
#426=CARTESIAN_POINT('',(1.584,-4.416,9));
#427=VERTEX_POINT('',#426);
#428=CARTESIAN_POINT('',(1.781,-1.411,10));
#429=VERTEX_POINT('',#428);
#430=CARTESIAN_POINT('',(4.001,-4.734,9));
#431=VERTEX_POINT('',#430);
#432=CARTESIAN_POINT('',(3.766,-4.85,9));
#433=VERTEX_POINT('',#432);
#434=CARTESIAN_POINT('',(2.234,-1.15,10));
#435=VERTEX_POINT('',#434);
#436=CARTESIAN_POINT('',(1.999,-1.266,10));
#437=VERTEX_POINT('',#436);
#438=CARTESIAN_POINT('',(2.482,-1.066,10));
#439=VERTEX_POINT('',#438);
#440=CARTESIAN_POINT('',(2.739,-1.015,10));
#441=VERTEX_POINT('',#440);
#442=CARTESIAN_POINT('',(4.85,-3.766,9));
#443=VERTEX_POINT('',#442);
#444=STYLED_ITEM('',(#18),#445);
#445=FACE_SURFACE('',(#450),#446,.T.);
#446=PLANE('',#447);
#447=AXIS2_PLACEMENT_3D('',#40,#448,#449);
#448=DIRECTION('',(1,-0,0));
#449=DIRECTION('',(0,0.9974586998307351,-0.07124704998790965));
#450=FACE_BOUND('',#451,.T.);
#451=EDGE_LOOP('',(#452,#453,#454));
#452=ORIENTED_EDGE('',*,*,#455,.T.);
#453=ORIENTED_EDGE('',*,*,#456,.T.);
#454=ORIENTED_EDGE('',*,*,#457,.T.);
#455=EDGE_CURVE('',#41,#43,#458,.F.);
#456=EDGE_CURVE('',#43,#45,#459,.T.);
#457=EDGE_CURVE('',#45,#41,#460,.T.);
#458=LINE('',#40,#461);
#459=LINE('',#42,#462);
#460=LINE('',#44,#463);
#461=VECTOR('',#464,1.0);
#462=VECTOR('',#465,1.0);
#463=VECTOR('',#466,1.0);
#464=DIRECTION('',(0,0.9974586998307351,-0.07124704998790965));
#465=DIRECTION('',(0,0,1));
#466=DIRECTION('',(0,-1,0));
#467=STYLED_ITEM('',(#18),#468);
#468=FACE_SURFACE('',(#473),#469,.T.);
#469=PLANE('',#470);
#470=AXIS2_PLACEMENT_3D('',#42,#471,#472);
#471=DIRECTION('',(1,0,0));
#472=DIRECTION('',(0,-0.9974586998307351,0.07124704998790965));
#473=FACE_BOUND('',#474,.T.);
#474=EDGE_LOOP('',(#475,#476,#477));
#475=ORIENTED_EDGE('',*,*,#478,.T.);
#476=ORIENTED_EDGE('',*,*,#479,.T.);
#477=ORIENTED_EDGE('',*,*,#480,.T.);
#478=EDGE_CURVE('',#43,#41,#481,.F.);
#479=EDGE_CURVE('',#41,#47,#482,.T.);
#480=EDGE_CURVE('',#47,#43,#483,.T.);
#481=LINE('',#42,#484);
#482=LINE('',#40,#485);
#483=LINE('',#46,#486);
#484=VECTOR('',#487,1.0);
#485=VECTOR('',#488,1.0);
#486=VECTOR('',#489,1.0);
#487=DIRECTION('',(0,-0.9974586998307351,0.07124704998790965));
#488=DIRECTION('',(0,0,-1));
#489=DIRECTION('',(0,1,0));
#490=STYLED_ITEM('',(#18),#491);
#491=FACE_SURFACE('',(#496),#492,.T.);
#492=PLANE('',#493);
#493=AXIS2_PLACEMENT_3D('',#48,#494,#495);
#494=DIRECTION('',(-1,0,-0));
#495=DIRECTION('',(0,0,-1));
#496=FACE_BOUND('',#497,.T.);
#497=EDGE_LOOP('',(#498,#499,#500));
#498=ORIENTED_EDGE('',*,*,#501,.T.);
#499=ORIENTED_EDGE('',*,*,#502,.T.);
#500=ORIENTED_EDGE('',*,*,#503,.T.);
#501=EDGE_CURVE('',#49,#51,#504,.F.);
#502=EDGE_CURVE('',#51,#53,#505,.T.);
#503=EDGE_CURVE('',#53,#49,#506,.T.);
#504=LINE('',#48,#507);
#505=LINE('',#50,#508);
#506=LINE('',#52,#509);
#507=VECTOR('',#510,1.0);
#508=VECTOR('',#511,1.0);
#509=VECTOR('',#512,1.0);
#510=DIRECTION('',(0,0,-1));
#511=DIRECTION('',(0,-1,0));
#512=DIRECTION('',(0,0.9974586998307351,0.07124704998790965));
#513=STYLED_ITEM('',(#18),#514);
#514=FACE_SURFACE('',(#519),#515,.T.);
#515=PLANE('',#516);
#516=AXIS2_PLACEMENT_3D('',#48,#517,#518);
#517=DIRECTION('',(-1,-0,0));
#518=DIRECTION('',(0,-0.9974586998307351,-0.07124704998790965));
#519=FACE_BOUND('',#520,.T.);
#520=EDGE_LOOP('',(#521,#522,#523));
#521=ORIENTED_EDGE('',*,*,#524,.T.);
#522=ORIENTED_EDGE('',*,*,#525,.T.);
#523=ORIENTED_EDGE('',*,*,#526,.T.);
#524=EDGE_CURVE('',#49,#53,#527,.F.);
#525=EDGE_CURVE('',#53,#55,#528,.T.);
#526=EDGE_CURVE('',#55,#49,#529,.T.);
#527=LINE('',#48,#530);
#528=LINE('',#52,#531);
#529=LINE('',#54,#532);
#530=VECTOR('',#533,1.0);
#531=VECTOR('',#534,1.0);
#532=VECTOR('',#535,1.0);
#533=DIRECTION('',(0,-0.9974586998307351,-0.07124704998790965));
#534=DIRECTION('',(0,0,1));
#535=DIRECTION('',(0,1,0));
#536=STYLED_ITEM('',(#18),#537);
#537=FACE_SURFACE('',(#542),#538,.T.);
#538=PLANE('',#539);
#539=AXIS2_PLACEMENT_3D('',#56,#540,#541);
#540=DIRECTION('',(0,-0,1));
#541=DIRECTION('',(0.8123636031731294,0.5831512464528995,0));
#542=FACE_BOUND('',#543,.T.);
#543=EDGE_LOOP('',(#544,#545,#546));
#544=ORIENTED_EDGE('',*,*,#547,.T.);
#545=ORIENTED_EDGE('',*,*,#548,.T.);
#546=ORIENTED_EDGE('',*,*,#549,.T.);
#547=EDGE_CURVE('',#57,#59,#550,.F.);
#548=EDGE_CURVE('',#59,#61,#551,.T.);
#549=EDGE_CURVE('',#61,#57,#552,.T.);
#550=LINE('',#56,#553);
#551=LINE('',#58,#554);
#552=LINE('',#60,#555);
#553=VECTOR('',#556,1.0);
#554=VECTOR('',#557,1.0);
#555=VECTOR('',#558,1.0);
#556=DIRECTION('',(0.8123636031731294,0.5831512464528995,0));
#557=DIRECTION('',(-0.8640306475235177,-0.503439211961177,0));
#558=DIRECTION('',(0.9808731636385993,-0.19464798188937268,0));
#559=STYLED_ITEM('',(#18),#560);
#560=FACE_SURFACE('',(#565),#561,.T.);
#561=PLANE('',#562);
#562=AXIS2_PLACEMENT_3D('',#62,#563,#564);
#563=DIRECTION('',(0,-0,1));
#564=DIRECTION('',(0.7323927023697862,0.6808824638037623,0));
#565=FACE_BOUND('',#566,.T.);
#566=EDGE_LOOP('',(#567,#568,#569));
#567=ORIENTED_EDGE('',*,*,#570,.T.);
#568=ORIENTED_EDGE('',*,*,#571,.T.);
#569=ORIENTED_EDGE('',*,*,#572,.T.);
#570=EDGE_CURVE('',#63,#59,#573,.F.);
#571=EDGE_CURVE('',#59,#57,#574,.T.);
#572=EDGE_CURVE('',#57,#63,#575,.T.);
#573=LINE('',#62,#576);
#574=LINE('',#58,#577);
#575=LINE('',#56,#578);
#576=VECTOR('',#579,1.0);
#577=VECTOR('',#580,1.0);
#578=VECTOR('',#581,1.0);
#579=DIRECTION('',(0.7323927023697862,0.6808824638037623,0));
#580=DIRECTION('',(-0.8123636031731294,-0.5831512464528995,0));
#581=DIRECTION('',(0.9471445756278135,-0.3208070336803876,0));
#582=STYLED_ITEM('',(#18),#583);
#583=FACE_SURFACE('',(#588),#584,.T.);
#584=PLANE('',#585);
#585=AXIS2_PLACEMENT_3D('',#64,#586,#587);
#586=DIRECTION('',(0,-0,1));
#587=DIRECTION('',(0.6206077539447263,0.7841211741457323,0));
#588=FACE_BOUND('',#589,.T.);
#589=EDGE_LOOP('',(#590,#591,#592));
#590=ORIENTED_EDGE('',*,*,#593,.T.);
#591=ORIENTED_EDGE('',*,*,#594,.T.);
#592=ORIENTED_EDGE('',*,*,#595,.T.);
#593=EDGE_CURVE('',#65,#59,#596,.F.);
#594=EDGE_CURVE('',#59,#63,#597,.T.);
#595=EDGE_CURVE('',#63,#65,#598,.T.);
#596=LINE('',#64,#599);
#597=LINE('',#58,#600);
#598=LINE('',#62,#601);
#599=VECTOR('',#602,1.0);
#600=VECTOR('',#603,1.0);
#601=VECTOR('',#604,1.0);
#602=DIRECTION('',(0.6206077539447263,0.7841211741457323,0));
#603=DIRECTION('',(-0.7323927023697862,-0.6808824638037623,0));
#604=DIRECTION('',(0.8967049296897791,-0.4426288163575078,0));
#605=STYLED_ITEM('',(#18),#606);
#606=FACE_SURFACE('',(#611),#607,.T.);
#607=PLANE('',#608);
#608=AXIS2_PLACEMENT_3D('',#66,#609,#610);
#609=DIRECTION('',(-0,0,-1));
#610=DIRECTION('',(-0.11166771953052436,-0.9937456014568578,0));
#611=FACE_BOUND('',#612,.T.);
#612=EDGE_LOOP('',(#613,#614,#615));
#613=ORIENTED_EDGE('',*,*,#616,.T.);
#614=ORIENTED_EDGE('',*,*,#617,.T.);
#615=ORIENTED_EDGE('',*,*,#618,.T.);
#616=EDGE_CURVE('',#67,#53,#619,.F.);
#617=EDGE_CURVE('',#53,#69,#620,.T.);
#618=EDGE_CURVE('',#69,#67,#621,.T.);
#619=LINE('',#66,#622);
#620=LINE('',#52,#623);
#621=LINE('',#68,#624);
#622=VECTOR('',#625,1.0);
#623=VECTOR('',#626,1.0);
#624=VECTOR('',#627,1.0);
#625=DIRECTION('',(-0.11166771953052436,-0.9937456014568578,0));
#626=DIRECTION('',(0.10117628652289623,0.9948685134455892,0));
#627=DIRECTION('',(0.3208070336803876,-0.9471445756278135,0));
#628=STYLED_ITEM('',(#18),#629);
#629=FACE_SURFACE('',(#634),#630,.T.);
#630=PLANE('',#631);
#631=AXIS2_PLACEMENT_3D('',#70,#632,#633);
#632=DIRECTION('',(0,0,1));
#633=DIRECTION('',(0.39641703712256354,-0.9180705488572043,0));
#634=FACE_BOUND('',#635,.T.);
#635=EDGE_LOOP('',(#636,#637,#638));
#636=ORIENTED_EDGE('',*,*,#639,.T.);
#637=ORIENTED_EDGE('',*,*,#640,.T.);
#638=ORIENTED_EDGE('',*,*,#641,.T.);
#639=EDGE_CURVE('',#71,#41,#642,.F.);
#640=EDGE_CURVE('',#41,#73,#643,.T.);
#641=EDGE_CURVE('',#73,#71,#644,.T.);
#642=LINE('',#70,#645);
#643=LINE('',#40,#646);
#644=LINE('',#72,#647);
#645=VECTOR('',#648,1.0);
#646=VECTOR('',#649,1.0);
#647=VECTOR('',#650,1.0);
#648=DIRECTION('',(0.39641703712256354,-0.9180705488572043,0));
#649=DIRECTION('',(-0.38060747375926524,0.9247366927502068,0));
#650=DIRECTION('',(-0.8967049296897804,0.44262881635750506,0));
#651=STYLED_ITEM('',(#18),#652);
#652=FACE_SURFACE('',(#657),#653,.T.);
#653=PLANE('',#654);
#654=AXIS2_PLACEMENT_3D('',#74,#655,#656);
#655=DIRECTION('',(0,-0,-1));
#656=DIRECTION('',(0.19464798188937268,-0.9808731636385993,0));
#657=FACE_BOUND('',#658,.T.);
#658=EDGE_LOOP('',(#659,#660,#661));
#659=ORIENTED_EDGE('',*,*,#662,.T.);
#660=ORIENTED_EDGE('',*,*,#663,.T.);
#661=ORIENTED_EDGE('',*,*,#664,.T.);
#662=EDGE_CURVE('',#75,#69,#665,.F.);
#663=EDGE_CURVE('',#69,#53,#666,.T.);
#664=EDGE_CURVE('',#53,#75,#667,.T.);
#665=LINE('',#74,#668);
#666=LINE('',#68,#669);
#667=LINE('',#52,#670);
#668=VECTOR('',#671,1.0);
#669=VECTOR('',#672,1.0);
#670=VECTOR('',#673,1.0);
#671=DIRECTION('',(0.19464798188937268,-0.9808731636385993,0));
#672=DIRECTION('',(-0.10117628652289623,-0.9948685134455892,0));
#673=DIRECTION('',(0.09409596598084288,0.9955631316928787,0));
#674=STYLED_ITEM('',(#18),#675);
#675=FACE_SURFACE('',(#680),#676,.T.);
#676=PLANE('',#677);
#677=AXIS2_PLACEMENT_3D('',#52,#678,#679);
#678=DIRECTION('',(0,0,-1));
#679=DIRECTION('',(0,1,0));
#680=FACE_BOUND('',#681,.T.);
#681=EDGE_LOOP('',(#682,#683,#684));
#682=ORIENTED_EDGE('',*,*,#685,.T.);
#683=ORIENTED_EDGE('',*,*,#686,.T.);
#684=ORIENTED_EDGE('',*,*,#687,.T.);
#685=EDGE_CURVE('',#53,#51,#688,.F.);
#686=EDGE_CURVE('',#51,#75,#689,.T.);
#687=EDGE_CURVE('',#75,#53,#690,.T.);
#688=LINE('',#52,#691);
#689=LINE('',#50,#692);
#690=LINE('',#74,#693);
#691=VECTOR('',#694,1.0);
#692=VECTOR('',#695,1.0);
#693=VECTOR('',#696,1.0);
#694=DIRECTION('',(0,1,0));
#695=DIRECTION('',(0.2971911314636586,-0.954818009559597,0));
#696=DIRECTION('',(-0.09409596598084288,-0.9955631316928787,0));
#697=STYLED_ITEM('',(#18),#698);
#698=FACE_SURFACE('',(#703),#699,.T.);
#699=PLANE('',#700);
#700=AXIS2_PLACEMENT_3D('',#76,#701,#702);
#701=DIRECTION('',(0,0,1));
#702=DIRECTION('',(-0.19464798188937268,-0.9808731636385993,0));
#703=FACE_BOUND('',#704,.T.);
#704=EDGE_LOOP('',(#705,#706,#707));
#705=ORIENTED_EDGE('',*,*,#708,.T.);
#706=ORIENTED_EDGE('',*,*,#709,.T.);
#707=ORIENTED_EDGE('',*,*,#710,.T.);
#708=EDGE_CURVE('',#77,#79,#711,.F.);
#709=EDGE_CURVE('',#79,#81,#712,.T.);
#710=EDGE_CURVE('',#81,#77,#713,.T.);
#711=LINE('',#76,#714);
#712=LINE('',#78,#715);
#713=LINE('',#80,#716);
#714=VECTOR('',#717,1.0);
#715=VECTOR('',#718,1.0);
#716=VECTOR('',#719,1.0);
#717=DIRECTION('',(-0.19464798188937268,-0.9808731636385993,0));
#718=DIRECTION('',(1,0,0));
#719=DIRECTION('',(-0.9996751989739777,0.025485222312896735,0));
#720=STYLED_ITEM('',(#18),#721);
#721=FACE_SURFACE('',(#726),#722,.T.);
#722=PLANE('',#723);
#723=AXIS2_PLACEMENT_3D('',#64,#724,#725);
#724=DIRECTION('',(-0,0,1));
#725=DIRECTION('',(0.8326374333005123,-0.5538184762778638,0));
#726=FACE_BOUND('',#727,.T.);
#727=EDGE_LOOP('',(#728,#729,#730));
#728=ORIENTED_EDGE('',*,*,#731,.T.);
#729=ORIENTED_EDGE('',*,*,#732,.T.);
#730=ORIENTED_EDGE('',*,*,#733,.T.);
#731=EDGE_CURVE('',#65,#83,#734,.F.);
#732=EDGE_CURVE('',#83,#59,#735,.T.);
#733=EDGE_CURVE('',#59,#65,#736,.T.);
#734=LINE('',#64,#737);
#735=LINE('',#82,#738);
#736=LINE('',#58,#739);
#737=VECTOR('',#740,1.0);
#738=VECTOR('',#741,1.0);
#739=VECTOR('',#742,1.0);
#740=DIRECTION('',(0.8326374333005123,-0.5538184762778638,0));
#741=DIRECTION('',(0.4856955301715596,0.8741280523878453,0));
#742=DIRECTION('',(-0.6206077539447263,-0.7841211741457323,0));
#743=STYLED_ITEM('',(#18),#744);
#744=FACE_SURFACE('',(#749),#745,.T.);
#745=PLANE('',#746);
#746=AXIS2_PLACEMENT_3D('',#84,#747,#748);
#747=DIRECTION('',(0,0,-1));
#748=DIRECTION('',(-0.3474816003523701,0.9376868013449671,0));
#749=FACE_BOUND('',#750,.T.);
#750=EDGE_LOOP('',(#751,#752,#753));
#751=ORIENTED_EDGE('',*,*,#754,.T.);
#752=ORIENTED_EDGE('',*,*,#755,.T.);
#753=ORIENTED_EDGE('',*,*,#756,.T.);
#754=EDGE_CURVE('',#85,#51,#757,.F.);
#755=EDGE_CURVE('',#51,#87,#758,.T.);
#756=EDGE_CURVE('',#87,#85,#759,.T.);
#757=LINE('',#84,#760);
#758=LINE('',#50,#761);
#759=LINE('',#86,#762);
#760=VECTOR('',#763,1.0);
#761=VECTOR('',#764,1.0);
#762=VECTOR('',#765,1.0);
#763=DIRECTION('',(-0.3474816003523701,0.9376868013449671,0));
#764=DIRECTION('',(0.3946340499425796,-0.9188383789469818,0));
#765=DIRECTION('',(-0.19464798188937268,-0.9808731636385993,0));
#766=STYLED_ITEM('',(#18),#767);
#767=FACE_SURFACE('',(#772),#768,.T.);
#768=PLANE('',#769);
#769=AXIS2_PLACEMENT_3D('',#88,#770,#771);
#770=DIRECTION('',(0,0,-1));
#771=DIRECTION('',(-0.31565838533200047,0.9488729017996006,0));
#772=FACE_BOUND('',#773,.T.);
#773=EDGE_LOOP('',(#774,#775,#776));
#774=ORIENTED_EDGE('',*,*,#777,.T.);
#775=ORIENTED_EDGE('',*,*,#778,.T.);
#776=ORIENTED_EDGE('',*,*,#779,.T.);
#777=EDGE_CURVE('',#89,#51,#780,.F.);
#778=EDGE_CURVE('',#51,#85,#781,.T.);
#779=EDGE_CURVE('',#85,#89,#782,.T.);
#780=LINE('',#88,#783);
#781=LINE('',#50,#784);
#782=LINE('',#84,#785);
#783=VECTOR('',#786,1.0);
#784=VECTOR('',#787,1.0);
#785=VECTOR('',#788,1.0);
#786=DIRECTION('',(-0.31565838533200047,0.9488729017996006,0));
#787=DIRECTION('',(0.3474816003523701,-0.9376868013449671,0));
#788=DIRECTION('',(-0.0649963735734023,-0.997885500156359,0));
#789=STYLED_ITEM('',(#18),#790);
#790=FACE_SURFACE('',(#795),#791,.T.);
#791=PLANE('',#792);
#792=AXIS2_PLACEMENT_3D('',#90,#793,#794);
#793=DIRECTION('',(0,0,1));
#794=DIRECTION('',(-0.06499637357340737,0.9978855001563588,0));
#795=FACE_BOUND('',#796,.T.);
#796=EDGE_LOOP('',(#797,#798,#799));
#797=ORIENTED_EDGE('',*,*,#800,.T.);
#798=ORIENTED_EDGE('',*,*,#801,.T.);
#799=ORIENTED_EDGE('',*,*,#802,.T.);
#800=EDGE_CURVE('',#91,#93,#803,.F.);
#801=EDGE_CURVE('',#93,#95,#804,.T.);
#802=EDGE_CURVE('',#95,#91,#805,.T.);
#803=LINE('',#90,#806);
#804=LINE('',#92,#807);
#805=LINE('',#94,#808);
#806=VECTOR('',#809,1.0);
#807=VECTOR('',#810,1.0);
#808=VECTOR('',#811,1.0);
#809=DIRECTION('',(-0.06499637357340737,0.9978855001563588,0));
#810=DIRECTION('',(-1,0,0));
#811=DIRECTION('',(0.9996603840697823,-0.026059864187196694,0));
#812=STYLED_ITEM('',(#18),#813);
#813=FACE_SURFACE('',(#818),#814,.T.);
#814=PLANE('',#815);
#815=AXIS2_PLACEMENT_3D('',#96,#816,#817);
#816=DIRECTION('',(0,0,-1));
#817=DIRECTION('',(-0.45768970131402337,0.8891119936830681,0));
#818=FACE_BOUND('',#819,.T.);
#819=EDGE_LOOP('',(#820,#821,#822));
#820=ORIENTED_EDGE('',*,*,#823,.T.);
#821=ORIENTED_EDGE('',*,*,#824,.T.);
#822=ORIENTED_EDGE('',*,*,#825,.T.);
#823=EDGE_CURVE('',#97,#51,#826,.F.);
#824=EDGE_CURVE('',#51,#99,#827,.T.);
#825=EDGE_CURVE('',#99,#97,#828,.T.);
#826=LINE('',#96,#829);
#827=LINE('',#50,#830);
#828=LINE('',#98,#831);
#829=VECTOR('',#832,1.0);
#830=VECTOR('',#833,1.0);
#831=VECTOR('',#834,1.0);
#832=DIRECTION('',(-0.45768970131402337,0.8891119936830681,0));
#833=DIRECTION('',(0.5350420266492188,-0.844825443342645,0));
#834=DIRECTION('',(-0.44262881635750845,-0.8967049296897788,0));
#835=STYLED_ITEM('',(#18),#836);
#836=FACE_SURFACE('',(#841),#837,.T.);
#837=PLANE('',#838);
#838=AXIS2_PLACEMENT_3D('',#86,#839,#840);
#839=DIRECTION('',(0,0,-1));
#840=DIRECTION('',(-0.3946340499425796,0.9188383789469818,0));
#841=FACE_BOUND('',#842,.T.);
#842=EDGE_LOOP('',(#843,#844,#845));
#843=ORIENTED_EDGE('',*,*,#846,.T.);
#844=ORIENTED_EDGE('',*,*,#847,.T.);
#845=ORIENTED_EDGE('',*,*,#848,.T.);
#846=EDGE_CURVE('',#87,#51,#849,.F.);
#847=EDGE_CURVE('',#51,#97,#850,.T.);
#848=EDGE_CURVE('',#97,#87,#851,.T.);
#849=LINE('',#86,#852);
#850=LINE('',#50,#853);
#851=LINE('',#96,#854);
#852=VECTOR('',#855,1.0);
#853=VECTOR('',#856,1.0);
#854=VECTOR('',#857,1.0);
#855=DIRECTION('',(-0.3946340499425796,0.9188383789469818,0));
#856=DIRECTION('',(0.45768970131402337,-0.8891119936830681,0));
#857=DIRECTION('',(-0.3208070336803876,-0.9471445756278135,0));
#858=STYLED_ITEM('',(#18),#859);
#859=FACE_SURFACE('',(#864),#860,.T.);
#860=PLANE('',#861);
#861=AXIS2_PLACEMENT_3D('',#100,#862,#863);
#862=DIRECTION('',(0,-0,1));
#863=DIRECTION('',(0.3474878713772664,0.9376844774473427,0));
#864=FACE_BOUND('',#865,.T.);
#865=EDGE_LOOP('',(#866,#867,#868));
#866=ORIENTED_EDGE('',*,*,#869,.T.);
#867=ORIENTED_EDGE('',*,*,#870,.T.);
#868=ORIENTED_EDGE('',*,*,#871,.T.);
#869=EDGE_CURVE('',#101,#59,#872,.F.);
#870=EDGE_CURVE('',#59,#83,#873,.T.);
#871=EDGE_CURVE('',#83,#101,#874,.T.);
#872=LINE('',#100,#875);
#873=LINE('',#58,#876);
#874=LINE('',#82,#877);
#875=VECTOR('',#878,1.0);
#876=VECTOR('',#879,1.0);
#877=VECTOR('',#880,1.0);
#878=DIRECTION('',(0.3474878713772664,0.9376844774473427,0));
#879=DIRECTION('',(-0.4856955301715596,-0.8741280523878453,0));
#880=DIRECTION('',(0.7513940993995951,-0.6598537015031978,0));
#881=STYLED_ITEM('',(#18),#882);
#882=FACE_SURFACE('',(#887),#883,.T.);
#883=PLANE('',#884);
#884=AXIS2_PLACEMENT_3D('',#102,#885,#886);
#885=DIRECTION('',(0,0,1));
#886=DIRECTION('',(-0.3208070336803868,0.9471445756278137,0));
#887=FACE_BOUND('',#888,.T.);
#888=EDGE_LOOP('',(#889,#890,#891));
#889=ORIENTED_EDGE('',*,*,#892,.T.);
#890=ORIENTED_EDGE('',*,*,#893,.T.);
#891=ORIENTED_EDGE('',*,*,#894,.T.);
#892=EDGE_CURVE('',#103,#81,#895,.F.);
#893=EDGE_CURVE('',#81,#79,#896,.T.);
#894=EDGE_CURVE('',#79,#103,#897,.T.);
#895=LINE('',#102,#898);
#896=LINE('',#80,#899);
#897=LINE('',#78,#900);
#898=VECTOR('',#901,1.0);
#899=VECTOR('',#902,1.0);
#900=VECTOR('',#903,1.0);
#901=DIRECTION('',(-0.3208070336803868,0.9471445756278137,0));
#902=DIRECTION('',(-1,0,0));
#903=DIRECTION('',(0.9997054766716403,-0.02426849630134759,0));
#904=STYLED_ITEM('',(#18),#905);
#905=FACE_SURFACE('',(#910),#906,.T.);
#906=PLANE('',#907);
#907=AXIS2_PLACEMENT_3D('',#104,#908,#909);
#908=DIRECTION('',(0,-0,1));
#909=DIRECTION('',(0.22641696512133713,0.9740304707272988,0));
#910=FACE_BOUND('',#911,.T.);
#911=EDGE_LOOP('',(#912,#913,#914));
#912=ORIENTED_EDGE('',*,*,#915,.T.);
#913=ORIENTED_EDGE('',*,*,#916,.T.);
#914=ORIENTED_EDGE('',*,*,#917,.T.);
#915=EDGE_CURVE('',#105,#59,#918,.F.);
#916=EDGE_CURVE('',#59,#101,#919,.T.);
#917=EDGE_CURVE('',#101,#105,#920,.T.);
#918=LINE('',#104,#921);
#919=LINE('',#58,#922);
#920=LINE('',#100,#923);
#921=VECTOR('',#924,1.0);
#922=VECTOR('',#925,1.0);
#923=VECTOR('',#926,1.0);
#924=DIRECTION('',(0.22641696512133713,0.9740304707272988,0));
#925=DIRECTION('',(-0.3474878713772664,-0.9376844774473427,0));
#926=DIRECTION('',(0.6598537015031981,-0.7513940993995948,0));
#927=STYLED_ITEM('',(#18),#928);
#928=FACE_SURFACE('',(#933),#929,.T.);
#929=PLANE('',#930);
#930=AXIS2_PLACEMENT_3D('',#106,#931,#932);
#931=DIRECTION('',(-0,0,1));
#932=DIRECTION('',(0.16306334648413032,-0.9866156014544857,0));
#933=FACE_BOUND('',#934,.T.);
#934=EDGE_LOOP('',(#935,#936,#937));
#935=ORIENTED_EDGE('',*,*,#938,.T.);
#936=ORIENTED_EDGE('',*,*,#939,.T.);
#937=ORIENTED_EDGE('',*,*,#940,.T.);
#938=EDGE_CURVE('',#107,#41,#941,.F.);
#939=EDGE_CURVE('',#41,#109,#942,.T.);
#940=EDGE_CURVE('',#109,#107,#943,.T.);
#941=LINE('',#106,#944);
#942=LINE('',#40,#945);
#943=LINE('',#108,#946);
#944=VECTOR('',#947,1.0);
#945=VECTOR('',#948,1.0);
#946=VECTOR('',#949,1.0);
#947=DIRECTION('',(0.16306334648413032,-0.9866156014544857,0));
#948=DIRECTION('',(-0.14278123682778457,0.9897542717310839,0));
#949=DIRECTION('',(-0.6598537015031939,-0.7513940993995986,0));
#950=STYLED_ITEM('',(#18),#951);
#951=FACE_SURFACE('',(#956),#952,.T.);
#952=PLANE('',#953);
#953=AXIS2_PLACEMENT_3D('',#110,#954,#955);
#954=DIRECTION('',(-0,0,1));
#955=DIRECTION('',(0.06880209161537733,-0.9976303284229832,0));
#956=FACE_BOUND('',#957,.T.);
#957=EDGE_LOOP('',(#958,#959,#960));
#958=ORIENTED_EDGE('',*,*,#961,.T.);
#959=ORIENTED_EDGE('',*,*,#962,.T.);
#960=ORIENTED_EDGE('',*,*,#963,.T.);
#961=EDGE_CURVE('',#111,#95,#964,.F.);
#962=EDGE_CURVE('',#95,#113,#965,.T.);
#963=EDGE_CURVE('',#113,#111,#966,.T.);
#964=LINE('',#110,#967);
#965=LINE('',#94,#968);
#966=LINE('',#112,#969);
#967=VECTOR('',#970,1.0);
#968=VECTOR('',#971,1.0);
#969=VECTOR('',#972,1.0);
#970=DIRECTION('',(0.06880209161537733,-0.9976303284229832,0));
#971=DIRECTION('',(0.9996603840697823,0.026059864187196694,0));
#972=DIRECTION('',(-1,0,0));
#973=STYLED_ITEM('',(#18),#974);
#974=FACE_SURFACE('',(#979),#975,.T.);
#975=PLANE('',#976);
#976=AXIS2_PLACEMENT_3D('',#114,#977,#978);
#977=DIRECTION('',(-0,0,1));
#978=DIRECTION('',(0.18594615304638656,-0.9825599361704351,0));
#979=FACE_BOUND('',#980,.T.);
#980=EDGE_LOOP('',(#981,#982,#983));
#981=ORIENTED_EDGE('',*,*,#984,.T.);
#982=ORIENTED_EDGE('',*,*,#985,.T.);
#983=ORIENTED_EDGE('',*,*,#986,.T.);
#984=EDGE_CURVE('',#115,#41,#987,.F.);
#985=EDGE_CURVE('',#41,#107,#988,.T.);
#986=EDGE_CURVE('',#107,#115,#989,.T.);
#987=LINE('',#114,#990);
#988=LINE('',#40,#991);
#989=LINE('',#106,#992);
#990=VECTOR('',#993,1.0);
#991=VECTOR('',#994,1.0);
#992=VECTOR('',#995,1.0);
#993=DIRECTION('',(0.18594615304638656,-0.9825599361704351,0));
#994=DIRECTION('',(-0.16306334648413032,0.9866156014544857,0));
#995=DIRECTION('',(-0.7513940993995937,-0.6598537015031994,0));
#996=STYLED_ITEM('',(#18),#997);
#997=FACE_SURFACE('',(#1002),#998,.T.);
#998=PLANE('',#999);
#999=AXIS2_PLACEMENT_3D('',#116,#1000,#1001);
#1000=DIRECTION('',(-0,0,1));
#1001=DIRECTION('',(-0.44262881635750634,-0.8967049296897797,0));
#1002=FACE_BOUND('',#1003,.T.);
#1003=EDGE_LOOP('',(#1004,#1005,#1006));
#1004=ORIENTED_EDGE('',*,*,#1007,.T.);
#1005=ORIENTED_EDGE('',*,*,#1008,.T.);
#1006=ORIENTED_EDGE('',*,*,#1009,.T.);
#1007=EDGE_CURVE('',#117,#119,#1010,.F.);
#1008=EDGE_CURVE('',#119,#103,#1011,.T.);
#1009=EDGE_CURVE('',#103,#117,#1012,.T.);
#1010=LINE('',#116,#1013);
#1011=LINE('',#118,#1014);
#1012=LINE('',#102,#1015);
#1013=VECTOR('',#1016,1.0);
#1014=VECTOR('',#1017,1.0);
#1015=VECTOR('',#1018,1.0);
#1016=DIRECTION('',(-0.44262881635750634,-0.8967049296897797,0));
#1017=DIRECTION('',(0.9997455877451799,0.02255570402458886,0));
#1018=DIRECTION('',(-1,0,0));
#1019=STYLED_ITEM('',(#18),#1020);
#1020=FACE_SURFACE('',(#1025),#1021,.T.);
#1021=PLANE('',#1022);
#1022=AXIS2_PLACEMENT_3D('',#120,#1023,#1024);
#1023=DIRECTION('',(-0,0,1));
#1024=DIRECTION('',(0.2108833330637363,-0.9775112377031424,0));
#1025=FACE_BOUND('',#1026,.T.);
#1026=EDGE_LOOP('',(#1027,#1028,#1029));
#1027=ORIENTED_EDGE('',*,*,#1030,.T.);
#1028=ORIENTED_EDGE('',*,*,#1031,.T.);
#1029=ORIENTED_EDGE('',*,*,#1032,.T.);
#1030=EDGE_CURVE('',#121,#41,#1033,.F.);
#1031=EDGE_CURVE('',#41,#115,#1034,.T.);
#1032=EDGE_CURVE('',#115,#121,#1035,.T.);
#1033=LINE('',#120,#1036);
#1034=LINE('',#40,#1037);
#1035=LINE('',#114,#1038);
#1036=VECTOR('',#1039,1.0);
#1037=VECTOR('',#1040,1.0);
#1038=VECTOR('',#1041,1.0);
#1039=DIRECTION('',(0.2108833330637363,-0.9775112377031424,0));
#1040=DIRECTION('',(-0.18594615304638656,0.9825599361704351,0));
#1041=DIRECTION('',(-0.8326374333005132,-0.5538184762778627,0));
#1042=STYLED_ITEM('',(#18),#1043);
#1043=FACE_SURFACE('',(#1048),#1044,.T.);
#1044=PLANE('',#1045);
#1045=AXIS2_PLACEMENT_3D('',#122,#1046,#1047);
#1046=DIRECTION('',(-0,0,1));
#1047=DIRECTION('',(0.23718592251303963,-0.9714642752884114,0));
#1048=FACE_BOUND('',#1049,.T.);
#1049=EDGE_LOOP('',(#1050,#1051,#1052));
#1050=ORIENTED_EDGE('',*,*,#1053,.T.);
#1051=ORIENTED_EDGE('',*,*,#1054,.T.);
#1052=ORIENTED_EDGE('',*,*,#1055,.T.);
#1053=EDGE_CURVE('',#123,#41,#1056,.F.);
#1054=EDGE_CURVE('',#41,#121,#1057,.T.);
#1055=EDGE_CURVE('',#121,#123,#1058,.T.);
#1056=LINE('',#122,#1059);
#1057=LINE('',#40,#1060);
#1058=LINE('',#120,#1061);
#1059=VECTOR('',#1062,1.0);
#1060=VECTOR('',#1063,1.0);
#1061=VECTOR('',#1064,1.0);
#1062=DIRECTION('',(0.23718592251303963,-0.9714642752884114,0));
#1063=DIRECTION('',(-0.2108833330637363,0.9775112377031424,0));
#1064=DIRECTION('',(-0.8967049296897817,-0.44262881635750234,0));
#1065=STYLED_ITEM('',(#18),#1066);
#1066=FACE_SURFACE('',(#1071),#1067,.T.);
#1067=PLANE('',#1068);
#1068=AXIS2_PLACEMENT_3D('',#124,#1069,#1070);
#1069=DIRECTION('',(-0,0,-1));
#1070=DIRECTION('',(-0.5538184762778635,-0.8326374333005127,0));
#1071=FACE_BOUND('',#1072,.T.);
#1072=EDGE_LOOP('',(#1073,#1074,#1075));
#1073=ORIENTED_EDGE('',*,*,#1076,.T.);
#1074=ORIENTED_EDGE('',*,*,#1077,.T.);
#1075=ORIENTED_EDGE('',*,*,#1078,.T.);
#1076=EDGE_CURVE('',#125,#99,#1079,.F.);
#1077=EDGE_CURVE('',#99,#51,#1080,.T.);
#1078=EDGE_CURVE('',#51,#125,#1081,.T.);
#1079=LINE('',#124,#1082);
#1080=LINE('',#98,#1083);
#1081=LINE('',#50,#1084);
#1082=VECTOR('',#1085,1.0);
#1083=VECTOR('',#1086,1.0);
#1084=VECTOR('',#1087,1.0);
#1085=DIRECTION('',(-0.5538184762778635,-0.8326374333005127,0));
#1086=DIRECTION('',(-0.5350420266492188,0.844825443342645,0));
#1087=DIRECTION('',(0.6209847202133582,-0.783822669525153,0));
#1088=STYLED_ITEM('',(#18),#1089);
#1089=FACE_SURFACE('',(#1094),#1090,.T.);
#1090=PLANE('',#1091);
#1091=AXIS2_PLACEMENT_3D('',#126,#1092,#1093);
#1092=DIRECTION('',(-0,0,-1));
#1093=DIRECTION('',(-0.6598537015031981,-0.7513940993995948,0));
#1094=FACE_BOUND('',#1095,.T.);
#1095=EDGE_LOOP('',(#1096,#1097,#1098));
#1096=ORIENTED_EDGE('',*,*,#1099,.T.);
#1097=ORIENTED_EDGE('',*,*,#1100,.T.);
#1098=ORIENTED_EDGE('',*,*,#1101,.T.);
#1099=EDGE_CURVE('',#127,#125,#1102,.F.);
#1100=EDGE_CURVE('',#125,#51,#1103,.T.);
#1101=EDGE_CURVE('',#51,#127,#1104,.T.);
#1102=LINE('',#126,#1105);
#1103=LINE('',#124,#1106);
#1104=LINE('',#50,#1107);
#1105=VECTOR('',#1108,1.0);
#1106=VECTOR('',#1109,1.0);
#1107=VECTOR('',#1110,1.0);
#1108=DIRECTION('',(-0.6598537015031981,-0.7513940993995948,0));
#1109=DIRECTION('',(-0.6209847202133582,0.783822669525153,0));
#1110=DIRECTION('',(0.7071067811865476,-0.7071067811865476,0));
#1111=STYLED_ITEM('',(#18),#1112);
#1112=FACE_SURFACE('',(#1117),#1113,.T.);
#1113=PLANE('',#1114);
#1114=AXIS2_PLACEMENT_3D('',#128,#1115,#1116);
#1115=DIRECTION('',(-0,0,1));
#1116=DIRECTION('',(0.29070545660914127,-0.9568125926730222,0));
#1117=FACE_BOUND('',#1118,.T.);
#1118=EDGE_LOOP('',(#1119,#1120,#1121));
#1119=ORIENTED_EDGE('',*,*,#1122,.T.);
#1120=ORIENTED_EDGE('',*,*,#1123,.T.);
#1121=ORIENTED_EDGE('',*,*,#1124,.T.);
#1122=EDGE_CURVE('',#129,#41,#1125,.F.);
#1123=EDGE_CURVE('',#41,#131,#1126,.T.);
#1124=EDGE_CURVE('',#131,#129,#1127,.T.);
#1125=LINE('',#128,#1128);
#1126=LINE('',#40,#1129);
#1127=LINE('',#130,#1130);
#1128=VECTOR('',#1131,1.0);
#1129=VECTOR('',#1132,1.0);
#1130=VECTOR('',#1133,1.0);
#1131=DIRECTION('',(0.29070545660914127,-0.9568125926730222,0));
#1132=DIRECTION('',(-0.2640534908985186,0.9645080372626793,0));
#1133=DIRECTION('',(-0.9808731636385997,-0.1946479818893714,0));
#1134=STYLED_ITEM('',(#18),#1135);
#1135=FACE_SURFACE('',(#1140),#1136,.T.);
#1136=PLANE('',#1137);
#1137=AXIS2_PLACEMENT_3D('',#40,#1138,#1139);
#1138=DIRECTION('',(0,0,1));
#1139=DIRECTION('',(-0.4090781761853701,0.9124993401470772,0));
#1140=FACE_BOUND('',#1141,.T.);
#1141=EDGE_LOOP('',(#1142,#1143,#1144));
#1142=ORIENTED_EDGE('',*,*,#1145,.T.);
#1143=ORIENTED_EDGE('',*,*,#1146,.T.);
#1144=ORIENTED_EDGE('',*,*,#1147,.T.);
#1145=EDGE_CURVE('',#41,#133,#1148,.F.);
#1146=EDGE_CURVE('',#133,#119,#1149,.T.);
#1147=EDGE_CURVE('',#119,#41,#1150,.T.);
#1148=LINE('',#40,#1151);
#1149=LINE('',#132,#1152);
#1150=LINE('',#118,#1153);
#1151=VECTOR('',#1154,1.0);
#1152=VECTOR('',#1155,1.0);
#1153=VECTOR('',#1156,1.0);
#1154=DIRECTION('',(-0.4090781761853701,0.9124993401470772,0));
#1155=DIRECTION('',(-0.9985864397104822,0.05315188074135635,0));
#1156=DIRECTION('',(0.8365330151251231,-0.5479165215666255,0));
#1157=STYLED_ITEM('',(#18),#1158);
#1158=FACE_SURFACE('',(#1163),#1159,.T.);
#1159=PLANE('',#1160);
#1160=AXIS2_PLACEMENT_3D('',#132,#1161,#1162);
#1161=DIRECTION('',(0,0,1));
#1162=DIRECTION('',(-0.7513940993995967,0.659853701503196,0));
#1163=FACE_BOUND('',#1164,.T.);
#1164=EDGE_LOOP('',(#1165,#1166,#1167));
#1165=ORIENTED_EDGE('',*,*,#1168,.T.);
#1166=ORIENTED_EDGE('',*,*,#1169,.T.);
#1167=ORIENTED_EDGE('',*,*,#1170,.T.);
#1168=EDGE_CURVE('',#133,#135,#1171,.F.);
#1169=EDGE_CURVE('',#135,#119,#1172,.T.);
#1170=EDGE_CURVE('',#119,#133,#1173,.T.);
#1171=LINE('',#132,#1174);
#1172=LINE('',#134,#1175);
#1173=LINE('',#118,#1176);
#1174=VECTOR('',#1177,1.0);
#1175=VECTOR('',#1178,1.0);
#1176=VECTOR('',#1179,1.0);
#1177=DIRECTION('',(-0.7513940993995967,0.659853701503196,0));
#1178=DIRECTION('',(-0.9992693144491592,0.03822090004575125,0));
#1179=DIRECTION('',(0.9985864397104822,-0.05315188074135635,0));
#1180=STYLED_ITEM('',(#18),#1181);
#1181=FACE_SURFACE('',(#1186),#1182,.T.);
#1182=PLANE('',#1183);
#1183=AXIS2_PLACEMENT_3D('',#126,#1184,#1185);
#1184=DIRECTION('',(0,0,-1));
#1185=DIRECTION('',(-0.7071067811865476,0.7071067811865476,0));
#1186=FACE_BOUND('',#1187,.T.);
#1187=EDGE_LOOP('',(#1188,#1189,#1190));
#1188=ORIENTED_EDGE('',*,*,#1191,.T.);
#1189=ORIENTED_EDGE('',*,*,#1192,.T.);
#1190=ORIENTED_EDGE('',*,*,#1193,.T.);
#1191=EDGE_CURVE('',#127,#51,#1194,.F.);
#1192=EDGE_CURVE('',#51,#137,#1195,.T.);
#1193=EDGE_CURVE('',#137,#127,#1196,.T.);
#1194=LINE('',#126,#1197);
#1195=LINE('',#50,#1198);
#1196=LINE('',#136,#1199);
#1197=VECTOR('',#1200,1.0);
#1198=VECTOR('',#1201,1.0);
#1199=VECTOR('',#1202,1.0);
#1200=DIRECTION('',(-0.7071067811865476,0.7071067811865476,0));
#1201=DIRECTION('',(0.783822669525153,-0.6209847202133582,0));
#1202=DIRECTION('',(-0.7513940993995948,-0.6598537015031981,0));
#1203=STYLED_ITEM('',(#18),#1204);
#1204=FACE_SURFACE('',(#1209),#1205,.T.);
#1205=PLANE('',#1206);
#1206=AXIS2_PLACEMENT_3D('',#138,#1207,#1208);
#1207=DIRECTION('',(0,0,1));
#1208=DIRECTION('',(0.19464798188937268,-0.9808731636385993,0));
#1209=FACE_BOUND('',#1210,.T.);
#1210=EDGE_LOOP('',(#1211,#1212,#1213));
#1211=ORIENTED_EDGE('',*,*,#1214,.T.);
#1212=ORIENTED_EDGE('',*,*,#1215,.T.);
#1213=ORIENTED_EDGE('',*,*,#1216,.T.);
#1214=EDGE_CURVE('',#139,#111,#1217,.F.);
#1215=EDGE_CURVE('',#111,#113,#1218,.T.);
#1216=EDGE_CURVE('',#113,#139,#1219,.T.);
#1217=LINE('',#138,#1220);
#1218=LINE('',#110,#1221);
#1219=LINE('',#112,#1222);
#1220=VECTOR('',#1223,1.0);
#1221=VECTOR('',#1224,1.0);
#1222=VECTOR('',#1225,1.0);
#1223=DIRECTION('',(0.19464798188937268,-0.9808731636385993,0));
#1224=DIRECTION('',(1,0,0));
#1225=DIRECTION('',(-0.9996751989739777,0.025485222312896735,0));
#1226=STYLED_ITEM('',(#18),#1227);
#1227=FACE_SURFACE('',(#1232),#1228,.T.);
#1228=PLANE('',#1229);
#1229=AXIS2_PLACEMENT_3D('',#92,#1230,#1231);
#1230=DIRECTION('',(0,-0,1));
#1231=DIRECTION('',(0.06499637357340737,0.9978855001563588,0));
#1232=FACE_BOUND('',#1233,.T.);
#1233=EDGE_LOOP('',(#1234,#1235,#1236));
#1234=ORIENTED_EDGE('',*,*,#1237,.T.);
#1235=ORIENTED_EDGE('',*,*,#1238,.T.);
#1236=ORIENTED_EDGE('',*,*,#1239,.T.);
#1237=EDGE_CURVE('',#93,#113,#1240,.F.);
#1238=EDGE_CURVE('',#113,#95,#1241,.T.);
#1239=EDGE_CURVE('',#95,#93,#1242,.T.);
#1240=LINE('',#92,#1243);
#1241=LINE('',#112,#1244);
#1242=LINE('',#94,#1245);
#1243=VECTOR('',#1246,1.0);
#1244=VECTOR('',#1247,1.0);
#1245=VECTOR('',#1248,1.0);
#1246=DIRECTION('',(0.06499637357340737,0.9978855001563588,0));
#1247=DIRECTION('',(-0.9996603840697823,-0.026059864187196694,0));
#1248=DIRECTION('',(1,0,0));
#1249=STYLED_ITEM('',(#18),#1250);
#1250=FACE_SURFACE('',(#1255),#1251,.T.);
#1251=PLANE('',#1252);
#1252=AXIS2_PLACEMENT_3D('',#78,#1253,#1254);
#1253=DIRECTION('',(0,0,1));
#1254=DIRECTION('',(-0.3208070336803899,-0.9471445756278127,0));
#1255=FACE_BOUND('',#1256,.T.);
#1256=EDGE_LOOP('',(#1257,#1258,#1259));
#1257=ORIENTED_EDGE('',*,*,#1260,.T.);
#1258=ORIENTED_EDGE('',*,*,#1261,.T.);
#1259=ORIENTED_EDGE('',*,*,#1262,.T.);
#1260=EDGE_CURVE('',#79,#117,#1263,.F.);
#1261=EDGE_CURVE('',#117,#103,#1264,.T.);
#1262=EDGE_CURVE('',#103,#79,#1265,.T.);
#1263=LINE('',#78,#1266);
#1264=LINE('',#116,#1267);
#1265=LINE('',#102,#1268);
#1266=VECTOR('',#1269,1.0);
#1267=VECTOR('',#1270,1.0);
#1268=VECTOR('',#1271,1.0);
#1269=DIRECTION('',(-0.3208070336803899,-0.9471445756278127,0));
#1270=DIRECTION('',(1,0,0));
#1271=DIRECTION('',(-0.9997054766716403,0.02426849630134759,0));
#1272=STYLED_ITEM('',(#18),#1273);
#1273=FACE_SURFACE('',(#1278),#1274,.T.);
#1274=PLANE('',#1275);
#1275=AXIS2_PLACEMENT_3D('',#48,#1276,#1277);
#1276=DIRECTION('',(-0,0,1));
#1277=DIRECTION('',(0.9488729017996006,-0.31565838533200047,0));
#1278=FACE_BOUND('',#1279,.T.);
#1279=EDGE_LOOP('',(#1280,#1281,#1282));
#1280=ORIENTED_EDGE('',*,*,#1283,.T.);
#1281=ORIENTED_EDGE('',*,*,#1284,.T.);
#1282=ORIENTED_EDGE('',*,*,#1285,.T.);
#1283=EDGE_CURVE('',#49,#141,#1286,.F.);
#1284=EDGE_CURVE('',#141,#59,#1287,.T.);
#1285=EDGE_CURVE('',#59,#49,#1288,.T.);
#1286=LINE('',#48,#1289);
#1287=LINE('',#140,#1290);
#1288=LINE('',#58,#1291);
#1289=VECTOR('',#1292,1.0);
#1290=VECTOR('',#1293,1.0);
#1291=VECTOR('',#1294,1.0);
#1292=DIRECTION('',(0.9488729017996006,-0.31565838533200047,0));
#1293=DIRECTION('',(0.8950519138060838,0.44596196204616656,0));
#1294=DIRECTION('',(-1,0,0));
#1295=STYLED_ITEM('',(#18),#1296);
#1296=FACE_SURFACE('',(#1301),#1297,.T.);
#1297=PLANE('',#1298);
#1298=AXIS2_PLACEMENT_3D('',#142,#1299,#1300);
#1299=DIRECTION('',(0,0,1));
#1300=DIRECTION('',(0.3208070336803899,-0.9471445756278127,0));
#1301=FACE_BOUND('',#1302,.T.);
#1302=EDGE_LOOP('',(#1303,#1304,#1305));
#1303=ORIENTED_EDGE('',*,*,#1306,.T.);
#1304=ORIENTED_EDGE('',*,*,#1307,.T.);
#1305=ORIENTED_EDGE('',*,*,#1308,.T.);
#1306=EDGE_CURVE('',#143,#139,#1309,.F.);
#1307=EDGE_CURVE('',#139,#113,#1310,.T.);
#1308=EDGE_CURVE('',#113,#143,#1311,.T.);
#1309=LINE('',#142,#1312);
#1310=LINE('',#138,#1313);
#1311=LINE('',#112,#1314);
#1312=VECTOR('',#1315,1.0);
#1313=VECTOR('',#1316,1.0);
#1314=VECTOR('',#1317,1.0);
#1315=DIRECTION('',(0.3208070336803899,-0.9471445756278127,0));
#1316=DIRECTION('',(0.9996751989739777,-0.025485222312896735,0));
#1317=DIRECTION('',(-0.9987682148012483,0.049619080027017246,0));
#1318=STYLED_ITEM('',(#18),#1319);
#1319=FACE_SURFACE('',(#1324),#1320,.T.);
#1320=PLANE('',#1321);
#1321=AXIS2_PLACEMENT_3D('',#144,#1322,#1323);
#1322=DIRECTION('',(0,0,-1));
#1323=DIRECTION('',(-0.844825443342645,0.5350420266492188,0));
#1324=FACE_BOUND('',#1325,.T.);
#1325=EDGE_LOOP('',(#1326,#1327,#1328));
#1326=ORIENTED_EDGE('',*,*,#1329,.T.);
#1327=ORIENTED_EDGE('',*,*,#1330,.T.);
#1328=ORIENTED_EDGE('',*,*,#1331,.T.);
#1329=EDGE_CURVE('',#145,#51,#1332,.F.);
#1330=EDGE_CURVE('',#51,#147,#1333,.T.);
#1331=EDGE_CURVE('',#147,#145,#1334,.T.);
#1332=LINE('',#144,#1335);
#1333=LINE('',#50,#1336);
#1334=LINE('',#146,#1337);
#1335=VECTOR('',#1338,1.0);
#1336=VECTOR('',#1339,1.0);
#1337=VECTOR('',#1340,1.0);
#1338=DIRECTION('',(-0.844825443342645,0.5350420266492188,0));
#1339=DIRECTION('',(0.8891119936830681,-0.45768970131402337,0));
#1340=DIRECTION('',(-0.8967049296897788,-0.44262881635750845,0));
#1341=STYLED_ITEM('',(#18),#1342);
#1342=FACE_SURFACE('',(#1347),#1343,.T.);
#1343=PLANE('',#1344);
#1344=AXIS2_PLACEMENT_3D('',#148,#1345,#1346);
#1345=DIRECTION('',(0,0,1));
#1346=DIRECTION('',(0.4426288163575071,-0.8967049296897794,0));
#1347=FACE_BOUND('',#1348,.T.);
#1348=EDGE_LOOP('',(#1349,#1350,#1351));
#1349=ORIENTED_EDGE('',*,*,#1352,.T.);
#1350=ORIENTED_EDGE('',*,*,#1353,.T.);
#1351=ORIENTED_EDGE('',*,*,#1354,.T.);
#1352=EDGE_CURVE('',#149,#143,#1355,.F.);
#1353=EDGE_CURVE('',#143,#113,#1356,.T.);
#1354=EDGE_CURVE('',#113,#149,#1357,.T.);
#1355=LINE('',#148,#1358);
#1356=LINE('',#142,#1359);
#1357=LINE('',#112,#1360);
#1358=VECTOR('',#1361,1.0);
#1359=VECTOR('',#1362,1.0);
#1360=VECTOR('',#1363,1.0);
#1361=DIRECTION('',(0.4426288163575071,-0.8967049296897794,0));
#1362=DIRECTION('',(0.9987682148012483,-0.049619080027017246,0));
#1363=DIRECTION('',(-0.9974196463002151,0.07179170686335559,0));
#1364=STYLED_ITEM('',(#18),#1365);
#1365=FACE_SURFACE('',(#1370),#1366,.T.);
#1366=PLANE('',#1367);
#1367=AXIS2_PLACEMENT_3D('',#150,#1368,#1369);
#1368=DIRECTION('',(0,0,-1));
#1369=DIRECTION('',(-0.9188383789469818,0.3946340499425796,0));
#1370=FACE_BOUND('',#1371,.T.);
#1371=EDGE_LOOP('',(#1372,#1373,#1374));
#1372=ORIENTED_EDGE('',*,*,#1375,.T.);
#1373=ORIENTED_EDGE('',*,*,#1376,.T.);
#1374=ORIENTED_EDGE('',*,*,#1377,.T.);
#1375=EDGE_CURVE('',#151,#51,#1378,.F.);
#1376=EDGE_CURVE('',#51,#153,#1379,.T.);
#1377=EDGE_CURVE('',#153,#151,#1380,.T.);
#1378=LINE('',#150,#1381);
#1379=LINE('',#50,#1382);
#1380=LINE('',#152,#1383);
#1381=VECTOR('',#1384,1.0);
#1382=VECTOR('',#1385,1.0);
#1383=VECTOR('',#1386,1.0);
#1384=DIRECTION('',(-0.9188383789469818,0.3946340499425796,0));
#1385=DIRECTION('',(0.9376868013449671,-0.3474816003523701,0));
#1386=DIRECTION('',(-0.9808731636385993,-0.19464798188937268,0));
#1387=STYLED_ITEM('',(#18),#1388);
#1388=FACE_SURFACE('',(#1393),#1389,.T.);
#1389=PLANE('',#1390);
#1390=AXIS2_PLACEMENT_3D('',#154,#1391,#1392);
#1391=DIRECTION('',(0,0,1));
#1392=DIRECTION('',(-0.44262881635750634,0.8967049296897797,0));
#1393=FACE_BOUND('',#1394,.T.);
#1394=EDGE_LOOP('',(#1395,#1396,#1397));
#1395=ORIENTED_EDGE('',*,*,#1398,.T.);
#1396=ORIENTED_EDGE('',*,*,#1399,.T.);
#1397=ORIENTED_EDGE('',*,*,#1400,.T.);
#1398=EDGE_CURVE('',#155,#103,#1401,.F.);
#1399=EDGE_CURVE('',#103,#119,#1402,.T.);
#1400=EDGE_CURVE('',#119,#155,#1403,.T.);
#1401=LINE('',#154,#1404);
#1402=LINE('',#102,#1405);
#1403=LINE('',#118,#1406);
#1404=VECTOR('',#1407,1.0);
#1405=VECTOR('',#1408,1.0);
#1406=VECTOR('',#1409,1.0);
#1407=DIRECTION('',(-0.44262881635750634,0.8967049296897797,0));
#1408=DIRECTION('',(-0.9997455877451799,-0.02255570402458886,0));
#1409=DIRECTION('',(1,0,0));
#1410=STYLED_ITEM('',(#18),#1411);
#1411=FACE_SURFACE('',(#1416),#1412,.T.);
#1412=PLANE('',#1413);
#1413=AXIS2_PLACEMENT_3D('',#156,#1414,#1415);
#1414=DIRECTION('',(0,0,1));
#1415=DIRECTION('',(-0.5538184762778627,0.8326374333005132,0));
#1416=FACE_BOUND('',#1417,.T.);
#1417=EDGE_LOOP('',(#1418,#1419,#1420));
#1418=ORIENTED_EDGE('',*,*,#1421,.T.);
#1419=ORIENTED_EDGE('',*,*,#1422,.T.);
#1420=ORIENTED_EDGE('',*,*,#1423,.T.);
#1421=EDGE_CURVE('',#157,#155,#1424,.F.);
#1422=EDGE_CURVE('',#155,#119,#1425,.T.);
#1423=EDGE_CURVE('',#119,#157,#1426,.T.);
#1424=LINE('',#156,#1427);
#1425=LINE('',#154,#1428);
#1426=LINE('',#118,#1429);
#1427=VECTOR('',#1430,1.0);
#1428=VECTOR('',#1431,1.0);
#1429=VECTOR('',#1432,1.0);
#1430=DIRECTION('',(-0.5538184762778627,0.8326374333005132,0));
#1431=DIRECTION('',(-1,0,0));
#1432=DIRECTION('',(0.9997916234974437,-0.02041346576027374,0));
#1433=STYLED_ITEM('',(#18),#1434);
#1434=FACE_SURFACE('',(#1439),#1435,.T.);
#1435=PLANE('',#1436);
#1436=AXIS2_PLACEMENT_3D('',#134,#1437,#1438);
#1437=DIRECTION('',(0,0,1));
#1438=DIRECTION('',(-0.6598537015031978,0.7513940993995951,0));
#1439=FACE_BOUND('',#1440,.T.);
#1440=EDGE_LOOP('',(#1441,#1442,#1443));
#1441=ORIENTED_EDGE('',*,*,#1444,.T.);
#1442=ORIENTED_EDGE('',*,*,#1445,.T.);
#1443=ORIENTED_EDGE('',*,*,#1446,.T.);
#1444=EDGE_CURVE('',#135,#157,#1447,.F.);
#1445=EDGE_CURVE('',#157,#119,#1448,.T.);
#1446=EDGE_CURVE('',#119,#135,#1449,.T.);
#1447=LINE('',#134,#1450);
#1448=LINE('',#156,#1451);
#1449=LINE('',#118,#1452);
#1450=VECTOR('',#1453,1.0);
#1451=VECTOR('',#1454,1.0);
#1452=VECTOR('',#1455,1.0);
#1453=DIRECTION('',(-0.6598537015031978,0.7513940993995951,0));
#1454=DIRECTION('',(-0.9997916234974437,0.02041346576027374,0));
#1455=DIRECTION('',(0.9992693144491592,-0.03822090004575125,0));
#1456=STYLED_ITEM('',(#18),#1457);
#1457=FACE_SURFACE('',(#1462),#1458,.T.);
#1458=PLANE('',#1459);
#1459=AXIS2_PLACEMENT_3D('',#158,#1460,#1461);
#1460=DIRECTION('',(0,0,1));
#1461=DIRECTION('',(-0.6598537015031978,-0.7513940993995951,0));
#1462=FACE_BOUND('',#1463,.T.);
#1463=EDGE_LOOP('',(#1464,#1465,#1466));
#1464=ORIENTED_EDGE('',*,*,#1467,.T.);
#1465=ORIENTED_EDGE('',*,*,#1468,.T.);
#1466=ORIENTED_EDGE('',*,*,#1469,.T.);
#1467=EDGE_CURVE('',#159,#161,#1470,.F.);
#1468=EDGE_CURVE('',#161,#41,#1471,.T.);
#1469=EDGE_CURVE('',#41,#159,#1472,.T.);
#1470=LINE('',#158,#1473);
#1471=LINE('',#160,#1474);
#1472=LINE('',#40,#1475);
#1473=VECTOR('',#1476,1.0);
#1474=VECTOR('',#1477,1.0);
#1475=VECTOR('',#1478,1.0);
#1476=DIRECTION('',(-0.6598537015031978,-0.7513940993995951,0));
#1477=DIRECTION('',(0.8518084185201862,-0.5238534319236052,0));
#1478=DIRECTION('',(-0.8443060634992312,0.5358612424298216,0));
#1479=STYLED_ITEM('',(#18),#1480);
#1480=FACE_SURFACE('',(#1485),#1481,.T.);
#1481=PLANE('',#1482);
#1482=AXIS2_PLACEMENT_3D('',#94,#1483,#1484);
#1483=DIRECTION('',(0,0,1));
#1484=DIRECTION('',(-0.06880209161537733,-0.9976303284229832,0));
#1485=FACE_BOUND('',#1486,.T.);
#1486=EDGE_LOOP('',(#1487,#1488,#1489));
#1487=ORIENTED_EDGE('',*,*,#1490,.T.);
#1488=ORIENTED_EDGE('',*,*,#1491,.T.);
#1489=ORIENTED_EDGE('',*,*,#1492,.T.);
#1490=EDGE_CURVE('',#95,#77,#1493,.F.);
#1491=EDGE_CURVE('',#77,#91,#1494,.T.);
#1492=EDGE_CURVE('',#91,#95,#1495,.T.);
#1493=LINE('',#94,#1496);
#1494=LINE('',#76,#1497);
#1495=LINE('',#90,#1498);
#1496=VECTOR('',#1499,1.0);
#1497=VECTOR('',#1500,1.0);
#1498=VECTOR('',#1501,1.0);
#1499=DIRECTION('',(-0.06880209161537733,-0.9976303284229832,0));
#1500=DIRECTION('',(1,0,0));
#1501=DIRECTION('',(-0.9996603840697823,0.026059864187196694,0));
#1502=STYLED_ITEM('',(#18),#1503);
#1503=FACE_SURFACE('',(#1508),#1504,.T.);
#1504=PLANE('',#1505);
#1505=AXIS2_PLACEMENT_3D('',#58,#1506,#1507);
#1506=DIRECTION('',(0,0,1));
#1507=DIRECTION('',(-0.22641696512133713,-0.9740304707272988,0));
#1508=FACE_BOUND('',#1509,.T.);
#1509=EDGE_LOOP('',(#1510,#1511,#1512));
#1510=ORIENTED_EDGE('',*,*,#1513,.T.);
#1511=ORIENTED_EDGE('',*,*,#1514,.T.);
#1512=ORIENTED_EDGE('',*,*,#1515,.T.);
#1513=EDGE_CURVE('',#59,#105,#1516,.F.);
#1514=EDGE_CURVE('',#105,#113,#1517,.T.);
#1515=EDGE_CURVE('',#113,#59,#1518,.T.);
#1516=LINE('',#58,#1519);
#1517=LINE('',#104,#1520);
#1518=LINE('',#112,#1521);
#1519=VECTOR('',#1522,1.0);
#1520=VECTOR('',#1523,1.0);
#1521=VECTOR('',#1524,1.0);
#1522=DIRECTION('',(-0.22641696512133713,-0.9740304707272988,0));
#1523=DIRECTION('',(0.9958050565296029,-0.09150021524605406,0));
#1524=DIRECTION('',(-0.9645567627593183,0.2638754467836369,0));
#1525=STYLED_ITEM('',(#18),#1526);
#1526=FACE_SURFACE('',(#1531),#1527,.T.);
#1527=PLANE('',#1528);
#1528=AXIS2_PLACEMENT_3D('',#112,#1529,#1530);
#1529=DIRECTION('',(0,-0,1));
#1530=DIRECTION('',(0.19464798188937268,0.9808731636385993,0));
#1531=FACE_BOUND('',#1532,.T.);
#1532=EDGE_LOOP('',(#1533,#1534,#1535));
#1533=ORIENTED_EDGE('',*,*,#1536,.T.);
#1534=ORIENTED_EDGE('',*,*,#1537,.T.);
#1535=ORIENTED_EDGE('',*,*,#1538,.T.);
#1536=EDGE_CURVE('',#113,#163,#1539,.F.);
#1537=EDGE_CURVE('',#163,#59,#1540,.T.);
#1538=EDGE_CURVE('',#59,#113,#1541,.T.);
#1539=LINE('',#112,#1542);
#1540=LINE('',#162,#1543);
#1541=LINE('',#58,#1544);
#1542=VECTOR('',#1545,1.0);
#1543=VECTOR('',#1546,1.0);
#1544=VECTOR('',#1547,1.0);
#1545=DIRECTION('',(0.19464798188937268,0.9808731636385993,0));
#1546=DIRECTION('',(-0.9709038441943529,0.2394696751754332,0));
#1547=DIRECTION('',(0.9645567627593183,-0.2638754467836369,0));
#1548=STYLED_ITEM('',(#18),#1549);
#1549=FACE_SURFACE('',(#1554),#1550,.T.);
#1550=PLANE('',#1551);
#1551=AXIS2_PLACEMENT_3D('',#164,#1552,#1553);
#1552=DIRECTION('',(0,0,-1));
#1553=DIRECTION('',(0.9962815643743773,0.08615709191786598,0));
#1554=FACE_BOUND('',#1555,.T.);
#1555=EDGE_LOOP('',(#1556,#1557,#1558));
#1556=ORIENTED_EDGE('',*,*,#1559,.T.);
#1557=ORIENTED_EDGE('',*,*,#1560,.T.);
#1558=ORIENTED_EDGE('',*,*,#1561,.T.);
#1559=EDGE_CURVE('',#165,#167,#1562,.F.);
#1560=EDGE_CURVE('',#167,#169,#1563,.T.);
#1561=EDGE_CURVE('',#169,#165,#1564,.T.);
#1562=LINE('',#164,#1565);
#1563=LINE('',#166,#1566);
#1564=LINE('',#168,#1567);
#1565=VECTOR('',#1568,1.0);
#1566=VECTOR('',#1569,1.0);
#1567=VECTOR('',#1570,1.0);
#1568=DIRECTION('',(0.9962815643743773,0.08615709191786598,0));
#1569=DIRECTION('',(-0.9957164566667508,-0.09245938526191257,0));
#1570=DIRECTION('',(-0.9808731636385993,0.19464798188937268,0));
#1571=STYLED_ITEM('',(#18),#1572);
#1572=FACE_SURFACE('',(#1577),#1573,.T.);
#1573=PLANE('',#1574);
#1574=AXIS2_PLACEMENT_3D('',#80,#1575,#1576);
#1575=DIRECTION('',(0,0,1));
#1576=DIRECTION('',(-0.19464798188937268,0.9808731636385993,0));
#1577=FACE_BOUND('',#1578,.T.);
#1578=EDGE_LOOP('',(#1579,#1580,#1581));
#1579=ORIENTED_EDGE('',*,*,#1582,.T.);
#1580=ORIENTED_EDGE('',*,*,#1583,.T.);
#1581=ORIENTED_EDGE('',*,*,#1584,.T.);
#1582=EDGE_CURVE('',#81,#91,#1585,.F.);
#1583=EDGE_CURVE('',#91,#77,#1586,.T.);
#1584=EDGE_CURVE('',#77,#81,#1587,.T.);
#1585=LINE('',#80,#1588);
#1586=LINE('',#90,#1589);
#1587=LINE('',#76,#1590);
#1588=VECTOR('',#1591,1.0);
#1589=VECTOR('',#1592,1.0);
#1590=VECTOR('',#1593,1.0);
#1591=DIRECTION('',(-0.19464798188937268,0.9808731636385993,0));
#1592=DIRECTION('',(-1,0,0));
#1593=DIRECTION('',(0.9996751989739777,-0.025485222312896735,0));
#1594=STYLED_ITEM('',(#18),#1595);
#1595=FACE_SURFACE('',(#1600),#1596,.T.);
#1596=PLANE('',#1597);
#1597=AXIS2_PLACEMENT_3D('',#104,#1598,#1599);
#1598=DIRECTION('',(0,0,1));
#1599=DIRECTION('',(0.5538184762778623,-0.8326374333005133,0));
#1600=FACE_BOUND('',#1601,.T.);
#1601=EDGE_LOOP('',(#1602,#1603,#1604));
#1602=ORIENTED_EDGE('',*,*,#1605,.T.);
#1603=ORIENTED_EDGE('',*,*,#1606,.T.);
#1604=ORIENTED_EDGE('',*,*,#1607,.T.);
#1605=EDGE_CURVE('',#105,#149,#1608,.F.);
#1606=EDGE_CURVE('',#149,#113,#1609,.T.);
#1607=EDGE_CURVE('',#113,#105,#1610,.T.);
#1608=LINE('',#104,#1611);
#1609=LINE('',#148,#1612);
#1610=LINE('',#112,#1613);
#1611=VECTOR('',#1614,1.0);
#1612=VECTOR('',#1615,1.0);
#1613=VECTOR('',#1616,1.0);
#1614=DIRECTION('',(0.5538184762778623,-0.8326374333005133,0));
#1615=DIRECTION('',(0.9974196463002151,-0.07179170686335559,0));
#1616=DIRECTION('',(-0.9958050565296029,0.09150021524605406,0));
#1617=STYLED_ITEM('',(#18),#1618);
#1618=FACE_SURFACE('',(#1623),#1619,.T.);
#1619=PLANE('',#1620);
#1620=AXIS2_PLACEMENT_3D('',#170,#1621,#1622);
#1621=DIRECTION('',(0,0,1));
#1622=DIRECTION('',(-0.29070545660914116,-0.9568125926730222,0));
#1623=FACE_BOUND('',#1624,.T.);
#1624=EDGE_LOOP('',(#1625,#1626,#1627));
#1625=ORIENTED_EDGE('',*,*,#1628,.T.);
#1626=ORIENTED_EDGE('',*,*,#1629,.T.);
#1627=ORIENTED_EDGE('',*,*,#1630,.T.);
#1628=EDGE_CURVE('',#171,#55,#1631,.F.);
#1629=EDGE_CURVE('',#55,#173,#1632,.T.);
#1630=EDGE_CURVE('',#173,#171,#1633,.T.);
#1631=LINE('',#170,#1634);
#1632=LINE('',#54,#1635);
#1633=LINE('',#172,#1636);
#1634=VECTOR('',#1637,1.0);
#1635=VECTOR('',#1638,1.0);
#1636=VECTOR('',#1639,1.0);
#1637=DIRECTION('',(-0.29070545660914116,-0.9568125926730222,0));
#1638=DIRECTION('',(0.3163226612331199,0.9486516610381267,0));
#1639=DIRECTION('',(-0.9976303284229832,0.06880209161537733,0));
#1640=STYLED_ITEM('',(#18),#1641);
#1641=FACE_SURFACE('',(#1646),#1642,.T.);
#1642=PLANE('',#1643);
#1643=AXIS2_PLACEMENT_3D('',#174,#1644,#1645);
#1644=DIRECTION('',(0,0,1));
#1645=DIRECTION('',(-0.2640534908985187,-0.9645080372626793,0));
#1646=FACE_BOUND('',#1647,.T.);
#1647=EDGE_LOOP('',(#1648,#1649,#1650));
#1648=ORIENTED_EDGE('',*,*,#1651,.T.);
#1649=ORIENTED_EDGE('',*,*,#1652,.T.);
#1650=ORIENTED_EDGE('',*,*,#1653,.T.);
#1651=EDGE_CURVE('',#175,#55,#1654,.F.);
#1652=EDGE_CURVE('',#55,#171,#1655,.T.);
#1653=EDGE_CURVE('',#171,#175,#1656,.T.);
#1654=LINE('',#174,#1657);
#1655=LINE('',#54,#1658);
#1656=LINE('',#170,#1659);
#1657=VECTOR('',#1660,1.0);
#1658=VECTOR('',#1661,1.0);
#1659=VECTOR('',#1662,1.0);
#1660=DIRECTION('',(-0.2640534908985187,-0.9645080372626793,0));
#1661=DIRECTION('',(0.29070545660914116,0.9568125926730222,0));
#1662=DIRECTION('',(-0.9808731636385993,0.19464798188937268,0));
#1663=STYLED_ITEM('',(#18),#1664);
#1664=FACE_SURFACE('',(#1669),#1665,.T.);
#1665=PLANE('',#1666);
#1666=AXIS2_PLACEMENT_3D('',#176,#1667,#1668);
#1667=DIRECTION('',(0,0,1));
#1668=DIRECTION('',(-0.23718592251303944,-0.9714642752884114,0));
#1669=FACE_BOUND('',#1670,.T.);
#1670=EDGE_LOOP('',(#1671,#1672,#1673));
#1671=ORIENTED_EDGE('',*,*,#1674,.T.);
#1672=ORIENTED_EDGE('',*,*,#1675,.T.);
#1673=ORIENTED_EDGE('',*,*,#1676,.T.);
#1674=EDGE_CURVE('',#177,#55,#1677,.F.);
#1675=EDGE_CURVE('',#55,#175,#1678,.T.);
#1676=EDGE_CURVE('',#175,#177,#1679,.T.);
#1677=LINE('',#176,#1680);
#1678=LINE('',#54,#1681);
#1679=LINE('',#174,#1682);
#1680=VECTOR('',#1683,1.0);
#1681=VECTOR('',#1684,1.0);
#1682=VECTOR('',#1685,1.0);
#1683=DIRECTION('',(-0.23718592251303944,-0.9714642752884114,0));
#1684=DIRECTION('',(0.2640534908985187,0.9645080372626793,0));
#1685=DIRECTION('',(-0.9471445756278127,0.3208070336803899,0));
#1686=STYLED_ITEM('',(#18),#1687);
#1687=FACE_SURFACE('',(#1692),#1688,.T.);
#1688=PLANE('',#1689);
#1689=AXIS2_PLACEMENT_3D('',#178,#1690,#1691);
#1690=DIRECTION('',(0,0,1));
#1691=DIRECTION('',(-0.9766109283574048,0.2150141730511917,0));
#1692=FACE_BOUND('',#1693,.T.);
#1693=EDGE_LOOP('',(#1694,#1695,#1696));
#1694=ORIENTED_EDGE('',*,*,#1697,.T.);
#1695=ORIENTED_EDGE('',*,*,#1698,.T.);
#1696=ORIENTED_EDGE('',*,*,#1699,.T.);
#1697=EDGE_CURVE('',#179,#59,#1700,.F.);
#1698=EDGE_CURVE('',#59,#163,#1701,.T.);
#1699=EDGE_CURVE('',#163,#179,#1702,.T.);
#1700=LINE('',#178,#1703);
#1701=LINE('',#58,#1704);
#1702=LINE('',#162,#1705);
#1703=VECTOR('',#1706,1.0);
#1704=VECTOR('',#1707,1.0);
#1705=VECTOR('',#1708,1.0);
#1706=DIRECTION('',(-0.9766109283574048,0.2150141730511917,0));
#1707=DIRECTION('',(0.9709038441943529,-0.2394696751754332,0));
#1708=DIRECTION('',(0.3208070336803868,0.9471445756278137,0));
#1709=STYLED_ITEM('',(#18),#1710);
#1710=FACE_SURFACE('',(#1715),#1711,.T.);
#1711=PLANE('',#1712);
#1712=AXIS2_PLACEMENT_3D('',#180,#1713,#1714);
#1713=DIRECTION('',(0,0,-1));
#1714=DIRECTION('',(0.9947994019023608,0.10185357124178374,0));
#1715=FACE_BOUND('',#1716,.T.);
#1716=EDGE_LOOP('',(#1717,#1718,#1719));
#1717=ORIENTED_EDGE('',*,*,#1720,.T.);
#1718=ORIENTED_EDGE('',*,*,#1721,.T.);
#1719=ORIENTED_EDGE('',*,*,#1722,.T.);
#1720=EDGE_CURVE('',#181,#167,#1723,.F.);
#1721=EDGE_CURVE('',#167,#183,#1724,.T.);
#1722=EDGE_CURVE('',#183,#181,#1725,.T.);
#1723=LINE('',#180,#1726);
#1724=LINE('',#166,#1727);
#1725=LINE('',#182,#1728);
#1726=VECTOR('',#1729,1.0);
#1727=VECTOR('',#1730,1.0);
#1728=VECTOR('',#1731,1.0);
#1729=DIRECTION('',(0.9947994019023608,0.10185357124178374,0));
#1730=DIRECTION('',(-0.993438575399456,-0.11436693975226983,0));
#1731=DIRECTION('',(-0.8967049296897791,0.4426288163575078,0));
#1732=STYLED_ITEM('',(#18),#1733);
#1733=FACE_SURFACE('',(#1738),#1734,.T.);
#1734=PLANE('',#1735);
#1735=AXIS2_PLACEMENT_3D('',#54,#1736,#1737);
#1736=DIRECTION('',(0,0,1));
#1737=DIRECTION('',(0.09409596598084288,0.9955631316928787,0));
#1738=FACE_BOUND('',#1739,.T.);
#1739=EDGE_LOOP('',(#1740,#1741,#1742));
#1740=ORIENTED_EDGE('',*,*,#1743,.T.);
#1741=ORIENTED_EDGE('',*,*,#1744,.T.);
#1742=ORIENTED_EDGE('',*,*,#1745,.T.);
#1743=EDGE_CURVE('',#55,#185,#1746,.F.);
#1744=EDGE_CURVE('',#185,#49,#1747,.T.);
#1745=EDGE_CURVE('',#49,#55,#1748,.T.);
#1746=LINE('',#54,#1749);
#1747=LINE('',#184,#1750);
#1748=LINE('',#48,#1751);
#1749=VECTOR('',#1752,1.0);
#1750=VECTOR('',#1753,1.0);
#1751=VECTOR('',#1754,1.0);
#1752=DIRECTION('',(0.09409596598084288,0.9955631316928787,0));
#1753=DIRECTION('',(-0.2971911314636586,0.954818009559597,0));
#1754=DIRECTION('',(0,-1,0));
#1755=STYLED_ITEM('',(#18),#1756);
#1756=FACE_SURFACE('',(#1761),#1757,.T.);
#1757=PLANE('',#1758);
#1758=AXIS2_PLACEMENT_3D('',#186,#1759,#1760);
#1759=DIRECTION('',(0,0,-1));
#1760=DIRECTION('',(-0.8326374333005123,0.5538184762778638,0));
#1761=FACE_BOUND('',#1762,.T.);
#1762=EDGE_LOOP('',(#1763,#1764,#1765));
#1763=ORIENTED_EDGE('',*,*,#1766,.T.);
#1764=ORIENTED_EDGE('',*,*,#1767,.T.);
#1765=ORIENTED_EDGE('',*,*,#1768,.T.);
#1766=EDGE_CURVE('',#187,#183,#1769,.F.);
#1767=EDGE_CURVE('',#183,#167,#1770,.T.);
#1768=EDGE_CURVE('',#167,#187,#1771,.T.);
#1769=LINE('',#186,#1772);
#1770=LINE('',#182,#1773);
#1771=LINE('',#166,#1774);
#1772=VECTOR('',#1775,1.0);
#1773=VECTOR('',#1776,1.0);
#1774=VECTOR('',#1777,1.0);
#1775=DIRECTION('',(-0.8326374333005123,0.5538184762778638,0));
#1776=DIRECTION('',(0.993438575399456,0.11436693975226983,0));
#1777=DIRECTION('',(-0.9915408045942409,-0.12979534978035753,0));
#1778=STYLED_ITEM('',(#18),#1779);
#1779=FACE_SURFACE('',(#1784),#1780,.T.);
#1780=PLANE('',#1781);
#1781=AXIS2_PLACEMENT_3D('',#188,#1782,#1783);
#1782=DIRECTION('',(0,0,1));
#1783=DIRECTION('',(-0.9856731291009959,0.1686667796818672,0));
#1784=FACE_BOUND('',#1785,.T.);
#1785=EDGE_LOOP('',(#1786,#1787,#1788));
#1786=ORIENTED_EDGE('',*,*,#1789,.T.);
#1787=ORIENTED_EDGE('',*,*,#1790,.T.);
#1788=ORIENTED_EDGE('',*,*,#1791,.T.);
#1789=EDGE_CURVE('',#189,#59,#1792,.F.);
#1790=EDGE_CURVE('',#59,#191,#1793,.T.);
#1791=EDGE_CURVE('',#191,#189,#1794,.T.);
#1792=LINE('',#188,#1795);
#1793=LINE('',#58,#1796);
#1794=LINE('',#190,#1797);
#1795=VECTOR('',#1798,1.0);
#1796=VECTOR('',#1799,1.0);
#1797=VECTOR('',#1800,1.0);
#1798=DIRECTION('',(-0.9856731291009959,0.1686667796818672,0));
#1799=DIRECTION('',(0.9815541152988354,-0.19118451490620403,0));
#1800=DIRECTION('',(0.5538184762778623,0.8326374333005133,0));
#1801=STYLED_ITEM('',(#18),#1802);
#1802=FACE_SURFACE('',(#1807),#1803,.T.);
#1803=PLANE('',#1804);
#1804=AXIS2_PLACEMENT_3D('',#192,#1805,#1806);
#1805=DIRECTION('',(0,0,1));
#1806=DIRECTION('',(-0.9915392546723694,0.1298071894918086,0));
#1807=FACE_BOUND('',#1808,.T.);
#1808=EDGE_LOOP('',(#1809,#1810,#1811));
#1809=ORIENTED_EDGE('',*,*,#1812,.T.);
#1810=ORIENTED_EDGE('',*,*,#1813,.T.);
#1811=ORIENTED_EDGE('',*,*,#1814,.T.);
#1812=EDGE_CURVE('',#193,#59,#1815,.F.);
#1813=EDGE_CURVE('',#59,#195,#1816,.T.);
#1814=EDGE_CURVE('',#195,#193,#1817,.T.);
#1815=LINE('',#192,#1818);
#1816=LINE('',#58,#1819);
#1817=LINE('',#194,#1820);
#1818=VECTOR('',#1821,1.0);
#1819=VECTOR('',#1822,1.0);
#1820=VECTOR('',#1823,1.0);
#1821=DIRECTION('',(-0.9915392546723694,0.1298071894918086,0));
#1822=DIRECTION('',(0.9889795025267896,-0.1480525027882464,0));
#1823=DIRECTION('',(0.7513940993995967,0.659853701503196,0));
#1824=STYLED_ITEM('',(#18),#1825);
#1825=FACE_SURFACE('',(#1830),#1826,.T.);
#1826=PLANE('',#1827);
#1827=AXIS2_PLACEMENT_3D('',#178,#1828,#1829);
#1828=DIRECTION('',(0,-0,1));
#1829=DIRECTION('',(0.4426288163575071,0.8967049296897794,0));
#1830=FACE_BOUND('',#1831,.T.);
#1831=EDGE_LOOP('',(#1832,#1833,#1834));
#1832=ORIENTED_EDGE('',*,*,#1835,.T.);
#1833=ORIENTED_EDGE('',*,*,#1836,.T.);
#1834=ORIENTED_EDGE('',*,*,#1837,.T.);
#1835=EDGE_CURVE('',#179,#191,#1838,.F.);
#1836=EDGE_CURVE('',#191,#59,#1839,.T.);
#1837=EDGE_CURVE('',#59,#179,#1840,.T.);
#1838=LINE('',#178,#1841);
#1839=LINE('',#190,#1842);
#1840=LINE('',#58,#1843);
#1841=VECTOR('',#1844,1.0);
#1842=VECTOR('',#1845,1.0);
#1843=VECTOR('',#1846,1.0);
#1844=DIRECTION('',(0.4426288163575071,0.8967049296897794,0));
#1845=DIRECTION('',(-0.9815541152988354,0.19118451490620403,0));
#1846=DIRECTION('',(0.9766109283574048,-0.2150141730511917,0));
#1847=STYLED_ITEM('',(#18),#1848);
#1848=FACE_SURFACE('',(#1853),#1849,.T.);
#1849=PLANE('',#1850);
#1850=AXIS2_PLACEMENT_3D('',#196,#1851,#1852);
#1851=DIRECTION('',(0,-0,-1));
#1852=DIRECTION('',(0.8967049296897804,-0.44262881635750506,0));
#1853=FACE_BOUND('',#1854,.T.);
#1854=EDGE_LOOP('',(#1855,#1856,#1857));
#1855=ORIENTED_EDGE('',*,*,#1858,.T.);
#1856=ORIENTED_EDGE('',*,*,#1859,.T.);
#1857=ORIENTED_EDGE('',*,*,#1860,.T.);
#1858=EDGE_CURVE('',#197,#199,#1861,.F.);
#1859=EDGE_CURVE('',#199,#53,#1862,.T.);
#1860=EDGE_CURVE('',#53,#197,#1863,.T.);
#1861=LINE('',#196,#1864);
#1862=LINE('',#198,#1865);
#1863=LINE('',#52,#1866);
#1864=VECTOR('',#1867,1.0);
#1865=VECTOR('',#1868,1.0);
#1866=VECTOR('',#1869,1.0);
#1867=DIRECTION('',(0.8967049296897804,-0.44262881635750506,0));
#1868=DIRECTION('',(-0.8711538785730328,-0.49101010157344155,0));
#1869=DIRECTION('',(0.8653460408408834,0.5011748493300597,0));
#1870=STYLED_ITEM('',(#18),#1871);
#1871=FACE_SURFACE('',(#1876),#1872,.T.);
#1872=PLANE('',#1873);
#1873=AXIS2_PLACEMENT_3D('',#200,#1874,#1875);
#1874=DIRECTION('',(0,0,1));
#1875=DIRECTION('',(-0.9934373936476852,0.11437720447053197,0));
#1876=FACE_BOUND('',#1877,.T.);
#1877=EDGE_LOOP('',(#1878,#1879,#1880));
#1878=ORIENTED_EDGE('',*,*,#1881,.T.);
#1879=ORIENTED_EDGE('',*,*,#1882,.T.);
#1880=ORIENTED_EDGE('',*,*,#1883,.T.);
#1881=EDGE_CURVE('',#201,#59,#1884,.F.);
#1882=EDGE_CURVE('',#59,#193,#1885,.T.);
#1883=EDGE_CURVE('',#193,#201,#1886,.T.);
#1884=LINE('',#200,#1887);
#1885=LINE('',#58,#1888);
#1886=LINE('',#192,#1889);
#1887=VECTOR('',#1890,1.0);
#1888=VECTOR('',#1891,1.0);
#1889=VECTOR('',#1892,1.0);
#1890=DIRECTION('',(-0.9934373936476852,0.11437720447053197,0));
#1891=DIRECTION('',(0.9915392546723694,-0.1298071894918086,0));
#1892=DIRECTION('',(0.8326374333005123,0.5538184762778638,0));
#1893=STYLED_ITEM('',(#18),#1894);
#1894=FACE_SURFACE('',(#1899),#1895,.T.);
#1895=PLANE('',#1896);
#1896=AXIS2_PLACEMENT_3D('',#202,#1897,#1898);
#1897=DIRECTION('',(0,-0,-1));
#1898=DIRECTION('',(0.8326374333005132,-0.5538184762778627,0));
#1899=FACE_BOUND('',#1900,.T.);
#1900=EDGE_LOOP('',(#1901,#1902,#1903));
#1901=ORIENTED_EDGE('',*,*,#1904,.T.);
#1902=ORIENTED_EDGE('',*,*,#1905,.T.);
#1903=ORIENTED_EDGE('',*,*,#1906,.T.);
#1904=EDGE_CURVE('',#203,#197,#1907,.F.);
#1905=EDGE_CURVE('',#197,#53,#1908,.T.);
#1906=EDGE_CURVE('',#53,#203,#1909,.T.);
#1907=LINE('',#202,#1910);
#1908=LINE('',#196,#1911);
#1909=LINE('',#52,#1912);
#1910=VECTOR('',#1913,1.0);
#1911=VECTOR('',#1914,1.0);
#1912=VECTOR('',#1915,1.0);
#1913=DIRECTION('',(0.8326374333005132,-0.5538184762778627,0));
#1914=DIRECTION('',(-0.8653460408408834,-0.5011748493300597,0));
#1915=DIRECTION('',(0.8588728498987379,0.5121888594130297,0));
#1916=STYLED_ITEM('',(#18),#1917);
#1917=FACE_SURFACE('',(#1922),#1918,.T.);
#1918=PLANE('',#1919);
#1919=AXIS2_PLACEMENT_3D('',#204,#1920,#1921);
#1920=DIRECTION('',(0,0,1));
#1921=DIRECTION('',(-0.9947984829598499,0.10186254611377679,0));
#1922=FACE_BOUND('',#1923,.T.);
#1923=EDGE_LOOP('',(#1924,#1925,#1926));
#1924=ORIENTED_EDGE('',*,*,#1927,.T.);
#1925=ORIENTED_EDGE('',*,*,#1928,.T.);
#1926=ORIENTED_EDGE('',*,*,#1929,.T.);
#1927=EDGE_CURVE('',#205,#59,#1930,.F.);
#1928=EDGE_CURVE('',#59,#201,#1931,.T.);
#1929=EDGE_CURVE('',#201,#205,#1932,.T.);
#1930=LINE('',#204,#1933);
#1931=LINE('',#58,#1934);
#1932=LINE('',#200,#1935);
#1933=VECTOR('',#1936,1.0);
#1934=VECTOR('',#1937,1.0);
#1935=VECTOR('',#1938,1.0);
#1936=DIRECTION('',(-0.9947984829598499,0.10186254611377679,0));
#1937=DIRECTION('',(0.9934373936476852,-0.11437720447053197,0));
#1938=DIRECTION('',(0.8967049296897799,0.44262881635750645,0));
#1939=STYLED_ITEM('',(#18),#1940);
#1940=FACE_SURFACE('',(#1945),#1941,.T.);
#1941=PLANE('',#1942);
#1942=AXIS2_PLACEMENT_3D('',#206,#1943,#1944);
#1943=DIRECTION('',(0,0,-1));
#1944=DIRECTION('',(-0.5538184762778623,0.8326374333005133,0));
#1945=FACE_BOUND('',#1946,.T.);
#1946=EDGE_LOOP('',(#1947,#1948,#1949));
#1947=ORIENTED_EDGE('',*,*,#1950,.T.);
#1948=ORIENTED_EDGE('',*,*,#1951,.T.);
#1949=ORIENTED_EDGE('',*,*,#1952,.T.);
#1950=EDGE_CURVE('',#207,#209,#1953,.F.);
#1951=EDGE_CURVE('',#209,#167,#1954,.T.);
#1952=EDGE_CURVE('',#167,#207,#1955,.T.);
#1953=LINE('',#206,#1956);
#1954=LINE('',#208,#1957);
#1955=LINE('',#166,#1958);
#1956=VECTOR('',#1959,1.0);
#1957=VECTOR('',#1960,1.0);
#1958=VECTOR('',#1961,1.0);
#1959=DIRECTION('',(-0.5538184762778623,0.8326374333005133,0));
#1960=DIRECTION('',(0.9856758228922172,0.16865103665779987,0));
#1961=DIRECTION('',(-0.9815576105967253,-0.19116656893831394,0));
#1962=STYLED_ITEM('',(#18),#1963);
#1963=FACE_SURFACE('',(#1968),#1964,.T.);
#1964=PLANE('',#1965);
#1965=AXIS2_PLACEMENT_3D('',#188,#1966,#1967);
#1966=DIRECTION('',(0,-0,1));
#1967=DIRECTION('',(0.6598537015031981,0.7513940993995948,0));
#1968=FACE_BOUND('',#1969,.T.);
#1969=EDGE_LOOP('',(#1970,#1971,#1972));
#1970=ORIENTED_EDGE('',*,*,#1973,.T.);
#1971=ORIENTED_EDGE('',*,*,#1974,.T.);
#1972=ORIENTED_EDGE('',*,*,#1975,.T.);
#1973=EDGE_CURVE('',#189,#195,#1976,.F.);
#1974=EDGE_CURVE('',#195,#59,#1977,.T.);
#1975=EDGE_CURVE('',#59,#189,#1978,.T.);
#1976=LINE('',#188,#1979);
#1977=LINE('',#194,#1980);
#1978=LINE('',#58,#1981);
#1979=VECTOR('',#1982,1.0);
#1980=VECTOR('',#1983,1.0);
#1981=VECTOR('',#1984,1.0);
#1982=DIRECTION('',(0.6598537015031981,0.7513940993995948,0));
#1983=DIRECTION('',(-0.9889795025267896,0.1480525027882464,0));
#1984=DIRECTION('',(0.9856731291009959,-0.1686667796818672,0));
#1985=STYLED_ITEM('',(#18),#1986);
#1986=FACE_SURFACE('',(#1991),#1987,.T.);
#1987=PLANE('',#1988);
#1988=AXIS2_PLACEMENT_3D('',#210,#1989,#1990);
#1989=DIRECTION('',(0,-0,-1));
#1990=DIRECTION('',(0.7513940993995967,-0.659853701503196,0));
#1991=FACE_BOUND('',#1992,.T.);
#1992=EDGE_LOOP('',(#1993,#1994,#1995));
#1993=ORIENTED_EDGE('',*,*,#1996,.T.);
#1994=ORIENTED_EDGE('',*,*,#1997,.T.);
#1995=ORIENTED_EDGE('',*,*,#1998,.T.);
#1996=EDGE_CURVE('',#211,#203,#1999,.F.);
#1997=EDGE_CURVE('',#203,#53,#2000,.T.);
#1998=EDGE_CURVE('',#53,#211,#2001,.T.);
#1999=LINE('',#210,#2002);
#2000=LINE('',#202,#2003);
#2001=LINE('',#52,#2004);
#2002=VECTOR('',#2005,1.0);
#2003=VECTOR('',#2006,1.0);
#2004=VECTOR('',#2007,1.0);
#2005=DIRECTION('',(0.7513940993995967,-0.659853701503196,0));
#2006=DIRECTION('',(-0.8588728498987379,-0.5121888594130297,0));
#2007=DIRECTION('',(0.8518084185201862,0.5238534319236052,0));
#2008=STYLED_ITEM('',(#18),#2009);
#2009=FACE_SURFACE('',(#2014),#2010,.T.);
#2010=PLANE('',#2011);
#2011=AXIS2_PLACEMENT_3D('',#212,#2012,#2013);
#2012=DIRECTION('',(0,0,-1));
#2013=DIRECTION('',(-0.5538184762778623,-0.8326374333005133,0));
#2014=FACE_BOUND('',#2015,.T.);
#2015=EDGE_LOOP('',(#2016,#2017,#2018));
#2016=ORIENTED_EDGE('',*,*,#2019,.T.);
#2017=ORIENTED_EDGE('',*,*,#2020,.T.);
#2018=ORIENTED_EDGE('',*,*,#2021,.T.);
#2019=EDGE_CURVE('',#213,#215,#2022,.F.);
#2020=EDGE_CURVE('',#215,#217,#2023,.T.);
#2021=EDGE_CURVE('',#217,#213,#2024,.T.);
#2022=LINE('',#212,#2025);
#2023=LINE('',#214,#2026);
#2024=LINE('',#216,#2027);
#2025=VECTOR('',#2028,1.0);
#2026=VECTOR('',#2029,1.0);
#2027=VECTOR('',#2030,1.0);
#2028=DIRECTION('',(-0.5538184762778623,-0.8326374333005133,0));
#2029=DIRECTION('',(-0.9974196463002151,-0.0717917068633556,0));
#2030=DIRECTION('',(0.9958050565296029,0.09150021524605408,0));
#2031=STYLED_ITEM('',(#18),#2032);
#2032=FACE_SURFACE('',(#2037),#2033,.T.);
#2033=PLANE('',#2034);
#2034=AXIS2_PLACEMENT_3D('',#218,#2035,#2036);
#2035=DIRECTION('',(0,-0,1));
#2036=DIRECTION('',(0.31537356702429653,0.9489676038845434,0));
#2037=FACE_BOUND('',#2038,.T.);
#2038=EDGE_LOOP('',(#2039,#2040,#2041));
#2039=ORIENTED_EDGE('',*,*,#2042,.T.);
#2040=ORIENTED_EDGE('',*,*,#2043,.T.);
#2041=ORIENTED_EDGE('',*,*,#2044,.T.);
#2042=EDGE_CURVE('',#219,#45,#2045,.F.);
#2043=EDGE_CURVE('',#45,#221,#2046,.T.);
#2044=EDGE_CURVE('',#221,#219,#2047,.T.);
#2045=LINE('',#218,#2048);
#2046=LINE('',#44,#2049);
#2047=LINE('',#220,#2050);
#2048=VECTOR('',#2051,1.0);
#2049=VECTOR('',#2052,1.0);
#2050=VECTOR('',#2053,1.0);
#2051=DIRECTION('',(0.31537356702429653,0.9489676038845434,0));
#2052=DIRECTION('',(-0.34748160035237025,-0.937686801344967,0));
#2053=DIRECTION('',(0.06880209161538071,-0.9976303284229832,0));
#2054=STYLED_ITEM('',(#18),#2055);
#2055=FACE_SURFACE('',(#2060),#2056,.T.);
#2056=PLANE('',#2057);
#2057=AXIS2_PLACEMENT_3D('',#222,#2058,#2059);
#2058=DIRECTION('',(-0,-0,-1));
#2059=DIRECTION('',(0.3617613548878766,-0.9322707343415259,0));
#2060=FACE_BOUND('',#2061,.T.);
#2061=EDGE_LOOP('',(#2062,#2063,#2064));
#2062=ORIENTED_EDGE('',*,*,#2065,.T.);
#2063=ORIENTED_EDGE('',*,*,#2066,.T.);
#2064=ORIENTED_EDGE('',*,*,#2067,.T.);
#2065=EDGE_CURVE('',#223,#47,#2068,.F.);
#2066=EDGE_CURVE('',#47,#199,#2069,.T.);
#2067=EDGE_CURVE('',#199,#223,#2070,.T.);
#2068=LINE('',#222,#2071);
#2069=LINE('',#46,#2072);
#2070=LINE('',#198,#2073);
#2071=VECTOR('',#2074,1.0);
#2072=VECTOR('',#2075,1.0);
#2073=VECTOR('',#2076,1.0);
#2074=DIRECTION('',(0.3617613548878766,-0.9322707343415259,0));
#2075=DIRECTION('',(-0.38060747375926524,0.9247366927502068,0));
#2076=DIRECTION('',(0.9471445756278115,-0.32080703368039293,0));
#2077=STYLED_ITEM('',(#18),#2078);
#2078=FACE_SURFACE('',(#2083),#2079,.T.);
#2079=PLANE('',#2080);
#2080=AXIS2_PLACEMENT_3D('',#224,#2081,#2082);
#2081=DIRECTION('',(0,0,-1));
#2082=DIRECTION('',(-0.3208070336803868,-0.9471445756278137,0));
#2083=FACE_BOUND('',#2084,.T.);
#2084=EDGE_LOOP('',(#2085,#2086,#2087));
#2085=ORIENTED_EDGE('',*,*,#2088,.T.);
#2086=ORIENTED_EDGE('',*,*,#2089,.T.);
#2087=ORIENTED_EDGE('',*,*,#2090,.T.);
#2088=EDGE_CURVE('',#225,#227,#2091,.F.);
#2089=EDGE_CURVE('',#227,#217,#2092,.T.);
#2090=EDGE_CURVE('',#217,#225,#2093,.T.);
#2091=LINE('',#224,#2094);
#2092=LINE('',#226,#2095);
#2093=LINE('',#216,#2096);
#2094=VECTOR('',#2097,1.0);
#2095=VECTOR('',#2098,1.0);
#2096=VECTOR('',#2099,1.0);
#2097=DIRECTION('',(-0.3208070336803868,-0.9471445756278137,0));
#2098=DIRECTION('',(-0.9996751989739777,-0.025485222312896735,0));
#2099=DIRECTION('',(0.9987682148012483,0.04961908002701725,0));
#2100=STYLED_ITEM('',(#18),#2101);
#2101=FACE_SURFACE('',(#2106),#2102,.T.);
#2102=PLANE('',#2103);
#2103=AXIS2_PLACEMENT_3D('',#228,#2104,#2105);
#2104=DIRECTION('',(0,0,-1));
#2105=DIRECTION('',(-0.06880209161537733,0.9976303284229832,0));
#2106=FACE_BOUND('',#2107,.T.);
#2107=EDGE_LOOP('',(#2108,#2109,#2110));
#2108=ORIENTED_EDGE('',*,*,#2111,.T.);
#2109=ORIENTED_EDGE('',*,*,#2112,.T.);
#2110=ORIENTED_EDGE('',*,*,#2113,.T.);
#2111=EDGE_CURVE('',#229,#217,#2114,.F.);
#2112=EDGE_CURVE('',#217,#231,#2115,.T.);
#2113=EDGE_CURVE('',#231,#229,#2116,.T.);
#2114=LINE('',#228,#2117);
#2115=LINE('',#216,#2118);
#2116=LINE('',#230,#2119);
#2117=VECTOR('',#2120,1.0);
#2118=VECTOR('',#2121,1.0);
#2119=VECTOR('',#2122,1.0);
#2120=DIRECTION('',(-0.06880209161537733,0.9976303284229832,0));
#2121=DIRECTION('',(1,0,0));
#2122=DIRECTION('',(-0.9996603840697823,-0.026059864187196694,0));
#2123=STYLED_ITEM('',(#18),#2124);
#2124=FACE_SURFACE('',(#2129),#2125,.T.);
#2125=PLANE('',#2126);
#2126=AXIS2_PLACEMENT_3D('',#232,#2127,#2128);
#2127=DIRECTION('',(0,0,1));
#2128=DIRECTION('',(-0.5538184762778721,-0.8326374333005069,0));
#2129=FACE_BOUND('',#2130,.T.);
#2130=EDGE_LOOP('',(#2131,#2132,#2133));
#2131=ORIENTED_EDGE('',*,*,#2134,.T.);
#2132=ORIENTED_EDGE('',*,*,#2135,.T.);
#2133=ORIENTED_EDGE('',*,*,#2136,.T.);
#2134=EDGE_CURVE('',#233,#109,#2137,.F.);
#2135=EDGE_CURVE('',#109,#41,#2138,.T.);
#2136=EDGE_CURVE('',#41,#233,#2139,.T.);
#2137=LINE('',#232,#2140);
#2138=LINE('',#108,#2141);
#2139=LINE('',#40,#2142);
#2140=VECTOR('',#2143,1.0);
#2141=VECTOR('',#2144,1.0);
#2142=VECTOR('',#2145,1.0);
#2143=DIRECTION('',(-0.5538184762778721,-0.8326374333005069,0));
#2144=DIRECTION('',(0.14278123682778457,-0.9897542717310839,0));
#2145=DIRECTION('',(-0.12560985315167142,0.9920797169538421,0));
#2146=STYLED_ITEM('',(#18),#2147);
#2147=FACE_SURFACE('',(#2152),#2148,.T.);
#2148=PLANE('',#2149);
#2149=AXIS2_PLACEMENT_3D('',#234,#2150,#2151);
#2150=DIRECTION('',(0,0,-1));
#2151=DIRECTION('',(0.6598537015031939,0.7513940993995986,0));
#2152=FACE_BOUND('',#2153,.T.);
#2153=EDGE_LOOP('',(#2154,#2155,#2156));
#2154=ORIENTED_EDGE('',*,*,#2157,.T.);
#2155=ORIENTED_EDGE('',*,*,#2158,.T.);
#2156=ORIENTED_EDGE('',*,*,#2159,.T.);
#2157=EDGE_CURVE('',#235,#237,#2160,.F.);
#2158=EDGE_CURVE('',#237,#47,#2161,.T.);
#2159=EDGE_CURVE('',#47,#235,#2162,.T.);
#2160=LINE('',#234,#2163);
#2161=LINE('',#236,#2164);
#2162=LINE('',#46,#2165);
#2163=VECTOR('',#2166,1.0);
#2164=VECTOR('',#2167,1.0);
#2165=VECTOR('',#2168,1.0);
#2166=DIRECTION('',(0.6598537015031939,0.7513940993995986,0));
#2167=DIRECTION('',(0.14278123682778457,-0.9897542717310839,0));
#2168=DIRECTION('',(-0.16306334648413032,0.9866156014544857,0));
#2169=STYLED_ITEM('',(#18),#2170);
#2170=FACE_SURFACE('',(#2175),#2171,.T.);
#2171=PLANE('',#2172);
#2172=AXIS2_PLACEMENT_3D('',#238,#2173,#2174);
#2173=DIRECTION('',(0,0,-1));
#2174=DIRECTION('',(0.7513940993995937,0.6598537015031994,0));
#2175=FACE_BOUND('',#2176,.T.);
#2176=EDGE_LOOP('',(#2177,#2178,#2179));
#2177=ORIENTED_EDGE('',*,*,#2180,.T.);
#2178=ORIENTED_EDGE('',*,*,#2181,.T.);
#2179=ORIENTED_EDGE('',*,*,#2182,.T.);
#2180=EDGE_CURVE('',#239,#235,#2183,.F.);
#2181=EDGE_CURVE('',#235,#47,#2184,.T.);
#2182=EDGE_CURVE('',#47,#239,#2185,.T.);
#2183=LINE('',#238,#2186);
#2184=LINE('',#234,#2187);
#2185=LINE('',#46,#2188);
#2186=VECTOR('',#2189,1.0);
#2187=VECTOR('',#2190,1.0);
#2188=VECTOR('',#2191,1.0);
#2189=DIRECTION('',(0.7513940993995937,0.6598537015031994,0));
#2190=DIRECTION('',(0.16306334648413032,-0.9866156014544857,0));
#2191=DIRECTION('',(-0.18594615304638656,0.9825599361704351,0));
#2192=STYLED_ITEM('',(#18),#2193);
#2193=FACE_SURFACE('',(#2198),#2194,.T.);
#2194=PLANE('',#2195);
#2195=AXIS2_PLACEMENT_3D('',#240,#2196,#2197);
#2196=DIRECTION('',(0,0,-1));
#2197=DIRECTION('',(-0.3208070336803899,0.9471445756278127,0));
#2198=FACE_BOUND('',#2199,.T.);
#2199=EDGE_LOOP('',(#2200,#2201,#2202));
#2200=ORIENTED_EDGE('',*,*,#2203,.T.);
#2201=ORIENTED_EDGE('',*,*,#2204,.T.);
#2202=ORIENTED_EDGE('',*,*,#2205,.T.);
#2203=EDGE_CURVE('',#241,#243,#2206,.F.);
#2204=EDGE_CURVE('',#243,#167,#2207,.T.);
#2205=EDGE_CURVE('',#167,#241,#2208,.T.);
#2206=LINE('',#240,#2209);
#2207=LINE('',#242,#2210);
#2208=LINE('',#166,#2211);
#2209=VECTOR('',#2212,1.0);
#2210=VECTOR('',#2213,1.0);
#2211=VECTOR('',#2214,1.0);
#2212=DIRECTION('',(-0.3208070336803899,0.9471445756278127,0));
#2213=DIRECTION('',(0.9766153773006613,0.2149939646126998,0));
#2214=DIRECTION('',(-0.9709093762784997,-0.2394472448254408,0));
#2215=STYLED_ITEM('',(#18),#2216);
#2216=FACE_SURFACE('',(#2221),#2217,.T.);
#2217=PLANE('',#2218);
#2218=AXIS2_PLACEMENT_3D('',#242,#2219,#2220);
#2219=DIRECTION('',(0,0,-1));
#2220=DIRECTION('',(-0.4426288163575071,0.8967049296897794,0));
#2221=FACE_BOUND('',#2222,.T.);
#2222=EDGE_LOOP('',(#2223,#2224,#2225));
#2223=ORIENTED_EDGE('',*,*,#2226,.T.);
#2224=ORIENTED_EDGE('',*,*,#2227,.T.);
#2225=ORIENTED_EDGE('',*,*,#2228,.T.);
#2226=EDGE_CURVE('',#243,#207,#2229,.F.);
#2227=EDGE_CURVE('',#207,#167,#2230,.T.);
#2228=EDGE_CURVE('',#167,#243,#2231,.T.);
#2229=LINE('',#242,#2232);
#2230=LINE('',#206,#2233);
#2231=LINE('',#166,#2234);
#2232=VECTOR('',#2235,1.0);
#2233=VECTOR('',#2236,1.0);
#2234=VECTOR('',#2237,1.0);
#2235=DIRECTION('',(-0.4426288163575071,0.8967049296897794,0));
#2236=DIRECTION('',(0.9815576105967253,0.19116656893831394,0));
#2237=DIRECTION('',(-0.9766153773006613,-0.2149939646126998,0));
#2238=STYLED_ITEM('',(#18),#2239);
#2239=FACE_SURFACE('',(#2244),#2240,.T.);
#2240=PLANE('',#2241);
#2241=AXIS2_PLACEMENT_3D('',#166,#2242,#2243);
#2242=DIRECTION('',(0,0,-1));
#2243=DIRECTION('',(-0.9856758228922172,-0.16865103665779987,0));
#2244=FACE_BOUND('',#2245,.T.);
#2245=EDGE_LOOP('',(#2246,#2247,#2248));
#2246=ORIENTED_EDGE('',*,*,#2249,.T.);
#2247=ORIENTED_EDGE('',*,*,#2250,.T.);
#2248=ORIENTED_EDGE('',*,*,#2251,.T.);
#2249=EDGE_CURVE('',#167,#209,#2252,.F.);
#2250=EDGE_CURVE('',#209,#245,#2253,.T.);
#2251=EDGE_CURVE('',#245,#167,#2254,.T.);
#2252=LINE('',#166,#2255);
#2253=LINE('',#208,#2256);
#2254=LINE('',#244,#2257);
#2255=VECTOR('',#2258,1.0);
#2256=VECTOR('',#2259,1.0);
#2257=VECTOR('',#2260,1.0);
#2258=DIRECTION('',(-0.9856758228922172,-0.16865103665779987,0));
#2259=DIRECTION('',(-0.6598537015031981,0.7513940993995948,0));
#2260=DIRECTION('',(0.9889815510074522,0.14803881844602199,0));
#2261=STYLED_ITEM('',(#18),#2262);
#2262=FACE_SURFACE('',(#2267),#2263,.T.);
#2263=PLANE('',#2264);
#2264=AXIS2_PLACEMENT_3D('',#244,#2265,#2266);
#2265=DIRECTION('',(0,0,-1));
#2266=DIRECTION('',(-0.7513940993995951,0.6598537015031978,0));
#2267=FACE_BOUND('',#2268,.T.);
#2268=EDGE_LOOP('',(#2269,#2270,#2271));
#2269=ORIENTED_EDGE('',*,*,#2272,.T.);
#2270=ORIENTED_EDGE('',*,*,#2273,.T.);
#2271=ORIENTED_EDGE('',*,*,#2274,.T.);
#2272=EDGE_CURVE('',#245,#187,#2275,.F.);
#2273=EDGE_CURVE('',#187,#167,#2276,.T.);
#2274=EDGE_CURVE('',#167,#245,#2277,.T.);
#2275=LINE('',#244,#2278);
#2276=LINE('',#186,#2279);
#2277=LINE('',#166,#2280);
#2278=VECTOR('',#2281,1.0);
#2279=VECTOR('',#2282,1.0);
#2280=VECTOR('',#2283,1.0);
#2281=DIRECTION('',(-0.7513940993995951,0.6598537015031978,0));
#2282=DIRECTION('',(0.9915408045942409,0.12979534978035753,0));
#2283=DIRECTION('',(-0.9889815510074522,-0.14803881844602199,0));
#2284=STYLED_ITEM('',(#18),#2285);
#2285=FACE_SURFACE('',(#2290),#2286,.T.);
#2286=PLANE('',#2287);
#2287=AXIS2_PLACEMENT_3D('',#180,#2288,#2289);
#2288=DIRECTION('',(0,0,-1));
#2289=DIRECTION('',(-0.9471445756278135,0.3208070336803876,0));
#2290=FACE_BOUND('',#2291,.T.);
#2291=EDGE_LOOP('',(#2292,#2293,#2294));
#2292=ORIENTED_EDGE('',*,*,#2295,.T.);
#2293=ORIENTED_EDGE('',*,*,#2296,.T.);
#2294=ORIENTED_EDGE('',*,*,#2297,.T.);
#2295=EDGE_CURVE('',#181,#169,#2298,.F.);
#2296=EDGE_CURVE('',#169,#167,#2299,.T.);
#2297=EDGE_CURVE('',#167,#181,#2300,.T.);
#2298=LINE('',#180,#2301);
#2299=LINE('',#168,#2302);
#2300=LINE('',#166,#2303);
#2301=VECTOR('',#2304,1.0);
#2302=VECTOR('',#2305,1.0);
#2303=VECTOR('',#2306,1.0);
#2304=DIRECTION('',(-0.9471445756278135,0.3208070336803876,0));
#2305=DIRECTION('',(0.9957164566667508,0.09245938526191257,0));
#2306=DIRECTION('',(-0.9947994019023608,-0.10185357124178374,0));
#2307=STYLED_ITEM('',(#18),#2308);
#2308=FACE_SURFACE('',(#2313),#2309,.T.);
#2309=PLANE('',#2310);
#2310=AXIS2_PLACEMENT_3D('',#246,#2311,#2312);
#2311=DIRECTION('',(0,0,-1));
#2312=DIRECTION('',(-0.9488729017996006,0.31565838533200047,0));
#2313=FACE_BOUND('',#2314,.T.);
#2314=EDGE_LOOP('',(#2315,#2316,#2317));
#2315=ORIENTED_EDGE('',*,*,#2318,.T.);
#2316=ORIENTED_EDGE('',*,*,#2319,.T.);
#2317=ORIENTED_EDGE('',*,*,#2320,.T.);
#2318=EDGE_CURVE('',#247,#51,#2321,.F.);
#2319=EDGE_CURVE('',#51,#165,#2322,.T.);
#2320=EDGE_CURVE('',#165,#247,#2323,.T.);
#2321=LINE('',#246,#2324);
#2322=LINE('',#50,#2325);
#2323=LINE('',#164,#2326);
#2324=VECTOR('',#2327,1.0);
#2325=VECTOR('',#2328,1.0);
#2326=VECTOR('',#2329,1.0);
#2327=DIRECTION('',(-0.9488729017996006,0.31565838533200047,0));
#2328=DIRECTION('',(0.954818009559597,-0.2971911314636586,0));
#2329=DIRECTION('',(-0.997885500156359,0.0649963735734023,0));
#2330=STYLED_ITEM('',(#18),#2331);
#2331=FACE_SURFACE('',(#2336),#2332,.T.);
#2332=PLANE('',#2333);
#2333=AXIS2_PLACEMENT_3D('',#152,#2334,#2335);
#2334=DIRECTION('',(0,0,-1));
#2335=DIRECTION('',(-0.9376868013449671,0.3474816003523701,0));
#2336=FACE_BOUND('',#2337,.T.);
#2337=EDGE_LOOP('',(#2338,#2339,#2340));
#2338=ORIENTED_EDGE('',*,*,#2341,.T.);
#2339=ORIENTED_EDGE('',*,*,#2342,.T.);
#2340=ORIENTED_EDGE('',*,*,#2343,.T.);
#2341=EDGE_CURVE('',#153,#51,#2344,.F.);
#2342=EDGE_CURVE('',#51,#247,#2345,.T.);
#2343=EDGE_CURVE('',#247,#153,#2346,.T.);
#2344=LINE('',#152,#2347);
#2345=LINE('',#50,#2348);
#2346=LINE('',#246,#2349);
#2347=VECTOR('',#2350,1.0);
#2348=VECTOR('',#2351,1.0);
#2349=VECTOR('',#2352,1.0);
#2350=DIRECTION('',(-0.9376868013449671,0.3474816003523701,0));
#2351=DIRECTION('',(0.9488729017996006,-0.31565838533200047,0));
#2352=DIRECTION('',(-0.997885500156359,-0.0649963735734023,0));
#2353=STYLED_ITEM('',(#18),#2354);
#2354=FACE_SURFACE('',(#2359),#2355,.T.);
#2355=PLANE('',#2356);
#2356=AXIS2_PLACEMENT_3D('',#166,#2357,#2358);
#2357=DIRECTION('',(-0,0,-1));
#2358=DIRECTION('',(-0.9962815643743773,-0.08615709191786598,0));
#2359=FACE_BOUND('',#2360,.T.);
#2360=EDGE_LOOP('',(#2361,#2362,#2363));
#2361=ORIENTED_EDGE('',*,*,#2364,.T.);
#2362=ORIENTED_EDGE('',*,*,#2365,.T.);
#2363=ORIENTED_EDGE('',*,*,#2366,.T.);
#2364=EDGE_CURVE('',#167,#165,#2367,.F.);
#2365=EDGE_CURVE('',#165,#51,#2368,.T.);
#2366=EDGE_CURVE('',#51,#167,#2369,.T.);
#2367=LINE('',#166,#2370);
#2368=LINE('',#164,#2371);
#2369=LINE('',#50,#2372);
#2370=VECTOR('',#2373,1.0);
#2371=VECTOR('',#2374,1.0);
#2372=VECTOR('',#2375,1.0);
#2373=DIRECTION('',(-0.9962815643743773,-0.08615709191786598,0));
#2374=DIRECTION('',(-0.954818009559597,0.2971911314636586,0));
#2375=DIRECTION('',(1,0,0));
#2376=STYLED_ITEM('',(#18),#2377);
#2377=FACE_SURFACE('',(#2382),#2378,.T.);
#2378=PLANE('',#2379);
#2379=AXIS2_PLACEMENT_3D('',#248,#2380,#2381);
#2380=DIRECTION('',(0,0,1));
#2381=DIRECTION('',(-0.44262881635750634,-0.8967049296897797,0));
#2382=FACE_BOUND('',#2383,.T.);
#2383=EDGE_LOOP('',(#2384,#2385,#2386));
#2384=ORIENTED_EDGE('',*,*,#2387,.T.);
#2385=ORIENTED_EDGE('',*,*,#2388,.T.);
#2386=ORIENTED_EDGE('',*,*,#2389,.T.);
#2387=EDGE_CURVE('',#249,#233,#2390,.F.);
#2388=EDGE_CURVE('',#233,#41,#2391,.T.);
#2389=EDGE_CURVE('',#41,#249,#2392,.T.);
#2390=LINE('',#248,#2393);
#2391=LINE('',#232,#2394);
#2392=LINE('',#40,#2395);
#2393=VECTOR('',#2396,1.0);
#2394=VECTOR('',#2397,1.0);
#2395=VECTOR('',#2398,1.0);
#2396=DIRECTION('',(-0.44262881635750634,-0.8967049296897797,0));
#2397=DIRECTION('',(0.12560985315167142,-0.9920797169538421,0));
#2398=DIRECTION('',(-0.11166771953052425,0.9937456014568579,0));
#2399=STYLED_ITEM('',(#18),#2400);
#2400=FACE_SURFACE('',(#2405),#2401,.T.);
#2401=PLANE('',#2402);
#2402=AXIS2_PLACEMENT_3D('',#250,#2403,#2404);
#2403=DIRECTION('',(0,0,1));
#2404=DIRECTION('',(-0.3208070336803868,-0.9471445756278137,0));
#2405=FACE_BOUND('',#2406,.T.);
#2406=EDGE_LOOP('',(#2407,#2408,#2409));
#2407=ORIENTED_EDGE('',*,*,#2410,.T.);
#2408=ORIENTED_EDGE('',*,*,#2411,.T.);
#2409=ORIENTED_EDGE('',*,*,#2412,.T.);
#2410=EDGE_CURVE('',#251,#249,#2413,.F.);
#2411=EDGE_CURVE('',#249,#41,#2414,.T.);
#2412=EDGE_CURVE('',#41,#251,#2415,.T.);
#2413=LINE('',#250,#2416);
#2414=LINE('',#248,#2417);
#2415=LINE('',#40,#2418);
#2416=VECTOR('',#2419,1.0);
#2417=VECTOR('',#2420,1.0);
#2418=VECTOR('',#2421,1.0);
#2419=DIRECTION('',(-0.3208070336803868,-0.9471445756278137,0));
#2420=DIRECTION('',(0.11166771953052425,-0.9937456014568579,0));
#2421=DIRECTION('',(-0.10117628652289613,0.9948685134455894,0));
#2422=STYLED_ITEM('',(#18),#2423);
#2423=FACE_SURFACE('',(#2428),#2424,.T.);
#2424=PLANE('',#2425);
#2425=AXIS2_PLACEMENT_3D('',#252,#2426,#2427);
#2426=DIRECTION('',(0,0,-1));
#2427=DIRECTION('',(0.8326374333005132,0.5538184762778627,0));
#2428=FACE_BOUND('',#2429,.T.);
#2429=EDGE_LOOP('',(#2430,#2431,#2432));
#2430=ORIENTED_EDGE('',*,*,#2433,.T.);
#2431=ORIENTED_EDGE('',*,*,#2434,.T.);
#2432=ORIENTED_EDGE('',*,*,#2435,.T.);
#2433=EDGE_CURVE('',#253,#239,#2436,.F.);
#2434=EDGE_CURVE('',#239,#47,#2437,.T.);
#2435=EDGE_CURVE('',#47,#253,#2438,.T.);
#2436=LINE('',#252,#2439);
#2437=LINE('',#238,#2440);
#2438=LINE('',#46,#2441);
#2439=VECTOR('',#2442,1.0);
#2440=VECTOR('',#2443,1.0);
#2441=VECTOR('',#2444,1.0);
#2442=DIRECTION('',(0.8326374333005132,0.5538184762778627,0));
#2443=DIRECTION('',(0.18594615304638656,-0.9825599361704351,0));
#2444=DIRECTION('',(-0.2108833330637363,0.9775112377031424,0));
#2445=STYLED_ITEM('',(#18),#2446);
#2446=FACE_SURFACE('',(#2451),#2447,.T.);
#2447=PLANE('',#2448);
#2448=AXIS2_PLACEMENT_3D('',#254,#2449,#2450);
#2449=DIRECTION('',(0,0,-1));
#2450=DIRECTION('',(0.8967049296897817,0.44262881635750234,0));
#2451=FACE_BOUND('',#2452,.T.);
#2452=EDGE_LOOP('',(#2453,#2454,#2455));
#2453=ORIENTED_EDGE('',*,*,#2456,.T.);
#2454=ORIENTED_EDGE('',*,*,#2457,.T.);
#2455=ORIENTED_EDGE('',*,*,#2458,.T.);
#2456=EDGE_CURVE('',#255,#253,#2459,.F.);
#2457=EDGE_CURVE('',#253,#47,#2460,.T.);
#2458=EDGE_CURVE('',#47,#255,#2461,.T.);
#2459=LINE('',#254,#2462);
#2460=LINE('',#252,#2463);
#2461=LINE('',#46,#2464);
#2462=VECTOR('',#2465,1.0);
#2463=VECTOR('',#2466,1.0);
#2464=VECTOR('',#2467,1.0);
#2465=DIRECTION('',(0.8967049296897817,0.44262881635750234,0));
#2466=DIRECTION('',(0.2108833330637363,-0.9775112377031424,0));
#2467=DIRECTION('',(-0.23718592251303963,0.9714642752884114,0));
#2468=STYLED_ITEM('',(#18),#2469);
#2469=FACE_SURFACE('',(#2474),#2470,.T.);
#2470=PLANE('',#2471);
#2471=AXIS2_PLACEMENT_3D('',#256,#2472,#2473);
#2472=DIRECTION('',(0,0,-1));
#2473=DIRECTION('',(0.9471445756278115,0.32080703368039293,0));
#2474=FACE_BOUND('',#2475,.T.);
#2475=EDGE_LOOP('',(#2476,#2477,#2478));
#2476=ORIENTED_EDGE('',*,*,#2479,.T.);
#2477=ORIENTED_EDGE('',*,*,#2480,.T.);
#2478=ORIENTED_EDGE('',*,*,#2481,.T.);
#2479=EDGE_CURVE('',#257,#255,#2482,.F.);
#2480=EDGE_CURVE('',#255,#47,#2483,.T.);
#2481=EDGE_CURVE('',#47,#257,#2484,.T.);
#2482=LINE('',#256,#2485);
#2483=LINE('',#254,#2486);
#2484=LINE('',#46,#2487);
#2485=VECTOR('',#2488,1.0);
#2486=VECTOR('',#2489,1.0);
#2487=VECTOR('',#2490,1.0);
#2488=DIRECTION('',(0.9471445756278115,0.32080703368039293,0));
#2489=DIRECTION('',(0.23718592251303963,-0.9714642752884114,0));
#2490=DIRECTION('',(-0.2640534908985186,0.9645080372626793,0));
#2491=STYLED_ITEM('',(#18),#2492);
#2492=FACE_SURFACE('',(#2497),#2493,.T.);
#2493=PLANE('',#2494);
#2494=AXIS2_PLACEMENT_3D('',#258,#2495,#2496);
#2495=DIRECTION('',(0,0,-1));
#2496=DIRECTION('',(0.9808731636385997,0.1946479818893714,0));
#2497=FACE_BOUND('',#2498,.T.);
#2498=EDGE_LOOP('',(#2499,#2500,#2501));
#2499=ORIENTED_EDGE('',*,*,#2502,.T.);
#2500=ORIENTED_EDGE('',*,*,#2503,.T.);
#2501=ORIENTED_EDGE('',*,*,#2504,.T.);
#2502=EDGE_CURVE('',#259,#257,#2505,.F.);
#2503=EDGE_CURVE('',#257,#47,#2506,.T.);
#2504=EDGE_CURVE('',#47,#259,#2507,.T.);
#2505=LINE('',#258,#2508);
#2506=LINE('',#256,#2509);
#2507=LINE('',#46,#2510);
#2508=VECTOR('',#2511,1.0);
#2509=VECTOR('',#2512,1.0);
#2510=VECTOR('',#2513,1.0);
#2511=DIRECTION('',(0.9808731636385997,0.1946479818893714,0));
#2512=DIRECTION('',(0.2640534908985186,-0.9645080372626793,0));
#2513=DIRECTION('',(-0.29070545660914127,0.9568125926730222,0));
#2514=STYLED_ITEM('',(#18),#2515);
#2515=FACE_SURFACE('',(#2520),#2516,.T.);
#2516=PLANE('',#2517);
#2517=AXIS2_PLACEMENT_3D('',#260,#2518,#2519);
#2518=DIRECTION('',(-0,0,-1));
#2519=DIRECTION('',(-0.8326374333005123,-0.5538184762778638,0));
#2520=FACE_BOUND('',#2521,.T.);
#2521=EDGE_LOOP('',(#2522,#2523,#2524));
#2522=ORIENTED_EDGE('',*,*,#2525,.T.);
#2523=ORIENTED_EDGE('',*,*,#2526,.T.);
#2524=ORIENTED_EDGE('',*,*,#2527,.T.);
#2525=EDGE_CURVE('',#261,#263,#2528,.F.);
#2526=EDGE_CURVE('',#263,#167,#2529,.T.);
#2527=EDGE_CURVE('',#167,#261,#2530,.T.);
#2528=LINE('',#260,#2531);
#2529=LINE('',#262,#2532);
#2530=LINE('',#166,#2533);
#2531=VECTOR('',#2534,1.0);
#2532=VECTOR('',#2535,1.0);
#2533=VECTOR('',#2536,1.0);
#2534=DIRECTION('',(-0.8326374333005123,-0.5538184762778638,0));
#2535=DIRECTION('',(-0.4852219493086235,0.8743910223173266,0));
#2536=DIRECTION('',(0.6202267177350176,-0.7844226020504808,0));
#2537=STYLED_ITEM('',(#18),#2538);
#2538=FACE_SURFACE('',(#2543),#2539,.T.);
#2539=PLANE('',#2540);
#2540=AXIS2_PLACEMENT_3D('',#264,#2541,#2542);
#2541=DIRECTION('',(-0,0,-1));
#2542=DIRECTION('',(-0.6598537015031981,-0.7513940993995948,0));
#2543=FACE_BOUND('',#2544,.T.);
#2544=EDGE_LOOP('',(#2545,#2546,#2547));
#2545=ORIENTED_EDGE('',*,*,#2548,.T.);
#2546=ORIENTED_EDGE('',*,*,#2549,.T.);
#2547=ORIENTED_EDGE('',*,*,#2550,.T.);
#2548=EDGE_CURVE('',#265,#213,#2551,.F.);
#2549=EDGE_CURVE('',#213,#167,#2552,.T.);
#2550=EDGE_CURVE('',#167,#265,#2553,.T.);
#2551=LINE('',#264,#2554);
#2552=LINE('',#212,#2555);
#2553=LINE('',#166,#2556);
#2554=VECTOR('',#2557,1.0);
#2555=VECTOR('',#2558,1.0);
#2556=VECTOR('',#2559,1.0);
#2557=DIRECTION('',(-0.6598537015031981,-0.7513940993995948,0));
#2558=DIRECTION('',(-0.22589800460052067,0.9741509593063609,0));
#2559=DIRECTION('',(0.34696721768128036,-0.9378772573500815,0));
#2560=STYLED_ITEM('',(#18),#2561);
#2561=FACE_SURFACE('',(#2566),#2562,.T.);
#2562=PLANE('',#2563);
#2563=AXIS2_PLACEMENT_3D('',#266,#2564,#2565);
#2564=DIRECTION('',(0,0,-1));
#2565=DIRECTION('',(0.19464798188937268,0.9808731636385993,0));
#2566=FACE_BOUND('',#2567,.T.);
#2567=EDGE_LOOP('',(#2568,#2569,#2570));
#2568=ORIENTED_EDGE('',*,*,#2571,.T.);
#2569=ORIENTED_EDGE('',*,*,#2572,.T.);
#2570=ORIENTED_EDGE('',*,*,#2573,.T.);
#2571=EDGE_CURVE('',#267,#269,#2574,.F.);
#2572=EDGE_CURVE('',#269,#271,#2575,.T.);
#2573=EDGE_CURVE('',#271,#267,#2576,.T.);
#2574=LINE('',#266,#2577);
#2575=LINE('',#268,#2578);
#2576=LINE('',#270,#2579);
#2577=VECTOR('',#2580,1.0);
#2578=VECTOR('',#2581,1.0);
#2579=VECTOR('',#2582,1.0);
#2580=DIRECTION('',(0.19464798188937268,0.9808731636385993,0));
#2581=DIRECTION('',(0.9996751989739777,-0.025485222312896735,0));
#2582=DIRECTION('',(-1,0,0));
#2583=STYLED_ITEM('',(#18),#2584);
#2584=FACE_SURFACE('',(#2589),#2585,.T.);
#2585=PLANE('',#2586);
#2586=AXIS2_PLACEMENT_3D('',#272,#2587,#2588);
#2587=DIRECTION('',(0,0,-1));
#2588=DIRECTION('',(0.5538184762778627,0.8326374333005132,0));
#2589=FACE_BOUND('',#2590,.T.);
#2590=EDGE_LOOP('',(#2591,#2592,#2593));
#2591=ORIENTED_EDGE('',*,*,#2594,.T.);
#2592=ORIENTED_EDGE('',*,*,#2595,.T.);
#2593=ORIENTED_EDGE('',*,*,#2596,.T.);
#2594=EDGE_CURVE('',#273,#275,#2597,.F.);
#2595=EDGE_CURVE('',#275,#277,#2598,.T.);
#2596=EDGE_CURVE('',#277,#273,#2599,.T.);
#2597=LINE('',#272,#2600);
#2598=LINE('',#274,#2601);
#2599=LINE('',#276,#2602);
#2600=VECTOR('',#2603,1.0);
#2601=VECTOR('',#2604,1.0);
#2602=VECTOR('',#2605,1.0);
#2603=DIRECTION('',(0.5538184762778627,0.8326374333005132,0));
#2604=DIRECTION('',(1,0,0));
#2605=DIRECTION('',(-0.9997916234974437,-0.02041346576027374,0));
#2606=STYLED_ITEM('',(#18),#2607);
#2607=FACE_SURFACE('',(#2612),#2608,.T.);
#2608=PLANE('',#2609);
#2609=AXIS2_PLACEMENT_3D('',#278,#2610,#2611);
#2610=DIRECTION('',(-0,-0,-1));
#2611=DIRECTION('',(0.06499637357340737,-0.9978855001563588,0));
#2612=FACE_BOUND('',#2613,.T.);
#2613=EDGE_LOOP('',(#2614,#2615,#2616));
#2614=ORIENTED_EDGE('',*,*,#2617,.T.);
#2615=ORIENTED_EDGE('',*,*,#2618,.T.);
#2616=ORIENTED_EDGE('',*,*,#2619,.T.);
#2617=EDGE_CURVE('',#279,#281,#2620,.F.);
#2618=EDGE_CURVE('',#281,#229,#2621,.T.);
#2619=EDGE_CURVE('',#229,#279,#2622,.T.);
#2620=LINE('',#278,#2623);
#2621=LINE('',#280,#2624);
#2622=LINE('',#228,#2625);
#2623=VECTOR('',#2626,1.0);
#2624=VECTOR('',#2627,1.0);
#2625=VECTOR('',#2628,1.0);
#2626=DIRECTION('',(0.06499637357340737,-0.9978855001563588,0));
#2627=DIRECTION('',(-0.9996603840697823,0.026059864187196694,0));
#2628=DIRECTION('',(1,0,0));
#2629=STYLED_ITEM('',(#18),#2630);
#2630=FACE_SURFACE('',(#2635),#2631,.T.);
#2631=PLANE('',#2632);
#2632=AXIS2_PLACEMENT_3D('',#214,#2633,#2634);
#2633=DIRECTION('',(0,0,-1));
#2634=DIRECTION('',(-0.4426288163575071,-0.8967049296897794,0));
#2635=FACE_BOUND('',#2636,.T.);
#2636=EDGE_LOOP('',(#2637,#2638,#2639));
#2637=ORIENTED_EDGE('',*,*,#2640,.T.);
#2638=ORIENTED_EDGE('',*,*,#2641,.T.);
#2639=ORIENTED_EDGE('',*,*,#2642,.T.);
#2640=EDGE_CURVE('',#215,#225,#2643,.F.);
#2641=EDGE_CURVE('',#225,#217,#2644,.T.);
#2642=EDGE_CURVE('',#217,#215,#2645,.T.);
#2643=LINE('',#214,#2646);
#2644=LINE('',#224,#2647);
#2645=LINE('',#216,#2648);
#2646=VECTOR('',#2649,1.0);
#2647=VECTOR('',#2650,1.0);
#2648=VECTOR('',#2651,1.0);
#2649=DIRECTION('',(-0.4426288163575071,-0.8967049296897794,0));
#2650=DIRECTION('',(-0.9987682148012483,-0.04961908002701725,0));
#2651=DIRECTION('',(0.9974196463002151,0.0717917068633556,0));
#2652=STYLED_ITEM('',(#18),#2653);
#2653=FACE_SURFACE('',(#2658),#2654,.T.);
#2654=PLANE('',#2655);
#2655=AXIS2_PLACEMENT_3D('',#166,#2656,#2657);
#2656=DIRECTION('',(0,-0,-1));
#2657=DIRECTION('',(0.22589800460052067,-0.9741509593063609,0));
#2658=FACE_BOUND('',#2659,.T.);
#2659=EDGE_LOOP('',(#2660,#2661,#2662));
#2660=ORIENTED_EDGE('',*,*,#2663,.T.);
#2661=ORIENTED_EDGE('',*,*,#2664,.T.);
#2662=ORIENTED_EDGE('',*,*,#2665,.T.);
#2663=EDGE_CURVE('',#167,#213,#2666,.F.);
#2664=EDGE_CURVE('',#213,#217,#2667,.T.);
#2665=EDGE_CURVE('',#217,#167,#2668,.T.);
#2666=LINE('',#166,#2669);
#2667=LINE('',#212,#2670);
#2668=LINE('',#216,#2671);
#2669=VECTOR('',#2672,1.0);
#2670=VECTOR('',#2673,1.0);
#2671=VECTOR('',#2674,1.0);
#2672=DIRECTION('',(0.22589800460052067,-0.9741509593063609,0));
#2673=DIRECTION('',(-0.9958050565296029,-0.09150021524605408,0));
#2674=DIRECTION('',(0.9645634700075602,0.26385092822837386,0));
#2675=STYLED_ITEM('',(#18),#2676);
#2676=FACE_SURFACE('',(#2681),#2677,.T.);
#2677=PLANE('',#2678);
#2678=AXIS2_PLACEMENT_3D('',#216,#2679,#2680);
#2679=DIRECTION('',(0,0,-1));
#2680=DIRECTION('',(-0.19464798188937268,0.9808731636385993,0));
#2681=FACE_BOUND('',#2682,.T.);
#2682=EDGE_LOOP('',(#2683,#2684,#2685));
#2683=ORIENTED_EDGE('',*,*,#2686,.T.);
#2684=ORIENTED_EDGE('',*,*,#2687,.T.);
#2685=ORIENTED_EDGE('',*,*,#2688,.T.);
#2686=EDGE_CURVE('',#217,#241,#2689,.F.);
#2687=EDGE_CURVE('',#241,#167,#2690,.T.);
#2688=EDGE_CURVE('',#167,#217,#2691,.T.);
#2689=LINE('',#216,#2692);
#2690=LINE('',#240,#2693);
#2691=LINE('',#166,#2694);
#2692=VECTOR('',#2695,1.0);
#2693=VECTOR('',#2696,1.0);
#2694=VECTOR('',#2697,1.0);
#2695=DIRECTION('',(-0.19464798188937268,0.9808731636385993,0));
#2696=DIRECTION('',(0.9709093762784997,0.2394472448254408,0));
#2697=DIRECTION('',(-0.9645634700075602,-0.26385092822837386,0));
#2698=STYLED_ITEM('',(#18),#2699);
#2699=FACE_SURFACE('',(#2704),#2700,.T.);
#2700=PLANE('',#2701);
#2701=AXIS2_PLACEMENT_3D('',#282,#2702,#2703);
#2702=DIRECTION('',(-0,0,-1));
#2703=DIRECTION('',(-0.8443060634992312,-0.5358612424298216,0));
#2704=FACE_BOUND('',#2705,.T.);
#2705=EDGE_LOOP('',(#2706,#2707,#2708));
#2706=ORIENTED_EDGE('',*,*,#2709,.T.);
#2707=ORIENTED_EDGE('',*,*,#2710,.T.);
#2708=ORIENTED_EDGE('',*,*,#2711,.T.);
#2709=EDGE_CURVE('',#283,#53,#2712,.F.);
#2710=EDGE_CURVE('',#53,#277,#2713,.T.);
#2711=EDGE_CURVE('',#277,#283,#2714,.T.);
#2712=LINE('',#282,#2715);
#2713=LINE('',#52,#2716);
#2714=LINE('',#276,#2717);
#2715=VECTOR('',#2718,1.0);
#2716=VECTOR('',#2719,1.0);
#2717=VECTOR('',#2720,1.0);
#2718=DIRECTION('',(-0.8443060634992312,-0.5358612424298216,0));
#2719=DIRECTION('',(0.8365330151251231,0.5479165215666255,0));
#2720=DIRECTION('',(0.5538184762778627,-0.8326374333005132,0));
#2721=STYLED_ITEM('',(#18),#2722);
#2722=FACE_SURFACE('',(#2727),#2723,.T.);
#2723=PLANE('',#2724);
#2724=AXIS2_PLACEMENT_3D('',#52,#2725,#2726);
#2725=DIRECTION('',(0,0,-1));
#2726=DIRECTION('',(0.4090781761853702,0.9124993401470771,0));
#2727=FACE_BOUND('',#2728,.T.);
#2728=EDGE_LOOP('',(#2729,#2730,#2731));
#2729=ORIENTED_EDGE('',*,*,#2732,.T.);
#2730=ORIENTED_EDGE('',*,*,#2733,.T.);
#2731=ORIENTED_EDGE('',*,*,#2734,.T.);
#2732=EDGE_CURVE('',#53,#285,#2735,.F.);
#2733=EDGE_CURVE('',#285,#277,#2736,.T.);
#2734=EDGE_CURVE('',#277,#53,#2737,.T.);
#2735=LINE('',#52,#2738);
#2736=LINE('',#284,#2739);
#2737=LINE('',#276,#2740);
#2738=VECTOR('',#2741,1.0);
#2739=VECTOR('',#2742,1.0);
#2740=VECTOR('',#2743,1.0);
#2741=DIRECTION('',(0.4090781761853702,0.9124993401470771,0));
#2742=DIRECTION('',(0.9985864397104822,0.05315188074135635,0));
#2743=DIRECTION('',(-0.8365330151251231,-0.5479165215666255,0));
#2744=STYLED_ITEM('',(#18),#2745);
#2745=FACE_SURFACE('',(#2750),#2746,.T.);
#2746=PLANE('',#2747);
#2747=AXIS2_PLACEMENT_3D('',#286,#2748,#2749);
#2748=DIRECTION('',(0,-0,-1));
#2749=DIRECTION('',(0.9808731636385993,0.19464798188937268,0));
#2750=FACE_BOUND('',#2751,.T.);
#2751=EDGE_LOOP('',(#2752,#2753,#2754));
#2752=ORIENTED_EDGE('',*,*,#2755,.T.);
#2753=ORIENTED_EDGE('',*,*,#2756,.T.);
#2754=ORIENTED_EDGE('',*,*,#2757,.T.);
#2755=EDGE_CURVE('',#287,#289,#2758,.F.);
#2756=EDGE_CURVE('',#289,#53,#2759,.T.);
#2757=EDGE_CURVE('',#53,#287,#2760,.T.);
#2758=LINE('',#286,#2761);
#2759=LINE('',#288,#2762);
#2760=LINE('',#52,#2763);
#2761=VECTOR('',#2764,1.0);
#2762=VECTOR('',#2765,1.0);
#2763=VECTOR('',#2766,1.0);
#2764=DIRECTION('',(0.9808731636385993,0.19464798188937268,0));
#2765=DIRECTION('',(-0.3617613548878765,-0.9322707343415259,0));
#2766=DIRECTION('',(0.34015963305171426,0.9403677068264963,0));
#2767=STYLED_ITEM('',(#18),#2768);
#2768=FACE_SURFACE('',(#2773),#2769,.T.);
#2769=PLANE('',#2770);
#2770=AXIS2_PLACEMENT_3D('',#290,#2771,#2772);
#2771=DIRECTION('',(0,-0,-1));
#2772=DIRECTION('',(0.9808731636385993,-0.19464798188937268,0));
#2773=FACE_BOUND('',#2774,.T.);
#2774=EDGE_LOOP('',(#2775,#2776,#2777));
#2775=ORIENTED_EDGE('',*,*,#2778,.T.);
#2776=ORIENTED_EDGE('',*,*,#2779,.T.);
#2777=ORIENTED_EDGE('',*,*,#2780,.T.);
#2778=EDGE_CURVE('',#291,#293,#2781,.F.);
#2779=EDGE_CURVE('',#293,#53,#2782,.T.);
#2780=EDGE_CURVE('',#53,#291,#2783,.T.);
#2781=LINE('',#290,#2784);
#2782=LINE('',#292,#2785);
#2783=LINE('',#52,#2786);
#2784=VECTOR('',#2787,1.0);
#2785=VECTOR('',#2788,1.0);
#2786=VECTOR('',#2789,1.0);
#2787=DIRECTION('',(0.9808731636385993,-0.19464798188937268,0));
#2788=DIRECTION('',(-0.29070545660914116,-0.9568125926730222,0));
#2789=DIRECTION('',(0.2640534908985187,0.9645080372626793,0));
#2790=STYLED_ITEM('',(#18),#2791);
#2791=FACE_SURFACE('',(#2796),#2792,.T.);
#2792=PLANE('',#2793);
#2793=AXIS2_PLACEMENT_3D('',#294,#2794,#2795);
#2794=DIRECTION('',(0,-0,-1));
#2795=DIRECTION('',(0.8967049296897794,-0.4426288163575071,0));
#2796=FACE_BOUND('',#2797,.T.);
#2797=EDGE_LOOP('',(#2798,#2799,#2800));
#2798=ORIENTED_EDGE('',*,*,#2801,.T.);
#2799=ORIENTED_EDGE('',*,*,#2802,.T.);
#2800=ORIENTED_EDGE('',*,*,#2803,.T.);
#2801=EDGE_CURVE('',#295,#297,#2804,.F.);
#2802=EDGE_CURVE('',#297,#53,#2805,.T.);
#2803=EDGE_CURVE('',#53,#295,#2806,.T.);
#2804=LINE('',#294,#2807);
#2805=LINE('',#296,#2808);
#2806=LINE('',#52,#2809);
#2807=VECTOR('',#2810,1.0);
#2808=VECTOR('',#2811,1.0);
#2809=VECTOR('',#2812,1.0);
#2810=DIRECTION('',(0.8967049296897794,-0.4426288163575071,0));
#2811=DIRECTION('',(-0.23718592251303944,-0.9714642752884114,0));
#2812=DIRECTION('',(0.21088333306373638,0.9775112377031422,0));
#2813=STYLED_ITEM('',(#18),#2814);
#2814=FACE_SURFACE('',(#2819),#2815,.T.);
#2815=PLANE('',#2816);
#2816=AXIS2_PLACEMENT_3D('',#298,#2817,#2818);
#2817=DIRECTION('',(0,0,1));
#2818=DIRECTION('',(-0.9962809341979599,0.08616437868191285,0));
#2819=FACE_BOUND('',#2820,.T.);
#2820=EDGE_LOOP('',(#2821,#2822,#2823));
#2821=ORIENTED_EDGE('',*,*,#2824,.T.);
#2822=ORIENTED_EDGE('',*,*,#2825,.T.);
#2823=ORIENTED_EDGE('',*,*,#2826,.T.);
#2824=EDGE_CURVE('',#299,#59,#2827,.F.);
#2825=EDGE_CURVE('',#59,#301,#2828,.T.);
#2826=EDGE_CURVE('',#301,#299,#2829,.T.);
#2827=LINE('',#298,#2830);
#2828=LINE('',#58,#2831);
#2829=LINE('',#300,#2832);
#2830=VECTOR('',#2833,1.0);
#2831=VECTOR('',#2834,1.0);
#2832=VECTOR('',#2835,1.0);
#2833=DIRECTION('',(-0.9962809341979599,0.08616437868191285,0));
#2834=DIRECTION('',(0.9957157150969019,-0.09246737105090144,0));
#2835=DIRECTION('',(0.9808731636385997,0.1946479818893714,0));
#2836=STYLED_ITEM('',(#18),#2837);
#2837=FACE_SURFACE('',(#2842),#2838,.T.);
#2838=PLANE('',#2839);
#2839=AXIS2_PLACEMENT_3D('',#300,#2840,#2841);
#2840=DIRECTION('',(0,0,1));
#2841=DIRECTION('',(-0.9957157150969019,0.09246737105090144,0));
#2842=FACE_BOUND('',#2843,.T.);
#2843=EDGE_LOOP('',(#2844,#2845,#2846));
#2844=ORIENTED_EDGE('',*,*,#2847,.T.);
#2845=ORIENTED_EDGE('',*,*,#2848,.T.);
#2846=ORIENTED_EDGE('',*,*,#2849,.T.);
#2847=EDGE_CURVE('',#301,#59,#2850,.F.);
#2848=EDGE_CURVE('',#59,#205,#2851,.T.);
#2849=EDGE_CURVE('',#205,#301,#2852,.T.);
#2850=LINE('',#300,#2853);
#2851=LINE('',#58,#2854);
#2852=LINE('',#204,#2855);
#2853=VECTOR('',#2856,1.0);
#2854=VECTOR('',#2857,1.0);
#2855=VECTOR('',#2858,1.0);
#2856=DIRECTION('',(-0.9957157150969019,0.09246737105090144,0));
#2857=DIRECTION('',(0.9947984829598499,-0.10186254611377679,0));
#2858=DIRECTION('',(0.9471445756278124,0.32080703368039065,0));
#2859=STYLED_ITEM('',(#18),#2860);
#2860=FACE_SURFACE('',(#2865),#2861,.T.);
#2861=PLANE('',#2862);
#2862=AXIS2_PLACEMENT_3D('',#284,#2863,#2864);
#2863=DIRECTION('',(0,0,-1));
#2864=DIRECTION('',(0.7513940993995951,0.6598537015031978,0));
#2865=FACE_BOUND('',#2866,.T.);
#2866=EDGE_LOOP('',(#2867,#2868,#2869));
#2867=ORIENTED_EDGE('',*,*,#2870,.T.);
#2868=ORIENTED_EDGE('',*,*,#2871,.T.);
#2869=ORIENTED_EDGE('',*,*,#2872,.T.);
#2870=EDGE_CURVE('',#285,#303,#2873,.F.);
#2871=EDGE_CURVE('',#303,#277,#2874,.T.);
#2872=EDGE_CURVE('',#277,#285,#2875,.T.);
#2873=LINE('',#284,#2876);
#2874=LINE('',#302,#2877);
#2875=LINE('',#276,#2878);
#2876=VECTOR('',#2879,1.0);
#2877=VECTOR('',#2880,1.0);
#2878=VECTOR('',#2881,1.0);
#2879=DIRECTION('',(0.7513940993995951,0.6598537015031978,0));
#2880=DIRECTION('',(0.9992693144491592,0.03822090004575125,0));
#2881=DIRECTION('',(-0.9985864397104822,-0.05315188074135635,0));
#2882=STYLED_ITEM('',(#18),#2883);
#2883=FACE_SURFACE('',(#2888),#2884,.T.);
#2884=PLANE('',#2885);
#2885=AXIS2_PLACEMENT_3D('',#302,#2886,#2887);
#2886=DIRECTION('',(0,0,-1));
#2887=DIRECTION('',(0.6598537015031978,0.7513940993995951,0));
#2888=FACE_BOUND('',#2889,.T.);
#2889=EDGE_LOOP('',(#2890,#2891,#2892));
#2890=ORIENTED_EDGE('',*,*,#2893,.T.);
#2891=ORIENTED_EDGE('',*,*,#2894,.T.);
#2892=ORIENTED_EDGE('',*,*,#2895,.T.);
#2893=EDGE_CURVE('',#303,#273,#2896,.F.);
#2894=EDGE_CURVE('',#273,#277,#2897,.T.);
#2895=EDGE_CURVE('',#277,#303,#2898,.T.);
#2896=LINE('',#302,#2899);
#2897=LINE('',#272,#2900);
#2898=LINE('',#276,#2901);
#2899=VECTOR('',#2902,1.0);
#2900=VECTOR('',#2903,1.0);
#2901=VECTOR('',#2904,1.0);
#2902=DIRECTION('',(0.6598537015031978,0.7513940993995951,0));
#2903=DIRECTION('',(0.9997916234974437,0.02041346576027374,0));
#2904=DIRECTION('',(-0.9992693144491592,-0.03822090004575125,0));
#2905=STYLED_ITEM('',(#18),#2906);
#2906=FACE_SURFACE('',(#2911),#2907,.T.);
#2907=PLANE('',#2908);
#2908=AXIS2_PLACEMENT_3D('',#150,#2909,#2910);
#2909=DIRECTION('',(-0,0,-1));
#2910=DIRECTION('',(-0.9471445756278135,-0.3208070336803876,0));
#2911=FACE_BOUND('',#2912,.T.);
#2912=EDGE_LOOP('',(#2913,#2914,#2915));
#2913=ORIENTED_EDGE('',*,*,#2916,.T.);
#2914=ORIENTED_EDGE('',*,*,#2917,.T.);
#2915=ORIENTED_EDGE('',*,*,#2918,.T.);
#2916=EDGE_CURVE('',#151,#147,#2919,.F.);
#2917=EDGE_CURVE('',#147,#51,#2920,.T.);
#2918=EDGE_CURVE('',#51,#151,#2921,.T.);
#2919=LINE('',#150,#2922);
#2920=LINE('',#146,#2923);
#2921=LINE('',#50,#2924);
#2922=VECTOR('',#2925,1.0);
#2923=VECTOR('',#2926,1.0);
#2924=VECTOR('',#2927,1.0);
#2925=DIRECTION('',(-0.9471445756278135,-0.3208070336803876,0));
#2926=DIRECTION('',(-0.8891119936830681,0.45768970131402337,0));
#2927=DIRECTION('',(0.9188383789469818,-0.3946340499425796,0));
#2928=STYLED_ITEM('',(#18),#2929);
#2929=FACE_SURFACE('',(#2934),#2930,.T.);
#2930=PLANE('',#2931);
#2931=AXIS2_PLACEMENT_3D('',#144,#2932,#2933);
#2932=DIRECTION('',(-0,0,-1));
#2933=DIRECTION('',(-0.8326374333005127,-0.5538184762778635,0));
#2934=FACE_BOUND('',#2935,.T.);
#2935=EDGE_LOOP('',(#2936,#2937,#2938));
#2936=ORIENTED_EDGE('',*,*,#2939,.T.);
#2937=ORIENTED_EDGE('',*,*,#2940,.T.);
#2938=ORIENTED_EDGE('',*,*,#2941,.T.);
#2939=EDGE_CURVE('',#145,#137,#2942,.F.);
#2940=EDGE_CURVE('',#137,#51,#2943,.T.);
#2941=EDGE_CURVE('',#51,#145,#2944,.T.);
#2942=LINE('',#144,#2945);
#2943=LINE('',#136,#2946);
#2944=LINE('',#50,#2947);
#2945=VECTOR('',#2948,1.0);
#2946=VECTOR('',#2949,1.0);
#2947=VECTOR('',#2950,1.0);
#2948=DIRECTION('',(-0.8326374333005127,-0.5538184762778635,0));
#2949=DIRECTION('',(-0.783822669525153,0.6209847202133582,0));
#2950=DIRECTION('',(0.844825443342645,-0.5350420266492188,0));
#2951=STYLED_ITEM('',(#18),#2952);
#2952=FACE_SURFACE('',(#2957),#2953,.T.);
#2953=PLANE('',#2954);
#2954=AXIS2_PLACEMENT_3D('',#88,#2955,#2956);
#2955=DIRECTION('',(-0,-0,-1));
#2956=DIRECTION('',(0.0649963735734023,-0.997885500156359,0));
#2957=FACE_BOUND('',#2958,.T.);
#2958=EDGE_LOOP('',(#2959,#2960,#2961));
#2959=ORIENTED_EDGE('',*,*,#2962,.T.);
#2960=ORIENTED_EDGE('',*,*,#2963,.T.);
#2961=ORIENTED_EDGE('',*,*,#2964,.T.);
#2962=EDGE_CURVE('',#89,#75,#2965,.F.);
#2963=EDGE_CURVE('',#75,#51,#2966,.T.);
#2964=EDGE_CURVE('',#51,#89,#2967,.T.);
#2965=LINE('',#88,#2968);
#2966=LINE('',#74,#2969);
#2967=LINE('',#50,#2970);
#2968=VECTOR('',#2971,1.0);
#2969=VECTOR('',#2972,1.0);
#2970=VECTOR('',#2973,1.0);
#2971=DIRECTION('',(0.0649963735734023,-0.997885500156359,0));
#2972=DIRECTION('',(-0.2971911314636586,0.954818009559597,0));
#2973=DIRECTION('',(0.31565838533200047,-0.9488729017996006,0));
#2974=STYLED_ITEM('',(#18),#2975);
#2975=FACE_SURFACE('',(#2980),#2976,.T.);
#2976=PLANE('',#2977);
#2977=AXIS2_PLACEMENT_3D('',#270,#2978,#2979);
#2978=DIRECTION('',(-0,-0,-1));
#2979=DIRECTION('',(0.3208070336803868,-0.9471445756278137,0));
#2980=FACE_BOUND('',#2981,.T.);
#2981=EDGE_LOOP('',(#2982,#2983,#2984));
#2982=ORIENTED_EDGE('',*,*,#2985,.T.);
#2983=ORIENTED_EDGE('',*,*,#2986,.T.);
#2984=ORIENTED_EDGE('',*,*,#2987,.T.);
#2985=EDGE_CURVE('',#271,#305,#2988,.F.);
#2986=EDGE_CURVE('',#305,#267,#2989,.T.);
#2987=EDGE_CURVE('',#267,#271,#2990,.T.);
#2988=LINE('',#270,#2991);
#2989=LINE('',#304,#2992);
#2990=LINE('',#266,#2993);
#2991=VECTOR('',#2994,1.0);
#2992=VECTOR('',#2995,1.0);
#2993=VECTOR('',#2996,1.0);
#2994=DIRECTION('',(0.3208070336803868,-0.9471445756278137,0));
#2995=DIRECTION('',(-0.9997054766716403,0.02426849630134759,0));
#2996=DIRECTION('',(1,0,0));
#2997=STYLED_ITEM('',(#18),#2998);
#2998=FACE_SURFACE('',(#3003),#2999,.T.);
#2999=PLANE('',#3000);
#3000=AXIS2_PLACEMENT_3D('',#54,#3001,#3002);
#3001=DIRECTION('',(0,-1,0));
#3002=DIRECTION('',(0.9987523388778445,0,-0.04993761694389223));
#3003=FACE_BOUND('',#3004,.T.);
#3004=EDGE_LOOP('',(#3005,#3006,#3007));
#3005=ORIENTED_EDGE('',*,*,#3008,.T.);
#3006=ORIENTED_EDGE('',*,*,#3009,.T.);
#3007=ORIENTED_EDGE('',*,*,#3010,.T.);
#3008=EDGE_CURVE('',#55,#47,#3011,.F.);
#3009=EDGE_CURVE('',#47,#41,#3012,.T.);
#3010=EDGE_CURVE('',#41,#55,#3013,.T.);
#3011=LINE('',#54,#3014);
#3012=LINE('',#46,#3015);
#3013=LINE('',#40,#3016);
#3014=VECTOR('',#3017,1.0);
#3015=VECTOR('',#3018,1.0);
#3016=VECTOR('',#3019,1.0);
#3017=DIRECTION('',(0.9987523388778445,0,-0.04993761694389223));
#3018=DIRECTION('',(0,0,1));
#3019=DIRECTION('',(-1,0,0));
#3020=STYLED_ITEM('',(#18),#3021);
#3021=FACE_SURFACE('',(#3026),#3022,.T.);
#3022=PLANE('',#3023);
#3023=AXIS2_PLACEMENT_3D('',#54,#3024,#3025);
#3024=DIRECTION('',(0,-1,0));
#3025=DIRECTION('',(0,0,-1));
#3026=FACE_BOUND('',#3027,.T.);
#3027=EDGE_LOOP('',(#3028,#3029,#3030));
#3028=ORIENTED_EDGE('',*,*,#3031,.T.);
#3029=ORIENTED_EDGE('',*,*,#3032,.T.);
#3030=ORIENTED_EDGE('',*,*,#3033,.T.);
#3031=EDGE_CURVE('',#55,#53,#3034,.F.);
#3032=EDGE_CURVE('',#53,#47,#3035,.T.);
#3033=EDGE_CURVE('',#47,#55,#3036,.T.);
#3034=LINE('',#54,#3037);
#3035=LINE('',#52,#3038);
#3036=LINE('',#46,#3039);
#3037=VECTOR('',#3040,1.0);
#3038=VECTOR('',#3041,1.0);
#3039=VECTOR('',#3042,1.0);
#3040=DIRECTION('',(0,0,-1));
#3041=DIRECTION('',(1,0,0));
#3042=DIRECTION('',(-0.9987523388778445,0,0.04993761694389223));
#3043=STYLED_ITEM('',(#18),#3044);
#3044=FACE_SURFACE('',(#3049),#3045,.T.);
#3045=PLANE('',#3046);
#3046=AXIS2_PLACEMENT_3D('',#306,#3047,#3048);
#3047=DIRECTION('',(0,-0,1));
#3048=DIRECTION('',(0.9488729017996006,0.31565838533200047,0));
#3049=FACE_BOUND('',#3050,.T.);
#3050=EDGE_LOOP('',(#3051,#3052,#3053));
#3051=ORIENTED_EDGE('',*,*,#3054,.T.);
#3052=ORIENTED_EDGE('',*,*,#3055,.T.);
#3053=ORIENTED_EDGE('',*,*,#3056,.T.);
#3054=EDGE_CURVE('',#307,#45,#3057,.F.);
#3055=EDGE_CURVE('',#45,#299,#3058,.T.);
#3056=EDGE_CURVE('',#299,#307,#3059,.T.);
#3057=LINE('',#306,#3060);
#3058=LINE('',#44,#3061);
#3059=LINE('',#298,#3062);
#3060=VECTOR('',#3063,1.0);
#3061=VECTOR('',#3064,1.0);
#3062=VECTOR('',#3065,1.0);
#3063=DIRECTION('',(0.9488729017996006,0.31565838533200047,0));
#3064=DIRECTION('',(-0.9548180095595968,-0.29719113146365866,0));
#3065=DIRECTION('',(0.997885500156359,0.06499637357340252,0));
#3066=STYLED_ITEM('',(#18),#3067);
#3067=FACE_SURFACE('',(#3072),#3068,.T.);
#3068=PLANE('',#3069);
#3069=AXIS2_PLACEMENT_3D('',#166,#3070,#3071);
#3070=DIRECTION('',(0,1,0));
#3071=DIRECTION('',(0.980595752848507,0,0.19604073427599097));
#3072=FACE_BOUND('',#3073,.T.);
#3073=EDGE_LOOP('',(#3074,#3075,#3076));
#3074=ORIENTED_EDGE('',*,*,#3077,.T.);
#3075=ORIENTED_EDGE('',*,*,#3078,.T.);
#3076=ORIENTED_EDGE('',*,*,#3079,.T.);
#3077=EDGE_CURVE('',#167,#45,#3080,.F.);
#3078=EDGE_CURVE('',#45,#43,#3081,.T.);
#3079=EDGE_CURVE('',#43,#167,#3082,.T.);
#3080=LINE('',#166,#3083);
#3081=LINE('',#44,#3084);
#3082=LINE('',#42,#3085);
#3083=VECTOR('',#3086,1.0);
#3084=VECTOR('',#3087,1.0);
#3085=VECTOR('',#3088,1.0);
#3086=DIRECTION('',(0.980595752848507,0,0.19604073427599097));
#3087=DIRECTION('',(0,0,-1));
#3088=DIRECTION('',(-1,0,0));
#3089=STYLED_ITEM('',(#18),#3090);
#3090=FACE_SURFACE('',(#3095),#3091,.T.);
#3091=PLANE('',#3092);
#3092=AXIS2_PLACEMENT_3D('',#280,#3093,#3094);
#3093=DIRECTION('',(-0,-0,-1));
#3094=DIRECTION('',(0.19464798188937268,-0.9808731636385993,0));
#3095=FACE_BOUND('',#3096,.T.);
#3096=EDGE_LOOP('',(#3097,#3098,#3099));
#3097=ORIENTED_EDGE('',*,*,#3100,.T.);
#3098=ORIENTED_EDGE('',*,*,#3101,.T.);
#3099=ORIENTED_EDGE('',*,*,#3102,.T.);
#3100=EDGE_CURVE('',#281,#271,#3103,.F.);
#3101=EDGE_CURVE('',#271,#269,#3104,.T.);
#3102=EDGE_CURVE('',#269,#281,#3105,.T.);
#3103=LINE('',#280,#3106);
#3104=LINE('',#270,#3107);
#3105=LINE('',#268,#3108);
#3106=VECTOR('',#3109,1.0);
#3107=VECTOR('',#3110,1.0);
#3108=VECTOR('',#3111,1.0);
#3109=DIRECTION('',(0.19464798188937268,-0.9808731636385993,0));
#3110=DIRECTION('',(-0.9996751989739777,0.025485222312896735,0));
#3111=DIRECTION('',(1,0,0));
#3112=STYLED_ITEM('',(#18),#3113);
#3113=FACE_SURFACE('',(#3118),#3114,.T.);
#3114=PLANE('',#3115);
#3115=AXIS2_PLACEMENT_3D('',#58,#3116,#3117);
#3116=DIRECTION('',(0,1,0));
#3117=DIRECTION('',(0.9950322606230287,0,-0.09955300256358467));
#3118=FACE_BOUND('',#3119,.T.);
#3119=EDGE_LOOP('',(#3120,#3121,#3122));
#3120=ORIENTED_EDGE('',*,*,#3123,.T.);
#3121=ORIENTED_EDGE('',*,*,#3124,.T.);
#3122=ORIENTED_EDGE('',*,*,#3125,.T.);
#3123=EDGE_CURVE('',#59,#167,#3126,.F.);
#3124=EDGE_CURVE('',#167,#51,#3127,.T.);
#3125=EDGE_CURVE('',#51,#59,#3128,.T.);
#3126=LINE('',#58,#3129);
#3127=LINE('',#166,#3130);
#3128=LINE('',#50,#3131);
#3129=VECTOR('',#3132,1.0);
#3130=VECTOR('',#3133,1.0);
#3131=VECTOR('',#3134,1.0);
#3132=DIRECTION('',(0.9950322606230287,0,-0.09955300256358467));
#3133=DIRECTION('',(-1,0,0));
#3134=DIRECTION('',(0.9806032849080439,0,0.19600305514851968));
#3135=STYLED_ITEM('',(#18),#3136);
#3136=FACE_SURFACE('',(#3141),#3137,.T.);
#3137=PLANE('',#3138);
#3138=AXIS2_PLACEMENT_3D('',#44,#3139,#3140);
#3139=DIRECTION('',(0,1,0));
#3140=DIRECTION('',(-0.980595752848507,0,-0.19604073427599097));
#3141=FACE_BOUND('',#3142,.T.);
#3142=EDGE_LOOP('',(#3143,#3144,#3145));
#3143=ORIENTED_EDGE('',*,*,#3146,.T.);
#3144=ORIENTED_EDGE('',*,*,#3147,.T.);
#3145=ORIENTED_EDGE('',*,*,#3148,.T.);
#3146=EDGE_CURVE('',#45,#167,#3149,.F.);
#3147=EDGE_CURVE('',#167,#59,#3150,.T.);
#3148=EDGE_CURVE('',#59,#45,#3151,.T.);
#3149=LINE('',#44,#3152);
#3150=LINE('',#166,#3153);
#3151=LINE('',#58,#3154);
#3152=VECTOR('',#3155,1.0);
#3153=VECTOR('',#3156,1.0);
#3154=VECTOR('',#3157,1.0);
#3155=DIRECTION('',(-0.980595752848507,0,-0.19604073427599097));
#3156=DIRECTION('',(-0.9950322606230287,0,0.09955300256358467));
#3157=DIRECTION('',(1,0,0));
#3158=STYLED_ITEM('',(#18),#3159);
#3159=FACE_SURFACE('',(#3164),#3160,.T.);
#3160=PLANE('',#3161);
#3161=AXIS2_PLACEMENT_3D('',#58,#3162,#3163);
#3162=DIRECTION('',(0,1,0));
#3163=DIRECTION('',(-0.9806032849080439,0,-0.19600305514851968));
#3164=FACE_BOUND('',#3165,.T.);
#3165=EDGE_LOOP('',(#3166,#3167,#3168));
#3166=ORIENTED_EDGE('',*,*,#3169,.T.);
#3167=ORIENTED_EDGE('',*,*,#3170,.T.);
#3168=ORIENTED_EDGE('',*,*,#3171,.T.);
#3169=EDGE_CURVE('',#59,#51,#3172,.F.);
#3170=EDGE_CURVE('',#51,#49,#3173,.T.);
#3171=EDGE_CURVE('',#49,#59,#3174,.T.);
#3172=LINE('',#58,#3175);
#3173=LINE('',#50,#3176);
#3174=LINE('',#48,#3177);
#3175=VECTOR('',#3178,1.0);
#3176=VECTOR('',#3179,1.0);
#3177=VECTOR('',#3180,1.0);
#3178=DIRECTION('',(-0.9806032849080439,0,-0.19600305514851968));
#3179=DIRECTION('',(0,0,1));
#3180=DIRECTION('',(1,0,0));
#3181=STYLED_ITEM('',(#18),#3182);
#3182=FACE_SURFACE('',(#3187),#3183,.T.);
#3183=PLANE('',#3184);
#3184=AXIS2_PLACEMENT_3D('',#268,#3185,#3186);
#3185=DIRECTION('',(0,0,-1));
#3186=DIRECTION('',(0.06880209161537733,0.9976303284229832,0));
#3187=FACE_BOUND('',#3188,.T.);
#3188=EDGE_LOOP('',(#3189,#3190,#3191));
#3189=ORIENTED_EDGE('',*,*,#3192,.T.);
#3190=ORIENTED_EDGE('',*,*,#3193,.T.);
#3191=ORIENTED_EDGE('',*,*,#3194,.T.);
#3192=EDGE_CURVE('',#269,#229,#3195,.F.);
#3193=EDGE_CURVE('',#229,#281,#3196,.T.);
#3194=EDGE_CURVE('',#281,#269,#3197,.T.);
#3195=LINE('',#268,#3198);
#3196=LINE('',#228,#3199);
#3197=LINE('',#280,#3200);
#3198=VECTOR('',#3201,1.0);
#3199=VECTOR('',#3202,1.0);
#3200=VECTOR('',#3203,1.0);
#3201=DIRECTION('',(0.06880209161537733,0.9976303284229832,0));
#3202=DIRECTION('',(0.9996603840697823,-0.026059864187196694,0));
#3203=DIRECTION('',(-1,0,0));
#3204=STYLED_ITEM('',(#18),#3205);
#3205=FACE_SURFACE('',(#3210),#3206,.T.);
#3206=PLANE('',#3207);
#3207=AXIS2_PLACEMENT_3D('',#308,#3208,#3209);
#3208=DIRECTION('',(0,-0,1));
#3209=DIRECTION('',(0.8891119936830681,0.4576897013140231,0));
#3210=FACE_BOUND('',#3211,.T.);
#3211=EDGE_LOOP('',(#3212,#3213,#3214));
#3212=ORIENTED_EDGE('',*,*,#3215,.T.);
#3213=ORIENTED_EDGE('',*,*,#3216,.T.);
#3214=ORIENTED_EDGE('',*,*,#3217,.T.);
#3215=EDGE_CURVE('',#309,#45,#3218,.F.);
#3216=EDGE_CURVE('',#45,#311,#3219,.T.);
#3217=EDGE_CURVE('',#311,#309,#3220,.T.);
#3218=LINE('',#308,#3221);
#3219=LINE('',#44,#3222);
#3220=LINE('',#310,#3223);
#3221=VECTOR('',#3224,1.0);
#3222=VECTOR('',#3225,1.0);
#3223=VECTOR('',#3226,1.0);
#3224=DIRECTION('',(0.8891119936830681,0.4576897013140231,0));
#3225=DIRECTION('',(-0.9188383789469818,-0.3946340499425798,0));
#3226=DIRECTION('',(0.9471445756278124,-0.32080703368039065,0));
#3227=STYLED_ITEM('',(#18),#3228);
#3228=FACE_SURFACE('',(#3233),#3229,.T.);
#3229=PLANE('',#3230);
#3230=AXIS2_PLACEMENT_3D('',#226,#3231,#3232);
#3231=DIRECTION('',(0,0,-1));
#3232=DIRECTION('',(-0.19464798188937268,-0.9808731636385993,0));
#3233=FACE_BOUND('',#3234,.T.);
#3234=EDGE_LOOP('',(#3235,#3236,#3237));
#3235=ORIENTED_EDGE('',*,*,#3238,.T.);
#3236=ORIENTED_EDGE('',*,*,#3239,.T.);
#3237=ORIENTED_EDGE('',*,*,#3240,.T.);
#3238=EDGE_CURVE('',#227,#231,#3241,.F.);
#3239=EDGE_CURVE('',#231,#217,#3242,.T.);
#3240=EDGE_CURVE('',#217,#227,#3243,.T.);
#3241=LINE('',#226,#3244);
#3242=LINE('',#230,#3245);
#3243=LINE('',#216,#3246);
#3244=VECTOR('',#3247,1.0);
#3245=VECTOR('',#3248,1.0);
#3246=VECTOR('',#3249,1.0);
#3247=DIRECTION('',(-0.19464798188937268,-0.9808731636385993,0));
#3248=DIRECTION('',(-1,0,0));
#3249=DIRECTION('',(0.9996751989739777,0.025485222312896735,0));
#3250=STYLED_ITEM('',(#18),#3251);
#3251=FACE_SURFACE('',(#3256),#3252,.T.);
#3252=PLANE('',#3253);
#3253=AXIS2_PLACEMENT_3D('',#312,#3254,#3255);
#3254=DIRECTION('',(0,-0,1));
#3255=DIRECTION('',(0.6209847202133585,0.7838226695251527,0));
#3256=FACE_BOUND('',#3257,.T.);
#3257=EDGE_LOOP('',(#3258,#3259,#3260));
#3258=ORIENTED_EDGE('',*,*,#3261,.T.);
#3259=ORIENTED_EDGE('',*,*,#3262,.T.);
#3260=ORIENTED_EDGE('',*,*,#3263,.T.);
#3261=EDGE_CURVE('',#313,#45,#3264,.F.);
#3262=EDGE_CURVE('',#45,#315,#3265,.T.);
#3263=EDGE_CURVE('',#315,#313,#3266,.T.);
#3264=LINE('',#312,#3267);
#3265=LINE('',#44,#3268);
#3266=LINE('',#314,#3269);
#3267=VECTOR('',#3270,1.0);
#3268=VECTOR('',#3271,1.0);
#3269=VECTOR('',#3272,1.0);
#3270=DIRECTION('',(0.6209847202133585,0.7838226695251527,0));
#3271=DIRECTION('',(-0.7071067811865475,-0.7071067811865477,0));
#3272=DIRECTION('',(0.6598537015031943,-0.7513940993995981,0));
#3273=STYLED_ITEM('',(#18),#3274);
#3274=FACE_SURFACE('',(#3279),#3275,.T.);
#3275=PLANE('',#3276);
#3276=AXIS2_PLACEMENT_3D('',#264,#3277,#3278);
#3277=DIRECTION('',(0,0,-1));
#3278=DIRECTION('',(-0.34696721768128036,0.9378772573500815,0));
#3279=FACE_BOUND('',#3280,.T.);
#3280=EDGE_LOOP('',(#3281,#3282,#3283));
#3281=ORIENTED_EDGE('',*,*,#3284,.T.);
#3282=ORIENTED_EDGE('',*,*,#3285,.T.);
#3283=ORIENTED_EDGE('',*,*,#3286,.T.);
#3284=EDGE_CURVE('',#265,#167,#3287,.F.);
#3285=EDGE_CURVE('',#167,#263,#3288,.T.);
#3286=EDGE_CURVE('',#263,#265,#3289,.T.);
#3287=LINE('',#264,#3290);
#3288=LINE('',#166,#3291);
#3289=LINE('',#262,#3292);
#3290=VECTOR('',#3293,1.0);
#3291=VECTOR('',#3294,1.0);
#3292=VECTOR('',#3295,1.0);
#3293=DIRECTION('',(-0.34696721768128036,0.9378772573500815,0));
#3294=DIRECTION('',(0.4852219493086235,-0.8743910223173266,0));
#3295=DIRECTION('',(-0.7513940993995967,-0.659853701503196,0));
#3296=STYLED_ITEM('',(#18),#3297);
#3297=FACE_SURFACE('',(#3302),#3298,.T.);
#3298=PLANE('',#3299);
#3299=AXIS2_PLACEMENT_3D('',#260,#3300,#3301);
#3300=DIRECTION('',(0,0,-1));
#3301=DIRECTION('',(-0.6202267177350176,0.7844226020504808,0));
#3302=FACE_BOUND('',#3303,.T.);
#3303=EDGE_LOOP('',(#3304,#3305,#3306));
#3304=ORIENTED_EDGE('',*,*,#3307,.T.);
#3305=ORIENTED_EDGE('',*,*,#3308,.T.);
#3306=ORIENTED_EDGE('',*,*,#3309,.T.);
#3307=EDGE_CURVE('',#261,#167,#3310,.F.);
#3308=EDGE_CURVE('',#167,#317,#3311,.T.);
#3309=EDGE_CURVE('',#317,#261,#3312,.T.);
#3310=LINE('',#260,#3313);
#3311=LINE('',#166,#3314);
#3312=LINE('',#316,#3315);
#3313=VECTOR('',#3316,1.0);
#3314=VECTOR('',#3317,1.0);
#3315=VECTOR('',#3318,1.0);
#3316=DIRECTION('',(-0.6202267177350176,0.7844226020504808,0));
#3317=DIRECTION('',(0.7321180387578579,-0.6811777868701737,0));
#3318=DIRECTION('',(-0.8967049296897799,-0.44262881635750645,0));
#3319=STYLED_ITEM('',(#18),#3320);
#3320=FACE_SURFACE('',(#3325),#3321,.T.);
#3321=PLANE('',#3322);
#3322=AXIS2_PLACEMENT_3D('',#318,#3323,#3324);
#3323=DIRECTION('',(0,-0,1));
#3324=DIRECTION('',(0.4576897013140229,0.8891119936830683,0));
#3325=FACE_BOUND('',#3326,.T.);
#3326=EDGE_LOOP('',(#3327,#3328,#3329));
#3327=ORIENTED_EDGE('',*,*,#3330,.T.);
#3328=ORIENTED_EDGE('',*,*,#3331,.T.);
#3329=ORIENTED_EDGE('',*,*,#3332,.T.);
#3330=EDGE_CURVE('',#319,#45,#3333,.F.);
#3331=EDGE_CURVE('',#45,#321,#3334,.T.);
#3332=EDGE_CURVE('',#321,#319,#3335,.T.);
#3333=LINE('',#318,#3336);
#3334=LINE('',#44,#3337);
#3335=LINE('',#320,#3338);
#3336=VECTOR('',#3339,1.0);
#3337=VECTOR('',#3340,1.0);
#3338=VECTOR('',#3341,1.0);
#3339=DIRECTION('',(0.4576897013140229,0.8891119936830683,0));
#3340=DIRECTION('',(-0.5350420266492183,-0.8448254433426453,0));
#3341=DIRECTION('',(0.4426288163575071,-0.8967049296897794,0));
#3342=STYLED_ITEM('',(#18),#3343);
#3343=FACE_SURFACE('',(#3348),#3344,.T.);
#3344=PLANE('',#3345);
#3345=AXIS2_PLACEMENT_3D('',#312,#3346,#3347);
#3346=DIRECTION('',(-0,0,1));
#3347=DIRECTION('',(0.5538184762778717,-0.8326374333005072,0));
#3348=FACE_BOUND('',#3349,.T.);
#3349=EDGE_LOOP('',(#3350,#3351,#3352));
#3350=ORIENTED_EDGE('',*,*,#3353,.T.);
#3351=ORIENTED_EDGE('',*,*,#3354,.T.);
#3352=ORIENTED_EDGE('',*,*,#3355,.T.);
#3353=EDGE_CURVE('',#313,#321,#3356,.F.);
#3354=EDGE_CURVE('',#321,#45,#3357,.T.);
#3355=EDGE_CURVE('',#45,#313,#3358,.T.);
#3356=LINE('',#312,#3359);
#3357=LINE('',#320,#3360);
#3358=LINE('',#44,#3361);
#3359=VECTOR('',#3362,1.0);
#3360=VECTOR('',#3363,1.0);
#3361=VECTOR('',#3364,1.0);
#3362=DIRECTION('',(0.5538184762778717,-0.8326374333005072,0));
#3363=DIRECTION('',(0.5350420266492183,0.8448254433426453,0));
#3364=DIRECTION('',(-0.6209847202133585,-0.7838226695251527,0));
#3365=STYLED_ITEM('',(#18),#3366);
#3366=FACE_SURFACE('',(#3371),#3367,.T.);
#3367=PLANE('',#3368);
#3368=AXIS2_PLACEMENT_3D('',#322,#3369,#3370);
#3369=DIRECTION('',(0,-0,1));
#3370=DIRECTION('',(0.9376868013449672,0.34748160035236997,0));
#3371=FACE_BOUND('',#3372,.T.);
#3372=EDGE_LOOP('',(#3373,#3374,#3375));
#3373=ORIENTED_EDGE('',*,*,#3376,.T.);
#3374=ORIENTED_EDGE('',*,*,#3377,.T.);
#3375=ORIENTED_EDGE('',*,*,#3378,.T.);
#3376=EDGE_CURVE('',#323,#45,#3379,.F.);
#3377=EDGE_CURVE('',#45,#307,#3380,.T.);
#3378=EDGE_CURVE('',#307,#323,#3381,.T.);
#3379=LINE('',#322,#3382);
#3380=LINE('',#44,#3383);
#3381=LINE('',#306,#3384);
#3382=VECTOR('',#3385,1.0);
#3383=VECTOR('',#3386,1.0);
#3384=VECTOR('',#3387,1.0);
#3385=DIRECTION('',(0.9376868013449672,0.34748160035236997,0));
#3386=DIRECTION('',(-0.9488729017996006,-0.31565838533200047,0));
#3387=DIRECTION('',(0.997885500156359,-0.06499637357340252,0));
#3388=STYLED_ITEM('',(#18),#3389);
#3389=FACE_SURFACE('',(#3394),#3390,.T.);
#3390=PLANE('',#3391);
#3391=AXIS2_PLACEMENT_3D('',#310,#3392,#3393);
#3392=DIRECTION('',(0,-0,1));
#3393=DIRECTION('',(0.9188383789469818,0.3946340499425798,0));
#3394=FACE_BOUND('',#3395,.T.);
#3395=EDGE_LOOP('',(#3396,#3397,#3398));
#3396=ORIENTED_EDGE('',*,*,#3399,.T.);
#3397=ORIENTED_EDGE('',*,*,#3400,.T.);
#3398=ORIENTED_EDGE('',*,*,#3401,.T.);
#3399=EDGE_CURVE('',#311,#45,#3402,.F.);
#3400=EDGE_CURVE('',#45,#323,#3403,.T.);
#3401=EDGE_CURVE('',#323,#311,#3404,.T.);
#3402=LINE('',#310,#3405);
#3403=LINE('',#44,#3406);
#3404=LINE('',#322,#3407);
#3405=VECTOR('',#3408,1.0);
#3406=VECTOR('',#3409,1.0);
#3407=VECTOR('',#3410,1.0);
#3408=DIRECTION('',(0.9188383789469818,0.3946340499425798,0));
#3409=DIRECTION('',(-0.9376868013449672,-0.34748160035236997,0));
#3410=DIRECTION('',(0.9808731636385997,-0.1946479818893714,0));
#3411=STYLED_ITEM('',(#18),#3412);
#3412=FACE_SURFACE('',(#3417),#3413,.T.);
#3413=PLANE('',#3414);
#3414=AXIS2_PLACEMENT_3D('',#44,#3415,#3416);
#3415=DIRECTION('',(0,0,1));
#3416=DIRECTION('',(-0.8891119936830681,-0.4576897013140231,0));
#3417=FACE_BOUND('',#3418,.T.);
#3418=EDGE_LOOP('',(#3419,#3420,#3421));
#3419=ORIENTED_EDGE('',*,*,#3422,.T.);
#3420=ORIENTED_EDGE('',*,*,#3423,.T.);
#3421=ORIENTED_EDGE('',*,*,#3424,.T.);
#3422=EDGE_CURVE('',#45,#309,#3425,.F.);
#3423=EDGE_CURVE('',#309,#325,#3426,.T.);
#3424=EDGE_CURVE('',#325,#45,#3427,.T.);
#3425=LINE('',#44,#3428);
#3426=LINE('',#308,#3429);
#3427=LINE('',#324,#3430);
#3428=VECTOR('',#3431,1.0);
#3429=VECTOR('',#3432,1.0);
#3430=VECTOR('',#3433,1.0);
#3431=DIRECTION('',(-0.8891119936830681,-0.4576897013140231,0));
#3432=DIRECTION('',(0.8967049296897811,-0.44262881635750373,0));
#3433=DIRECTION('',(0.8448254433426448,0.5350420266492191,0));
#3434=STYLED_ITEM('',(#18),#3435);
#3435=FACE_SURFACE('',(#3440),#3436,.T.);
#3436=PLANE('',#3437);
#3437=AXIS2_PLACEMENT_3D('',#326,#3438,#3439);
#3438=DIRECTION('',(0,-0,1));
#3439=DIRECTION('',(0.7838226695251528,0.6209847202133584,0));
#3440=FACE_BOUND('',#3441,.T.);
#3441=EDGE_LOOP('',(#3442,#3443,#3444));
#3442=ORIENTED_EDGE('',*,*,#3445,.T.);
#3443=ORIENTED_EDGE('',*,*,#3446,.T.);
#3444=ORIENTED_EDGE('',*,*,#3447,.T.);
#3445=EDGE_CURVE('',#327,#45,#3448,.F.);
#3446=EDGE_CURVE('',#45,#325,#3449,.T.);
#3447=EDGE_CURVE('',#325,#327,#3450,.T.);
#3448=LINE('',#326,#3451);
#3449=LINE('',#44,#3452);
#3450=LINE('',#324,#3453);
#3451=VECTOR('',#3454,1.0);
#3452=VECTOR('',#3455,1.0);
#3453=VECTOR('',#3456,1.0);
#3454=DIRECTION('',(0.7838226695251528,0.6209847202133584,0));
#3455=DIRECTION('',(-0.8448254433426448,-0.5350420266492191,0));
#3456=DIRECTION('',(0.8326374333005123,-0.5538184762778638,0));
#3457=STYLED_ITEM('',(#18),#3458);
#3458=FACE_SURFACE('',(#3463),#3459,.T.);
#3459=PLANE('',#3460);
#3460=AXIS2_PLACEMENT_3D('',#326,#3461,#3462);
#3461=DIRECTION('',(-0,0,1));
#3462=DIRECTION('',(0.7513940993995937,-0.6598537015031994,0));
#3463=FACE_BOUND('',#3464,.T.);
#3464=EDGE_LOOP('',(#3465,#3466,#3467));
#3465=ORIENTED_EDGE('',*,*,#3468,.T.);
#3466=ORIENTED_EDGE('',*,*,#3469,.T.);
#3467=ORIENTED_EDGE('',*,*,#3470,.T.);
#3468=EDGE_CURVE('',#327,#315,#3471,.F.);
#3469=EDGE_CURVE('',#315,#45,#3472,.T.);
#3470=EDGE_CURVE('',#45,#327,#3473,.T.);
#3471=LINE('',#326,#3474);
#3472=LINE('',#314,#3475);
#3473=LINE('',#44,#3476);
#3474=VECTOR('',#3477,1.0);
#3475=VECTOR('',#3478,1.0);
#3476=VECTOR('',#3479,1.0);
#3477=DIRECTION('',(0.7513940993995937,-0.6598537015031994,0));
#3478=DIRECTION('',(0.7071067811865475,0.7071067811865477,0));
#3479=DIRECTION('',(-0.7838226695251528,-0.6209847202133584,0));
#3480=STYLED_ITEM('',(#18),#3481);
#3481=FACE_SURFACE('',(#3486),#3482,.T.);
#3482=PLANE('',#3483);
#3483=AXIS2_PLACEMENT_3D('',#58,#3484,#3485);
#3484=DIRECTION('',(-0,0,1));
#3485=DIRECTION('',(0.9962809341979599,-0.08616437868191285,0));
#3486=FACE_BOUND('',#3487,.T.);
#3487=EDGE_LOOP('',(#3488,#3489,#3490));
#3488=ORIENTED_EDGE('',*,*,#3491,.T.);
#3489=ORIENTED_EDGE('',*,*,#3492,.T.);
#3490=ORIENTED_EDGE('',*,*,#3493,.T.);
#3491=EDGE_CURVE('',#59,#299,#3494,.F.);
#3492=EDGE_CURVE('',#299,#45,#3495,.T.);
#3493=EDGE_CURVE('',#45,#59,#3496,.T.);
#3494=LINE('',#58,#3497);
#3495=LINE('',#298,#3498);
#3496=LINE('',#44,#3499);
#3497=VECTOR('',#3500,1.0);
#3498=VECTOR('',#3501,1.0);
#3499=VECTOR('',#3502,1.0);
#3500=DIRECTION('',(0.9962809341979599,-0.08616437868191285,0));
#3501=DIRECTION('',(0.9548180095595968,0.29719113146365866,0));
#3502=DIRECTION('',(-1,0,0));
#3503=STYLED_ITEM('',(#18),#3504);
#3504=FACE_SURFACE('',(#3509),#3505,.T.);
#3505=PLANE('',#3506);
#3506=AXIS2_PLACEMENT_3D('',#328,#3507,#3508);
#3507=DIRECTION('',(0,0,-1));
#3508=DIRECTION('',(-0.3208070336803868,0.9471445756278137,0));
#3509=FACE_BOUND('',#3510,.T.);
#3510=EDGE_LOOP('',(#3511,#3512,#3513));
#3511=ORIENTED_EDGE('',*,*,#3514,.T.);
#3512=ORIENTED_EDGE('',*,*,#3515,.T.);
#3513=ORIENTED_EDGE('',*,*,#3516,.T.);
#3514=EDGE_CURVE('',#329,#331,#3517,.F.);
#3515=EDGE_CURVE('',#331,#43,#3518,.T.);
#3516=EDGE_CURVE('',#43,#329,#3519,.T.);
#3517=LINE('',#328,#3520);
#3518=LINE('',#330,#3521);
#3519=LINE('',#42,#3522);
#3520=VECTOR('',#3523,1.0);
#3521=VECTOR('',#3524,1.0);
#3522=VECTOR('',#3525,1.0);
#3523=DIRECTION('',(-0.3208070336803868,0.9471445756278137,0));
#3524=DIRECTION('',(0.4576897013140229,0.8891119936830683,0));
#3525=DIRECTION('',(-0.3946340499425793,-0.9188383789469821,0));
#3526=STYLED_ITEM('',(#18),#3527);
#3527=FACE_SURFACE('',(#3532),#3528,.T.);
#3528=PLANE('',#3529);
#3529=AXIS2_PLACEMENT_3D('',#318,#3530,#3531);
#3530=DIRECTION('',(-0,0,1));
#3531=DIRECTION('',(0.3208070336803868,-0.9471445756278137,0));
#3532=FACE_BOUND('',#3533,.T.);
#3533=EDGE_LOOP('',(#3534,#3535,#3536));
#3534=ORIENTED_EDGE('',*,*,#3537,.T.);
#3535=ORIENTED_EDGE('',*,*,#3538,.T.);
#3536=ORIENTED_EDGE('',*,*,#3539,.T.);
#3537=EDGE_CURVE('',#319,#333,#3540,.F.);
#3538=EDGE_CURVE('',#333,#45,#3541,.T.);
#3539=EDGE_CURVE('',#45,#319,#3542,.T.);
#3540=LINE('',#318,#3543);
#3541=LINE('',#332,#3544);
#3542=LINE('',#44,#3545);
#3543=VECTOR('',#3546,1.0);
#3544=VECTOR('',#3547,1.0);
#3545=VECTOR('',#3548,1.0);
#3546=DIRECTION('',(0.3208070336803868,-0.9471445756278137,0));
#3547=DIRECTION('',(0.3946340499425793,0.9188383789469821,0));
#3548=DIRECTION('',(-0.4576897013140229,-0.8891119936830683,0));
#3549=STYLED_ITEM('',(#18),#3550);
#3550=FACE_SURFACE('',(#3555),#3551,.T.);
#3551=PLANE('',#3552);
#3552=AXIS2_PLACEMENT_3D('',#332,#3553,#3554);
#3553=DIRECTION('',(-0,0,1));
#3554=DIRECTION('',(0.19464798188936616,-0.9808731636386006,0));
#3555=FACE_BOUND('',#3556,.T.);
#3556=EDGE_LOOP('',(#3557,#3558,#3559));
#3557=ORIENTED_EDGE('',*,*,#3560,.T.);
#3558=ORIENTED_EDGE('',*,*,#3561,.T.);
#3559=ORIENTED_EDGE('',*,*,#3562,.T.);
#3560=EDGE_CURVE('',#333,#221,#3563,.F.);
#3561=EDGE_CURVE('',#221,#45,#3564,.T.);
#3562=EDGE_CURVE('',#45,#333,#3565,.T.);
#3563=LINE('',#332,#3566);
#3564=LINE('',#220,#3567);
#3565=LINE('',#44,#3568);
#3566=VECTOR('',#3569,1.0);
#3567=VECTOR('',#3570,1.0);
#3568=VECTOR('',#3571,1.0);
#3569=DIRECTION('',(0.19464798188936616,-0.9808731636386006,0));
#3570=DIRECTION('',(0.34748160035237025,0.937686801344967,0));
#3571=DIRECTION('',(-0.3946340499425793,-0.9188383789469821,0));
#3572=STYLED_ITEM('',(#18),#3573);
#3573=FACE_SURFACE('',(#3578),#3574,.T.);
#3574=PLANE('',#3575);
#3575=AXIS2_PLACEMENT_3D('',#44,#3576,#3577);
#3576=DIRECTION('',(0,0,1));
#3577=DIRECTION('',(-0.31537356702429653,-0.9489676038845434,0));
#3578=FACE_BOUND('',#3579,.T.);
#3579=EDGE_LOOP('',(#3580,#3581,#3582));
#3580=ORIENTED_EDGE('',*,*,#3583,.T.);
#3581=ORIENTED_EDGE('',*,*,#3584,.T.);
#3582=ORIENTED_EDGE('',*,*,#3585,.T.);
#3583=EDGE_CURVE('',#45,#219,#3586,.F.);
#3584=EDGE_CURVE('',#219,#335,#3587,.T.);
#3585=EDGE_CURVE('',#335,#45,#3588,.T.);
#3586=LINE('',#44,#3589);
#3587=LINE('',#218,#3590);
#3588=LINE('',#334,#3591);
#3589=VECTOR('',#3592,1.0);
#3590=VECTOR('',#3593,1.0);
#3591=VECTOR('',#3594,1.0);
#3592=DIRECTION('',(-0.31537356702429653,-0.9489676038845434,0));
#3593=DIRECTION('',(-0.06880209161538071,-0.9976303284229832,0));
#3594=DIRECTION('',(0.2971911314636588,0.9548180095595968,0));
#3595=STYLED_ITEM('',(#18),#3596);
#3596=FACE_SURFACE('',(#3601),#3597,.T.);
#3597=PLANE('',#3598);
#3598=AXIS2_PLACEMENT_3D('',#250,#3599,#3600);
#3599=DIRECTION('',(-0,0,1));
#3600=DIRECTION('',(0.10117628652289613,-0.9948685134455894,0));
#3601=FACE_BOUND('',#3602,.T.);
#3602=EDGE_LOOP('',(#3603,#3604,#3605));
#3603=ORIENTED_EDGE('',*,*,#3606,.T.);
#3604=ORIENTED_EDGE('',*,*,#3607,.T.);
#3605=ORIENTED_EDGE('',*,*,#3608,.T.);
#3606=EDGE_CURVE('',#251,#41,#3609,.F.);
#3607=EDGE_CURVE('',#41,#335,#3610,.T.);
#3608=EDGE_CURVE('',#335,#251,#3611,.T.);
#3609=LINE('',#250,#3612);
#3610=LINE('',#40,#3613);
#3611=LINE('',#334,#3614);
#3612=VECTOR('',#3615,1.0);
#3613=VECTOR('',#3616,1.0);
#3614=VECTOR('',#3617,1.0);
#3615=DIRECTION('',(0.10117628652289613,-0.9948685134455894,0));
#3616=DIRECTION('',(-0.09409596598084295,0.9955631316928787,0));
#3617=DIRECTION('',(-0.19464798188936616,-0.9808731636386006,0));
#3618=STYLED_ITEM('',(#18),#3619);
#3619=FACE_SURFACE('',(#3624),#3620,.T.);
#3620=PLANE('',#3621);
#3621=AXIS2_PLACEMENT_3D('',#44,#3622,#3623);
#3622=DIRECTION('',(0,0,1));
#3623=DIRECTION('',(-0.2971911314636588,-0.9548180095595968,0));
#3624=FACE_BOUND('',#3625,.T.);
#3625=EDGE_LOOP('',(#3626,#3627,#3628));
#3626=ORIENTED_EDGE('',*,*,#3629,.T.);
#3627=ORIENTED_EDGE('',*,*,#3630,.T.);
#3628=ORIENTED_EDGE('',*,*,#3631,.T.);
#3629=EDGE_CURVE('',#45,#335,#3632,.F.);
#3630=EDGE_CURVE('',#335,#41,#3633,.T.);
#3631=EDGE_CURVE('',#41,#45,#3634,.T.);
#3632=LINE('',#44,#3635);
#3633=LINE('',#334,#3636);
#3634=LINE('',#40,#3637);
#3635=VECTOR('',#3638,1.0);
#3636=VECTOR('',#3639,1.0);
#3637=VECTOR('',#3640,1.0);
#3638=DIRECTION('',(-0.2971911314636588,-0.9548180095595968,0));
#3639=DIRECTION('',(0.09409596598084295,-0.9955631316928787,0));
#3640=DIRECTION('',(0,1,0));
#3641=STYLED_ITEM('',(#18),#3642);
#3642=FACE_SURFACE('',(#3647),#3643,.T.);
#3643=PLANE('',#3644);
#3644=AXIS2_PLACEMENT_3D('',#122,#3645,#3646);
#3645=DIRECTION('',(0,0,1));
#3646=DIRECTION('',(-0.9471445756278115,-0.32080703368039293,0));
#3647=FACE_BOUND('',#3648,.T.);
#3648=EDGE_LOOP('',(#3649,#3650,#3651));
#3649=ORIENTED_EDGE('',*,*,#3652,.T.);
#3650=ORIENTED_EDGE('',*,*,#3653,.T.);
#3651=ORIENTED_EDGE('',*,*,#3654,.T.);
#3652=EDGE_CURVE('',#123,#131,#3655,.F.);
#3653=EDGE_CURVE('',#131,#41,#3656,.T.);
#3654=EDGE_CURVE('',#41,#123,#3657,.T.);
#3655=LINE('',#122,#3658);
#3656=LINE('',#130,#3659);
#3657=LINE('',#40,#3660);
#3658=VECTOR('',#3661,1.0);
#3659=VECTOR('',#3662,1.0);
#3660=VECTOR('',#3663,1.0);
#3661=DIRECTION('',(-0.9471445756278115,-0.32080703368039293,0));
#3662=DIRECTION('',(0.2640534908985186,-0.9645080372626793,0));
#3663=DIRECTION('',(-0.23718592251303963,0.9714642752884114,0));
#3664=STYLED_ITEM('',(#18),#3665);
#3665=FACE_SURFACE('',(#3670),#3666,.T.);
#3666=PLANE('',#3667);
#3667=AXIS2_PLACEMENT_3D('',#336,#3668,#3669);
#3668=DIRECTION('',(0,0,-1));
#3669=DIRECTION('',(-0.19464798188936616,0.9808731636386006,0));
#3670=FACE_BOUND('',#3671,.T.);
#3671=EDGE_LOOP('',(#3672,#3673,#3674));
#3672=ORIENTED_EDGE('',*,*,#3675,.T.);
#3673=ORIENTED_EDGE('',*,*,#3676,.T.);
#3674=ORIENTED_EDGE('',*,*,#3677,.T.);
#3675=EDGE_CURVE('',#337,#329,#3678,.F.);
#3676=EDGE_CURVE('',#329,#43,#3679,.T.);
#3677=EDGE_CURVE('',#43,#337,#3680,.T.);
#3678=LINE('',#336,#3681);
#3679=LINE('',#328,#3682);
#3680=LINE('',#42,#3683);
#3681=VECTOR('',#3684,1.0);
#3682=VECTOR('',#3685,1.0);
#3683=VECTOR('',#3686,1.0);
#3684=DIRECTION('',(-0.19464798188936616,0.9808731636386006,0));
#3685=DIRECTION('',(0.3946340499425793,0.9188383789469821,0));
#3686=DIRECTION('',(-0.34748160035237025,-0.937686801344967,0));
#3687=STYLED_ITEM('',(#18),#3688);
#3688=FACE_SURFACE('',(#3693),#3689,.T.);
#3689=PLANE('',#3690);
#3690=AXIS2_PLACEMENT_3D('',#40,#3691,#3692);
#3691=DIRECTION('',(0,0,1));
#3692=DIRECTION('',(-0.29070545660914127,0.9568125926730222,0));
#3693=FACE_BOUND('',#3694,.T.);
#3694=EDGE_LOOP('',(#3695,#3696,#3697));
#3695=ORIENTED_EDGE('',*,*,#3698,.T.);
#3696=ORIENTED_EDGE('',*,*,#3699,.T.);
#3697=ORIENTED_EDGE('',*,*,#3700,.T.);
#3698=EDGE_CURVE('',#41,#129,#3701,.F.);
#3699=EDGE_CURVE('',#129,#339,#3702,.T.);
#3700=EDGE_CURVE('',#339,#41,#3703,.T.);
#3701=LINE('',#40,#3704);
#3702=LINE('',#128,#3705);
#3703=LINE('',#338,#3706);
#3704=VECTOR('',#3707,1.0);
#3705=VECTOR('',#3708,1.0);
#3706=VECTOR('',#3709,1.0);
#3707=DIRECTION('',(-0.29070545660914127,0.9568125926730222,0));
#3708=DIRECTION('',(-0.9976303284229832,-0.06880209161537756,0));
#3709=DIRECTION('',(0.3163226612331199,-0.9486516610381267,0));
#3710=STYLED_ITEM('',(#18),#3711);
#3711=FACE_SURFACE('',(#3716),#3712,.T.);
#3712=PLANE('',#3713);
#3713=AXIS2_PLACEMENT_3D('',#40,#3714,#3715);
#3714=DIRECTION('',(0,0,1));
#3715=DIRECTION('',(-0.3163226612331199,0.9486516610381267,0));
#3716=FACE_BOUND('',#3717,.T.);
#3717=EDGE_LOOP('',(#3718,#3719,#3720));
#3718=ORIENTED_EDGE('',*,*,#3721,.T.);
#3719=ORIENTED_EDGE('',*,*,#3722,.T.);
#3720=ORIENTED_EDGE('',*,*,#3723,.T.);
#3721=EDGE_CURVE('',#41,#339,#3724,.F.);
#3722=EDGE_CURVE('',#339,#341,#3725,.T.);
#3723=EDGE_CURVE('',#341,#41,#3726,.T.);
#3724=LINE('',#40,#3727);
#3725=LINE('',#338,#3728);
#3726=LINE('',#340,#3729);
#3727=VECTOR('',#3730,1.0);
#3728=VECTOR('',#3731,1.0);
#3729=VECTOR('',#3732,1.0);
#3730=DIRECTION('',(-0.3163226612331199,0.9486516610381267,0));
#3731=DIRECTION('',(-0.9976303284229832,0.06880209161537756,0));
#3732=DIRECTION('',(0.3401596330517142,-0.9403677068264963,0));
#3733=STYLED_ITEM('',(#18),#3734);
#3734=FACE_SURFACE('',(#3739),#3735,.T.);
#3735=PLANE('',#3736);
#3736=AXIS2_PLACEMENT_3D('',#342,#3737,#3738);
#3737=DIRECTION('',(0,0,1));
#3738=DIRECTION('',(-0.9471445756278115,0.32080703368039293,0));
#3739=FACE_BOUND('',#3740,.T.);
#3740=EDGE_LOOP('',(#3741,#3742,#3743));
#3741=ORIENTED_EDGE('',*,*,#3744,.T.);
#3742=ORIENTED_EDGE('',*,*,#3745,.T.);
#3743=ORIENTED_EDGE('',*,*,#3746,.T.);
#3744=EDGE_CURVE('',#343,#73,#3747,.F.);
#3745=EDGE_CURVE('',#73,#41,#3748,.T.);
#3746=EDGE_CURVE('',#41,#343,#3749,.T.);
#3747=LINE('',#342,#3750);
#3748=LINE('',#72,#3751);
#3749=LINE('',#40,#3752);
#3750=VECTOR('',#3753,1.0);
#3751=VECTOR('',#3754,1.0);
#3752=VECTOR('',#3755,1.0);
#3753=DIRECTION('',(-0.9471445756278115,0.32080703368039293,0));
#3754=DIRECTION('',(0.38060747375926524,-0.9247366927502068,0));
#3755=DIRECTION('',(-0.3617613548878766,0.9322707343415259,0));
#3756=STYLED_ITEM('',(#18),#3757);
#3757=FACE_SURFACE('',(#3762),#3758,.T.);
#3758=PLANE('',#3759);
#3759=AXIS2_PLACEMENT_3D('',#132,#3760,#3761);
#3760=DIRECTION('',(0,0,1));
#3761=DIRECTION('',(0.4090781761853701,-0.9124993401470772,0));
#3762=FACE_BOUND('',#3763,.T.);
#3763=EDGE_LOOP('',(#3764,#3765,#3766));
#3764=ORIENTED_EDGE('',*,*,#3767,.T.);
#3765=ORIENTED_EDGE('',*,*,#3768,.T.);
#3766=ORIENTED_EDGE('',*,*,#3769,.T.);
#3767=EDGE_CURVE('',#133,#41,#3770,.F.);
#3768=EDGE_CURVE('',#41,#71,#3771,.T.);
#3769=EDGE_CURVE('',#71,#133,#3772,.T.);
#3770=LINE('',#132,#3773);
#3771=LINE('',#40,#3774);
#3772=LINE('',#70,#3775);
#3773=VECTOR('',#3776,1.0);
#3774=VECTOR('',#3777,1.0);
#3775=VECTOR('',#3778,1.0);
#3776=DIRECTION('',(0.4090781761853701,-0.9124993401470772,0));
#3777=DIRECTION('',(-0.39641703712256354,0.9180705488572043,0));
#3778=DIRECTION('',(-0.8326374333005132,0.5538184762778627,0));
#3779=STYLED_ITEM('',(#18),#3780);
#3780=FACE_SURFACE('',(#3785),#3781,.T.);
#3781=PLANE('',#3782);
#3782=AXIS2_PLACEMENT_3D('',#340,#3783,#3784);
#3783=DIRECTION('',(0,0,1));
#3784=DIRECTION('',(-0.9808731636385997,0.1946479818893714,0));
#3785=FACE_BOUND('',#3786,.T.);
#3786=EDGE_LOOP('',(#3787,#3788,#3789));
#3787=ORIENTED_EDGE('',*,*,#3790,.T.);
#3788=ORIENTED_EDGE('',*,*,#3791,.T.);
#3789=ORIENTED_EDGE('',*,*,#3792,.T.);
#3790=EDGE_CURVE('',#341,#343,#3793,.F.);
#3791=EDGE_CURVE('',#343,#41,#3794,.T.);
#3792=EDGE_CURVE('',#41,#341,#3795,.T.);
#3793=LINE('',#340,#3796);
#3794=LINE('',#342,#3797);
#3795=LINE('',#40,#3798);
#3796=VECTOR('',#3799,1.0);
#3797=VECTOR('',#3800,1.0);
#3798=VECTOR('',#3801,1.0);
#3799=DIRECTION('',(-0.9808731636385997,0.1946479818893714,0));
#3800=DIRECTION('',(0.3617613548878766,-0.9322707343415259,0));
#3801=DIRECTION('',(-0.3401596330517142,0.9403677068264963,0));
#3802=STYLED_ITEM('',(#18),#3803);
#3803=FACE_SURFACE('',(#3808),#3804,.T.);
#3804=PLANE('',#3805);
#3805=AXIS2_PLACEMENT_3D('',#344,#3806,#3807);
#3806=DIRECTION('',(0,-0,-1));
#3807=DIRECTION('',(0.10117628652289613,-0.9948685134455894,0));
#3808=FACE_BOUND('',#3809,.T.);
#3809=EDGE_LOOP('',(#3810,#3811,#3812));
#3810=ORIENTED_EDGE('',*,*,#3813,.T.);
#3811=ORIENTED_EDGE('',*,*,#3814,.T.);
#3812=ORIENTED_EDGE('',*,*,#3815,.T.);
#3813=EDGE_CURVE('',#345,#47,#3816,.F.);
#3814=EDGE_CURVE('',#47,#347,#3817,.T.);
#3815=EDGE_CURVE('',#347,#345,#3818,.T.);
#3816=LINE('',#344,#3819);
#3817=LINE('',#46,#3820);
#3818=LINE('',#346,#3821);
#3819=VECTOR('',#3822,1.0);
#3820=VECTOR('',#3823,1.0);
#3821=VECTOR('',#3824,1.0);
#3822=DIRECTION('',(0.10117628652289613,-0.9948685134455894,0));
#3823=DIRECTION('',(-0.11166771953052425,0.9937456014568579,0));
#3824=DIRECTION('',(0.3208070336803868,0.9471445756278137,0));
#3825=STYLED_ITEM('',(#18),#3826);
#3826=FACE_SURFACE('',(#3831),#3827,.T.);
#3827=PLANE('',#3828);
#3828=AXIS2_PLACEMENT_3D('',#348,#3829,#3830);
#3829=DIRECTION('',(0,0,-1));
#3830=DIRECTION('',(0.44262881635750634,0.8967049296897797,0));
#3831=FACE_BOUND('',#3832,.T.);
#3832=EDGE_LOOP('',(#3833,#3834,#3835));
#3833=ORIENTED_EDGE('',*,*,#3836,.T.);
#3834=ORIENTED_EDGE('',*,*,#3837,.T.);
#3835=ORIENTED_EDGE('',*,*,#3838,.T.);
#3836=EDGE_CURVE('',#349,#347,#3839,.F.);
#3837=EDGE_CURVE('',#347,#47,#3840,.T.);
#3838=EDGE_CURVE('',#47,#349,#3841,.T.);
#3839=LINE('',#348,#3842);
#3840=LINE('',#346,#3843);
#3841=LINE('',#46,#3844);
#3842=VECTOR('',#3845,1.0);
#3843=VECTOR('',#3846,1.0);
#3844=VECTOR('',#3847,1.0);
#3845=DIRECTION('',(0.44262881635750634,0.8967049296897797,0));
#3846=DIRECTION('',(0.11166771953052425,-0.9937456014568579,0));
#3847=DIRECTION('',(-0.12560985315167142,0.9920797169538421,0));
#3848=STYLED_ITEM('',(#18),#3849);
#3849=FACE_SURFACE('',(#3854),#3850,.T.);
#3850=PLANE('',#3851);
#3851=AXIS2_PLACEMENT_3D('',#236,#3852,#3853);
#3852=DIRECTION('',(0,0,-1));
#3853=DIRECTION('',(0.5538184762778721,0.8326374333005069,0));
#3854=FACE_BOUND('',#3855,.T.);
#3855=EDGE_LOOP('',(#3856,#3857,#3858));
#3856=ORIENTED_EDGE('',*,*,#3859,.T.);
#3857=ORIENTED_EDGE('',*,*,#3860,.T.);
#3858=ORIENTED_EDGE('',*,*,#3861,.T.);
#3859=EDGE_CURVE('',#237,#349,#3862,.F.);
#3860=EDGE_CURVE('',#349,#47,#3863,.T.);
#3861=EDGE_CURVE('',#47,#237,#3864,.T.);
#3862=LINE('',#236,#3865);
#3863=LINE('',#348,#3866);
#3864=LINE('',#46,#3867);
#3865=VECTOR('',#3868,1.0);
#3866=VECTOR('',#3869,1.0);
#3867=VECTOR('',#3870,1.0);
#3868=DIRECTION('',(0.5538184762778721,0.8326374333005069,0));
#3869=DIRECTION('',(0.12560985315167142,-0.9920797169538421,0));
#3870=DIRECTION('',(-0.14278123682778457,0.9897542717310839,0));
#3871=STYLED_ITEM('',(#18),#3872);
#3872=FACE_SURFACE('',(#3877),#3873,.T.);
#3873=PLANE('',#3874);
#3874=AXIS2_PLACEMENT_3D('',#350,#3875,#3876);
#3875=DIRECTION('',(0,0,1));
#3876=DIRECTION('',(-0.18594615304638668,-0.9825599361704351,0));
#3877=FACE_BOUND('',#3878,.T.);
#3878=EDGE_LOOP('',(#3879,#3880,#3881));
#3879=ORIENTED_EDGE('',*,*,#3882,.T.);
#3880=ORIENTED_EDGE('',*,*,#3883,.T.);
#3881=ORIENTED_EDGE('',*,*,#3884,.T.);
#3882=EDGE_CURVE('',#351,#55,#3885,.F.);
#3883=EDGE_CURVE('',#55,#353,#3886,.T.);
#3884=EDGE_CURVE('',#353,#351,#3887,.T.);
#3885=LINE('',#350,#3888);
#3886=LINE('',#54,#3889);
#3887=LINE('',#352,#3890);
#3888=VECTOR('',#3891,1.0);
#3889=VECTOR('',#3892,1.0);
#3890=VECTOR('',#3893,1.0);
#3891=DIRECTION('',(-0.18594615304638668,-0.9825599361704351,0));
#3892=DIRECTION('',(0.21088333306373638,0.9775112377031422,0));
#3893=DIRECTION('',(-0.8326374333005133,0.5538184762778623,0));
#3894=STYLED_ITEM('',(#18),#3895);
#3895=FACE_SURFACE('',(#3900),#3896,.T.);
#3896=PLANE('',#3897);
#3897=AXIS2_PLACEMENT_3D('',#354,#3898,#3899);
#3898=DIRECTION('',(0,0,-1));
#3899=DIRECTION('',(-0.8121774476294482,0.583410484617919,0));
#3900=FACE_BOUND('',#3901,.T.);
#3901=EDGE_LOOP('',(#3902,#3903,#3904));
#3902=ORIENTED_EDGE('',*,*,#3905,.T.);
#3903=ORIENTED_EDGE('',*,*,#3906,.T.);
#3904=ORIENTED_EDGE('',*,*,#3907,.T.);
#3905=EDGE_CURVE('',#355,#167,#3908,.F.);
#3906=EDGE_CURVE('',#167,#357,#3909,.T.);
#3907=EDGE_CURVE('',#357,#355,#3910,.T.);
#3908=LINE('',#354,#3911);
#3909=LINE('',#166,#3912);
#3910=LINE('',#356,#3913);
#3911=VECTOR('',#3914,1.0);
#3912=VECTOR('',#3915,1.0);
#3913=VECTOR('',#3916,1.0);
#3914=DIRECTION('',(-0.8121774476294482,0.583410484617919,0));
#3915=DIRECTION('',(0.8639048551499939,-0.5036550419168542,0));
#3916=DIRECTION('',(-0.9808731636385997,-0.1946479818893714,0));
#3917=STYLED_ITEM('',(#18),#3918);
#3918=FACE_SURFACE('',(#3923),#3919,.T.);
#3919=PLANE('',#3920);
#3920=AXIS2_PLACEMENT_3D('',#358,#3921,#3922);
#3921=DIRECTION('',(0,0,1));
#3922=DIRECTION('',(-0.16306334648413037,-0.9866156014544857,0));
#3923=FACE_BOUND('',#3924,.T.);
#3924=EDGE_LOOP('',(#3925,#3926,#3927));
#3925=ORIENTED_EDGE('',*,*,#3928,.T.);
#3926=ORIENTED_EDGE('',*,*,#3929,.T.);
#3927=ORIENTED_EDGE('',*,*,#3930,.T.);
#3928=EDGE_CURVE('',#359,#55,#3931,.F.);
#3929=EDGE_CURVE('',#55,#351,#3932,.T.);
#3930=EDGE_CURVE('',#351,#359,#3933,.T.);
#3931=LINE('',#358,#3934);
#3932=LINE('',#54,#3935);
#3933=LINE('',#350,#3936);
#3934=VECTOR('',#3937,1.0);
#3935=VECTOR('',#3938,1.0);
#3936=VECTOR('',#3939,1.0);
#3937=DIRECTION('',(-0.16306334648413037,-0.9866156014544857,0));
#3938=DIRECTION('',(0.18594615304638668,0.9825599361704351,0));
#3939=DIRECTION('',(-0.7513940993995948,0.6598537015031981,0));
#3940=STYLED_ITEM('',(#18),#3941);
#3941=FACE_SURFACE('',(#3946),#3942,.T.);
#3942=PLANE('',#3943);
#3943=AXIS2_PLACEMENT_3D('',#176,#3944,#3945);
#3944=DIRECTION('',(0,0,1));
#3945=DIRECTION('',(-0.8967049296897794,0.4426288163575071,0));
#3946=FACE_BOUND('',#3947,.T.);
#3947=EDGE_LOOP('',(#3948,#3949,#3950));
#3948=ORIENTED_EDGE('',*,*,#3951,.T.);
#3949=ORIENTED_EDGE('',*,*,#3952,.T.);
#3950=ORIENTED_EDGE('',*,*,#3953,.T.);
#3951=EDGE_CURVE('',#177,#353,#3954,.F.);
#3952=EDGE_CURVE('',#353,#55,#3955,.T.);
#3953=EDGE_CURVE('',#55,#177,#3956,.T.);
#3954=LINE('',#176,#3957);
#3955=LINE('',#352,#3958);
#3956=LINE('',#54,#3959);
#3957=VECTOR('',#3960,1.0);
#3958=VECTOR('',#3961,1.0);
#3959=VECTOR('',#3962,1.0);
#3960=DIRECTION('',(-0.8967049296897794,0.4426288163575071,0));
#3961=DIRECTION('',(-0.21088333306373638,-0.9775112377031422,0));
#3962=DIRECTION('',(0.23718592251303944,0.9714642752884114,0));
#3963=STYLED_ITEM('',(#18),#3964);
#3964=FACE_SURFACE('',(#3969),#3965,.T.);
#3965=PLANE('',#3966);
#3966=AXIS2_PLACEMENT_3D('',#360,#3967,#3968);
#3967=DIRECTION('',(0,0,1));
#3968=DIRECTION('',(-0.14278123682778443,-0.9897542717310839,0));
#3969=FACE_BOUND('',#3970,.T.);
#3970=EDGE_LOOP('',(#3971,#3972,#3973));
#3971=ORIENTED_EDGE('',*,*,#3974,.T.);
#3972=ORIENTED_EDGE('',*,*,#3975,.T.);
#3973=ORIENTED_EDGE('',*,*,#3976,.T.);
#3974=EDGE_CURVE('',#361,#55,#3977,.F.);
#3975=EDGE_CURVE('',#55,#359,#3978,.T.);
#3976=EDGE_CURVE('',#359,#361,#3979,.T.);
#3977=LINE('',#360,#3980);
#3978=LINE('',#54,#3981);
#3979=LINE('',#358,#3982);
#3980=VECTOR('',#3983,1.0);
#3981=VECTOR('',#3984,1.0);
#3982=VECTOR('',#3985,1.0);
#3983=DIRECTION('',(-0.14278123682778443,-0.9897542717310839,0));
#3984=DIRECTION('',(0.16306334648413037,0.9866156014544857,0));
#3985=DIRECTION('',(-0.6598537015031978,0.7513940993995951,0));
#3986=STYLED_ITEM('',(#18),#3987);
#3987=FACE_SURFACE('',(#3992),#3988,.T.);
#3988=PLANE('',#3989);
#3989=AXIS2_PLACEMENT_3D('',#362,#3990,#3991);
#3990=DIRECTION('',(0,0,1));
#3991=DIRECTION('',(-0.1256098531516716,-0.9920797169538421,0));
#3992=FACE_BOUND('',#3993,.T.);
#3993=EDGE_LOOP('',(#3994,#3995,#3996));
#3994=ORIENTED_EDGE('',*,*,#3997,.T.);
#3995=ORIENTED_EDGE('',*,*,#3998,.T.);
#3996=ORIENTED_EDGE('',*,*,#3999,.T.);
#3997=EDGE_CURVE('',#363,#55,#4000,.F.);
#3998=EDGE_CURVE('',#55,#361,#4001,.T.);
#3999=EDGE_CURVE('',#361,#363,#4002,.T.);
#4000=LINE('',#362,#4003);
#4001=LINE('',#54,#4004);
#4002=LINE('',#360,#4005);
#4003=VECTOR('',#4006,1.0);
#4004=VECTOR('',#4007,1.0);
#4005=VECTOR('',#4008,1.0);
#4006=DIRECTION('',(-0.1256098531516716,-0.9920797169538421,0));
#4007=DIRECTION('',(0.14278123682778443,0.9897542717310839,0));
#4008=DIRECTION('',(-0.5538184762778638,0.8326374333005123,0));
#4009=STYLED_ITEM('',(#18),#4010);
#4010=FACE_SURFACE('',(#4015),#4011,.T.);
#4011=PLANE('',#4012);
#4012=AXIS2_PLACEMENT_3D('',#364,#4013,#4014);
#4013=DIRECTION('',(0,0,1));
#4014=DIRECTION('',(-0.10117628652289623,-0.9948685134455892,0));
#4015=FACE_BOUND('',#4016,.T.);
#4016=EDGE_LOOP('',(#4017,#4018,#4019));
#4017=ORIENTED_EDGE('',*,*,#4020,.T.);
#4018=ORIENTED_EDGE('',*,*,#4021,.T.);
#4019=ORIENTED_EDGE('',*,*,#4022,.T.);
#4020=EDGE_CURVE('',#365,#55,#4023,.F.);
#4021=EDGE_CURVE('',#55,#367,#4024,.T.);
#4022=EDGE_CURVE('',#367,#365,#4025,.T.);
#4023=LINE('',#364,#4026);
#4024=LINE('',#54,#4027);
#4025=LINE('',#366,#4028);
#4026=VECTOR('',#4029,1.0);
#4027=VECTOR('',#4030,1.0);
#4028=VECTOR('',#4031,1.0);
#4029=DIRECTION('',(-0.10117628652289623,-0.9948685134455892,0));
#4030=DIRECTION('',(0.11166771953052436,0.9937456014568578,0));
#4031=DIRECTION('',(-0.3208070336803876,0.9471445756278135,0));
#4032=STYLED_ITEM('',(#18),#4033);
#4033=FACE_SURFACE('',(#4038),#4034,.T.);
#4034=PLANE('',#4035);
#4035=AXIS2_PLACEMENT_3D('',#54,#4036,#4037);
#4036=DIRECTION('',(0,0,1));
#4037=DIRECTION('',(1,0,0));
#4038=FACE_BOUND('',#4039,.T.);
#4039=EDGE_LOOP('',(#4040,#4041,#4042));
#4040=ORIENTED_EDGE('',*,*,#4043,.T.);
#4041=ORIENTED_EDGE('',*,*,#4044,.T.);
#4042=ORIENTED_EDGE('',*,*,#4045,.T.);
#4043=EDGE_CURVE('',#55,#41,#4046,.F.);
#4044=EDGE_CURVE('',#41,#369,#4047,.T.);
#4045=EDGE_CURVE('',#369,#55,#4048,.T.);
#4046=LINE('',#54,#4049);
#4047=LINE('',#40,#4050);
#4048=LINE('',#368,#4051);
#4049=VECTOR('',#4052,1.0);
#4050=VECTOR('',#4053,1.0);
#4051=VECTOR('',#4054,1.0);
#4052=DIRECTION('',(1,0,0));
#4053=DIRECTION('',(-0.8711538785730328,0.49101010157344155,0));
#4054=DIRECTION('',(-0.3806074737592654,-0.9247366927502068,0));
#4055=STYLED_ITEM('',(#18),#4056);
#4056=FACE_SURFACE('',(#4061),#4057,.T.);
#4057=PLANE('',#4058);
#4058=AXIS2_PLACEMENT_3D('',#318,#4059,#4060);
#4059=DIRECTION('',(-0.9471445756278137,-0.3208070336803868,-0));
#4060=DIRECTION('',(0,0,-1));
#4061=FACE_BOUND('',#4062,.T.);
#4062=EDGE_LOOP('',(#4063,#4064,#4065));
#4063=ORIENTED_EDGE('',*,*,#4066,.T.);
#4064=ORIENTED_EDGE('',*,*,#4067,.T.);
#4065=ORIENTED_EDGE('',*,*,#4068,.T.);
#4066=EDGE_CURVE('',#319,#331,#4069,.F.);
#4067=EDGE_CURVE('',#331,#329,#4070,.T.);
#4068=EDGE_CURVE('',#329,#319,#4071,.T.);
#4069=LINE('',#318,#4072);
#4070=LINE('',#330,#4073);
#4071=LINE('',#328,#4074);
#4072=VECTOR('',#4075,1.0);
#4073=VECTOR('',#4076,1.0);
#4074=VECTOR('',#4077,1.0);
#4075=DIRECTION('',(0,0,-1));
#4076=DIRECTION('',(0.3208070336803868,-0.9471445756278137,0));
#4077=DIRECTION('',(-0.08126056349457839,0.23991213984113746,0.967387660649747));
#4078=STYLED_ITEM('',(#18),#4079);
#4079=FACE_SURFACE('',(#4084),#4080,.T.);
#4080=PLANE('',#4081);
#4081=AXIS2_PLACEMENT_3D('',#318,#4082,#4083);
#4082=DIRECTION('',(-0.9471445756278137,-0.3208070336803868,0));
#4083=DIRECTION('',(0.08126056349457839,-0.23991213984113746,-0.967387660649747));
#4084=FACE_BOUND('',#4085,.T.);
#4085=EDGE_LOOP('',(#4086,#4087,#4088));
#4086=ORIENTED_EDGE('',*,*,#4089,.T.);
#4087=ORIENTED_EDGE('',*,*,#4090,.T.);
#4088=ORIENTED_EDGE('',*,*,#4091,.T.);
#4089=EDGE_CURVE('',#319,#329,#4092,.F.);
#4090=EDGE_CURVE('',#329,#333,#4093,.T.);
#4091=EDGE_CURVE('',#333,#319,#4094,.T.);
#4092=LINE('',#318,#4095);
#4093=LINE('',#328,#4096);
#4094=LINE('',#332,#4097);
#4095=VECTOR('',#4098,1.0);
#4096=VECTOR('',#4099,1.0);
#4097=VECTOR('',#4100,1.0);
#4098=DIRECTION('',(0.08126056349457839,-0.23991213984113746,-0.967387660649747));
#4099=DIRECTION('',(0,0,1));
#4100=DIRECTION('',(-0.3208070336803868,0.9471445756278137,0));
#4101=STYLED_ITEM('',(#18),#4102);
#4102=FACE_SURFACE('',(#4107),#4103,.T.);
#4103=PLANE('',#4104);
#4104=AXIS2_PLACEMENT_3D('',#304,#4105,#4106);
#4105=DIRECTION('',(0.8967049296897797,0.44262881635750634,-0));
#4106=DIRECTION('',(0,0,1));
#4107=FACE_BOUND('',#4108,.T.);
#4108=EDGE_LOOP('',(#4109,#4110,#4111));
#4109=ORIENTED_EDGE('',*,*,#4112,.T.);
#4110=ORIENTED_EDGE('',*,*,#4113,.T.);
#4111=ORIENTED_EDGE('',*,*,#4114,.T.);
#4112=EDGE_CURVE('',#305,#103,#4115,.F.);
#4113=EDGE_CURVE('',#103,#277,#4116,.T.);
#4114=EDGE_CURVE('',#277,#305,#4117,.T.);
#4115=LINE('',#304,#4118);
#4116=LINE('',#102,#4119);
#4117=LINE('',#276,#4120);
#4118=VECTOR('',#4121,1.0);
#4119=VECTOR('',#4122,1.0);
#4120=VECTOR('',#4123,1.0);
#4121=DIRECTION('',(0,0,1));
#4122=DIRECTION('',(0.11221061564623155,-0.22732322997297008,-0.967332893501999));
#4123=DIRECTION('',(-0.44262881635750634,0.8967049296897797,0));
#4124=STYLED_ITEM('',(#18),#4125);
#4125=FACE_SURFACE('',(#4130),#4126,.T.);
#4126=PLANE('',#4127);
#4127=AXIS2_PLACEMENT_3D('',#370,#4128,#4129);
#4128=DIRECTION('',(0,0,-1));
#4129=DIRECTION('',(0.8891119936830681,0.4576897013140231,0));
#4130=FACE_BOUND('',#4131,.T.);
#4131=EDGE_LOOP('',(#4132,#4133,#4134));
#4132=ORIENTED_EDGE('',*,*,#4135,.T.);
#4133=ORIENTED_EDGE('',*,*,#4136,.T.);
#4134=ORIENTED_EDGE('',*,*,#4137,.T.);
#4135=EDGE_CURVE('',#371,#43,#4138,.F.);
#4136=EDGE_CURVE('',#43,#373,#4139,.T.);
#4137=EDGE_CURVE('',#373,#371,#4140,.T.);
#4138=LINE('',#370,#4141);
#4139=LINE('',#42,#4142);
#4140=LINE('',#372,#4143);
#4141=VECTOR('',#4144,1.0);
#4142=VECTOR('',#4145,1.0);
#4143=VECTOR('',#4146,1.0);
#4144=DIRECTION('',(0.8891119936830681,0.4576897013140231,0));
#4145=DIRECTION('',(-0.8448254433426448,-0.5350420266492191,0));
#4146=DIRECTION('',(-0.8967049296897811,0.44262881635750373,0));
#4147=STYLED_ITEM('',(#18),#4148);
#4148=FACE_SURFACE('',(#4153),#4149,.T.);
#4149=PLANE('',#4150);
#4150=AXIS2_PLACEMENT_3D('',#374,#4151,#4152);
#4151=DIRECTION('',(-0,0,1));
#4152=DIRECTION('',(-0.34015963305171426,-0.9403677068264963,0));
#4153=FACE_BOUND('',#4154,.T.);
#4154=EDGE_LOOP('',(#4155,#4156,#4157));
#4155=ORIENTED_EDGE('',*,*,#4158,.T.);
#4156=ORIENTED_EDGE('',*,*,#4159,.T.);
#4157=ORIENTED_EDGE('',*,*,#4160,.T.);
#4158=EDGE_CURVE('',#375,#55,#4161,.F.);
#4159=EDGE_CURVE('',#55,#377,#4162,.T.);
#4160=EDGE_CURVE('',#377,#375,#4163,.T.);
#4161=LINE('',#374,#4164);
#4162=LINE('',#54,#4165);
#4163=LINE('',#376,#4166);
#4164=VECTOR('',#4167,1.0);
#4165=VECTOR('',#4168,1.0);
#4166=VECTOR('',#4169,1.0);
#4167=DIRECTION('',(-0.34015963305171426,-0.9403677068264963,0));
#4168=DIRECTION('',(0.3617613548878765,0.9322707343415259,0));
#4169=DIRECTION('',(-0.9808731636385993,-0.19464798188937268,0));
#4170=STYLED_ITEM('',(#18),#4171);
#4171=FACE_SURFACE('',(#4176),#4172,.T.);
#4172=PLANE('',#4173);
#4173=AXIS2_PLACEMENT_3D('',#172,#4174,#4175);
#4174=DIRECTION('',(-0,0,1));
#4175=DIRECTION('',(-0.3163226612331199,-0.9486516610381267,0));
#4176=FACE_BOUND('',#4177,.T.);
#4177=EDGE_LOOP('',(#4178,#4179,#4180));
#4178=ORIENTED_EDGE('',*,*,#4181,.T.);
#4179=ORIENTED_EDGE('',*,*,#4182,.T.);
#4180=ORIENTED_EDGE('',*,*,#4183,.T.);
#4181=EDGE_CURVE('',#173,#55,#4184,.F.);
#4182=EDGE_CURVE('',#55,#375,#4185,.T.);
#4183=EDGE_CURVE('',#375,#173,#4186,.T.);
#4184=LINE('',#172,#4187);
#4185=LINE('',#54,#4188);
#4186=LINE('',#374,#4189);
#4187=VECTOR('',#4190,1.0);
#4188=VECTOR('',#4191,1.0);
#4189=VECTOR('',#4192,1.0);
#4190=DIRECTION('',(-0.3163226612331199,-0.9486516610381267,0));
#4191=DIRECTION('',(0.34015963305171426,0.9403677068264963,0));
#4192=DIRECTION('',(-0.9976303284229832,-0.06880209161537733,0));
#4193=STYLED_ITEM('',(#18),#4194);
#4194=FACE_SURFACE('',(#4199),#4195,.T.);
#4195=PLANE('',#4196);
#4196=AXIS2_PLACEMENT_3D('',#102,#4197,#4198);
#4197=DIRECTION('',(0.9471445756278137,0.3208070336803868,0));
#4198=DIRECTION('',(0,0,-1));
#4199=FACE_BOUND('',#4200,.T.);
#4200=EDGE_LOOP('',(#4201,#4202,#4203));
#4201=ORIENTED_EDGE('',*,*,#4204,.T.);
#4202=ORIENTED_EDGE('',*,*,#4205,.T.);
#4203=ORIENTED_EDGE('',*,*,#4206,.T.);
#4204=EDGE_CURVE('',#103,#305,#4207,.F.);
#4205=EDGE_CURVE('',#305,#271,#4208,.T.);
#4206=EDGE_CURVE('',#271,#103,#4209,.T.);
#4207=LINE('',#102,#4210);
#4208=LINE('',#304,#4211);
#4209=LINE('',#270,#4212);
#4210=VECTOR('',#4213,1.0);
#4211=VECTOR('',#4214,1.0);
#4212=VECTOR('',#4215,1.0);
#4213=DIRECTION('',(0,0,-1));
#4214=DIRECTION('',(-0.3208070336803868,0.9471445756278137,0));
#4215=DIRECTION('',(0.08126056349457839,-0.23991213984113746,0.967387660649747));
#4216=STYLED_ITEM('',(#18),#4217);
#4217=FACE_SURFACE('',(#4222),#4218,.T.);
#4218=PLANE('',#4219);
#4219=AXIS2_PLACEMENT_3D('',#378,#4220,#4221);
#4220=DIRECTION('',(0,0,-1));
#4221=DIRECTION('',(-0.7513940993995937,0.6598537015031994,0));
#4222=FACE_BOUND('',#4223,.T.);
#4223=EDGE_LOOP('',(#4224,#4225,#4226));
#4224=ORIENTED_EDGE('',*,*,#4227,.T.);
#4225=ORIENTED_EDGE('',*,*,#4228,.T.);
#4226=ORIENTED_EDGE('',*,*,#4229,.T.);
#4227=EDGE_CURVE('',#379,#381,#4230,.F.);
#4228=EDGE_CURVE('',#381,#43,#4231,.T.);
#4229=EDGE_CURVE('',#43,#379,#4232,.T.);
#4230=LINE('',#378,#4233);
#4231=LINE('',#380,#4234);
#4232=LINE('',#42,#4235);
#4233=VECTOR('',#4236,1.0);
#4234=VECTOR('',#4237,1.0);
#4235=VECTOR('',#4238,1.0);
#4236=DIRECTION('',(-0.7513940993995937,0.6598537015031994,0));
#4237=DIRECTION('',(0.7838226695251528,0.6209847202133584,0));
#4238=DIRECTION('',(-0.7071067811865475,-0.7071067811865477,0));
#4239=STYLED_ITEM('',(#18),#4240);
#4240=FACE_SURFACE('',(#4245),#4241,.T.);
#4241=PLANE('',#4242);
#4242=AXIS2_PLACEMENT_3D('',#380,#4243,#4244);
#4243=DIRECTION('',(0,0,-1));
#4244=DIRECTION('',(-0.8326374333005123,0.5538184762778638,0));
#4245=FACE_BOUND('',#4246,.T.);
#4246=EDGE_LOOP('',(#4247,#4248,#4249));
#4247=ORIENTED_EDGE('',*,*,#4250,.T.);
#4248=ORIENTED_EDGE('',*,*,#4251,.T.);
#4249=ORIENTED_EDGE('',*,*,#4252,.T.);
#4250=EDGE_CURVE('',#381,#373,#4253,.F.);
#4251=EDGE_CURVE('',#373,#43,#4254,.T.);
#4252=EDGE_CURVE('',#43,#381,#4255,.T.);
#4253=LINE('',#380,#4256);
#4254=LINE('',#372,#4257);
#4255=LINE('',#42,#4258);
#4256=VECTOR('',#4259,1.0);
#4257=VECTOR('',#4260,1.0);
#4258=VECTOR('',#4261,1.0);
#4259=DIRECTION('',(-0.8326374333005123,0.5538184762778638,0));
#4260=DIRECTION('',(0.8448254433426448,0.5350420266492191,0));
#4261=DIRECTION('',(-0.7838226695251528,-0.6209847202133584,0));
#4262=STYLED_ITEM('',(#18),#4263);
#4263=FACE_SURFACE('',(#4268),#4264,.T.);
#4264=PLANE('',#4265);
#4265=AXIS2_PLACEMENT_3D('',#332,#4266,#4267);
#4266=DIRECTION('',(-0.9808731636386006,-0.19464798188936616,-0));
#4267=DIRECTION('',(0,0,-1));
#4268=FACE_BOUND('',#4269,.T.);
#4269=EDGE_LOOP('',(#4270,#4271,#4272));
#4270=ORIENTED_EDGE('',*,*,#4273,.T.);
#4271=ORIENTED_EDGE('',*,*,#4274,.T.);
#4272=ORIENTED_EDGE('',*,*,#4275,.T.);
#4273=EDGE_CURVE('',#333,#329,#4276,.F.);
#4274=EDGE_CURVE('',#329,#221,#4277,.T.);
#4275=EDGE_CURVE('',#221,#333,#4278,.T.);
#4276=LINE('',#332,#4279);
#4277=LINE('',#328,#4280);
#4278=LINE('',#220,#4281);
#4279=VECTOR('',#4282,1.0);
#4280=VECTOR('',#4283,1.0);
#4281=VECTOR('',#4284,1.0);
#4282=DIRECTION('',(0,0,-1));
#4283=DIRECTION('',(0.04933469311728972,-0.24860815943419304,0.9673469238684567));
#4284=DIRECTION('',(-0.19464798188936616,0.9808731636386006,0));
#4285=STYLED_ITEM('',(#18),#4286);
#4286=FACE_SURFACE('',(#4291),#4287,.T.);
#4287=PLANE('',#4288);
#4288=AXIS2_PLACEMENT_3D('',#160,#4289,#4290);
#4289=DIRECTION('',(0,0,1));
#4290=DIRECTION('',(-0.7513940993995951,-0.6598537015031978,0));
#4291=FACE_BOUND('',#4292,.T.);
#4292=EDGE_LOOP('',(#4293,#4294,#4295));
#4293=ORIENTED_EDGE('',*,*,#4296,.T.);
#4294=ORIENTED_EDGE('',*,*,#4297,.T.);
#4295=ORIENTED_EDGE('',*,*,#4298,.T.);
#4296=EDGE_CURVE('',#161,#383,#4299,.F.);
#4297=EDGE_CURVE('',#383,#41,#4300,.T.);
#4298=EDGE_CURVE('',#41,#161,#4301,.T.);
#4299=LINE('',#160,#4302);
#4300=LINE('',#382,#4303);
#4301=LINE('',#40,#4304);
#4302=VECTOR('',#4305,1.0);
#4303=VECTOR('',#4306,1.0);
#4304=VECTOR('',#4307,1.0);
#4305=DIRECTION('',(-0.7513940993995951,-0.6598537015031978,0));
#4306=DIRECTION('',(0.8588728498987378,-0.5121888594130297,0));
#4307=DIRECTION('',(-0.8518084185201862,0.5238534319236052,0));
#4308=STYLED_ITEM('',(#18),#4309);
#4309=FACE_SURFACE('',(#4314),#4310,.T.);
#4310=PLANE('',#4311);
#4311=AXIS2_PLACEMENT_3D('',#118,#4312,#4313);
#4312=DIRECTION('',(0,0,1));
#4313=DIRECTION('',(-0.5538184762778627,-0.8326374333005132,0));
#4314=FACE_BOUND('',#4315,.T.);
#4315=EDGE_LOOP('',(#4316,#4317,#4318));
#4316=ORIENTED_EDGE('',*,*,#4319,.T.);
#4317=ORIENTED_EDGE('',*,*,#4320,.T.);
#4318=ORIENTED_EDGE('',*,*,#4321,.T.);
#4319=EDGE_CURVE('',#119,#159,#4322,.F.);
#4320=EDGE_CURVE('',#159,#41,#4323,.T.);
#4321=EDGE_CURVE('',#41,#119,#4324,.T.);
#4322=LINE('',#118,#4325);
#4323=LINE('',#158,#4326);
#4324=LINE('',#40,#4327);
#4325=VECTOR('',#4328,1.0);
#4326=VECTOR('',#4329,1.0);
#4327=VECTOR('',#4330,1.0);
#4328=DIRECTION('',(-0.5538184762778627,-0.8326374333005132,0));
#4329=DIRECTION('',(0.8443060634992312,-0.5358612424298216,0));
#4330=DIRECTION('',(-0.8365330151251231,0.5479165215666255,0));
#4331=STYLED_ITEM('',(#18),#4332);
#4332=FACE_SURFACE('',(#4337),#4333,.T.);
#4333=PLANE('',#4334);
#4334=AXIS2_PLACEMENT_3D('',#220,#4335,#4336);
#4335=DIRECTION('',(-0.9976303284229832,-0.06880209161538071,0));
#4336=DIRECTION('',(0.01741391497248962,-0.25250176710109,-0.967439720693831));
#4337=FACE_BOUND('',#4338,.T.);
#4338=EDGE_LOOP('',(#4339,#4340,#4341));
#4339=ORIENTED_EDGE('',*,*,#4342,.T.);
#4340=ORIENTED_EDGE('',*,*,#4343,.T.);
#4341=ORIENTED_EDGE('',*,*,#4344,.T.);
#4342=EDGE_CURVE('',#221,#385,#4345,.F.);
#4343=EDGE_CURVE('',#385,#219,#4346,.T.);
#4344=EDGE_CURVE('',#219,#221,#4347,.T.);
#4345=LINE('',#220,#4348);
#4346=LINE('',#384,#4349);
#4347=LINE('',#218,#4350);
#4348=VECTOR('',#4351,1.0);
#4349=VECTOR('',#4352,1.0);
#4350=VECTOR('',#4353,1.0);
#4351=DIRECTION('',(0.01741391497248962,-0.25250176710109,-0.967439720693831));
#4352=DIRECTION('',(0,0,1));
#4353=DIRECTION('',(-0.06880209161538071,0.9976303284229832,0));
#4354=STYLED_ITEM('',(#18),#4355);
#4355=FACE_SURFACE('',(#4360),#4356,.T.);
#4356=PLANE('',#4357);
#4357=AXIS2_PLACEMENT_3D('',#382,#4358,#4359);
#4358=DIRECTION('',(0,0,1));
#4359=DIRECTION('',(-0.8326374333005132,-0.5538184762778627,0));
#4360=FACE_BOUND('',#4361,.T.);
#4361=EDGE_LOOP('',(#4362,#4363,#4364));
#4362=ORIENTED_EDGE('',*,*,#4365,.T.);
#4363=ORIENTED_EDGE('',*,*,#4366,.T.);
#4364=ORIENTED_EDGE('',*,*,#4367,.T.);
#4365=EDGE_CURVE('',#383,#387,#4368,.F.);
#4366=EDGE_CURVE('',#387,#41,#4369,.T.);
#4367=EDGE_CURVE('',#41,#383,#4370,.T.);
#4368=LINE('',#382,#4371);
#4369=LINE('',#386,#4372);
#4370=LINE('',#40,#4373);
#4371=VECTOR('',#4374,1.0);
#4372=VECTOR('',#4375,1.0);
#4373=VECTOR('',#4376,1.0);
#4374=DIRECTION('',(-0.8326374333005132,-0.5538184762778627,0));
#4375=DIRECTION('',(0.8653460408408835,-0.5011748493300598,0));
#4376=DIRECTION('',(-0.8588728498987378,0.5121888594130297,0));
#4377=STYLED_ITEM('',(#18),#4378);
#4378=FACE_SURFACE('',(#4383),#4379,.T.);
#4379=PLANE('',#4380);
#4380=AXIS2_PLACEMENT_3D('',#388,#4381,#4382);
#4381=DIRECTION('',(0,0,-1));
#4382=DIRECTION('',(0.6209847202133585,0.7838226695251527,0));
#4383=FACE_BOUND('',#4384,.T.);
#4384=EDGE_LOOP('',(#4385,#4386,#4387));
#4385=ORIENTED_EDGE('',*,*,#4388,.T.);
#4386=ORIENTED_EDGE('',*,*,#4389,.T.);
#4387=ORIENTED_EDGE('',*,*,#4390,.T.);
#4388=EDGE_CURVE('',#389,#43,#4391,.F.);
#4389=EDGE_CURVE('',#43,#391,#4392,.T.);
#4390=EDGE_CURVE('',#391,#389,#4393,.T.);
#4391=LINE('',#388,#4394);
#4392=LINE('',#42,#4395);
#4393=LINE('',#390,#4396);
#4394=VECTOR('',#4397,1.0);
#4395=VECTOR('',#4398,1.0);
#4396=VECTOR('',#4399,1.0);
#4397=DIRECTION('',(0.6209847202133585,0.7838226695251527,0));
#4398=DIRECTION('',(-0.5350420266492183,-0.8448254433426453,0));
#4399=DIRECTION('',(-0.5538184762778717,0.8326374333005072,0));
#4400=STYLED_ITEM('',(#18),#4401);
#4401=FACE_SURFACE('',(#4406),#4402,.T.);
#4402=PLANE('',#4403);
#4403=AXIS2_PLACEMENT_3D('',#384,#4404,#4405);
#4404=DIRECTION('',(-0.9976303284229832,0.06880209161538071,0));
#4405=DIRECTION('',(-0.01741391497248962,-0.25250176710109,0.967439720693831));
#4406=FACE_BOUND('',#4407,.T.);
#4407=EDGE_LOOP('',(#4408,#4409,#4410));
#4408=ORIENTED_EDGE('',*,*,#4411,.T.);
#4409=ORIENTED_EDGE('',*,*,#4412,.T.);
#4410=ORIENTED_EDGE('',*,*,#4413,.T.);
#4411=EDGE_CURVE('',#385,#335,#4414,.F.);
#4412=EDGE_CURVE('',#335,#219,#4415,.T.);
#4413=EDGE_CURVE('',#219,#385,#4416,.T.);
#4414=LINE('',#384,#4417);
#4415=LINE('',#334,#4418);
#4416=LINE('',#218,#4419);
#4417=VECTOR('',#4420,1.0);
#4418=VECTOR('',#4421,1.0);
#4419=VECTOR('',#4422,1.0);
#4420=DIRECTION('',(-0.01741391497248962,-0.25250176710109,0.967439720693831));
#4421=DIRECTION('',(0.06880209161538071,0.9976303284229832,0));
#4422=DIRECTION('',(0,0,-1));
#4423=STYLED_ITEM('',(#18),#4424);
#4424=FACE_SURFACE('',(#4429),#4425,.T.);
#4425=PLANE('',#4426);
#4426=AXIS2_PLACEMENT_3D('',#386,#4427,#4428);
#4427=DIRECTION('',(0,0,1));
#4428=DIRECTION('',(-0.8967049296897797,-0.44262881635750634,0));
#4429=FACE_BOUND('',#4430,.T.);
#4430=EDGE_LOOP('',(#4431,#4432,#4433));
#4431=ORIENTED_EDGE('',*,*,#4434,.T.);
#4432=ORIENTED_EDGE('',*,*,#4435,.T.);
#4433=ORIENTED_EDGE('',*,*,#4436,.T.);
#4434=EDGE_CURVE('',#387,#369,#4437,.F.);
#4435=EDGE_CURVE('',#369,#41,#4438,.T.);
#4436=EDGE_CURVE('',#41,#387,#4439,.T.);
#4437=LINE('',#386,#4440);
#4438=LINE('',#368,#4441);
#4439=LINE('',#40,#4442);
#4440=VECTOR('',#4443,1.0);
#4441=VECTOR('',#4444,1.0);
#4442=VECTOR('',#4445,1.0);
#4443=DIRECTION('',(-0.8967049296897797,-0.44262881635750634,0));
#4444=DIRECTION('',(0.8711538785730328,-0.49101010157344155,0));
#4445=DIRECTION('',(-0.8653460408408835,0.5011748493300598,0));
#4446=STYLED_ITEM('',(#18),#4447);
#4447=FACE_SURFACE('',(#4452),#4448,.T.);
#4448=PLANE('',#4449);
#4449=AXIS2_PLACEMENT_3D('',#376,#4450,#4451);
#4450=DIRECTION('',(-0,0,1));
#4451=DIRECTION('',(-0.3617613548878765,-0.9322707343415259,0));
#4452=FACE_BOUND('',#4453,.T.);
#4453=EDGE_LOOP('',(#4454,#4455,#4456));
#4454=ORIENTED_EDGE('',*,*,#4457,.T.);
#4455=ORIENTED_EDGE('',*,*,#4458,.T.);
#4456=ORIENTED_EDGE('',*,*,#4459,.T.);
#4457=EDGE_CURVE('',#377,#55,#4460,.F.);
#4458=EDGE_CURVE('',#55,#369,#4461,.T.);
#4459=EDGE_CURVE('',#369,#377,#4462,.T.);
#4460=LINE('',#376,#4463);
#4461=LINE('',#54,#4464);
#4462=LINE('',#368,#4465);
#4463=VECTOR('',#4466,1.0);
#4464=VECTOR('',#4467,1.0);
#4465=VECTOR('',#4468,1.0);
#4466=DIRECTION('',(-0.3617613548878765,-0.9322707343415259,0));
#4467=DIRECTION('',(0.3806074737592654,0.9247366927502068,0));
#4468=DIRECTION('',(-0.9471445756278127,-0.3208070336803899,0));
#4469=STYLED_ITEM('',(#18),#4470);
#4470=FACE_SURFACE('',(#4475),#4471,.T.);
#4471=PLANE('',#4472);
#4472=AXIS2_PLACEMENT_3D('',#370,#4473,#4474);
#4473=DIRECTION('',(0,0,-1));
#4474=DIRECTION('',(-0.9471445756278124,0.32080703368039065,0));
#4475=FACE_BOUND('',#4476,.T.);
#4476=EDGE_LOOP('',(#4477,#4478,#4479));
#4477=ORIENTED_EDGE('',*,*,#4480,.T.);
#4478=ORIENTED_EDGE('',*,*,#4481,.T.);
#4479=ORIENTED_EDGE('',*,*,#4482,.T.);
#4480=EDGE_CURVE('',#371,#393,#4483,.F.);
#4481=EDGE_CURVE('',#393,#43,#4484,.T.);
#4482=EDGE_CURVE('',#43,#371,#4485,.T.);
#4483=LINE('',#370,#4486);
#4484=LINE('',#392,#4487);
#4485=LINE('',#42,#4488);
#4486=VECTOR('',#4489,1.0);
#4487=VECTOR('',#4490,1.0);
#4488=VECTOR('',#4491,1.0);
#4489=DIRECTION('',(-0.9471445756278124,0.32080703368039065,0));
#4490=DIRECTION('',(0.9188383789469818,0.3946340499425798,0));
#4491=DIRECTION('',(-0.8891119936830681,-0.4576897013140231,0));
#4492=STYLED_ITEM('',(#18),#4493);
#4493=FACE_SURFACE('',(#4498),#4494,.T.);
#4494=PLANE('',#4495);
#4495=AXIS2_PLACEMENT_3D('',#42,#4496,#4497);
#4496=DIRECTION('',(0,0,-1));
#4497=DIRECTION('',(-0.9188383789469818,-0.3946340499425798,0));
#4498=FACE_BOUND('',#4499,.T.);
#4499=EDGE_LOOP('',(#4500,#4501,#4502));
#4500=ORIENTED_EDGE('',*,*,#4503,.T.);
#4501=ORIENTED_EDGE('',*,*,#4504,.T.);
#4502=ORIENTED_EDGE('',*,*,#4505,.T.);
#4503=EDGE_CURVE('',#43,#393,#4506,.F.);
#4504=EDGE_CURVE('',#393,#395,#4507,.T.);
#4505=EDGE_CURVE('',#395,#43,#4508,.T.);
#4506=LINE('',#42,#4509);
#4507=LINE('',#392,#4510);
#4508=LINE('',#394,#4511);
#4509=VECTOR('',#4512,1.0);
#4510=VECTOR('',#4513,1.0);
#4511=VECTOR('',#4514,1.0);
#4512=DIRECTION('',(-0.9188383789469818,-0.3946340499425798,0));
#4513=DIRECTION('',(-0.9808731636385997,0.1946479818893714,0));
#4514=DIRECTION('',(0.9376868013449672,0.34748160035236997,0));
#4515=STYLED_ITEM('',(#18),#4516);
#4516=FACE_SURFACE('',(#4521),#4517,.T.);
#4517=PLANE('',#4518);
#4518=AXIS2_PLACEMENT_3D('',#42,#4519,#4520);
#4519=DIRECTION('',(0,0,-1));
#4520=DIRECTION('',(-0.9376868013449672,-0.34748160035236997,0));
#4521=FACE_BOUND('',#4522,.T.);
#4522=EDGE_LOOP('',(#4523,#4524,#4525));
#4523=ORIENTED_EDGE('',*,*,#4526,.T.);
#4524=ORIENTED_EDGE('',*,*,#4527,.T.);
#4525=ORIENTED_EDGE('',*,*,#4528,.T.);
#4526=EDGE_CURVE('',#43,#395,#4529,.F.);
#4527=EDGE_CURVE('',#395,#397,#4530,.T.);
#4528=EDGE_CURVE('',#397,#43,#4531,.T.);
#4529=LINE('',#42,#4532);
#4530=LINE('',#394,#4533);
#4531=LINE('',#396,#4534);
#4532=VECTOR('',#4535,1.0);
#4533=VECTOR('',#4536,1.0);
#4534=VECTOR('',#4537,1.0);
#4535=DIRECTION('',(-0.9376868013449672,-0.34748160035236997,0));
#4536=DIRECTION('',(-0.997885500156359,0.06499637357340252,0));
#4537=DIRECTION('',(0.9488729017996006,0.31565838533200047,0));
#4538=STYLED_ITEM('',(#18),#4539);
#4539=FACE_SURFACE('',(#4544),#4540,.T.);
#4540=PLANE('',#4541);
#4541=AXIS2_PLACEMENT_3D('',#356,#4542,#4543);
#4542=DIRECTION('',(0,0,-1));
#4543=DIRECTION('',(-0.8639048551499939,0.5036550419168542,0));
#4544=FACE_BOUND('',#4545,.T.);
#4545=EDGE_LOOP('',(#4546,#4547,#4548));
#4546=ORIENTED_EDGE('',*,*,#4549,.T.);
#4547=ORIENTED_EDGE('',*,*,#4550,.T.);
#4548=ORIENTED_EDGE('',*,*,#4551,.T.);
#4549=EDGE_CURVE('',#357,#167,#4552,.F.);
#4550=EDGE_CURVE('',#167,#397,#4553,.T.);
#4551=EDGE_CURVE('',#397,#357,#4554,.T.);
#4552=LINE('',#356,#4555);
#4553=LINE('',#166,#4556);
#4554=LINE('',#396,#4557);
#4555=VECTOR('',#4558,1.0);
#4556=VECTOR('',#4559,1.0);
#4557=VECTOR('',#4560,1.0);
#4558=DIRECTION('',(-0.8639048551499939,0.5036550419168542,0));
#4559=DIRECTION('',(0.89496298887989,-0.44614039106000497,0));
#4560=DIRECTION('',(-0.997885500156359,-0.06499637357340252,0));
#4561=STYLED_ITEM('',(#18),#4562);
#4562=FACE_SURFACE('',(#4567),#4563,.T.);
#4563=PLANE('',#4564);
#4564=AXIS2_PLACEMENT_3D('',#354,#4565,#4566);
#4565=DIRECTION('',(-0,0,-1));
#4566=DIRECTION('',(-0.9471445756278124,-0.32080703368039065,0));
#4567=FACE_BOUND('',#4568,.T.);
#4568=EDGE_LOOP('',(#4569,#4570,#4571));
#4569=ORIENTED_EDGE('',*,*,#4572,.T.);
#4570=ORIENTED_EDGE('',*,*,#4573,.T.);
#4571=ORIENTED_EDGE('',*,*,#4574,.T.);
#4572=EDGE_CURVE('',#355,#317,#4575,.F.);
#4573=EDGE_CURVE('',#317,#167,#4576,.T.);
#4574=EDGE_CURVE('',#167,#355,#4577,.T.);
#4575=LINE('',#354,#4578);
#4576=LINE('',#316,#4579);
#4577=LINE('',#166,#4580);
#4578=VECTOR('',#4581,1.0);
#4579=VECTOR('',#4582,1.0);
#4580=VECTOR('',#4583,1.0);
#4581=DIRECTION('',(-0.9471445756278124,-0.32080703368039065,0));
#4582=DIRECTION('',(-0.7321180387578579,0.6811777868701737,0));
#4583=DIRECTION('',(0.8121774476294482,-0.583410484617919,0));
#4584=STYLED_ITEM('',(#18),#4585);
#4585=FACE_SURFACE('',(#4590),#4586,.T.);
#4586=PLANE('',#4587);
#4587=AXIS2_PLACEMENT_3D('',#42,#4588,#4589);
#4588=DIRECTION('',(-0,0,-1));
#4589=DIRECTION('',(-0.9488729017996006,-0.31565838533200047,0));
#4590=FACE_BOUND('',#4591,.T.);
#4591=EDGE_LOOP('',(#4592,#4593,#4594));
#4592=ORIENTED_EDGE('',*,*,#4595,.T.);
#4593=ORIENTED_EDGE('',*,*,#4596,.T.);
#4594=ORIENTED_EDGE('',*,*,#4597,.T.);
#4595=EDGE_CURVE('',#43,#397,#4598,.F.);
#4596=EDGE_CURVE('',#397,#167,#4599,.T.);
#4597=EDGE_CURVE('',#167,#43,#4600,.T.);
#4598=LINE('',#42,#4601);
#4599=LINE('',#396,#4602);
#4600=LINE('',#166,#4603);
#4601=VECTOR('',#4604,1.0);
#4602=VECTOR('',#4605,1.0);
#4603=VECTOR('',#4606,1.0);
#4604=DIRECTION('',(-0.9488729017996006,-0.31565838533200047,0));
#4605=DIRECTION('',(-0.89496298887989,0.44614039106000497,0));
#4606=DIRECTION('',(1,0,0));
#4607=STYLED_ITEM('',(#18),#4608);
#4608=FACE_SURFACE('',(#4613),#4609,.T.);
#4609=PLANE('',#4610);
#4610=AXIS2_PLACEMENT_3D('',#346,#4611,#4612);
#4611=DIRECTION('',(-0.9471445756278137,0.3208070336803868,0));
#4612=DIRECTION('',(0,0,1));
#4613=FACE_BOUND('',#4614,.T.);
#4614=EDGE_LOOP('',(#4615,#4616,#4617));
#4615=ORIENTED_EDGE('',*,*,#4618,.T.);
#4616=ORIENTED_EDGE('',*,*,#4619,.T.);
#4617=ORIENTED_EDGE('',*,*,#4620,.T.);
#4618=EDGE_CURVE('',#347,#249,#4621,.F.);
#4619=EDGE_CURVE('',#249,#251,#4622,.T.);
#4620=EDGE_CURVE('',#251,#347,#4623,.T.);
#4621=LINE('',#346,#4624);
#4622=LINE('',#248,#4625);
#4623=LINE('',#250,#4626);
#4624=VECTOR('',#4627,1.0);
#4625=VECTOR('',#4628,1.0);
#4626=VECTOR('',#4629,1.0);
#4627=DIRECTION('',(0,0,1));
#4628=DIRECTION('',(0.3208070336803868,0.9471445756278137,0));
#4629=DIRECTION('',(-0.08126056349457839,-0.23991213984113746,-0.967387660649747));
#4630=STYLED_ITEM('',(#18),#4631);
#4631=FACE_SURFACE('',(#4636),#4632,.T.);
#4632=PLANE('',#4633);
#4633=AXIS2_PLACEMENT_3D('',#224,#4634,#4635);
#4634=DIRECTION('',(0.9471445756278137,-0.3208070336803868,0));
#4635=DIRECTION('',(0,0,1));
#4636=FACE_BOUND('',#4637,.T.);
#4637=EDGE_LOOP('',(#4638,#4639,#4640));
#4638=ORIENTED_EDGE('',*,*,#4641,.T.);
#4639=ORIENTED_EDGE('',*,*,#4642,.T.);
#4640=ORIENTED_EDGE('',*,*,#4643,.T.);
#4641=EDGE_CURVE('',#225,#179,#4644,.F.);
#4642=EDGE_CURVE('',#179,#227,#4645,.T.);
#4643=EDGE_CURVE('',#227,#225,#4646,.T.);
#4644=LINE('',#224,#4647);
#4645=LINE('',#178,#4648);
#4646=LINE('',#226,#4649);
#4647=VECTOR('',#4650,1.0);
#4648=VECTOR('',#4651,1.0);
#4649=VECTOR('',#4652,1.0);
#4650=DIRECTION('',(0,0,1));
#4651=DIRECTION('',(-0.08126056349457839,-0.23991213984113746,-0.967387660649747));
#4652=DIRECTION('',(0.3208070336803868,0.9471445756278137,0));
#4653=STYLED_ITEM('',(#18),#4654);
#4654=FACE_SURFACE('',(#4659),#4655,.T.);
#4655=PLANE('',#4656);
#4656=AXIS2_PLACEMENT_3D('',#344,#4657,#4658);
#4657=DIRECTION('',(0,0,-1));
#4658=DIRECTION('',(0.19464798188936616,0.9808731636386006,0));
#4659=FACE_BOUND('',#4660,.T.);
#4660=EDGE_LOOP('',(#4661,#4662,#4663));
#4661=ORIENTED_EDGE('',*,*,#4664,.T.);
#4662=ORIENTED_EDGE('',*,*,#4665,.T.);
#4663=ORIENTED_EDGE('',*,*,#4666,.T.);
#4664=EDGE_CURVE('',#345,#399,#4667,.F.);
#4665=EDGE_CURVE('',#399,#47,#4668,.T.);
#4666=EDGE_CURVE('',#47,#345,#4669,.T.);
#4667=LINE('',#344,#4670);
#4668=LINE('',#398,#4671);
#4669=LINE('',#46,#4672);
#4670=VECTOR('',#4673,1.0);
#4671=VECTOR('',#4674,1.0);
#4672=VECTOR('',#4675,1.0);
#4673=DIRECTION('',(0.19464798188936616,0.9808731636386006,0));
#4674=DIRECTION('',(0.09409596598084295,-0.9955631316928787,0));
#4675=DIRECTION('',(-0.10117628652289613,0.9948685134455894,0));
#4676=STYLED_ITEM('',(#18),#4677);
#4677=FACE_SURFACE('',(#4682),#4678,.T.);
#4678=PLANE('',#4679);
#4679=AXIS2_PLACEMENT_3D('',#42,#4680,#4681);
#4680=DIRECTION('',(0,-0,-1));
#4681=DIRECTION('',(0,-1,0));
#4682=FACE_BOUND('',#4683,.T.);
#4683=EDGE_LOOP('',(#4684,#4685,#4686));
#4684=ORIENTED_EDGE('',*,*,#4687,.T.);
#4685=ORIENTED_EDGE('',*,*,#4688,.T.);
#4686=ORIENTED_EDGE('',*,*,#4689,.T.);
#4687=EDGE_CURVE('',#43,#47,#4690,.F.);
#4688=EDGE_CURVE('',#47,#399,#4691,.T.);
#4689=EDGE_CURVE('',#399,#43,#4692,.T.);
#4690=LINE('',#42,#4693);
#4691=LINE('',#46,#4694);
#4692=LINE('',#398,#4695);
#4693=VECTOR('',#4696,1.0);
#4694=VECTOR('',#4697,1.0);
#4695=VECTOR('',#4698,1.0);
#4696=DIRECTION('',(0,-1,0));
#4697=DIRECTION('',(-0.09409596598084295,0.9955631316928787,0));
#4698=DIRECTION('',(0.2971911314636588,0.9548180095595968,0));
#4699=STYLED_ITEM('',(#18),#4700);
#4700=FACE_SURFACE('',(#4705),#4701,.T.);
#4701=PLANE('',#4702);
#4702=AXIS2_PLACEMENT_3D('',#42,#4703,#4704);
#4703=DIRECTION('',(0,0,-1));
#4704=DIRECTION('',(-0.2971911314636588,-0.9548180095595968,0));
#4705=FACE_BOUND('',#4706,.T.);
#4706=EDGE_LOOP('',(#4707,#4708,#4709));
#4707=ORIENTED_EDGE('',*,*,#4710,.T.);
#4708=ORIENTED_EDGE('',*,*,#4711,.T.);
#4709=ORIENTED_EDGE('',*,*,#4712,.T.);
#4710=EDGE_CURVE('',#43,#399,#4713,.F.);
#4711=EDGE_CURVE('',#399,#385,#4714,.T.);
#4712=EDGE_CURVE('',#385,#43,#4715,.T.);
#4713=LINE('',#42,#4716);
#4714=LINE('',#398,#4717);
#4715=LINE('',#384,#4718);
#4716=VECTOR('',#4719,1.0);
#4717=VECTOR('',#4720,1.0);
#4718=VECTOR('',#4721,1.0);
#4719=DIRECTION('',(-0.2971911314636588,-0.9548180095595968,0));
#4720=DIRECTION('',(0.06880209161538071,0.9976303284229832,0));
#4721=DIRECTION('',(0.31537356702429653,0.9489676038845434,0));
#4722=STYLED_ITEM('',(#18),#4723);
#4723=FACE_SURFACE('',(#4728),#4724,.T.);
#4724=PLANE('',#4725);
#4725=AXIS2_PLACEMENT_3D('',#384,#4726,#4727);
#4726=DIRECTION('',(0,0,-1));
#4727=DIRECTION('',(-0.06880209161538071,0.9976303284229832,0));
#4728=FACE_BOUND('',#4729,.T.);
#4729=EDGE_LOOP('',(#4730,#4731,#4732));
#4730=ORIENTED_EDGE('',*,*,#4733,.T.);
#4731=ORIENTED_EDGE('',*,*,#4734,.T.);
#4732=ORIENTED_EDGE('',*,*,#4735,.T.);
#4733=EDGE_CURVE('',#385,#337,#4736,.F.);
#4734=EDGE_CURVE('',#337,#43,#4737,.T.);
#4735=EDGE_CURVE('',#43,#385,#4738,.T.);
#4736=LINE('',#384,#4739);
#4737=LINE('',#336,#4740);
#4738=LINE('',#42,#4741);
#4739=VECTOR('',#4742,1.0);
#4740=VECTOR('',#4743,1.0);
#4741=VECTOR('',#4744,1.0);
#4742=DIRECTION('',(-0.06880209161538071,0.9976303284229832,0));
#4743=DIRECTION('',(0.34748160035237025,0.937686801344967,0));
#4744=DIRECTION('',(-0.31537356702429653,-0.9489676038845434,0));
#4745=STYLED_ITEM('',(#18),#4746);
#4746=FACE_SURFACE('',(#4751),#4747,.T.);
#4747=PLANE('',#4748);
#4748=AXIS2_PLACEMENT_3D('',#330,#4749,#4750);
#4749=DIRECTION('',(0,0,-1));
#4750=DIRECTION('',(-0.4426288163575071,0.8967049296897794,0));
#4751=FACE_BOUND('',#4752,.T.);
#4752=EDGE_LOOP('',(#4753,#4754,#4755));
#4753=ORIENTED_EDGE('',*,*,#4756,.T.);
#4754=ORIENTED_EDGE('',*,*,#4757,.T.);
#4755=ORIENTED_EDGE('',*,*,#4758,.T.);
#4756=EDGE_CURVE('',#331,#391,#4759,.F.);
#4757=EDGE_CURVE('',#391,#43,#4760,.T.);
#4758=EDGE_CURVE('',#43,#331,#4761,.T.);
#4759=LINE('',#330,#4762);
#4760=LINE('',#390,#4763);
#4761=LINE('',#42,#4764);
#4762=VECTOR('',#4765,1.0);
#4763=VECTOR('',#4766,1.0);
#4764=VECTOR('',#4767,1.0);
#4765=DIRECTION('',(-0.4426288163575071,0.8967049296897794,0));
#4766=DIRECTION('',(0.5350420266492183,0.8448254433426453,0));
#4767=DIRECTION('',(-0.4576897013140229,-0.8891119936830683,0));
#4768=STYLED_ITEM('',(#18),#4769);
#4769=FACE_SURFACE('',(#4774),#4770,.T.);
#4770=PLANE('',#4771);
#4771=AXIS2_PLACEMENT_3D('',#388,#4772,#4773);
#4772=DIRECTION('',(0,0,-1));
#4773=DIRECTION('',(-0.6598537015031943,0.7513940993995981,0));
#4774=FACE_BOUND('',#4775,.T.);
#4775=EDGE_LOOP('',(#4776,#4777,#4778));
#4776=ORIENTED_EDGE('',*,*,#4779,.T.);
#4777=ORIENTED_EDGE('',*,*,#4780,.T.);
#4778=ORIENTED_EDGE('',*,*,#4781,.T.);
#4779=EDGE_CURVE('',#389,#379,#4782,.F.);
#4780=EDGE_CURVE('',#379,#43,#4783,.T.);
#4781=EDGE_CURVE('',#43,#389,#4784,.T.);
#4782=LINE('',#388,#4785);
#4783=LINE('',#378,#4786);
#4784=LINE('',#42,#4787);
#4785=VECTOR('',#4788,1.0);
#4786=VECTOR('',#4789,1.0);
#4787=VECTOR('',#4790,1.0);
#4788=DIRECTION('',(-0.6598537015031943,0.7513940993995981,0));
#4789=DIRECTION('',(0.7071067811865475,0.7071067811865477,0));
#4790=DIRECTION('',(-0.6209847202133585,-0.7838226695251527,0));
#4791=STYLED_ITEM('',(#18),#4792);
#4792=FACE_SURFACE('',(#4797),#4793,.T.);
#4793=PLANE('',#4794);
#4794=AXIS2_PLACEMENT_3D('',#366,#4795,#4796);
#4795=DIRECTION('',(0,0,1));
#4796=DIRECTION('',(-0.11166771953052436,-0.9937456014568578,0));
#4797=FACE_BOUND('',#4798,.T.);
#4798=EDGE_LOOP('',(#4799,#4800,#4801));
#4799=ORIENTED_EDGE('',*,*,#4802,.T.);
#4800=ORIENTED_EDGE('',*,*,#4803,.T.);
#4801=ORIENTED_EDGE('',*,*,#4804,.T.);
#4802=EDGE_CURVE('',#367,#55,#4805,.F.);
#4803=EDGE_CURVE('',#55,#363,#4806,.T.);
#4804=EDGE_CURVE('',#363,#367,#4807,.T.);
#4805=LINE('',#366,#4808);
#4806=LINE('',#54,#4809);
#4807=LINE('',#362,#4810);
#4808=VECTOR('',#4811,1.0);
#4809=VECTOR('',#4812,1.0);
#4810=VECTOR('',#4813,1.0);
#4811=DIRECTION('',(-0.11166771953052436,-0.9937456014568578,0));
#4812=DIRECTION('',(0.1256098531516716,0.9920797169538421,0));
#4813=DIRECTION('',(-0.4426288163575078,0.8967049296897791,0));
#4814=STYLED_ITEM('',(#18),#4815);
#4815=FACE_SURFACE('',(#4820),#4816,.T.);
#4816=PLANE('',#4817);
#4817=AXIS2_PLACEMENT_3D('',#346,#4818,#4819);
#4818=DIRECTION('',(-0.8967049296897797,0.44262881635750634,0));
#4819=DIRECTION('',(-0.44262881635750634,-0.8967049296897797,0));
#4820=FACE_BOUND('',#4821,.T.);
#4821=EDGE_LOOP('',(#4822,#4823,#4824));
#4822=ORIENTED_EDGE('',*,*,#4825,.T.);
#4823=ORIENTED_EDGE('',*,*,#4826,.T.);
#4824=ORIENTED_EDGE('',*,*,#4827,.T.);
#4825=EDGE_CURVE('',#347,#349,#4828,.F.);
#4826=EDGE_CURVE('',#349,#249,#4829,.T.);
#4827=EDGE_CURVE('',#249,#347,#4830,.T.);
#4828=LINE('',#346,#4831);
#4829=LINE('',#348,#4832);
#4830=LINE('',#248,#4833);
#4831=VECTOR('',#4834,1.0);
#4832=VECTOR('',#4835,1.0);
#4833=VECTOR('',#4836,1.0);
#4834=DIRECTION('',(-0.44262881635750634,-0.8967049296897797,0));
#4835=DIRECTION('',(0.11221061564623155,0.22732322997297008,0.967332893501999));
#4836=DIRECTION('',(0,0,-1));
#4837=STYLED_ITEM('',(#18),#4838);
#4838=FACE_SURFACE('',(#4843),#4839,.T.);
#4839=PLANE('',#4840);
#4840=AXIS2_PLACEMENT_3D('',#282,#4841,#4842);
#4841=DIRECTION('',(0,-0,-1));
#4842=DIRECTION('',(0.6598537015031978,-0.7513940993995951,0));
#4843=FACE_BOUND('',#4844,.T.);
#4844=EDGE_LOOP('',(#4845,#4846,#4847));
#4845=ORIENTED_EDGE('',*,*,#4848,.T.);
#4846=ORIENTED_EDGE('',*,*,#4849,.T.);
#4847=ORIENTED_EDGE('',*,*,#4850,.T.);
#4848=EDGE_CURVE('',#283,#211,#4851,.F.);
#4849=EDGE_CURVE('',#211,#53,#4852,.T.);
#4850=EDGE_CURVE('',#53,#283,#4853,.T.);
#4851=LINE('',#282,#4854);
#4852=LINE('',#210,#4855);
#4853=LINE('',#52,#4856);
#4854=VECTOR('',#4857,1.0);
#4855=VECTOR('',#4858,1.0);
#4856=VECTOR('',#4859,1.0);
#4857=DIRECTION('',(0.6598537015031978,-0.7513940993995951,0));
#4858=DIRECTION('',(-0.8518084185201862,-0.5238534319236052,0));
#4859=DIRECTION('',(0.8443060634992312,0.5358612424298216,0));
#4860=STYLED_ITEM('',(#18),#4861);
#4861=FACE_SURFACE('',(#4866),#4862,.T.);
#4862=PLANE('',#4863);
#4863=AXIS2_PLACEMENT_3D('',#46,#4864,#4865);
#4864=DIRECTION('',(0,0,-1));
#4865=DIRECTION('',(-1,0,0));
#4866=FACE_BOUND('',#4867,.T.);
#4867=EDGE_LOOP('',(#4868,#4869,#4870));
#4868=ORIENTED_EDGE('',*,*,#4871,.T.);
#4869=ORIENTED_EDGE('',*,*,#4872,.T.);
#4870=ORIENTED_EDGE('',*,*,#4873,.T.);
#4871=EDGE_CURVE('',#47,#53,#4874,.F.);
#4872=EDGE_CURVE('',#53,#199,#4875,.T.);
#4873=EDGE_CURVE('',#199,#47,#4876,.T.);
#4874=LINE('',#46,#4877);
#4875=LINE('',#52,#4878);
#4876=LINE('',#198,#4879);
#4877=VECTOR('',#4880,1.0);
#4878=VECTOR('',#4881,1.0);
#4879=VECTOR('',#4882,1.0);
#4880=DIRECTION('',(-1,0,0));
#4881=DIRECTION('',(0.8711538785730328,0.49101010157344155,0));
#4882=DIRECTION('',(0.38060747375926524,-0.9247366927502068,0));
#4883=STYLED_ITEM('',(#18),#4884);
#4884=FACE_SURFACE('',(#4889),#4885,.T.);
#4885=PLANE('',#4886);
#4886=AXIS2_PLACEMENT_3D('',#222,#4887,#4888);
#4887=DIRECTION('',(0,0,-1));
#4888=DIRECTION('',(0.9808731636385997,-0.1946479818893714,0));
#4889=FACE_BOUND('',#4890,.T.);
#4890=EDGE_LOOP('',(#4891,#4892,#4893));
#4891=ORIENTED_EDGE('',*,*,#4894,.T.);
#4892=ORIENTED_EDGE('',*,*,#4895,.T.);
#4893=ORIENTED_EDGE('',*,*,#4896,.T.);
#4894=EDGE_CURVE('',#223,#401,#4897,.F.);
#4895=EDGE_CURVE('',#401,#47,#4898,.T.);
#4896=EDGE_CURVE('',#47,#223,#4899,.T.);
#4897=LINE('',#222,#4900);
#4898=LINE('',#400,#4901);
#4899=LINE('',#46,#4902);
#4900=VECTOR('',#4903,1.0);
#4901=VECTOR('',#4904,1.0);
#4902=VECTOR('',#4905,1.0);
#4903=DIRECTION('',(0.9808731636385997,-0.1946479818893714,0));
#4904=DIRECTION('',(0.3401596330517142,-0.9403677068264963,0));
#4905=DIRECTION('',(-0.3617613548878766,0.9322707343415259,0));
#4906=STYLED_ITEM('',(#18),#4907);
#4907=FACE_SURFACE('',(#4912),#4908,.T.);
#4908=PLANE('',#4909);
#4909=AXIS2_PLACEMENT_3D('',#46,#4910,#4911);
#4910=DIRECTION('',(0,0,-1));
#4911=DIRECTION('',(-0.3401596330517142,0.9403677068264963,0));
#4912=FACE_BOUND('',#4913,.T.);
#4913=EDGE_LOOP('',(#4914,#4915,#4916));
#4914=ORIENTED_EDGE('',*,*,#4917,.T.);
#4915=ORIENTED_EDGE('',*,*,#4918,.T.);
#4916=ORIENTED_EDGE('',*,*,#4919,.T.);
#4917=EDGE_CURVE('',#47,#401,#4920,.F.);
#4918=EDGE_CURVE('',#401,#403,#4921,.T.);
#4919=EDGE_CURVE('',#403,#47,#4922,.T.);
#4920=LINE('',#46,#4923);
#4921=LINE('',#400,#4924);
#4922=LINE('',#402,#4925);
#4923=VECTOR('',#4926,1.0);
#4924=VECTOR('',#4927,1.0);
#4925=VECTOR('',#4928,1.0);
#4926=DIRECTION('',(-0.3401596330517142,0.9403677068264963,0));
#4927=DIRECTION('',(0.9976303284229832,-0.06880209161537756,0));
#4928=DIRECTION('',(0.3163226612331199,-0.9486516610381267,0));
#4929=STYLED_ITEM('',(#18),#4930);
#4930=FACE_SURFACE('',(#4935),#4931,.T.);
#4931=PLANE('',#4932);
#4932=AXIS2_PLACEMENT_3D('',#402,#4933,#4934);
#4933=DIRECTION('',(0,0,-1));
#4934=DIRECTION('',(0.9976303284229832,0.06880209161537756,0));
#4935=FACE_BOUND('',#4936,.T.);
#4936=EDGE_LOOP('',(#4937,#4938,#4939));
#4937=ORIENTED_EDGE('',*,*,#4940,.T.);
#4938=ORIENTED_EDGE('',*,*,#4941,.T.);
#4939=ORIENTED_EDGE('',*,*,#4942,.T.);
#4940=EDGE_CURVE('',#403,#259,#4943,.F.);
#4941=EDGE_CURVE('',#259,#47,#4944,.T.);
#4942=EDGE_CURVE('',#47,#403,#4945,.T.);
#4943=LINE('',#402,#4946);
#4944=LINE('',#258,#4947);
#4945=LINE('',#46,#4948);
#4946=VECTOR('',#4949,1.0);
#4947=VECTOR('',#4950,1.0);
#4948=VECTOR('',#4951,1.0);
#4949=DIRECTION('',(0.9976303284229832,0.06880209161537756,0));
#4950=DIRECTION('',(0.29070545660914127,-0.9568125926730222,0));
#4951=DIRECTION('',(-0.3163226612331199,0.9486516610381267,0));
#4952=STYLED_ITEM('',(#18),#4953);
#4953=FACE_SURFACE('',(#4958),#4954,.T.);
#4954=PLANE('',#4955);
#4955=AXIS2_PLACEMENT_3D('',#54,#4956,#4957);
#4956=DIRECTION('',(0,0,1));
#4957=DIRECTION('',(0.10117628652289623,0.9948685134455892,0));
#4958=FACE_BOUND('',#4959,.T.);
#4959=EDGE_LOOP('',(#4960,#4961,#4962));
#4960=ORIENTED_EDGE('',*,*,#4963,.T.);
#4961=ORIENTED_EDGE('',*,*,#4964,.T.);
#4962=ORIENTED_EDGE('',*,*,#4965,.T.);
#4963=EDGE_CURVE('',#55,#365,#4966,.F.);
#4964=EDGE_CURVE('',#365,#185,#4967,.T.);
#4965=EDGE_CURVE('',#185,#55,#4968,.T.);
#4966=LINE('',#54,#4969);
#4967=LINE('',#364,#4970);
#4968=LINE('',#184,#4971);
#4969=VECTOR('',#4972,1.0);
#4970=VECTOR('',#4973,1.0);
#4971=VECTOR('',#4974,1.0);
#4972=DIRECTION('',(0.10117628652289623,0.9948685134455892,0));
#4973=DIRECTION('',(-0.19464798188937268,0.9808731636385993,0));
#4974=DIRECTION('',(-0.09409596598084288,-0.9955631316928787,0));
#4975=STYLED_ITEM('',(#18),#4976);
#4976=FACE_SURFACE('',(#4981),#4977,.T.);
#4977=PLANE('',#4978);
#4978=AXIS2_PLACEMENT_3D('',#404,#4979,#4980);
#4979=DIRECTION('',(0,0,1));
#4980=DIRECTION('',(-0.31565838533200047,0.9488729017996006,0));
#4981=FACE_BOUND('',#4982,.T.);
#4982=EDGE_LOOP('',(#4983,#4984,#4985));
#4983=ORIENTED_EDGE('',*,*,#4986,.T.);
#4984=ORIENTED_EDGE('',*,*,#4987,.T.);
#4985=ORIENTED_EDGE('',*,*,#4988,.T.);
#4986=EDGE_CURVE('',#405,#49,#4989,.F.);
#4987=EDGE_CURVE('',#49,#185,#4990,.T.);
#4988=EDGE_CURVE('',#185,#405,#4991,.T.);
#4989=LINE('',#404,#4992);
#4990=LINE('',#48,#4993);
#4991=LINE('',#184,#4994);
#4992=VECTOR('',#4995,1.0);
#4993=VECTOR('',#4996,1.0);
#4994=VECTOR('',#4997,1.0);
#4995=DIRECTION('',(-0.31565838533200047,0.9488729017996006,0));
#4996=DIRECTION('',(0.2971911314636586,-0.954818009559597,0));
#4997=DIRECTION('',(-0.0649963735734023,0.997885500156359,0));
#4998=STYLED_ITEM('',(#18),#4999);
#4999=FACE_SURFACE('',(#5004),#5000,.T.);
#5000=PLANE('',#5001);
#5001=AXIS2_PLACEMENT_3D('',#406,#5002,#5003);
#5002=DIRECTION('',(0,-0,-1));
#5003=DIRECTION('',(0.9976303284229832,0.06880209161537733,0));
#5004=FACE_BOUND('',#5005,.T.);
#5005=EDGE_LOOP('',(#5006,#5007,#5008));
#5006=ORIENTED_EDGE('',*,*,#5009,.T.);
#5007=ORIENTED_EDGE('',*,*,#5010,.T.);
#5008=ORIENTED_EDGE('',*,*,#5011,.T.);
#5009=EDGE_CURVE('',#407,#287,#5012,.F.);
#5010=EDGE_CURVE('',#287,#53,#5013,.T.);
#5011=EDGE_CURVE('',#53,#407,#5014,.T.);
#5012=LINE('',#406,#5015);
#5013=LINE('',#286,#5016);
#5014=LINE('',#52,#5017);
#5015=VECTOR('',#5018,1.0);
#5016=VECTOR('',#5019,1.0);
#5017=VECTOR('',#5020,1.0);
#5018=DIRECTION('',(0.9976303284229832,0.06880209161537733,0));
#5019=DIRECTION('',(-0.34015963305171426,-0.9403677068264963,0));
#5020=DIRECTION('',(0.3163226612331199,0.9486516610381267,0));
#5021=STYLED_ITEM('',(#18),#5022);
#5022=FACE_SURFACE('',(#5027),#5023,.T.);
#5023=PLANE('',#5024);
#5024=AXIS2_PLACEMENT_3D('',#408,#5025,#5026);
#5025=DIRECTION('',(0,0,1));
#5026=DIRECTION('',(-0.3946340499425796,0.9188383789469818,0));
#5027=FACE_BOUND('',#5028,.T.);
#5028=EDGE_LOOP('',(#5029,#5030,#5031));
#5029=ORIENTED_EDGE('',*,*,#5032,.T.);
#5030=ORIENTED_EDGE('',*,*,#5033,.T.);
#5031=ORIENTED_EDGE('',*,*,#5034,.T.);
#5032=EDGE_CURVE('',#409,#49,#5035,.F.);
#5033=EDGE_CURVE('',#49,#411,#5036,.T.);
#5034=EDGE_CURVE('',#411,#409,#5037,.T.);
#5035=LINE('',#408,#5038);
#5036=LINE('',#48,#5039);
#5037=LINE('',#410,#5040);
#5038=VECTOR('',#5041,1.0);
#5039=VECTOR('',#5042,1.0);
#5040=VECTOR('',#5043,1.0);
#5041=DIRECTION('',(-0.3946340499425796,0.9188383789469818,0));
#5042=DIRECTION('',(0.3474816003523701,-0.9376868013449671,0));
#5043=DIRECTION('',(0.19464798188937268,0.9808731636385993,0));
#5044=STYLED_ITEM('',(#18),#5045);
#5045=FACE_SURFACE('',(#5050),#5046,.T.);
#5046=PLANE('',#5047);
#5047=AXIS2_PLACEMENT_3D('',#404,#5048,#5049);
#5048=DIRECTION('',(0,-0,1));
#5049=DIRECTION('',(0.0649963735734023,0.997885500156359,0));
#5050=FACE_BOUND('',#5051,.T.);
#5051=EDGE_LOOP('',(#5052,#5053,#5054));
#5052=ORIENTED_EDGE('',*,*,#5055,.T.);
#5053=ORIENTED_EDGE('',*,*,#5056,.T.);
#5054=ORIENTED_EDGE('',*,*,#5057,.T.);
#5055=EDGE_CURVE('',#405,#411,#5058,.F.);
#5056=EDGE_CURVE('',#411,#49,#5059,.T.);
#5057=EDGE_CURVE('',#49,#405,#5060,.T.);
#5058=LINE('',#404,#5061);
#5059=LINE('',#410,#5062);
#5060=LINE('',#48,#5063);
#5061=VECTOR('',#5064,1.0);
#5062=VECTOR('',#5065,1.0);
#5063=VECTOR('',#5066,1.0);
#5064=DIRECTION('',(0.0649963735734023,0.997885500156359,0));
#5065=DIRECTION('',(-0.3474816003523701,0.9376868013449671,0));
#5066=DIRECTION('',(0.31565838533200047,-0.9488729017996006,0));
#5067=STYLED_ITEM('',(#18),#5068);
#5068=FACE_SURFACE('',(#5073),#5069,.T.);
#5069=PLANE('',#5070);
#5070=AXIS2_PLACEMENT_3D('',#292,#5071,#5072);
#5071=DIRECTION('',(0,-0,-1));
#5072=DIRECTION('',(0.9976303284229832,-0.06880209161537733,0));
#5073=FACE_BOUND('',#5074,.T.);
#5074=EDGE_LOOP('',(#5075,#5076,#5077));
#5075=ORIENTED_EDGE('',*,*,#5078,.T.);
#5076=ORIENTED_EDGE('',*,*,#5079,.T.);
#5077=ORIENTED_EDGE('',*,*,#5080,.T.);
#5078=EDGE_CURVE('',#293,#407,#5081,.F.);
#5079=EDGE_CURVE('',#407,#53,#5082,.T.);
#5080=EDGE_CURVE('',#53,#293,#5083,.T.);
#5081=LINE('',#292,#5084);
#5082=LINE('',#406,#5085);
#5083=LINE('',#52,#5086);
#5084=VECTOR('',#5087,1.0);
#5085=VECTOR('',#5088,1.0);
#5086=VECTOR('',#5089,1.0);
#5087=DIRECTION('',(0.9976303284229832,-0.06880209161537733,0));
#5088=DIRECTION('',(-0.3163226612331199,-0.9486516610381267,0));
#5089=DIRECTION('',(0.29070545660914116,0.9568125926730222,0));
#5090=STYLED_ITEM('',(#18),#5091);
#5091=FACE_SURFACE('',(#5096),#5092,.T.);
#5092=PLANE('',#5093);
#5093=AXIS2_PLACEMENT_3D('',#290,#5094,#5095);
#5094=DIRECTION('',(-0,0,-1));
#5095=DIRECTION('',(-0.2640534908985187,-0.9645080372626793,0));
#5096=FACE_BOUND('',#5097,.T.);
#5097=EDGE_LOOP('',(#5098,#5099,#5100));
#5098=ORIENTED_EDGE('',*,*,#5101,.T.);
#5099=ORIENTED_EDGE('',*,*,#5102,.T.);
#5100=ORIENTED_EDGE('',*,*,#5103,.T.);
#5101=EDGE_CURVE('',#291,#53,#5104,.F.);
#5102=EDGE_CURVE('',#53,#297,#5105,.T.);
#5103=EDGE_CURVE('',#297,#291,#5106,.T.);
#5104=LINE('',#290,#5107);
#5105=LINE('',#52,#5108);
#5106=LINE('',#296,#5109);
#5107=VECTOR('',#5110,1.0);
#5108=VECTOR('',#5111,1.0);
#5109=VECTOR('',#5112,1.0);
#5110=DIRECTION('',(-0.2640534908985187,-0.9645080372626793,0));
#5111=DIRECTION('',(0.23718592251303944,0.9714642752884114,0));
#5112=DIRECTION('',(0.9471445756278127,-0.3208070336803899,0));
#5113=STYLED_ITEM('',(#18),#5114);
#5114=FACE_SURFACE('',(#5119),#5115,.T.);
#5115=PLANE('',#5116);
#5116=AXIS2_PLACEMENT_3D('',#408,#5117,#5118);
#5117=DIRECTION('',(0,-0,1));
#5118=DIRECTION('',(0.3208070336803876,0.9471445756278135,0));
#5119=FACE_BOUND('',#5120,.T.);
#5120=EDGE_LOOP('',(#5121,#5122,#5123));
#5121=ORIENTED_EDGE('',*,*,#5124,.T.);
#5122=ORIENTED_EDGE('',*,*,#5125,.T.);
#5123=ORIENTED_EDGE('',*,*,#5126,.T.);
#5124=EDGE_CURVE('',#409,#413,#5127,.F.);
#5125=EDGE_CURVE('',#413,#49,#5128,.T.);
#5126=EDGE_CURVE('',#49,#409,#5129,.T.);
#5127=LINE('',#408,#5130);
#5128=LINE('',#412,#5131);
#5129=LINE('',#48,#5132);
#5130=VECTOR('',#5133,1.0);
#5131=VECTOR('',#5134,1.0);
#5132=VECTOR('',#5135,1.0);
#5133=DIRECTION('',(0.3208070336803876,0.9471445756278135,0));
#5134=DIRECTION('',(-0.45768970131402337,0.8891119936830681,0));
#5135=DIRECTION('',(0.3946340499425796,-0.9188383789469818,0));
#5136=STYLED_ITEM('',(#18),#5137);
#5137=FACE_SURFACE('',(#5142),#5138,.T.);
#5138=PLANE('',#5139);
#5139=AXIS2_PLACEMENT_3D('',#414,#5140,#5141);
#5140=DIRECTION('',(0,0,1));
#5141=DIRECTION('',(-0.5350420266492188,0.844825443342645,0));
#5142=FACE_BOUND('',#5143,.T.);
#5143=EDGE_LOOP('',(#5144,#5145,#5146));
#5144=ORIENTED_EDGE('',*,*,#5147,.T.);
#5145=ORIENTED_EDGE('',*,*,#5148,.T.);
#5146=ORIENTED_EDGE('',*,*,#5149,.T.);
#5147=EDGE_CURVE('',#415,#49,#5150,.F.);
#5148=EDGE_CURVE('',#49,#413,#5151,.T.);
#5149=EDGE_CURVE('',#413,#415,#5152,.T.);
#5150=LINE('',#414,#5153);
#5151=LINE('',#48,#5154);
#5152=LINE('',#412,#5155);
#5153=VECTOR('',#5156,1.0);
#5154=VECTOR('',#5157,1.0);
#5155=VECTOR('',#5158,1.0);
#5156=DIRECTION('',(-0.5350420266492188,0.844825443342645,0));
#5157=DIRECTION('',(0.45768970131402337,-0.8891119936830681,0));
#5158=DIRECTION('',(0.44262881635750845,0.8967049296897788,0));
#5159=STYLED_ITEM('',(#18),#5160);
#5160=FACE_SURFACE('',(#5165),#5161,.T.);
#5161=PLANE('',#5162);
#5162=AXIS2_PLACEMENT_3D('',#416,#5163,#5164);
#5163=DIRECTION('',(0,-0,-1));
#5164=DIRECTION('',(0.8326374333005133,-0.5538184762778623,0));
#5165=FACE_BOUND('',#5166,.T.);
#5166=EDGE_LOOP('',(#5167,#5168,#5169));
#5167=ORIENTED_EDGE('',*,*,#5170,.T.);
#5168=ORIENTED_EDGE('',*,*,#5171,.T.);
#5169=ORIENTED_EDGE('',*,*,#5172,.T.);
#5170=EDGE_CURVE('',#417,#295,#5173,.F.);
#5171=EDGE_CURVE('',#295,#53,#5174,.T.);
#5172=EDGE_CURVE('',#53,#417,#5175,.T.);
#5173=LINE('',#416,#5176);
#5174=LINE('',#294,#5177);
#5175=LINE('',#52,#5178);
#5176=VECTOR('',#5179,1.0);
#5177=VECTOR('',#5180,1.0);
#5178=VECTOR('',#5181,1.0);
#5179=DIRECTION('',(0.8326374333005133,-0.5538184762778623,0));
#5180=DIRECTION('',(-0.21088333306373638,-0.9775112377031422,0));
#5181=DIRECTION('',(0.18594615304638668,0.9825599361704351,0));
#5182=STYLED_ITEM('',(#18),#5183);
#5183=FACE_SURFACE('',(#5188),#5184,.T.);
#5184=PLANE('',#5185);
#5185=AXIS2_PLACEMENT_3D('',#418,#5186,#5187);
#5186=DIRECTION('',(0,0,1));
#5187=DIRECTION('',(-0.6209847202133582,0.783822669525153,0));
#5188=FACE_BOUND('',#5189,.T.);
#5189=EDGE_LOOP('',(#5190,#5191,#5192));
#5190=ORIENTED_EDGE('',*,*,#5193,.T.);
#5191=ORIENTED_EDGE('',*,*,#5194,.T.);
#5192=ORIENTED_EDGE('',*,*,#5195,.T.);
#5193=EDGE_CURVE('',#419,#49,#5196,.F.);
#5194=EDGE_CURVE('',#49,#415,#5197,.T.);
#5195=EDGE_CURVE('',#415,#419,#5198,.T.);
#5196=LINE('',#418,#5199);
#5197=LINE('',#48,#5200);
#5198=LINE('',#414,#5201);
#5199=VECTOR('',#5202,1.0);
#5200=VECTOR('',#5203,1.0);
#5201=VECTOR('',#5204,1.0);
#5202=DIRECTION('',(-0.6209847202133582,0.783822669525153,0));
#5203=DIRECTION('',(0.5350420266492188,-0.844825443342645,0));
#5204=DIRECTION('',(0.5538184762778635,0.8326374333005127,0));
#5205=STYLED_ITEM('',(#18),#5206);
#5206=FACE_SURFACE('',(#5211),#5207,.T.);
#5207=PLANE('',#5208);
#5208=AXIS2_PLACEMENT_3D('',#420,#5209,#5210);
#5209=DIRECTION('',(0,0,1));
#5210=DIRECTION('',(-0.7071067811865476,0.7071067811865476,0));
#5211=FACE_BOUND('',#5212,.T.);
#5212=EDGE_LOOP('',(#5213,#5214,#5215));
#5213=ORIENTED_EDGE('',*,*,#5216,.T.);
#5214=ORIENTED_EDGE('',*,*,#5217,.T.);
#5215=ORIENTED_EDGE('',*,*,#5218,.T.);
#5216=EDGE_CURVE('',#421,#49,#5219,.F.);
#5217=EDGE_CURVE('',#49,#419,#5220,.T.);
#5218=EDGE_CURVE('',#419,#421,#5221,.T.);
#5219=LINE('',#420,#5222);
#5220=LINE('',#48,#5223);
#5221=LINE('',#418,#5224);
#5222=VECTOR('',#5225,1.0);
#5223=VECTOR('',#5226,1.0);
#5224=VECTOR('',#5227,1.0);
#5225=DIRECTION('',(-0.7071067811865476,0.7071067811865476,0));
#5226=DIRECTION('',(0.6209847202133582,-0.783822669525153,0));
#5227=DIRECTION('',(0.6598537015031981,0.7513940993995948,0));
#5228=STYLED_ITEM('',(#18),#5229);
#5229=FACE_SURFACE('',(#5234),#5230,.T.);
#5230=PLANE('',#5231);
#5231=AXIS2_PLACEMENT_3D('',#422,#5232,#5233);
#5232=DIRECTION('',(-0,0,-1));
#5233=DIRECTION('',(-0.14278123682778443,-0.9897542717310839,0));
#5234=FACE_BOUND('',#5235,.T.);
#5235=EDGE_LOOP('',(#5236,#5237,#5238));
#5236=ORIENTED_EDGE('',*,*,#5239,.T.);
#5237=ORIENTED_EDGE('',*,*,#5240,.T.);
#5238=ORIENTED_EDGE('',*,*,#5241,.T.);
#5239=EDGE_CURVE('',#423,#53,#5242,.F.);
#5240=EDGE_CURVE('',#53,#425,#5243,.T.);
#5241=EDGE_CURVE('',#425,#423,#5244,.T.);
#5242=LINE('',#422,#5245);
#5243=LINE('',#52,#5246);
#5244=LINE('',#424,#5247);
#5245=VECTOR('',#5248,1.0);
#5246=VECTOR('',#5249,1.0);
#5247=VECTOR('',#5250,1.0);
#5248=DIRECTION('',(-0.14278123682778443,-0.9897542717310839,0));
#5249=DIRECTION('',(0.1256098531516716,0.9920797169538421,0));
#5250=DIRECTION('',(0.5538184762778638,-0.8326374333005123,0));
#5251=STYLED_ITEM('',(#18),#5252);
#5252=FACE_SURFACE('',(#5257),#5253,.T.);
#5253=PLANE('',#5254);
#5254=AXIS2_PLACEMENT_3D('',#426,#5255,#5256);
#5255=DIRECTION('',(-0,0,-1));
#5256=DIRECTION('',(-0.16306334648413037,-0.9866156014544857,0));
#5257=FACE_BOUND('',#5258,.T.);
#5258=EDGE_LOOP('',(#5259,#5260,#5261));
#5259=ORIENTED_EDGE('',*,*,#5262,.T.);
#5260=ORIENTED_EDGE('',*,*,#5263,.T.);
#5261=ORIENTED_EDGE('',*,*,#5264,.T.);
#5262=EDGE_CURVE('',#427,#53,#5265,.F.);
#5263=EDGE_CURVE('',#53,#423,#5266,.T.);
#5264=EDGE_CURVE('',#423,#427,#5267,.T.);
#5265=LINE('',#426,#5268);
#5266=LINE('',#52,#5269);
#5267=LINE('',#422,#5270);
#5268=VECTOR('',#5271,1.0);
#5269=VECTOR('',#5272,1.0);
#5270=VECTOR('',#5273,1.0);
#5271=DIRECTION('',(-0.16306334648413037,-0.9866156014544857,0));
#5272=DIRECTION('',(0.14278123682778443,0.9897542717310839,0));
#5273=DIRECTION('',(0.6598537015031978,-0.7513940993995951,0));
#5274=STYLED_ITEM('',(#18),#5275);
#5275=FACE_SURFACE('',(#5280),#5276,.T.);
#5276=PLANE('',#5277);
#5277=AXIS2_PLACEMENT_3D('',#426,#5278,#5279);
#5278=DIRECTION('',(0,-0,-1));
#5279=DIRECTION('',(0.7513940993995948,-0.6598537015031981,0));
#5280=FACE_BOUND('',#5281,.T.);
#5281=EDGE_LOOP('',(#5282,#5283,#5284));
#5282=ORIENTED_EDGE('',*,*,#5285,.T.);
#5283=ORIENTED_EDGE('',*,*,#5286,.T.);
#5284=ORIENTED_EDGE('',*,*,#5287,.T.);
#5285=EDGE_CURVE('',#427,#417,#5288,.F.);
#5286=EDGE_CURVE('',#417,#53,#5289,.T.);
#5287=EDGE_CURVE('',#53,#427,#5290,.T.);
#5288=LINE('',#426,#5291);
#5289=LINE('',#416,#5292);
#5290=LINE('',#52,#5293);
#5291=VECTOR('',#5294,1.0);
#5292=VECTOR('',#5295,1.0);
#5293=VECTOR('',#5296,1.0);
#5294=DIRECTION('',(0.7513940993995948,-0.6598537015031981,0));
#5295=DIRECTION('',(-0.18594615304638668,-0.9825599361704351,0));
#5296=DIRECTION('',(0.16306334648413037,0.9866156014544857,0));
#5297=STYLED_ITEM('',(#18),#5298);
#5298=FACE_SURFACE('',(#5303),#5299,.T.);
#5299=PLANE('',#5300);
#5300=AXIS2_PLACEMENT_3D('',#428,#5301,#5302);
#5301=DIRECTION('',(0,0,1));
#5302=DIRECTION('',(-0.783822669525153,0.6209847202133582,0));
#5303=FACE_BOUND('',#5304,.T.);
#5304=EDGE_LOOP('',(#5305,#5306,#5307));
#5305=ORIENTED_EDGE('',*,*,#5308,.T.);
#5306=ORIENTED_EDGE('',*,*,#5309,.T.);
#5307=ORIENTED_EDGE('',*,*,#5310,.T.);
#5308=EDGE_CURVE('',#429,#49,#5311,.F.);
#5309=EDGE_CURVE('',#49,#421,#5312,.T.);
#5310=EDGE_CURVE('',#421,#429,#5313,.T.);
#5311=LINE('',#428,#5314);
#5312=LINE('',#48,#5315);
#5313=LINE('',#420,#5316);
#5314=VECTOR('',#5317,1.0);
#5315=VECTOR('',#5318,1.0);
#5316=VECTOR('',#5319,1.0);
#5317=DIRECTION('',(-0.783822669525153,0.6209847202133582,0));
#5318=DIRECTION('',(0.7071067811865476,-0.7071067811865476,0));
#5319=DIRECTION('',(0.7513940993995948,0.6598537015031981,0));
#5320=STYLED_ITEM('',(#18),#5321);
#5321=FACE_SURFACE('',(#5326),#5322,.T.);
#5322=PLANE('',#5323);
#5323=AXIS2_PLACEMENT_3D('',#392,#5324,#5325);
#5324=DIRECTION('',(-0.1946479818893714,-0.9808731636385997,0));
#5325=DIRECTION('',(0,0,1));
#5326=FACE_BOUND('',#5327,.T.);
#5327=EDGE_LOOP('',(#5328,#5329,#5330));
#5328=ORIENTED_EDGE('',*,*,#5331,.T.);
#5329=ORIENTED_EDGE('',*,*,#5332,.T.);
#5330=ORIENTED_EDGE('',*,*,#5333,.T.);
#5331=EDGE_CURVE('',#393,#311,#5334,.F.);
#5332=EDGE_CURVE('',#311,#323,#5335,.T.);
#5333=EDGE_CURVE('',#323,#393,#5336,.T.);
#5334=LINE('',#392,#5337);
#5335=LINE('',#310,#5338);
#5336=LINE('',#322,#5339);
#5337=VECTOR('',#5340,1.0);
#5338=VECTOR('',#5341,1.0);
#5339=VECTOR('',#5342,1.0);
#5340=DIRECTION('',(0,0,1));
#5341=DIRECTION('',(-0.9808731636385997,0.1946479818893714,0));
#5342=DIRECTION('',(0.24860815943419465,-0.04933469311729142,-0.9673469238684562));
#5343=STYLED_ITEM('',(#18),#5344);
#5344=FACE_SURFACE('',(#5349),#5345,.T.);
#5345=PLANE('',#5346);
#5346=AXIS2_PLACEMENT_3D('',#430,#5347,#5348);
#5347=DIRECTION('',(0,0,-1));
#5348=DIRECTION('',(-0.39641703712256354,-0.9180705488572041,0));
#5349=FACE_BOUND('',#5350,.T.);
#5350=EDGE_LOOP('',(#5351,#5352,#5353));
#5351=ORIENTED_EDGE('',*,*,#5354,.T.);
#5352=ORIENTED_EDGE('',*,*,#5355,.T.);
#5353=ORIENTED_EDGE('',*,*,#5356,.T.);
#5354=EDGE_CURVE('',#431,#53,#5357,.F.);
#5355=EDGE_CURVE('',#53,#433,#5358,.T.);
#5356=EDGE_CURVE('',#433,#431,#5359,.T.);
#5357=LINE('',#430,#5360);
#5358=LINE('',#52,#5361);
#5359=LINE('',#432,#5362);
#5360=VECTOR('',#5363,1.0);
#5361=VECTOR('',#5364,1.0);
#5362=VECTOR('',#5365,1.0);
#5363=DIRECTION('',(-0.39641703712256354,-0.9180705488572041,0));
#5364=DIRECTION('',(0.3806074737592654,0.9247366927502068,0));
#5365=DIRECTION('',(0.8967049296897797,0.44262881635750634,0));
#5366=STYLED_ITEM('',(#18),#5367);
#5367=FACE_SURFACE('',(#5372),#5368,.T.);
#5368=PLANE('',#5369);
#5369=AXIS2_PLACEMENT_3D('',#434,#5370,#5371);
#5370=DIRECTION('',(0,0,1));
#5371=DIRECTION('',(-0.8891119936830681,0.45768970131402337,0));
#5372=FACE_BOUND('',#5373,.T.);
#5373=EDGE_LOOP('',(#5374,#5375,#5376));
#5374=ORIENTED_EDGE('',*,*,#5377,.T.);
#5375=ORIENTED_EDGE('',*,*,#5378,.T.);
#5376=ORIENTED_EDGE('',*,*,#5379,.T.);
#5377=EDGE_CURVE('',#435,#49,#5380,.F.);
#5378=EDGE_CURVE('',#49,#437,#5381,.T.);
#5379=EDGE_CURVE('',#437,#435,#5382,.T.);
#5380=LINE('',#434,#5383);
#5381=LINE('',#48,#5384);
#5382=LINE('',#436,#5385);
#5383=VECTOR('',#5386,1.0);
#5384=VECTOR('',#5387,1.0);
#5385=VECTOR('',#5388,1.0);
#5386=DIRECTION('',(-0.8891119936830681,0.45768970131402337,0));
#5387=DIRECTION('',(0.844825443342645,-0.5350420266492188,0));
#5388=DIRECTION('',(0.8967049296897788,0.44262881635750845,0));
#5389=STYLED_ITEM('',(#18),#5390);
#5390=FACE_SURFACE('',(#5395),#5391,.T.);
#5391=PLANE('',#5392);
#5392=AXIS2_PLACEMENT_3D('',#310,#5393,#5394);
#5393=DIRECTION('',(-0.32080703368039065,-0.9471445756278124,-0));
#5394=DIRECTION('',(0,0,-1));
#5395=FACE_BOUND('',#5396,.T.);
#5396=EDGE_LOOP('',(#5397,#5398,#5399));
#5397=ORIENTED_EDGE('',*,*,#5400,.T.);
#5398=ORIENTED_EDGE('',*,*,#5401,.T.);
#5399=ORIENTED_EDGE('',*,*,#5402,.T.);
#5400=EDGE_CURVE('',#311,#393,#5403,.F.);
#5401=EDGE_CURVE('',#393,#309,#5404,.T.);
#5402=EDGE_CURVE('',#309,#311,#5405,.T.);
#5403=LINE('',#310,#5406);
#5404=LINE('',#392,#5407);
#5405=LINE('',#308,#5408);
#5406=VECTOR('',#5409,1.0);
#5407=VECTOR('',#5410,1.0);
#5408=VECTOR('',#5411,1.0);
#5409=DIRECTION('',(0,0,-1));
#5410=DIRECTION('',(0.23991213984113505,-0.08126056349457865,0.9673876606497476));
#5411=DIRECTION('',(-0.9471445756278124,0.32080703368039065,0));
#5412=STYLED_ITEM('',(#18),#5413);
#5413=FACE_SURFACE('',(#5418),#5414,.T.);
#5414=PLANE('',#5415);
#5415=AXIS2_PLACEMENT_3D('',#370,#5416,#5417);
#5416=DIRECTION('',(-0.32080703368039065,-0.9471445756278124,0));
#5417=DIRECTION('',(0,0,1));
#5418=FACE_BOUND('',#5419,.T.);
#5419=EDGE_LOOP('',(#5420,#5421,#5422));
#5420=ORIENTED_EDGE('',*,*,#5423,.T.);
#5421=ORIENTED_EDGE('',*,*,#5424,.T.);
#5422=ORIENTED_EDGE('',*,*,#5425,.T.);
#5423=EDGE_CURVE('',#371,#309,#5426,.F.);
#5424=EDGE_CURVE('',#309,#393,#5427,.T.);
#5425=EDGE_CURVE('',#393,#371,#5428,.T.);
#5426=LINE('',#370,#5429);
#5427=LINE('',#308,#5430);
#5428=LINE('',#392,#5431);
#5429=VECTOR('',#5432,1.0);
#5430=VECTOR('',#5433,1.0);
#5431=VECTOR('',#5434,1.0);
#5432=DIRECTION('',(0,0,1));
#5433=DIRECTION('',(-0.23991213984113505,0.08126056349457865,-0.9673876606497476));
#5434=DIRECTION('',(0.9471445756278124,-0.32080703368039065,0));
#5435=STYLED_ITEM('',(#18),#5436);
#5436=FACE_SURFACE('',(#5441),#5437,.T.);
#5437=PLANE('',#5438);
#5438=AXIS2_PLACEMENT_3D('',#438,#5439,#5440);
#5439=DIRECTION('',(0,0,1));
#5440=DIRECTION('',(-0.9188383789469818,0.3946340499425796,0));
#5441=FACE_BOUND('',#5442,.T.);
#5442=EDGE_LOOP('',(#5443,#5444,#5445));
#5443=ORIENTED_EDGE('',*,*,#5446,.T.);
#5444=ORIENTED_EDGE('',*,*,#5447,.T.);
#5445=ORIENTED_EDGE('',*,*,#5448,.T.);
#5446=EDGE_CURVE('',#439,#49,#5449,.F.);
#5447=EDGE_CURVE('',#49,#435,#5450,.T.);
#5448=EDGE_CURVE('',#435,#439,#5451,.T.);
#5449=LINE('',#438,#5452);
#5450=LINE('',#48,#5453);
#5451=LINE('',#434,#5454);
#5452=VECTOR('',#5455,1.0);
#5453=VECTOR('',#5456,1.0);
#5454=VECTOR('',#5457,1.0);
#5455=DIRECTION('',(-0.9188383789469818,0.3946340499425796,0));
#5456=DIRECTION('',(0.8891119936830681,-0.45768970131402337,0));
#5457=DIRECTION('',(0.9471445756278135,0.3208070336803876,0));
#5458=STYLED_ITEM('',(#18),#5459);
#5459=FACE_SURFACE('',(#5464),#5460,.T.);
#5460=PLANE('',#5461);
#5461=AXIS2_PLACEMENT_3D('',#288,#5462,#5463);
#5462=DIRECTION('',(0,-0,-1));
#5463=DIRECTION('',(0.9471445756278127,0.3208070336803899,0));
#5464=FACE_BOUND('',#5465,.T.);
#5465=EDGE_LOOP('',(#5466,#5467,#5468));
#5466=ORIENTED_EDGE('',*,*,#5469,.T.);
#5467=ORIENTED_EDGE('',*,*,#5470,.T.);
#5468=ORIENTED_EDGE('',*,*,#5471,.T.);
#5469=EDGE_CURVE('',#289,#433,#5472,.F.);
#5470=EDGE_CURVE('',#433,#53,#5473,.T.);
#5471=EDGE_CURVE('',#53,#289,#5474,.T.);
#5472=LINE('',#288,#5475);
#5473=LINE('',#432,#5476);
#5474=LINE('',#52,#5477);
#5475=VECTOR('',#5478,1.0);
#5476=VECTOR('',#5479,1.0);
#5477=VECTOR('',#5480,1.0);
#5478=DIRECTION('',(0.9471445756278127,0.3208070336803899,0));
#5479=DIRECTION('',(-0.3806074737592654,-0.9247366927502068,0));
#5480=DIRECTION('',(0.3617613548878765,0.9322707343415259,0));
#5481=STYLED_ITEM('',(#18),#5482);
#5482=FACE_SURFACE('',(#5487),#5483,.T.);
#5483=PLANE('',#5484);
#5484=AXIS2_PLACEMENT_3D('',#440,#5485,#5486);
#5485=DIRECTION('',(0,0,1));
#5486=DIRECTION('',(-0.9376868013449671,0.3474816003523701,0));
#5487=FACE_BOUND('',#5488,.T.);
#5488=EDGE_LOOP('',(#5489,#5490,#5491));
#5489=ORIENTED_EDGE('',*,*,#5492,.T.);
#5490=ORIENTED_EDGE('',*,*,#5493,.T.);
#5491=ORIENTED_EDGE('',*,*,#5494,.T.);
#5492=EDGE_CURVE('',#441,#49,#5495,.F.);
#5493=EDGE_CURVE('',#49,#439,#5496,.T.);
#5494=EDGE_CURVE('',#439,#441,#5497,.T.);
#5495=LINE('',#440,#5498);
#5496=LINE('',#48,#5499);
#5497=LINE('',#438,#5500);
#5498=VECTOR('',#5501,1.0);
#5499=VECTOR('',#5502,1.0);
#5500=VECTOR('',#5503,1.0);
#5501=DIRECTION('',(-0.9376868013449671,0.3474816003523701,0));
#5502=DIRECTION('',(0.9188383789469818,-0.3946340499425796,0));
#5503=DIRECTION('',(0.9808731636385993,0.19464798188937268,0));
#5504=STYLED_ITEM('',(#18),#5505);
#5505=FACE_SURFACE('',(#5510),#5506,.T.);
#5506=PLANE('',#5507);
#5507=AXIS2_PLACEMENT_3D('',#324,#5508,#5509);
#5508=DIRECTION('',(-0.44262881635750373,-0.8967049296897811,0));
#5509=DIRECTION('',(-0.8967049296897811,0.44262881635750373,0));
#5510=FACE_BOUND('',#5511,.T.);
#5511=EDGE_LOOP('',(#5512,#5513,#5514));
#5512=ORIENTED_EDGE('',*,*,#5515,.T.);
#5513=ORIENTED_EDGE('',*,*,#5516,.T.);
#5514=ORIENTED_EDGE('',*,*,#5517,.T.);
#5515=EDGE_CURVE('',#325,#309,#5518,.F.);
#5516=EDGE_CURVE('',#309,#371,#5519,.T.);
#5517=EDGE_CURVE('',#371,#325,#5520,.T.);
#5518=LINE('',#324,#5521);
#5519=LINE('',#308,#5522);
#5520=LINE('',#370,#5523);
#5521=VECTOR('',#5524,1.0);
#5522=VECTOR('',#5525,1.0);
#5523=VECTOR('',#5526,1.0);
#5524=DIRECTION('',(-0.8967049296897811,0.44262881635750373,0));
#5525=DIRECTION('',(0,0,-1));
#5526=DIRECTION('',(0.2273232299729725,-0.11221061564623191,0.9673328935019984));
#5527=STYLED_ITEM('',(#18),#5528);
#5528=FACE_SURFACE('',(#5533),#5529,.T.);
#5529=PLANE('',#5530);
#5530=AXIS2_PLACEMENT_3D('',#442,#5531,#5532);
#5531=DIRECTION('',(0,0,-1));
#5532=DIRECTION('',(0.3208070336803899,0.9471445756278127,0));
#5533=FACE_BOUND('',#5534,.T.);
#5534=EDGE_LOOP('',(#5535,#5536,#5537));
#5535=ORIENTED_EDGE('',*,*,#5538,.T.);
#5536=ORIENTED_EDGE('',*,*,#5539,.T.);
#5537=ORIENTED_EDGE('',*,*,#5540,.T.);
#5538=EDGE_CURVE('',#443,#267,#5541,.F.);
#5539=EDGE_CURVE('',#267,#305,#5542,.T.);
#5540=EDGE_CURVE('',#305,#443,#5543,.T.);
#5541=LINE('',#442,#5544);
#5542=LINE('',#266,#5545);
#5543=LINE('',#304,#5546);
#5544=VECTOR('',#5547,1.0);
#5545=VECTOR('',#5548,1.0);
#5546=VECTOR('',#5549,1.0);
#5547=DIRECTION('',(0.3208070336803899,0.9471445756278127,0));
#5548=DIRECTION('',(0.9997054766716403,-0.02426849630134759,0));
#5549=DIRECTION('',(-1,0,0));
#5550=STYLED_ITEM('',(#18),#5551);
#5551=FACE_SURFACE('',(#5556),#5552,.T.);
#5552=PLANE('',#5553);
#5553=AXIS2_PLACEMENT_3D('',#140,#5554,#5555);
#5554=DIRECTION('',(0,0,1));
#5555=DIRECTION('',(-0.9488729017996006,0.31565838533200047,0));
#5556=FACE_BOUND('',#5557,.T.);
#5557=EDGE_LOOP('',(#5558,#5559,#5560));
#5558=ORIENTED_EDGE('',*,*,#5561,.T.);
#5559=ORIENTED_EDGE('',*,*,#5562,.T.);
#5560=ORIENTED_EDGE('',*,*,#5563,.T.);
#5561=EDGE_CURVE('',#141,#49,#5564,.F.);
#5562=EDGE_CURVE('',#49,#441,#5565,.T.);
#5563=EDGE_CURVE('',#441,#141,#5566,.T.);
#5564=LINE('',#140,#5567);
#5565=LINE('',#48,#5568);
#5566=LINE('',#440,#5569);
#5567=VECTOR('',#5570,1.0);
#5568=VECTOR('',#5571,1.0);
#5569=VECTOR('',#5572,1.0);
#5570=DIRECTION('',(-0.9488729017996006,0.31565838533200047,0));
#5571=DIRECTION('',(0.9376868013449671,-0.3474816003523701,0));
#5572=DIRECTION('',(0.997885500156359,0.0649963735734023,0));
#5573=STYLED_ITEM('',(#18),#5574);
#5574=FACE_SURFACE('',(#5579),#5575,.T.);
#5575=PLANE('',#5576);
#5576=AXIS2_PLACEMENT_3D('',#428,#5577,#5578);
#5577=DIRECTION('',(0,-0,1));
#5578=DIRECTION('',(0.8326374333005127,0.5538184762778635,0));
#5579=FACE_BOUND('',#5580,.T.);
#5580=EDGE_LOOP('',(#5581,#5582,#5583));
#5581=ORIENTED_EDGE('',*,*,#5584,.T.);
#5582=ORIENTED_EDGE('',*,*,#5585,.T.);
#5583=ORIENTED_EDGE('',*,*,#5586,.T.);
#5584=EDGE_CURVE('',#429,#437,#5587,.F.);
#5585=EDGE_CURVE('',#437,#49,#5588,.T.);
#5586=EDGE_CURVE('',#49,#429,#5589,.T.);
#5587=LINE('',#428,#5590);
#5588=LINE('',#436,#5591);
#5589=LINE('',#48,#5592);
#5590=VECTOR('',#5593,1.0);
#5591=VECTOR('',#5594,1.0);
#5592=VECTOR('',#5595,1.0);
#5593=DIRECTION('',(0.8326374333005127,0.5538184762778635,0));
#5594=DIRECTION('',(-0.844825443342645,0.5350420266492188,0));
#5595=DIRECTION('',(0.783822669525153,-0.6209847202133582,0));
#5596=STYLED_ITEM('',(#18),#5597);
#5597=FACE_SURFACE('',(#5602),#5598,.T.);
#5598=PLANE('',#5599);
#5599=AXIS2_PLACEMENT_3D('',#230,#5600,#5601);
#5600=DIRECTION('',(0,0,-1));
#5601=DIRECTION('',(-0.06499637357340737,-0.9978855001563588,0));
#5602=FACE_BOUND('',#5603,.T.);
#5603=EDGE_LOOP('',(#5604,#5605,#5606));
#5604=ORIENTED_EDGE('',*,*,#5607,.T.);
#5605=ORIENTED_EDGE('',*,*,#5608,.T.);
#5606=ORIENTED_EDGE('',*,*,#5609,.T.);
#5607=EDGE_CURVE('',#231,#279,#5610,.F.);
#5608=EDGE_CURVE('',#279,#229,#5611,.T.);
#5609=EDGE_CURVE('',#229,#231,#5612,.T.);
#5610=LINE('',#230,#5613);
#5611=LINE('',#278,#5614);
#5612=LINE('',#228,#5615);
#5613=VECTOR('',#5616,1.0);
#5614=VECTOR('',#5617,1.0);
#5615=VECTOR('',#5618,1.0);
#5616=DIRECTION('',(-0.06499637357340737,-0.9978855001563588,0));
#5617=DIRECTION('',(-1,0,0));
#5618=DIRECTION('',(0.9996603840697823,0.026059864187196694,0));
#5619=STYLED_ITEM('',(#18),#5620);
#5620=FACE_SURFACE('',(#5625),#5621,.T.);
#5621=PLANE('',#5622);
#5622=AXIS2_PLACEMENT_3D('',#140,#5623,#5624);
#5623=DIRECTION('',(-0,0,1));
#5624=DIRECTION('',(0.997885500156359,-0.0649963735734023,0));
#5625=FACE_BOUND('',#5626,.T.);
#5626=EDGE_LOOP('',(#5627,#5628,#5629));
#5627=ORIENTED_EDGE('',*,*,#5630,.T.);
#5628=ORIENTED_EDGE('',*,*,#5631,.T.);
#5629=ORIENTED_EDGE('',*,*,#5632,.T.);
#5630=EDGE_CURVE('',#141,#61,#5633,.F.);
#5631=EDGE_CURVE('',#61,#59,#5634,.T.);
#5632=EDGE_CURVE('',#59,#141,#5635,.T.);
#5633=LINE('',#140,#5636);
#5634=LINE('',#60,#5637);
#5635=LINE('',#58,#5638);
#5636=VECTOR('',#5639,1.0);
#5637=VECTOR('',#5640,1.0);
#5638=VECTOR('',#5641,1.0);
#5639=DIRECTION('',(0.997885500156359,-0.0649963735734023,0));
#5640=DIRECTION('',(0.8640306475235177,0.503439211961177,0));
#5641=DIRECTION('',(-0.8950519138060838,-0.44596196204616656,0));
#5642=STYLED_ITEM('',(#18),#5643);
#5643=FACE_SURFACE('',(#5648),#5644,.T.);
#5644=PLANE('',#5645);
#5645=AXIS2_PLACEMENT_3D('',#274,#5646,#5647);
#5646=DIRECTION('',(0,0,-1));
#5647=DIRECTION('',(0.44262881635750634,0.8967049296897797,0));
#5648=FACE_BOUND('',#5649,.T.);
#5649=EDGE_LOOP('',(#5650,#5651,#5652));
#5650=ORIENTED_EDGE('',*,*,#5653,.T.);
#5651=ORIENTED_EDGE('',*,*,#5654,.T.);
#5652=ORIENTED_EDGE('',*,*,#5655,.T.);
#5653=EDGE_CURVE('',#275,#443,#5656,.F.);
#5654=EDGE_CURVE('',#443,#305,#5657,.T.);
#5655=EDGE_CURVE('',#305,#275,#5658,.T.);
#5656=LINE('',#274,#5659);
#5657=LINE('',#442,#5660);
#5658=LINE('',#304,#5661);
#5659=VECTOR('',#5662,1.0);
#5660=VECTOR('',#5663,1.0);
#5661=VECTOR('',#5664,1.0);
#5662=DIRECTION('',(0.44262881635750634,0.8967049296897797,0));
#5663=DIRECTION('',(1,0,0));
#5664=DIRECTION('',(-0.9997455877451799,-0.02255570402458886,0));
#5665=STYLED_ITEM('',(#18),#5666);
#5666=FACE_SURFACE('',(#5671),#5667,.T.);
#5667=PLANE('',#5668);
#5668=AXIS2_PLACEMENT_3D('',#284,#5669,#5670);
#5669=DIRECTION('',(0,0,-1));
#5670=DIRECTION('',(-0.4090781761853702,-0.9124993401470771,0));
#5671=FACE_BOUND('',#5672,.T.);
#5672=EDGE_LOOP('',(#5673,#5674,#5675));
#5673=ORIENTED_EDGE('',*,*,#5676,.T.);
#5674=ORIENTED_EDGE('',*,*,#5677,.T.);
#5675=ORIENTED_EDGE('',*,*,#5678,.T.);
#5676=EDGE_CURVE('',#285,#53,#5679,.F.);
#5677=EDGE_CURVE('',#53,#431,#5680,.T.);
#5678=EDGE_CURVE('',#431,#285,#5681,.T.);
#5679=LINE('',#284,#5682);
#5680=LINE('',#52,#5683);
#5681=LINE('',#430,#5684);
#5682=VECTOR('',#5685,1.0);
#5683=VECTOR('',#5686,1.0);
#5684=VECTOR('',#5687,1.0);
#5685=DIRECTION('',(-0.4090781761853702,-0.9124993401470771,0));
#5686=DIRECTION('',(0.39641703712256354,0.9180705488572041,0));
#5687=DIRECTION('',(0.8326374333005132,0.5538184762778627,0));
#5688=STYLED_ITEM('',(#18),#5689);
#5689=FACE_SURFACE('',(#5694),#5690,.T.);
#5690=PLANE('',#5691);
#5691=AXIS2_PLACEMENT_3D('',#304,#5692,#5693);
#5692=DIRECTION('',(0,-0,-1));
#5693=DIRECTION('',(0.44262881635750634,-0.8967049296897797,0));
#5694=FACE_BOUND('',#5695,.T.);
#5695=EDGE_LOOP('',(#5696,#5697,#5698));
#5696=ORIENTED_EDGE('',*,*,#5699,.T.);
#5697=ORIENTED_EDGE('',*,*,#5700,.T.);
#5698=ORIENTED_EDGE('',*,*,#5701,.T.);
#5699=EDGE_CURVE('',#305,#277,#5702,.F.);
#5700=EDGE_CURVE('',#277,#275,#5703,.T.);
#5701=EDGE_CURVE('',#275,#305,#5704,.T.);
#5702=LINE('',#304,#5705);
#5703=LINE('',#276,#5706);
#5704=LINE('',#274,#5707);
#5705=VECTOR('',#5708,1.0);
#5706=VECTOR('',#5709,1.0);
#5707=VECTOR('',#5710,1.0);
#5708=DIRECTION('',(0.44262881635750634,-0.8967049296897797,0));
#5709=DIRECTION('',(-1,0,0));
#5710=DIRECTION('',(0.9997455877451799,0.02255570402458886,0));
#5711=STYLED_ITEM('',(#18),#5712);
#5712=FACE_SURFACE('',(#5717),#5713,.T.);
#5713=PLANE('',#5714);
#5714=AXIS2_PLACEMENT_3D('',#344,#5715,#5716);
#5715=DIRECTION('',(-0.9808731636386006,0.19464798188936616,0));
#5716=DIRECTION('',(0,0,1));
#5717=FACE_BOUND('',#5718,.T.);
#5718=EDGE_LOOP('',(#5719,#5720,#5721));
#5719=ORIENTED_EDGE('',*,*,#5722,.T.);
#5720=ORIENTED_EDGE('',*,*,#5723,.T.);
#5721=ORIENTED_EDGE('',*,*,#5724,.T.);
#5722=EDGE_CURVE('',#345,#251,#5725,.F.);
#5723=EDGE_CURVE('',#251,#399,#5726,.T.);
#5724=EDGE_CURVE('',#399,#345,#5727,.T.);
#5725=LINE('',#344,#5728);
#5726=LINE('',#250,#5729);
#5727=LINE('',#398,#5730);
#5728=VECTOR('',#5731,1.0);
#5729=VECTOR('',#5732,1.0);
#5730=VECTOR('',#5733,1.0);
#5731=DIRECTION('',(0,0,1));
#5732=DIRECTION('',(0.04933469311728972,0.24860815943419304,-0.9673469238684567));
#5733=DIRECTION('',(-0.19464798188936616,-0.9808731636386006,0));
#5734=STYLED_ITEM('',(#18),#5735);
#5735=FACE_SURFACE('',(#5740),#5736,.T.);
#5736=PLANE('',#5737);
#5737=AXIS2_PLACEMENT_3D('',#52,#5738,#5739);
#5738=DIRECTION('',(0,0,-1));
#5739=DIRECTION('',(0.11166771953052436,0.9937456014568578,0));
#5740=FACE_BOUND('',#5741,.T.);
#5741=EDGE_LOOP('',(#5742,#5743,#5744));
#5742=ORIENTED_EDGE('',*,*,#5745,.T.);
#5743=ORIENTED_EDGE('',*,*,#5746,.T.);
#5744=ORIENTED_EDGE('',*,*,#5747,.T.);
#5745=EDGE_CURVE('',#53,#67,#5748,.F.);
#5746=EDGE_CURVE('',#67,#425,#5749,.T.);
#5747=EDGE_CURVE('',#425,#53,#5750,.T.);
#5748=LINE('',#52,#5751);
#5749=LINE('',#66,#5752);
#5750=LINE('',#424,#5753);
#5751=VECTOR('',#5754,1.0);
#5752=VECTOR('',#5755,1.0);
#5753=VECTOR('',#5756,1.0);
#5754=DIRECTION('',(0.11166771953052436,0.9937456014568578,0));
#5755=DIRECTION('',(0.4426288163575078,-0.8967049296897791,0));
#5756=DIRECTION('',(-0.1256098531516716,-0.9920797169538421,0));
#5757=STYLED_ITEM('',(#18),#5758);
#5758=FACE_SURFACE('',(#5763),#5759,.T.);
#5759=PLANE('',#5760);
#5760=AXIS2_PLACEMENT_3D('',#250,#5761,#5762);
#5761=DIRECTION('',(-0.9471445756278137,0.3208070336803868,0));
#5762=DIRECTION('',(0,0,-1));
#5763=FACE_BOUND('',#5764,.T.);
#5764=EDGE_LOOP('',(#5765,#5766,#5767));
#5765=ORIENTED_EDGE('',*,*,#5768,.T.);
#5766=ORIENTED_EDGE('',*,*,#5769,.T.);
#5767=ORIENTED_EDGE('',*,*,#5770,.T.);
#5768=EDGE_CURVE('',#251,#345,#5771,.F.);
#5769=EDGE_CURVE('',#345,#347,#5772,.T.);
#5770=EDGE_CURVE('',#347,#251,#5773,.T.);
#5771=LINE('',#250,#5774);
#5772=LINE('',#344,#5775);
#5773=LINE('',#346,#5776);
#5774=VECTOR('',#5777,1.0);
#5775=VECTOR('',#5778,1.0);
#5776=VECTOR('',#5779,1.0);
#5777=DIRECTION('',(0,0,-1));
#5778=DIRECTION('',(-0.3208070336803868,-0.9471445756278137,0));
#5779=DIRECTION('',(0.08126056349457839,0.23991213984113746,0.967387660649747));
#5780=STYLED_ITEM('',(#18),#5781);
#5781=FACE_SURFACE('',(#5786),#5782,.T.);
#5782=PLANE('',#5783);
#5783=AXIS2_PLACEMENT_3D('',#110,#5784,#5785);
#5784=DIRECTION('',(-0.9808731636385993,-0.19464798188937268,-0));
#5785=DIRECTION('',(-0.19464798188937268,0.9808731636385993,0));
#5786=FACE_BOUND('',#5787,.T.);
#5787=EDGE_LOOP('',(#5788,#5789,#5790));
#5788=ORIENTED_EDGE('',*,*,#5791,.T.);
#5789=ORIENTED_EDGE('',*,*,#5792,.T.);
#5790=ORIENTED_EDGE('',*,*,#5793,.T.);
#5791=EDGE_CURVE('',#111,#139,#5794,.F.);
#5792=EDGE_CURVE('',#139,#217,#5795,.T.);
#5793=EDGE_CURVE('',#217,#111,#5796,.T.);
#5794=LINE('',#110,#5797);
#5795=LINE('',#138,#5798);
#5796=LINE('',#216,#5799);
#5797=VECTOR('',#5800,1.0);
#5798=VECTOR('',#5801,1.0);
#5799=VECTOR('',#5802,1.0);
#5800=DIRECTION('',(-0.19464798188937268,0.9808731636385993,0));
#5801=DIRECTION('',(0.04933469311729144,-0.24860815943419304,-0.9673469238684567));
#5802=DIRECTION('',(0,0,1));
#5803=STYLED_ITEM('',(#18),#5804);
#5804=FACE_SURFACE('',(#5809),#5805,.T.);
#5805=PLANE('',#5806);
#5806=AXIS2_PLACEMENT_3D('',#232,#5807,#5808);
#5807=DIRECTION('',(-0.8967049296897797,0.44262881635750634,0));
#5808=DIRECTION('',(0.44262881635750634,0.8967049296897797,0));
#5809=FACE_BOUND('',#5810,.T.);
#5810=EDGE_LOOP('',(#5811,#5812,#5813));
#5811=ORIENTED_EDGE('',*,*,#5814,.T.);
#5812=ORIENTED_EDGE('',*,*,#5815,.T.);
#5813=ORIENTED_EDGE('',*,*,#5816,.T.);
#5814=EDGE_CURVE('',#233,#249,#5817,.F.);
#5815=EDGE_CURVE('',#249,#349,#5818,.T.);
#5816=EDGE_CURVE('',#349,#233,#5819,.T.);
#5817=LINE('',#232,#5820);
#5818=LINE('',#248,#5821);
#5819=LINE('',#348,#5822);
#5820=VECTOR('',#5823,1.0);
#5821=VECTOR('',#5824,1.0);
#5822=VECTOR('',#5825,1.0);
#5823=DIRECTION('',(0.44262881635750634,0.8967049296897797,0));
#5824=DIRECTION('',(-0.11221061564623155,-0.22732322997297008,-0.967332893501999));
#5825=DIRECTION('',(0,0,1));
#5826=STYLED_ITEM('',(#18),#5827);
#5827=FACE_SURFACE('',(#5832),#5828,.T.);
#5828=PLANE('',#5829);
#5829=AXIS2_PLACEMENT_3D('',#236,#5830,#5831);
#5830=DIRECTION('',(-0.8326374333005069,0.5538184762778721,0));
#5831=DIRECTION('',(0,0,1));
#5832=FACE_BOUND('',#5833,.T.);
#5833=EDGE_LOOP('',(#5834,#5835,#5836));
#5834=ORIENTED_EDGE('',*,*,#5837,.T.);
#5835=ORIENTED_EDGE('',*,*,#5838,.T.);
#5836=ORIENTED_EDGE('',*,*,#5839,.T.);
#5837=EDGE_CURVE('',#237,#109,#5840,.F.);
#5838=EDGE_CURVE('',#109,#349,#5841,.T.);
#5839=EDGE_CURVE('',#349,#237,#5842,.T.);
#5840=LINE('',#236,#5843);
#5841=LINE('',#108,#5844);
#5842=LINE('',#348,#5845);
#5843=VECTOR('',#5846,1.0);
#5844=VECTOR('',#5847,1.0);
#5845=VECTOR('',#5848,1.0);
#5846=DIRECTION('',(0,0,1));
#5847=DIRECTION('',(0.14027193279168562,0.2108915955074952,-0.9673926399426387));
#5848=DIRECTION('',(-0.5538184762778721,-0.8326374333005069,0));
#5849=STYLED_ITEM('',(#18),#5850);
#5850=FACE_SURFACE('',(#5855),#5851,.T.);
#5851=PLANE('',#5852);
#5852=AXIS2_PLACEMENT_3D('',#330,#5853,#5854);
#5853=DIRECTION('',(-0.8967049296897794,-0.4426288163575071,0));
#5854=DIRECTION('',(0,0,1));
#5855=FACE_BOUND('',#5856,.T.);
#5856=EDGE_LOOP('',(#5857,#5858,#5859));
#5857=ORIENTED_EDGE('',*,*,#5860,.T.);
#5858=ORIENTED_EDGE('',*,*,#5861,.T.);
#5859=ORIENTED_EDGE('',*,*,#5862,.T.);
#5860=EDGE_CURVE('',#331,#319,#5863,.F.);
#5861=EDGE_CURVE('',#319,#321,#5864,.T.);
#5862=EDGE_CURVE('',#321,#331,#5865,.T.);
#5863=LINE('',#330,#5866);
#5864=LINE('',#318,#5867);
#5865=LINE('',#320,#5868);
#5866=VECTOR('',#5869,1.0);
#5867=VECTOR('',#5870,1.0);
#5868=VECTOR('',#5871,1.0);
#5869=DIRECTION('',(0,0,1));
#5870=DIRECTION('',(-0.4426288163575071,0.8967049296897794,0));
#5871=DIRECTION('',(0.11221061564623158,-0.2273232299729697,-0.9673328935019992));
#5872=STYLED_ITEM('',(#18),#5873);
#5873=FACE_SURFACE('',(#5878),#5874,.T.);
#5874=PLANE('',#5875);
#5875=AXIS2_PLACEMENT_3D('',#356,#5876,#5877);
#5876=DIRECTION('',(0.1946479818893714,-0.9808731636385997,0));
#5877=DIRECTION('',(0,0,1));
#5878=FACE_BOUND('',#5879,.T.);
#5879=EDGE_LOOP('',(#5880,#5881,#5882));
#5880=ORIENTED_EDGE('',*,*,#5883,.T.);
#5881=ORIENTED_EDGE('',*,*,#5884,.T.);
#5882=ORIENTED_EDGE('',*,*,#5885,.T.);
#5883=EDGE_CURVE('',#357,#299,#5886,.F.);
#5884=EDGE_CURVE('',#299,#301,#5887,.T.);
#5885=EDGE_CURVE('',#301,#357,#5888,.T.);
#5886=LINE('',#356,#5889);
#5887=LINE('',#298,#5890);
#5888=LINE('',#300,#5891);
#5889=VECTOR('',#5892,1.0);
#5890=VECTOR('',#5893,1.0);
#5891=VECTOR('',#5894,1.0);
#5892=DIRECTION('',(0,0,1));
#5893=DIRECTION('',(-0.9808731636385997,-0.1946479818893714,0));
#5894=DIRECTION('',(0.24860815943419465,0.04933469311729142,-0.9673469238684562));
#5895=STYLED_ITEM('',(#18),#5896);
#5896=FACE_SURFACE('',(#5901),#5897,.T.);
#5897=PLANE('',#5898);
#5898=AXIS2_PLACEMENT_3D('',#354,#5899,#5900);
#5899=DIRECTION('',(0.32080703368039065,-0.9471445756278124,0));
#5900=DIRECTION('',(0,0,1));
#5901=FACE_BOUND('',#5902,.T.);
#5902=EDGE_LOOP('',(#5903,#5904,#5905));
#5903=ORIENTED_EDGE('',*,*,#5906,.T.);
#5904=ORIENTED_EDGE('',*,*,#5907,.T.);
#5905=ORIENTED_EDGE('',*,*,#5908,.T.);
#5906=EDGE_CURVE('',#355,#301,#5909,.F.);
#5907=EDGE_CURVE('',#301,#317,#5910,.T.);
#5908=EDGE_CURVE('',#317,#355,#5911,.T.);
#5909=LINE('',#354,#5912);
#5910=LINE('',#300,#5913);
#5911=LINE('',#316,#5914);
#5912=VECTOR('',#5915,1.0);
#5913=VECTOR('',#5916,1.0);
#5914=VECTOR('',#5917,1.0);
#5915=DIRECTION('',(0,0,1));
#5916=DIRECTION('',(-0.23991213984113505,-0.08126056349457865,-0.9673876606497476));
#5917=DIRECTION('',(0.9471445756278124,0.32080703368039065,0));
#5918=STYLED_ITEM('',(#18),#5919);
#5919=FACE_SURFACE('',(#5924),#5920,.T.);
#5920=PLANE('',#5921);
#5921=AXIS2_PLACEMENT_3D('',#306,#5922,#5923);
#5922=DIRECTION('',(0.06499637357340252,-0.997885500156359,0));
#5923=DIRECTION('',(-0.997885500156359,-0.06499637357340252,0));
#5924=FACE_BOUND('',#5925,.T.);
#5925=EDGE_LOOP('',(#5926,#5927,#5928));
#5926=ORIENTED_EDGE('',*,*,#5929,.T.);
#5927=ORIENTED_EDGE('',*,*,#5930,.T.);
#5928=ORIENTED_EDGE('',*,*,#5931,.T.);
#5929=EDGE_CURVE('',#307,#299,#5932,.F.);
#5930=EDGE_CURVE('',#299,#357,#5933,.T.);
#5931=EDGE_CURVE('',#357,#307,#5934,.T.);
#5932=LINE('',#306,#5935);
#5933=LINE('',#298,#5936);
#5934=LINE('',#356,#5937);
#5935=VECTOR('',#5938,1.0);
#5936=VECTOR('',#5939,1.0);
#5937=VECTOR('',#5940,1.0);
#5938=DIRECTION('',(-0.997885500156359,-0.06499637357340252,0));
#5939=DIRECTION('',(0,0,-1));
#5940=DIRECTION('',(0.25250590291480884,0.01644674463429785,0.9674555667234085));
#5941=STYLED_ITEM('',(#18),#5942);
#5942=FACE_SURFACE('',(#5947),#5943,.T.);
#5943=PLANE('',#5944);
#5944=AXIS2_PLACEMENT_3D('',#356,#5945,#5946);
#5945=DIRECTION('',(0.1946479818893714,-0.9808731636385997,0));
#5946=DIRECTION('',(-0.24860815943419465,-0.04933469311729142,0.9673469238684562));
#5947=FACE_BOUND('',#5948,.T.);
#5948=EDGE_LOOP('',(#5949,#5950,#5951));
#5949=ORIENTED_EDGE('',*,*,#5952,.T.);
#5950=ORIENTED_EDGE('',*,*,#5953,.T.);
#5951=ORIENTED_EDGE('',*,*,#5954,.T.);
#5952=EDGE_CURVE('',#357,#301,#5955,.F.);
#5953=EDGE_CURVE('',#301,#355,#5956,.T.);
#5954=EDGE_CURVE('',#355,#357,#5957,.T.);
#5955=LINE('',#356,#5958);
#5956=LINE('',#300,#5959);
#5957=LINE('',#354,#5960);
#5958=VECTOR('',#5961,1.0);
#5959=VECTOR('',#5962,1.0);
#5960=VECTOR('',#5963,1.0);
#5961=DIRECTION('',(-0.24860815943419465,-0.04933469311729142,0.9673469238684562));
#5962=DIRECTION('',(0,0,-1));
#5963=DIRECTION('',(0.9808731636385997,0.1946479818893714,0));
#5964=STYLED_ITEM('',(#18),#5965);
#5965=FACE_SURFACE('',(#5970),#5966,.T.);
#5966=PLANE('',#5967);
#5967=AXIS2_PLACEMENT_3D('',#322,#5968,#5969);
#5968=DIRECTION('',(-0.1946479818893714,-0.9808731636385997,-0));
#5969=DIRECTION('',(0,0,-1));
#5970=FACE_BOUND('',#5971,.T.);
#5971=EDGE_LOOP('',(#5972,#5973,#5974));
#5972=ORIENTED_EDGE('',*,*,#5975,.T.);
#5973=ORIENTED_EDGE('',*,*,#5976,.T.);
#5974=ORIENTED_EDGE('',*,*,#5977,.T.);
#5975=EDGE_CURVE('',#323,#395,#5978,.F.);
#5976=EDGE_CURVE('',#395,#393,#5979,.T.);
#5977=EDGE_CURVE('',#393,#323,#5980,.T.);
#5978=LINE('',#322,#5981);
#5979=LINE('',#394,#5982);
#5980=LINE('',#392,#5983);
#5981=VECTOR('',#5984,1.0);
#5982=VECTOR('',#5985,1.0);
#5983=VECTOR('',#5986,1.0);
#5984=DIRECTION('',(0,0,-1));
#5985=DIRECTION('',(0.9808731636385997,-0.1946479818893714,0));
#5986=DIRECTION('',(-0.24860815943419465,0.04933469311729142,0.9673469238684562));
#5987=STYLED_ITEM('',(#18),#5988);
#5988=FACE_SURFACE('',(#5993),#5989,.T.);
#5989=PLANE('',#5990);
#5990=AXIS2_PLACEMENT_3D('',#158,#5991,#5992);
#5991=DIRECTION('',(-0.7513940993995951,0.6598537015031978,0));
#5992=DIRECTION('',(0,0,-1));
#5993=FACE_BOUND('',#5994,.T.);
#5994=EDGE_LOOP('',(#5995,#5996,#5997));
#5995=ORIENTED_EDGE('',*,*,#5998,.T.);
#5996=ORIENTED_EDGE('',*,*,#5999,.T.);
#5997=ORIENTED_EDGE('',*,*,#6000,.T.);
#5998=EDGE_CURVE('',#159,#273,#6001,.F.);
#5999=EDGE_CURVE('',#273,#161,#6002,.T.);
#6000=EDGE_CURVE('',#161,#159,#6003,.T.);
#6001=LINE('',#158,#6004);
#6002=LINE('',#272,#6005);
#6003=LINE('',#160,#6006);
#6004=VECTOR('',#6007,1.0);
#6005=VECTOR('',#6008,1.0);
#6006=VECTOR('',#6009,1.0);
#6007=DIRECTION('',(0,0,-1));
#6008=DIRECTION('',(-0.16734412783715194,-0.19055949817294182,0.9673070973245774));
#6009=DIRECTION('',(0.6598537015031978,0.7513940993995951,0));
#6010=STYLED_ITEM('',(#18),#6011);
#6011=FACE_SURFACE('',(#6016),#6012,.T.);
#6012=PLANE('',#6013);
#6013=AXIS2_PLACEMENT_3D('',#306,#6014,#6015);
#6014=DIRECTION('',(0.06499637357340252,-0.997885500156359,0));
#6015=DIRECTION('',(-0.25250590291480884,-0.01644674463429785,-0.9674555667234085));
#6016=FACE_BOUND('',#6017,.T.);
#6017=EDGE_LOOP('',(#6018,#6019,#6020));
#6018=ORIENTED_EDGE('',*,*,#6021,.T.);
#6019=ORIENTED_EDGE('',*,*,#6022,.T.);
#6020=ORIENTED_EDGE('',*,*,#6023,.T.);
#6021=EDGE_CURVE('',#307,#357,#6024,.F.);
#6022=EDGE_CURVE('',#357,#397,#6025,.T.);
#6023=EDGE_CURVE('',#397,#307,#6026,.T.);
#6024=LINE('',#306,#6027);
#6025=LINE('',#356,#6028);
#6026=LINE('',#396,#6029);
#6027=VECTOR('',#6030,1.0);
#6028=VECTOR('',#6031,1.0);
#6029=VECTOR('',#6032,1.0);
#6030=DIRECTION('',(-0.25250590291480884,-0.01644674463429785,-0.9674555667234085));
#6031=DIRECTION('',(0.997885500156359,0.06499637357340252,0));
#6032=DIRECTION('',(0,0,1));
#6033=STYLED_ITEM('',(#18),#6034);
#6034=FACE_SURFACE('',(#6039),#6035,.T.);
#6035=PLANE('',#6036);
#6036=AXIS2_PLACEMENT_3D('',#396,#6037,#6038);
#6037=DIRECTION('',(-0.06499637357340252,-0.997885500156359,0));
#6038=DIRECTION('',(0.997885500156359,-0.06499637357340252,0));
#6039=FACE_BOUND('',#6040,.T.);
#6040=EDGE_LOOP('',(#6041,#6042,#6043));
#6041=ORIENTED_EDGE('',*,*,#6044,.T.);
#6042=ORIENTED_EDGE('',*,*,#6045,.T.);
#6043=ORIENTED_EDGE('',*,*,#6046,.T.);
#6044=EDGE_CURVE('',#397,#395,#6047,.F.);
#6045=EDGE_CURVE('',#395,#307,#6048,.T.);
#6046=EDGE_CURVE('',#307,#397,#6049,.T.);
#6047=LINE('',#396,#6050);
#6048=LINE('',#394,#6051);
#6049=LINE('',#306,#6052);
#6050=VECTOR('',#6053,1.0);
#6051=VECTOR('',#6054,1.0);
#6052=VECTOR('',#6055,1.0);
#6053=DIRECTION('',(0.997885500156359,-0.06499637357340252,0));
#6054=DIRECTION('',(-0.25250590291480884,0.01644674463429785,0.9674555667234085));
#6055=DIRECTION('',(0,0,-1));
#6056=STYLED_ITEM('',(#18),#6057);
#6057=FACE_SURFACE('',(#6062),#6058,.T.);
#6058=PLANE('',#6059);
#6059=AXIS2_PLACEMENT_3D('',#322,#6060,#6061);
#6060=DIRECTION('',(-0.06499637357340252,-0.997885500156359,-0));
#6061=DIRECTION('',(-0.997885500156359,0.06499637357340252,0));
#6062=FACE_BOUND('',#6063,.T.);
#6063=EDGE_LOOP('',(#6064,#6065,#6066));
#6064=ORIENTED_EDGE('',*,*,#6067,.T.);
#6065=ORIENTED_EDGE('',*,*,#6068,.T.);
#6066=ORIENTED_EDGE('',*,*,#6069,.T.);
#6067=EDGE_CURVE('',#323,#307,#6070,.F.);
#6068=EDGE_CURVE('',#307,#395,#6071,.T.);
#6069=EDGE_CURVE('',#395,#323,#6072,.T.);
#6070=LINE('',#322,#6073);
#6071=LINE('',#306,#6074);
#6072=LINE('',#394,#6075);
#6073=VECTOR('',#6076,1.0);
#6074=VECTOR('',#6077,1.0);
#6075=VECTOR('',#6078,1.0);
#6076=DIRECTION('',(-0.997885500156359,0.06499637357340252,0));
#6077=DIRECTION('',(0.25250590291480884,-0.01644674463429785,-0.9674555667234085));
#6078=DIRECTION('',(0,0,1));
#6079=STYLED_ITEM('',(#18),#6080);
#6080=FACE_SURFACE('',(#6085),#6081,.T.);
#6081=PLANE('',#6082);
#6082=AXIS2_PLACEMENT_3D('',#380,#6083,#6084);
#6083=DIRECTION('',(-0.5538184762778638,-0.8326374333005123,0));
#6084=DIRECTION('',(0,0,1));
#6085=FACE_BOUND('',#6086,.T.);
#6086=EDGE_LOOP('',(#6087,#6088,#6089));
#6087=ORIENTED_EDGE('',*,*,#6090,.T.);
#6088=ORIENTED_EDGE('',*,*,#6091,.T.);
#6089=ORIENTED_EDGE('',*,*,#6092,.T.);
#6090=EDGE_CURVE('',#381,#327,#6093,.F.);
#6091=EDGE_CURVE('',#327,#325,#6094,.T.);
#6092=EDGE_CURVE('',#325,#381,#6095,.T.);
#6093=LINE('',#380,#6096);
#6094=LINE('',#326,#6097);
#6095=LINE('',#324,#6098);
#6096=VECTOR('',#6099,1.0);
#6097=VECTOR('',#6100,1.0);
#6098=VECTOR('',#6101,1.0);
#6099=DIRECTION('',(0,0,1));
#6100=DIRECTION('',(-0.8326374333005123,0.5538184762778638,0));
#6101=DIRECTION('',(0.21089159550749528,-0.14027193279168268,-0.967392639942639));
#6102=STYLED_ITEM('',(#18),#6103);
#6103=FACE_SURFACE('',(#6108),#6104,.T.);
#6104=PLANE('',#6105);
#6105=AXIS2_PLACEMENT_3D('',#326,#6106,#6107);
#6106=DIRECTION('',(-0.6598537015031994,-0.7513940993995937,-0));
#6107=DIRECTION('',(0,0,-1));
#6108=FACE_BOUND('',#6109,.T.);
#6109=EDGE_LOOP('',(#6110,#6111,#6112));
#6110=ORIENTED_EDGE('',*,*,#6113,.T.);
#6111=ORIENTED_EDGE('',*,*,#6114,.T.);
#6112=ORIENTED_EDGE('',*,*,#6115,.T.);
#6113=EDGE_CURVE('',#327,#381,#6116,.F.);
#6114=EDGE_CURVE('',#381,#315,#6117,.T.);
#6115=EDGE_CURVE('',#315,#327,#6118,.T.);
#6116=LINE('',#326,#6119);
#6117=LINE('',#380,#6120);
#6118=LINE('',#314,#6121);
#6119=VECTOR('',#6122,1.0);
#6120=VECTOR('',#6123,1.0);
#6121=VECTOR('',#6124,1.0);
#6122=DIRECTION('',(0,0,-1));
#6123=DIRECTION('',(0.190559498172941,-0.16734412783715197,0.9673070973245776));
#6124=DIRECTION('',(-0.7513940993995937,0.6598537015031994,0));
#6125=STYLED_ITEM('',(#18),#6126);
#6126=FACE_SURFACE('',(#6131),#6127,.T.);
#6127=PLANE('',#6128);
#6128=AXIS2_PLACEMENT_3D('',#378,#6129,#6130);
#6129=DIRECTION('',(-0.6598537015031994,-0.7513940993995937,0));
#6130=DIRECTION('',(0,0,1));
#6131=FACE_BOUND('',#6132,.T.);
#6132=EDGE_LOOP('',(#6133,#6134,#6135));
#6133=ORIENTED_EDGE('',*,*,#6136,.T.);
#6134=ORIENTED_EDGE('',*,*,#6137,.T.);
#6135=ORIENTED_EDGE('',*,*,#6138,.T.);
#6136=EDGE_CURVE('',#379,#315,#6139,.F.);
#6137=EDGE_CURVE('',#315,#381,#6140,.T.);
#6138=EDGE_CURVE('',#381,#379,#6141,.T.);
#6139=LINE('',#378,#6142);
#6140=LINE('',#314,#6143);
#6141=LINE('',#380,#6144);
#6142=VECTOR('',#6145,1.0);
#6143=VECTOR('',#6146,1.0);
#6144=VECTOR('',#6147,1.0);
#6145=DIRECTION('',(0,0,1));
#6146=DIRECTION('',(-0.190559498172941,0.16734412783715197,-0.9673070973245776));
#6147=DIRECTION('',(0.7513940993995937,-0.6598537015031994,0));
#6148=STYLED_ITEM('',(#18),#6149);
#6149=FACE_SURFACE('',(#6154),#6150,.T.);
#6150=PLANE('',#6151);
#6151=AXIS2_PLACEMENT_3D('',#314,#6152,#6153);
#6152=DIRECTION('',(-0.7513940993995981,-0.6598537015031943,-0));
#6153=DIRECTION('',(0,0,-1));
#6154=FACE_BOUND('',#6155,.T.);
#6155=EDGE_LOOP('',(#6156,#6157,#6158));
#6156=ORIENTED_EDGE('',*,*,#6159,.T.);
#6157=ORIENTED_EDGE('',*,*,#6160,.T.);
#6158=ORIENTED_EDGE('',*,*,#6161,.T.);
#6159=EDGE_CURVE('',#315,#379,#6162,.F.);
#6160=EDGE_CURVE('',#379,#389,#6163,.T.);
#6161=EDGE_CURVE('',#389,#315,#6164,.T.);
#6162=LINE('',#314,#6165);
#6163=LINE('',#378,#6166);
#6164=LINE('',#388,#6167);
#6165=VECTOR('',#6168,1.0);
#6166=VECTOR('',#6169,1.0);
#6167=VECTOR('',#6170,1.0);
#6168=DIRECTION('',(0,0,-1));
#6169=DIRECTION('',(0.6598537015031943,-0.7513940993995981,0));
#6170=DIRECTION('',(-0.1673441278371503,0.19055949817294168,0.9673070973245779));
#6171=STYLED_ITEM('',(#18),#6172);
#6172=FACE_SURFACE('',(#6177),#6173,.T.);
#6173=PLANE('',#6174);
#6174=AXIS2_PLACEMENT_3D('',#314,#6175,#6176);
#6175=DIRECTION('',(-0.7513940993995981,-0.6598537015031943,0));
#6176=DIRECTION('',(0.1673441278371503,-0.19055949817294168,-0.9673070973245779));
#6177=FACE_BOUND('',#6178,.T.);
#6178=EDGE_LOOP('',(#6179,#6180,#6181));
#6179=ORIENTED_EDGE('',*,*,#6182,.T.);
#6180=ORIENTED_EDGE('',*,*,#6183,.T.);
#6181=ORIENTED_EDGE('',*,*,#6184,.T.);
#6182=EDGE_CURVE('',#315,#389,#6185,.F.);
#6183=EDGE_CURVE('',#389,#313,#6186,.T.);
#6184=EDGE_CURVE('',#313,#315,#6187,.T.);
#6185=LINE('',#314,#6188);
#6186=LINE('',#388,#6189);
#6187=LINE('',#312,#6190);
#6188=VECTOR('',#6191,1.0);
#6189=VECTOR('',#6192,1.0);
#6190=VECTOR('',#6193,1.0);
#6191=DIRECTION('',(0.1673441278371503,-0.19055949817294168,-0.9673070973245779));
#6192=DIRECTION('',(0,0,1));
#6193=DIRECTION('',(-0.6598537015031943,0.7513940993995981,0));
#6194=STYLED_ITEM('',(#18),#6195);
#6195=FACE_SURFACE('',(#6200),#6196,.T.);
#6196=PLANE('',#6197);
#6197=AXIS2_PLACEMENT_3D('',#390,#6198,#6199);
#6198=DIRECTION('',(-0.8326374333005072,-0.5538184762778717,0));
#6199=DIRECTION('',(0,0,1));
#6200=FACE_BOUND('',#6201,.T.);
#6201=EDGE_LOOP('',(#6202,#6203,#6204));
#6202=ORIENTED_EDGE('',*,*,#6205,.T.);
#6203=ORIENTED_EDGE('',*,*,#6206,.T.);
#6204=ORIENTED_EDGE('',*,*,#6207,.T.);
#6205=EDGE_CURVE('',#391,#321,#6208,.F.);
#6206=EDGE_CURVE('',#321,#389,#6209,.T.);
#6207=EDGE_CURVE('',#389,#391,#6210,.T.);
#6208=LINE('',#390,#6211);
#6209=LINE('',#320,#6212);
#6210=LINE('',#388,#6213);
#6211=VECTOR('',#6214,1.0);
#6212=VECTOR('',#6215,1.0);
#6213=VECTOR('',#6216,1.0);
#6214=DIRECTION('',(0,0,1));
#6215=DIRECTION('',(-0.14027193279168562,0.21089159550749542,-0.9673926399426387));
#6216=DIRECTION('',(0.5538184762778717,-0.8326374333005072,0));
#6217=STYLED_ITEM('',(#18),#6218);
#6218=FACE_SURFACE('',(#6223),#6219,.T.);
#6219=PLANE('',#6220);
#6220=AXIS2_PLACEMENT_3D('',#312,#6221,#6222);
#6221=DIRECTION('',(-0.8326374333005072,-0.5538184762778717,-0));
#6222=DIRECTION('',(0,0,-1));
#6223=FACE_BOUND('',#6224,.T.);
#6224=EDGE_LOOP('',(#6225,#6226,#6227));
#6225=ORIENTED_EDGE('',*,*,#6228,.T.);
#6226=ORIENTED_EDGE('',*,*,#6229,.T.);
#6227=ORIENTED_EDGE('',*,*,#6230,.T.);
#6228=EDGE_CURVE('',#313,#389,#6231,.F.);
#6229=EDGE_CURVE('',#389,#321,#6232,.T.);
#6230=EDGE_CURVE('',#321,#313,#6233,.T.);
#6231=LINE('',#312,#6234);
#6232=LINE('',#388,#6235);
#6233=LINE('',#320,#6236);
#6234=VECTOR('',#6237,1.0);
#6235=VECTOR('',#6238,1.0);
#6236=VECTOR('',#6239,1.0);
#6237=DIRECTION('',(0,0,-1));
#6238=DIRECTION('',(0.14027193279168562,-0.21089159550749542,0.9673926399426387));
#6239=DIRECTION('',(-0.5538184762778717,0.8326374333005072,0));
#6240=STYLED_ITEM('',(#18),#6241);
#6241=FACE_SURFACE('',(#6246),#6242,.T.);
#6242=PLANE('',#6243);
#6243=AXIS2_PLACEMENT_3D('',#320,#6244,#6245);
#6244=DIRECTION('',(-0.8967049296897794,-0.4426288163575071,-0));
#6245=DIRECTION('',(0,0,-1));
#6246=FACE_BOUND('',#6247,.T.);
#6247=EDGE_LOOP('',(#6248,#6249,#6250));
#6248=ORIENTED_EDGE('',*,*,#6251,.T.);
#6249=ORIENTED_EDGE('',*,*,#6252,.T.);
#6250=ORIENTED_EDGE('',*,*,#6253,.T.);
#6251=EDGE_CURVE('',#321,#391,#6254,.F.);
#6252=EDGE_CURVE('',#391,#331,#6255,.T.);
#6253=EDGE_CURVE('',#331,#321,#6256,.T.);
#6254=LINE('',#320,#6257);
#6255=LINE('',#390,#6258);
#6256=LINE('',#330,#6259);
#6257=VECTOR('',#6260,1.0);
#6258=VECTOR('',#6261,1.0);
#6259=VECTOR('',#6262,1.0);
#6260=DIRECTION('',(0,0,-1));
#6261=DIRECTION('',(0.4426288163575071,-0.8967049296897794,0));
#6262=DIRECTION('',(-0.11221061564623158,0.2273232299729697,0.9673328935019992));
#6263=STYLED_ITEM('',(#18),#6264);
#6264=FACE_SURFACE('',(#6269),#6265,.T.);
#6265=PLANE('',#6266);
#6266=AXIS2_PLACEMENT_3D('',#372,#6267,#6268);
#6267=DIRECTION('',(-0.44262881635750373,-0.8967049296897811,0));
#6268=DIRECTION('',(0,0,1));
#6269=FACE_BOUND('',#6270,.T.);
#6270=EDGE_LOOP('',(#6271,#6272,#6273));
#6271=ORIENTED_EDGE('',*,*,#6274,.T.);
#6272=ORIENTED_EDGE('',*,*,#6275,.T.);
#6273=ORIENTED_EDGE('',*,*,#6276,.T.);
#6274=EDGE_CURVE('',#373,#325,#6277,.F.);
#6275=EDGE_CURVE('',#325,#371,#6278,.T.);
#6276=EDGE_CURVE('',#371,#373,#6279,.T.);
#6277=LINE('',#372,#6280);
#6278=LINE('',#324,#6281);
#6279=LINE('',#370,#6282);
#6280=VECTOR('',#6283,1.0);
#6281=VECTOR('',#6284,1.0);
#6282=VECTOR('',#6285,1.0);
#6283=DIRECTION('',(0,0,1));
#6284=DIRECTION('',(-0.2273232299729725,0.11221061564623191,-0.9673328935019984));
#6285=DIRECTION('',(0.8967049296897811,-0.44262881635750373,0));
#6286=STYLED_ITEM('',(#18),#6287);
#6287=FACE_SURFACE('',(#6292),#6288,.T.);
#6288=PLANE('',#6289);
#6289=AXIS2_PLACEMENT_3D('',#342,#6290,#6291);
#6290=DIRECTION('',(0.32080703368039293,0.9471445756278115,0));
#6291=DIRECTION('',(0,0,-1));
#6292=FACE_BOUND('',#6293,.T.);
#6293=EDGE_LOOP('',(#6294,#6295,#6296));
#6294=ORIENTED_EDGE('',*,*,#6297,.T.);
#6295=ORIENTED_EDGE('',*,*,#6298,.T.);
#6296=ORIENTED_EDGE('',*,*,#6299,.T.);
#6297=EDGE_CURVE('',#343,#223,#6300,.F.);
#6298=EDGE_CURVE('',#223,#73,#6301,.T.);
#6299=EDGE_CURVE('',#73,#343,#6302,.T.);
#6300=LINE('',#342,#6303);
#6301=LINE('',#222,#6304);
#6302=LINE('',#72,#6305);
#6303=VECTOR('',#6306,1.0);
#6304=VECTOR('',#6307,1.0);
#6305=VECTOR('',#6308,1.0);
#6306=DIRECTION('',(0,0,-1));
#6307=DIRECTION('',(-0.23991213984113505,0.0812605634945793,0.9673876606497476));
#6308=DIRECTION('',(0.9471445756278115,-0.32080703368039293,0));
#6309=STYLED_ITEM('',(#18),#6310);
#6310=FACE_SURFACE('',(#6315),#6311,.T.);
#6311=PLANE('',#6312);
#6312=AXIS2_PLACEMENT_3D('',#70,#6313,#6314);
#6313=DIRECTION('',(0.44262881635750506,0.8967049296897804,0));
#6314=DIRECTION('',(0.8967049296897804,-0.44262881635750506,0));
#6315=FACE_BOUND('',#6316,.T.);
#6316=EDGE_LOOP('',(#6317,#6318,#6319));
#6317=ORIENTED_EDGE('',*,*,#6320,.T.);
#6318=ORIENTED_EDGE('',*,*,#6321,.T.);
#6319=ORIENTED_EDGE('',*,*,#6322,.T.);
#6320=EDGE_CURVE('',#71,#73,#6323,.F.);
#6321=EDGE_CURVE('',#73,#197,#6324,.T.);
#6322=EDGE_CURVE('',#197,#71,#6325,.T.);
#6323=LINE('',#70,#6326);
#6324=LINE('',#72,#6327);
#6325=LINE('',#196,#6328);
#6326=VECTOR('',#6329,1.0);
#6327=VECTOR('',#6330,1.0);
#6328=VECTOR('',#6331,1.0);
#6329=DIRECTION('',(0.8967049296897804,-0.44262881635750506,0));
#6330=DIRECTION('',(-0.22732322997297094,0.11221061564623155,-0.967332893501999));
#6331=DIRECTION('',(0,0,1));
#6332=STYLED_ITEM('',(#18),#6333);
#6333=FACE_SURFACE('',(#6338),#6334,.T.);
#6334=PLANE('',#6335);
#6335=AXIS2_PLACEMENT_3D('',#198,#6336,#6337);
#6336=DIRECTION('',(0.44262881635750506,0.8967049296897804,-0));
#6337=DIRECTION('',(-0.8967049296897804,0.44262881635750506,0));
#6338=FACE_BOUND('',#6339,.T.);
#6339=EDGE_LOOP('',(#6340,#6341,#6342));
#6340=ORIENTED_EDGE('',*,*,#6343,.T.);
#6341=ORIENTED_EDGE('',*,*,#6344,.T.);
#6342=ORIENTED_EDGE('',*,*,#6345,.T.);
#6343=EDGE_CURVE('',#199,#197,#6346,.F.);
#6344=EDGE_CURVE('',#197,#73,#6347,.T.);
#6345=EDGE_CURVE('',#73,#199,#6348,.T.);
#6346=LINE('',#198,#6349);
#6347=LINE('',#196,#6350);
#6348=LINE('',#72,#6351);
#6349=VECTOR('',#6352,1.0);
#6350=VECTOR('',#6353,1.0);
#6351=VECTOR('',#6354,1.0);
#6352=DIRECTION('',(-0.8967049296897804,0.44262881635750506,0));
#6353=DIRECTION('',(0.22732322997297094,-0.11221061564623155,0.967332893501999));
#6354=DIRECTION('',(0,0,-1));
#6355=STYLED_ITEM('',(#18),#6356);
#6356=FACE_SURFACE('',(#6361),#6357,.T.);
#6357=PLANE('',#6358);
#6358=AXIS2_PLACEMENT_3D('',#380,#6359,#6360);
#6359=DIRECTION('',(-0.5538184762778638,-0.8326374333005123,0));
#6360=DIRECTION('',(-0.21089159550749528,0.14027193279168268,0.967392639942639));
#6361=FACE_BOUND('',#6362,.T.);
#6362=EDGE_LOOP('',(#6363,#6364,#6365));
#6363=ORIENTED_EDGE('',*,*,#6366,.T.);
#6364=ORIENTED_EDGE('',*,*,#6367,.T.);
#6365=ORIENTED_EDGE('',*,*,#6368,.T.);
#6366=EDGE_CURVE('',#381,#325,#6369,.F.);
#6367=EDGE_CURVE('',#325,#373,#6370,.T.);
#6368=EDGE_CURVE('',#373,#381,#6371,.T.);
#6369=LINE('',#380,#6372);
#6370=LINE('',#324,#6373);
#6371=LINE('',#372,#6374);
#6372=VECTOR('',#6375,1.0);
#6373=VECTOR('',#6376,1.0);
#6374=VECTOR('',#6377,1.0);
#6375=DIRECTION('',(-0.21089159550749528,0.14027193279168268,0.967392639942639));
#6376=DIRECTION('',(0,0,-1));
#6377=DIRECTION('',(0.8326374333005123,-0.5538184762778638,0));
#6378=STYLED_ITEM('',(#18),#6379);
#6379=FACE_SURFACE('',(#6384),#6380,.T.);
#6380=PLANE('',#6381);
#6381=AXIS2_PLACEMENT_3D('',#202,#6382,#6383);
#6382=DIRECTION('',(0.5538184762778627,0.8326374333005132,-0));
#6383=DIRECTION('',(0,0,1));
#6384=FACE_BOUND('',#6385,.T.);
#6385=EDGE_LOOP('',(#6386,#6387,#6388));
#6386=ORIENTED_EDGE('',*,*,#6389,.T.);
#6387=ORIENTED_EDGE('',*,*,#6390,.T.);
#6388=ORIENTED_EDGE('',*,*,#6391,.T.);
#6389=EDGE_CURVE('',#203,#133,#6392,.F.);
#6390=EDGE_CURVE('',#133,#197,#6393,.T.);
#6391=EDGE_CURVE('',#197,#203,#6394,.T.);
#6392=LINE('',#202,#6395);
#6393=LINE('',#132,#6396);
#6394=LINE('',#196,#6397);
#6395=VECTOR('',#6398,1.0);
#6396=VECTOR('',#6399,1.0);
#6397=VECTOR('',#6400,1.0);
#6398=DIRECTION('',(0,0,1));
#6399=DIRECTION('',(0.21089159550749528,-0.14027193279168226,-0.967392639942639));
#6400=DIRECTION('',(-0.8326374333005132,0.5538184762778627,0));
#6401=STYLED_ITEM('',(#18),#6402);
#6402=FACE_SURFACE('',(#6407),#6403,.T.);
#6403=PLANE('',#6404);
#6404=AXIS2_PLACEMENT_3D('',#70,#6405,#6406);
#6405=DIRECTION('',(0.5538184762778627,0.8326374333005132,0));
#6406=DIRECTION('',(0,0,-1));
#6407=FACE_BOUND('',#6408,.T.);
#6408=EDGE_LOOP('',(#6409,#6410,#6411));
#6409=ORIENTED_EDGE('',*,*,#6412,.T.);
#6410=ORIENTED_EDGE('',*,*,#6413,.T.);
#6411=ORIENTED_EDGE('',*,*,#6414,.T.);
#6412=EDGE_CURVE('',#71,#197,#6415,.F.);
#6413=EDGE_CURVE('',#197,#133,#6416,.T.);
#6414=EDGE_CURVE('',#133,#71,#6417,.T.);
#6415=LINE('',#70,#6418);
#6416=LINE('',#196,#6419);
#6417=LINE('',#132,#6420);
#6418=VECTOR('',#6421,1.0);
#6419=VECTOR('',#6422,1.0);
#6420=VECTOR('',#6423,1.0);
#6421=DIRECTION('',(0,0,-1));
#6422=DIRECTION('',(-0.21089159550749528,0.14027193279168226,0.967392639942639));
#6423=DIRECTION('',(0.8326374333005132,-0.5538184762778627,0));
#6424=STYLED_ITEM('',(#18),#6425);
#6425=FACE_SURFACE('',(#6430),#6426,.T.);
#6426=PLANE('',#6427);
#6427=AXIS2_PLACEMENT_3D('',#132,#6428,#6429);
#6428=DIRECTION('',(0.659853701503196,0.7513940993995967,0));
#6429=DIRECTION('',(0,0,-1));
#6430=FACE_BOUND('',#6431,.T.);
#6431=EDGE_LOOP('',(#6432,#6433,#6434));
#6432=ORIENTED_EDGE('',*,*,#6435,.T.);
#6433=ORIENTED_EDGE('',*,*,#6436,.T.);
#6434=ORIENTED_EDGE('',*,*,#6437,.T.);
#6435=EDGE_CURVE('',#133,#203,#6438,.F.);
#6436=EDGE_CURVE('',#203,#135,#6439,.T.);
#6437=EDGE_CURVE('',#135,#133,#6440,.T.);
#6438=LINE('',#132,#6441);
#6439=LINE('',#202,#6442);
#6440=LINE('',#134,#6443);
#6441=VECTOR('',#6444,1.0);
#6442=VECTOR('',#6445,1.0);
#6443=VECTOR('',#6446,1.0);
#6444=DIRECTION('',(0,0,-1));
#6445=DIRECTION('',(-0.19055949817294263,0.1673441278371519,0.9673070973245772));
#6446=DIRECTION('',(0.7513940993995967,-0.659853701503196,0));
#6447=STYLED_ITEM('',(#18),#6448);
#6448=FACE_SURFACE('',(#6453),#6449,.T.);
#6449=PLANE('',#6450);
#6450=AXIS2_PLACEMENT_3D('',#210,#6451,#6452);
#6451=DIRECTION('',(0.659853701503196,0.7513940993995967,-0));
#6452=DIRECTION('',(0,0,1));
#6453=FACE_BOUND('',#6454,.T.);
#6454=EDGE_LOOP('',(#6455,#6456,#6457));
#6455=ORIENTED_EDGE('',*,*,#6458,.T.);
#6456=ORIENTED_EDGE('',*,*,#6459,.T.);
#6457=ORIENTED_EDGE('',*,*,#6460,.T.);
#6458=EDGE_CURVE('',#211,#135,#6461,.F.);
#6459=EDGE_CURVE('',#135,#203,#6462,.T.);
#6460=EDGE_CURVE('',#203,#211,#6463,.T.);
#6461=LINE('',#210,#6464);
#6462=LINE('',#134,#6465);
#6463=LINE('',#202,#6466);
#6464=VECTOR('',#6467,1.0);
#6465=VECTOR('',#6468,1.0);
#6466=VECTOR('',#6469,1.0);
#6467=DIRECTION('',(0,0,1));
#6468=DIRECTION('',(0.19055949817294263,-0.1673441278371519,-0.9673070973245772));
#6469=DIRECTION('',(-0.7513940993995967,0.659853701503196,0));
#6470=STYLED_ITEM('',(#18),#6471);
#6471=FACE_SURFACE('',(#6476),#6472,.T.);
#6472=PLANE('',#6473);
#6473=AXIS2_PLACEMENT_3D('',#90,#6474,#6475);
#6474=DIRECTION('',(0.9808731636385993,0.19464798188937268,0));
#6475=DIRECTION('',(0.19464798188937268,-0.9808731636385993,0));
#6476=FACE_BOUND('',#6477,.T.);
#6477=EDGE_LOOP('',(#6478,#6479,#6480));
#6478=ORIENTED_EDGE('',*,*,#6481,.T.);
#6479=ORIENTED_EDGE('',*,*,#6482,.T.);
#6480=ORIENTED_EDGE('',*,*,#6483,.T.);
#6481=EDGE_CURVE('',#91,#81,#6484,.F.);
#6482=EDGE_CURVE('',#81,#271,#6485,.T.);
#6483=EDGE_CURVE('',#271,#91,#6486,.T.);
#6484=LINE('',#90,#6487);
#6485=LINE('',#80,#6488);
#6486=LINE('',#270,#6489);
#6487=VECTOR('',#6490,1.0);
#6488=VECTOR('',#6491,1.0);
#6489=VECTOR('',#6492,1.0);
#6490=DIRECTION('',(0.19464798188937268,-0.9808731636385993,0));
#6491=DIRECTION('',(0,0,-1));
#6492=DIRECTION('',(-0.04933469311729144,0.24860815943419304,0.9673469238684567));
#6493=STYLED_ITEM('',(#18),#6494);
#6494=FACE_SURFACE('',(#6499),#6495,.T.);
#6495=PLANE('',#6496);
#6496=AXIS2_PLACEMENT_3D('',#184,#6497,#6498);
#6497=DIRECTION('',(0.997885500156359,0.0649963735734023,0));
#6498=DIRECTION('',(-0.016446744634297846,0.2525059029148097,-0.9674555667234083));
#6499=FACE_BOUND('',#6500,.T.);
#6500=EDGE_LOOP('',(#6501,#6502,#6503));
#6501=ORIENTED_EDGE('',*,*,#6504,.T.);
#6502=ORIENTED_EDGE('',*,*,#6505,.T.);
#6503=ORIENTED_EDGE('',*,*,#6506,.T.);
#6504=EDGE_CURVE('',#185,#89,#6507,.F.);
#6505=EDGE_CURVE('',#89,#405,#6508,.T.);
#6506=EDGE_CURVE('',#405,#185,#6509,.T.);
#6507=LINE('',#184,#6510);
#6508=LINE('',#88,#6511);
#6509=LINE('',#404,#6512);
#6510=VECTOR('',#6513,1.0);
#6511=VECTOR('',#6514,1.0);
#6512=VECTOR('',#6515,1.0);
#6513=DIRECTION('',(-0.016446744634297846,0.2525059029148097,-0.9674555667234083));
#6514=DIRECTION('',(0,0,1));
#6515=DIRECTION('',(0.0649963735734023,-0.997885500156359,0));
#6516=STYLED_ITEM('',(#18),#6517);
#6517=FACE_SURFACE('',(#6522),#6518,.T.);
#6518=PLANE('',#6519);
#6519=AXIS2_PLACEMENT_3D('',#282,#6520,#6521);
#6520=DIRECTION('',(0.7513940993995951,0.6598537015031978,-0));
#6521=DIRECTION('',(0,0,1));
#6522=FACE_BOUND('',#6523,.T.);
#6523=EDGE_LOOP('',(#6524,#6525,#6526));
#6524=ORIENTED_EDGE('',*,*,#6527,.T.);
#6525=ORIENTED_EDGE('',*,*,#6528,.T.);
#6526=ORIENTED_EDGE('',*,*,#6529,.T.);
#6527=EDGE_CURVE('',#283,#157,#6530,.F.);
#6528=EDGE_CURVE('',#157,#135,#6531,.T.);
#6529=EDGE_CURVE('',#135,#283,#6532,.T.);
#6530=LINE('',#282,#6533);
#6531=LINE('',#156,#6534);
#6532=LINE('',#134,#6535);
#6533=VECTOR('',#6536,1.0);
#6534=VECTOR('',#6537,1.0);
#6535=VECTOR('',#6538,1.0);
#6536=DIRECTION('',(0,0,1));
#6537=DIRECTION('',(0.6598537015031978,-0.7513940993995951,0));
#6538=DIRECTION('',(-0.16734412783715194,0.19055949817294182,-0.9673070973245774));
#6539=STYLED_ITEM('',(#18),#6540);
#6540=FACE_SURFACE('',(#6545),#6541,.T.);
#6541=PLANE('',#6542);
#6542=AXIS2_PLACEMENT_3D('',#282,#6543,#6544);
#6543=DIRECTION('',(0.7513940993995951,0.6598537015031978,0));
#6544=DIRECTION('',(0.16734412783715194,-0.19055949817294182,0.9673070973245774));
#6545=FACE_BOUND('',#6546,.T.);
#6546=EDGE_LOOP('',(#6547,#6548,#6549));
#6547=ORIENTED_EDGE('',*,*,#6550,.T.);
#6548=ORIENTED_EDGE('',*,*,#6551,.T.);
#6549=ORIENTED_EDGE('',*,*,#6552,.T.);
#6550=EDGE_CURVE('',#283,#135,#6553,.F.);
#6551=EDGE_CURVE('',#135,#211,#6554,.T.);
#6552=EDGE_CURVE('',#211,#283,#6555,.T.);
#6553=LINE('',#282,#6556);
#6554=LINE('',#134,#6557);
#6555=LINE('',#210,#6558);
#6556=VECTOR('',#6559,1.0);
#6557=VECTOR('',#6560,1.0);
#6558=VECTOR('',#6561,1.0);
#6559=DIRECTION('',(0.16734412783715194,-0.19055949817294182,0.9673070973245774));
#6560=DIRECTION('',(0,0,-1));
#6561=DIRECTION('',(-0.6598537015031978,0.7513940993995951,0));
#6562=STYLED_ITEM('',(#18),#6563);
#6563=FACE_SURFACE('',(#6568),#6564,.T.);
#6564=PLANE('',#6565);
#6565=AXIS2_PLACEMENT_3D('',#352,#6566,#6567);
#6566=DIRECTION('',(0.4426288163575071,0.8967049296897794,0));
#6567=DIRECTION('',(0.8967049296897794,-0.4426288163575071,0));
#6568=FACE_BOUND('',#6569,.T.);
#6569=EDGE_LOOP('',(#6570,#6571,#6572));
#6570=ORIENTED_EDGE('',*,*,#6573,.T.);
#6571=ORIENTED_EDGE('',*,*,#6574,.T.);
#6572=ORIENTED_EDGE('',*,*,#6575,.T.);
#6573=EDGE_CURVE('',#353,#177,#6576,.F.);
#6574=EDGE_CURVE('',#177,#295,#6577,.T.);
#6575=EDGE_CURVE('',#295,#353,#6578,.T.);
#6576=LINE('',#352,#6579);
#6577=LINE('',#176,#6580);
#6578=LINE('',#294,#6581);
#6579=VECTOR('',#6582,1.0);
#6580=VECTOR('',#6583,1.0);
#6581=VECTOR('',#6584,1.0);
#6582=DIRECTION('',(0.8967049296897794,-0.4426288163575071,0));
#6583=DIRECTION('',(-0.2273232299729697,0.11221061564623158,-0.9673328935019992));
#6584=DIRECTION('',(0,0,1));
#6585=STYLED_ITEM('',(#18),#6586);
#6586=FACE_SURFACE('',(#6591),#6587,.T.);
#6587=PLANE('',#6588);
#6588=AXIS2_PLACEMENT_3D('',#410,#6589,#6590);
#6589=DIRECTION('',(0.997885500156359,-0.0649963735734023,0));
#6590=DIRECTION('',(-0.0649963735734023,-0.997885500156359,0));
#6591=FACE_BOUND('',#6592,.T.);
#6592=EDGE_LOOP('',(#6593,#6594,#6595));
#6593=ORIENTED_EDGE('',*,*,#6596,.T.);
#6594=ORIENTED_EDGE('',*,*,#6597,.T.);
#6595=ORIENTED_EDGE('',*,*,#6598,.T.);
#6596=EDGE_CURVE('',#411,#405,#6599,.F.);
#6597=EDGE_CURVE('',#405,#89,#6600,.T.);
#6598=EDGE_CURVE('',#89,#411,#6601,.T.);
#6599=LINE('',#410,#6602);
#6600=LINE('',#404,#6603);
#6601=LINE('',#88,#6604);
#6602=VECTOR('',#6605,1.0);
#6603=VECTOR('',#6606,1.0);
#6604=VECTOR('',#6607,1.0);
#6605=DIRECTION('',(-0.0649963735734023,-0.997885500156359,0));
#6606=DIRECTION('',(0,0,-1));
#6607=DIRECTION('',(0.016446744634297846,0.2525059029148097,0.9674555667234083));
#6608=STYLED_ITEM('',(#18),#6609);
#6609=FACE_SURFACE('',(#6614),#6610,.T.);
#6610=PLANE('',#6611);
#6611=AXIS2_PLACEMENT_3D('',#340,#6612,#6613);
#6612=DIRECTION('',(0.06880209161537756,0.9976303284229832,0));
#6613=DIRECTION('',(0.9976303284229832,-0.06880209161537756,0));
#6614=FACE_BOUND('',#6615,.T.);
#6615=EDGE_LOOP('',(#6616,#6617,#6618));
#6616=ORIENTED_EDGE('',*,*,#6619,.T.);
#6617=ORIENTED_EDGE('',*,*,#6620,.T.);
#6618=ORIENTED_EDGE('',*,*,#6621,.T.);
#6619=EDGE_CURVE('',#341,#339,#6622,.F.);
#6620=EDGE_CURVE('',#339,#401,#6623,.T.);
#6621=EDGE_CURVE('',#401,#341,#6624,.T.);
#6622=LINE('',#340,#6625);
#6623=LINE('',#338,#6626);
#6624=LINE('',#400,#6627);
#6625=VECTOR('',#6628,1.0);
#6626=VECTOR('',#6629,1.0);
#6627=VECTOR('',#6630,1.0);
#6628=DIRECTION('',(0.9976303284229832,-0.06880209161537756,0));
#6629=DIRECTION('',(-0.25250176710108924,0.017413914972488762,-0.9674397206938312));
#6630=DIRECTION('',(0,0,1));
#6631=STYLED_ITEM('',(#18),#6632);
#6632=FACE_SURFACE('',(#6637),#6633,.T.);
#6633=PLANE('',#6634);
#6634=AXIS2_PLACEMENT_3D('',#402,#6635,#6636);
#6635=DIRECTION('',(0.06880209161537756,0.9976303284229832,-0));
#6636=DIRECTION('',(-0.9976303284229832,0.06880209161537756,0));
#6637=FACE_BOUND('',#6638,.T.);
#6638=EDGE_LOOP('',(#6639,#6640,#6641));
#6639=ORIENTED_EDGE('',*,*,#6642,.T.);
#6640=ORIENTED_EDGE('',*,*,#6643,.T.);
#6641=ORIENTED_EDGE('',*,*,#6644,.T.);
#6642=EDGE_CURVE('',#403,#401,#6645,.F.);
#6643=EDGE_CURVE('',#401,#339,#6646,.T.);
#6644=EDGE_CURVE('',#339,#403,#6647,.T.);
#6645=LINE('',#402,#6648);
#6646=LINE('',#400,#6649);
#6647=LINE('',#338,#6650);
#6648=VECTOR('',#6651,1.0);
#6649=VECTOR('',#6652,1.0);
#6650=VECTOR('',#6653,1.0);
#6651=DIRECTION('',(-0.9976303284229832,0.06880209161537756,0));
#6652=DIRECTION('',(0.25250176710108924,-0.017413914972488762,0.9674397206938312));
#6653=DIRECTION('',(0,0,-1));
#6654=STYLED_ITEM('',(#18),#6655);
#6655=FACE_SURFACE('',(#6660),#6656,.T.);
#6656=PLANE('',#6657);
#6657=AXIS2_PLACEMENT_3D('',#222,#6658,#6659);
#6658=DIRECTION('',(0.1946479818893714,0.9808731636385997,-0));
#6659=DIRECTION('',(0,0,1));
#6660=FACE_BOUND('',#6661,.T.);
#6661=EDGE_LOOP('',(#6662,#6663,#6664));
#6662=ORIENTED_EDGE('',*,*,#6665,.T.);
#6663=ORIENTED_EDGE('',*,*,#6666,.T.);
#6664=ORIENTED_EDGE('',*,*,#6667,.T.);
#6665=EDGE_CURVE('',#223,#343,#6668,.F.);
#6666=EDGE_CURVE('',#343,#401,#6669,.T.);
#6667=EDGE_CURVE('',#401,#223,#6670,.T.);
#6668=LINE('',#222,#6671);
#6669=LINE('',#342,#6672);
#6670=LINE('',#400,#6673);
#6671=VECTOR('',#6674,1.0);
#6672=VECTOR('',#6675,1.0);
#6673=VECTOR('',#6676,1.0);
#6674=DIRECTION('',(0,0,1));
#6675=DIRECTION('',(0.24860815943419465,-0.04933469311729142,-0.9673469238684562));
#6676=DIRECTION('',(-0.9808731636385997,0.1946479818893714,0));
#6677=STYLED_ITEM('',(#18),#6678);
#6678=FACE_SURFACE('',(#6683),#6679,.T.);
#6679=PLANE('',#6680);
#6680=AXIS2_PLACEMENT_3D('',#340,#6681,#6682);
#6681=DIRECTION('',(0.1946479818893714,0.9808731636385997,0));
#6682=DIRECTION('',(0,0,-1));
#6683=FACE_BOUND('',#6684,.T.);
#6684=EDGE_LOOP('',(#6685,#6686,#6687));
#6685=ORIENTED_EDGE('',*,*,#6688,.T.);
#6686=ORIENTED_EDGE('',*,*,#6689,.T.);
#6687=ORIENTED_EDGE('',*,*,#6690,.T.);
#6688=EDGE_CURVE('',#341,#401,#6691,.F.);
#6689=EDGE_CURVE('',#401,#343,#6692,.T.);
#6690=EDGE_CURVE('',#343,#341,#6693,.T.);
#6691=LINE('',#340,#6694);
#6692=LINE('',#400,#6695);
#6693=LINE('',#342,#6696);
#6694=VECTOR('',#6697,1.0);
#6695=VECTOR('',#6698,1.0);
#6696=VECTOR('',#6699,1.0);
#6697=DIRECTION('',(0,0,-1));
#6698=DIRECTION('',(-0.24860815943419465,0.04933469311729142,0.9673469238684562));
#6699=DIRECTION('',(0.9808731636385997,-0.1946479818893714,0));
#6700=STYLED_ITEM('',(#18),#6701);
#6701=FACE_SURFACE('',(#6706),#6702,.T.);
#6702=PLANE('',#6703);
#6703=AXIS2_PLACEMENT_3D('',#198,#6704,#6705);
#6704=DIRECTION('',(0.32080703368039293,0.9471445756278115,-0));
#6705=DIRECTION('',(0,0,1));
#6706=FACE_BOUND('',#6707,.T.);
#6707=EDGE_LOOP('',(#6708,#6709,#6710));
#6708=ORIENTED_EDGE('',*,*,#6711,.T.);
#6709=ORIENTED_EDGE('',*,*,#6712,.T.);
#6710=ORIENTED_EDGE('',*,*,#6713,.T.);
#6711=EDGE_CURVE('',#199,#73,#6714,.F.);
#6712=EDGE_CURVE('',#73,#223,#6715,.T.);
#6713=EDGE_CURVE('',#223,#199,#6716,.T.);
#6714=LINE('',#198,#6717);
#6715=LINE('',#72,#6718);
#6716=LINE('',#222,#6719);
#6717=VECTOR('',#6720,1.0);
#6718=VECTOR('',#6721,1.0);
#6719=VECTOR('',#6722,1.0);
#6720=DIRECTION('',(0,0,1));
#6721=DIRECTION('',(0.23991213984113505,-0.0812605634945793,-0.9673876606497476));
#6722=DIRECTION('',(-0.9471445756278115,0.32080703368039293,0));
#6723=STYLED_ITEM('',(#18),#6724);
#6724=FACE_SURFACE('',(#6729),#6725,.T.);
#6725=PLANE('',#6726);
#6726=AXIS2_PLACEMENT_3D('',#214,#6727,#6728);
#6727=DIRECTION('',(0.8967049296897794,-0.4426288163575071,0));
#6728=DIRECTION('',(0,0,1));
#6729=FACE_BOUND('',#6730,.T.);
#6730=EDGE_LOOP('',(#6731,#6732,#6733));
#6731=ORIENTED_EDGE('',*,*,#6734,.T.);
#6732=ORIENTED_EDGE('',*,*,#6735,.T.);
#6733=ORIENTED_EDGE('',*,*,#6736,.T.);
#6734=EDGE_CURVE('',#215,#191,#6737,.F.);
#6735=EDGE_CURVE('',#191,#179,#6738,.T.);
#6736=EDGE_CURVE('',#179,#215,#6739,.T.);
#6737=LINE('',#214,#6740);
#6738=LINE('',#190,#6741);
#6739=LINE('',#178,#6742);
#6740=VECTOR('',#6743,1.0);
#6741=VECTOR('',#6744,1.0);
#6742=VECTOR('',#6745,1.0);
#6743=DIRECTION('',(0,0,1));
#6744=DIRECTION('',(-0.4426288163575071,-0.8967049296897794,0));
#6745=DIRECTION('',(0.11221061564623158,0.2273232299729697,-0.9673328935019992));
#6746=STYLED_ITEM('',(#18),#6747);
#6747=FACE_SURFACE('',(#6752),#6748,.T.);
#6748=PLANE('',#6749);
#6749=AXIS2_PLACEMENT_3D('',#172,#6750,#6751);
#6750=DIRECTION('',(0.06880209161537733,0.9976303284229832,0));
#6751=DIRECTION('',(0,0,-1));
#6752=FACE_BOUND('',#6753,.T.);
#6753=EDGE_LOOP('',(#6754,#6755,#6756));
#6754=ORIENTED_EDGE('',*,*,#6757,.T.);
#6755=ORIENTED_EDGE('',*,*,#6758,.T.);
#6756=ORIENTED_EDGE('',*,*,#6759,.T.);
#6757=EDGE_CURVE('',#173,#407,#6760,.F.);
#6758=EDGE_CURVE('',#407,#171,#6761,.T.);
#6759=EDGE_CURVE('',#171,#173,#6762,.T.);
#6760=LINE('',#172,#6763);
#6761=LINE('',#406,#6764);
#6762=LINE('',#170,#6765);
#6763=VECTOR('',#6766,1.0);
#6764=VECTOR('',#6767,1.0);
#6765=VECTOR('',#6768,1.0);
#6766=DIRECTION('',(0,0,-1));
#6767=DIRECTION('',(-0.25250176710109,0.01741391497248876,0.967439720693831));
#6768=DIRECTION('',(0.9976303284229832,-0.06880209161537733,0));
#6769=STYLED_ITEM('',(#18),#6770);
#6770=FACE_SURFACE('',(#6775),#6771,.T.);
#6771=PLANE('',#6772);
#6772=AXIS2_PLACEMENT_3D('',#292,#6773,#6774);
#6773=DIRECTION('',(0.06880209161537733,0.9976303284229832,-0));
#6774=DIRECTION('',(0,0,1));
#6775=FACE_BOUND('',#6776,.T.);
#6776=EDGE_LOOP('',(#6777,#6778,#6779));
#6777=ORIENTED_EDGE('',*,*,#6780,.T.);
#6778=ORIENTED_EDGE('',*,*,#6781,.T.);
#6779=ORIENTED_EDGE('',*,*,#6782,.T.);
#6780=EDGE_CURVE('',#293,#171,#6783,.F.);
#6781=EDGE_CURVE('',#171,#407,#6784,.T.);
#6782=EDGE_CURVE('',#407,#293,#6785,.T.);
#6783=LINE('',#292,#6786);
#6784=LINE('',#170,#6787);
#6785=LINE('',#406,#6788);
#6786=VECTOR('',#6789,1.0);
#6787=VECTOR('',#6790,1.0);
#6788=VECTOR('',#6791,1.0);
#6789=DIRECTION('',(0,0,1));
#6790=DIRECTION('',(0.25250176710109,-0.01741391497248876,-0.967439720693831));
#6791=DIRECTION('',(-0.9976303284229832,0.06880209161537733,0));
#6792=STYLED_ITEM('',(#18),#6793);
#6793=FACE_SURFACE('',(#6798),#6794,.T.);
#6794=PLANE('',#6795);
#6795=AXIS2_PLACEMENT_3D('',#232,#6796,#6797);
#6796=DIRECTION('',(-0.8326374333005069,0.5538184762778721,0));
#6797=DIRECTION('',(0,0,-1));
#6798=FACE_BOUND('',#6799,.T.);
#6799=EDGE_LOOP('',(#6800,#6801,#6802));
#6800=ORIENTED_EDGE('',*,*,#6803,.T.);
#6801=ORIENTED_EDGE('',*,*,#6804,.T.);
#6802=ORIENTED_EDGE('',*,*,#6805,.T.);
#6803=EDGE_CURVE('',#233,#349,#6806,.F.);
#6804=EDGE_CURVE('',#349,#109,#6807,.T.);
#6805=EDGE_CURVE('',#109,#233,#6808,.T.);
#6806=LINE('',#232,#6809);
#6807=LINE('',#348,#6810);
#6808=LINE('',#108,#6811);
#6809=VECTOR('',#6812,1.0);
#6810=VECTOR('',#6813,1.0);
#6811=VECTOR('',#6814,1.0);
#6812=DIRECTION('',(0,0,-1));
#6813=DIRECTION('',(-0.14027193279168562,-0.2108915955074952,0.9673926399426387));
#6814=DIRECTION('',(0.5538184762778721,0.8326374333005069,0));
#6815=STYLED_ITEM('',(#18),#6816);
#6816=FACE_SURFACE('',(#6821),#6817,.T.);
#6817=PLANE('',#6818);
#6818=AXIS2_PLACEMENT_3D('',#188,#6819,#6820);
#6819=DIRECTION('',(0.8326374333005133,-0.5538184762778623,0));
#6820=DIRECTION('',(-0.5538184762778623,-0.8326374333005133,0));
#6821=FACE_BOUND('',#6822,.T.);
#6822=EDGE_LOOP('',(#6823,#6824,#6825));
#6823=ORIENTED_EDGE('',*,*,#6826,.T.);
#6824=ORIENTED_EDGE('',*,*,#6827,.T.);
#6825=ORIENTED_EDGE('',*,*,#6828,.T.);
#6826=EDGE_CURVE('',#189,#191,#6829,.F.);
#6827=EDGE_CURVE('',#191,#215,#6830,.T.);
#6828=EDGE_CURVE('',#215,#189,#6831,.T.);
#6829=LINE('',#188,#6832);
#6830=LINE('',#190,#6833);
#6831=LINE('',#214,#6834);
#6832=VECTOR('',#6835,1.0);
#6833=VECTOR('',#6836,1.0);
#6834=VECTOR('',#6837,1.0);
#6835=DIRECTION('',(-0.5538184762778623,-0.8326374333005133,0));
#6836=DIRECTION('',(0,0,-1));
#6837=DIRECTION('',(0.14027193279168226,0.2108915955074955,0.967392639942639));
#6838=STYLED_ITEM('',(#18),#6839);
#6839=FACE_SURFACE('',(#6844),#6840,.T.);
#6840=PLANE('',#6841);
#6841=AXIS2_PLACEMENT_3D('',#106,#6842,#6843);
#6842=DIRECTION('',(-0.7513940993995986,0.6598537015031939,0));
#6843=DIRECTION('',(0.6598537015031939,0.7513940993995986,0));
#6844=FACE_BOUND('',#6845,.T.);
#6845=EDGE_LOOP('',(#6846,#6847,#6848));
#6846=ORIENTED_EDGE('',*,*,#6849,.T.);
#6847=ORIENTED_EDGE('',*,*,#6850,.T.);
#6848=ORIENTED_EDGE('',*,*,#6851,.T.);
#6849=EDGE_CURVE('',#107,#109,#6852,.F.);
#6850=EDGE_CURVE('',#109,#235,#6853,.T.);
#6851=EDGE_CURVE('',#235,#107,#6854,.T.);
#6852=LINE('',#106,#6855);
#6853=LINE('',#108,#6856);
#6854=LINE('',#234,#6857);
#6855=VECTOR('',#6858,1.0);
#6856=VECTOR('',#6859,1.0);
#6857=VECTOR('',#6860,1.0);
#6858=DIRECTION('',(0.6598537015031939,0.7513940993995986,0));
#6859=DIRECTION('',(-0.16734412783715025,-0.19055949817294185,-0.9673070973245776));
#6860=DIRECTION('',(0,0,1));
#6861=STYLED_ITEM('',(#18),#6862);
#6862=FACE_SURFACE('',(#6867),#6863,.T.);
#6863=PLANE('',#6864);
#6864=AXIS2_PLACEMENT_3D('',#236,#6865,#6866);
#6865=DIRECTION('',(-0.7513940993995986,0.6598537015031939,0));
#6866=DIRECTION('',(-0.6598537015031939,-0.7513940993995986,0));
#6867=FACE_BOUND('',#6868,.T.);
#6868=EDGE_LOOP('',(#6869,#6870,#6871));
#6869=ORIENTED_EDGE('',*,*,#6872,.T.);
#6870=ORIENTED_EDGE('',*,*,#6873,.T.);
#6871=ORIENTED_EDGE('',*,*,#6874,.T.);
#6872=EDGE_CURVE('',#237,#235,#6875,.F.);
#6873=EDGE_CURVE('',#235,#109,#6876,.T.);
#6874=EDGE_CURVE('',#109,#237,#6877,.T.);
#6875=LINE('',#236,#6878);
#6876=LINE('',#234,#6879);
#6877=LINE('',#108,#6880);
#6878=VECTOR('',#6881,1.0);
#6879=VECTOR('',#6882,1.0);
#6880=VECTOR('',#6883,1.0);
#6881=DIRECTION('',(-0.6598537015031939,-0.7513940993995986,0));
#6882=DIRECTION('',(0.16734412783715025,0.19055949817294185,0.9673070973245776));
#6883=DIRECTION('',(0,0,-1));
#6884=STYLED_ITEM('',(#18),#6885);
#6885=FACE_SURFACE('',(#6890),#6886,.T.);
#6886=PLANE('',#6887);
#6887=AXIS2_PLACEMENT_3D('',#106,#6888,#6889);
#6888=DIRECTION('',(-0.6598537015031994,0.7513940993995937,0));
#6889=DIRECTION('',(0,0,-1));
#6890=FACE_BOUND('',#6891,.T.);
#6891=EDGE_LOOP('',(#6892,#6893,#6894));
#6892=ORIENTED_EDGE('',*,*,#6895,.T.);
#6893=ORIENTED_EDGE('',*,*,#6896,.T.);
#6894=ORIENTED_EDGE('',*,*,#6897,.T.);
#6895=EDGE_CURVE('',#107,#235,#6898,.F.);
#6896=EDGE_CURVE('',#235,#239,#6899,.T.);
#6897=EDGE_CURVE('',#239,#107,#6900,.T.);
#6898=LINE('',#106,#6901);
#6899=LINE('',#234,#6902);
#6900=LINE('',#238,#6903);
#6901=VECTOR('',#6904,1.0);
#6902=VECTOR('',#6905,1.0);
#6903=VECTOR('',#6906,1.0);
#6904=DIRECTION('',(0,0,-1));
#6905=DIRECTION('',(-0.7513940993995937,-0.6598537015031994,0));
#6906=DIRECTION('',(0.190559498172941,0.16734412783715197,0.9673070973245776));
#6907=STYLED_ITEM('',(#18),#6908);
#6908=FACE_SURFACE('',(#6913),#6909,.T.);
#6909=PLANE('',#6910);
#6910=AXIS2_PLACEMENT_3D('',#106,#6911,#6912);
#6911=DIRECTION('',(-0.6598537015031994,0.7513940993995937,0));
#6912=DIRECTION('',(-0.190559498172941,-0.16734412783715197,-0.9673070973245776));
#6913=FACE_BOUND('',#6914,.T.);
#6914=EDGE_LOOP('',(#6915,#6916,#6917));
#6915=ORIENTED_EDGE('',*,*,#6918,.T.);
#6916=ORIENTED_EDGE('',*,*,#6919,.T.);
#6917=ORIENTED_EDGE('',*,*,#6920,.T.);
#6918=EDGE_CURVE('',#107,#239,#6921,.F.);
#6919=EDGE_CURVE('',#239,#115,#6922,.T.);
#6920=EDGE_CURVE('',#115,#107,#6923,.T.);
#6921=LINE('',#106,#6924);
#6922=LINE('',#238,#6925);
#6923=LINE('',#114,#6926);
#6924=VECTOR('',#6927,1.0);
#6925=VECTOR('',#6928,1.0);
#6926=VECTOR('',#6929,1.0);
#6927=DIRECTION('',(-0.190559498172941,-0.16734412783715197,-0.9673070973245776));
#6928=DIRECTION('',(0,0,1));
#6929=DIRECTION('',(0.7513940993995937,0.6598537015031994,0));
#6930=STYLED_ITEM('',(#18),#6931);
#6931=FACE_SURFACE('',(#6936),#6932,.T.);
#6932=PLANE('',#6933);
#6933=AXIS2_PLACEMENT_3D('',#174,#6934,#6935);
#6934=DIRECTION('',(0.19464798188937268,0.9808731636385993,0));
#6935=DIRECTION('',(0.9808731636385993,-0.19464798188937268,0));
#6936=FACE_BOUND('',#6937,.T.);
#6937=EDGE_LOOP('',(#6938,#6939,#6940));
#6938=ORIENTED_EDGE('',*,*,#6941,.T.);
#6939=ORIENTED_EDGE('',*,*,#6942,.T.);
#6940=ORIENTED_EDGE('',*,*,#6943,.T.);
#6941=EDGE_CURVE('',#175,#171,#6944,.F.);
#6942=EDGE_CURVE('',#171,#291,#6945,.T.);
#6943=EDGE_CURVE('',#291,#175,#6946,.T.);
#6944=LINE('',#174,#6947);
#6945=LINE('',#170,#6948);
#6946=LINE('',#290,#6949);
#6947=VECTOR('',#6950,1.0);
#6948=VECTOR('',#6951,1.0);
#6949=VECTOR('',#6952,1.0);
#6950=DIRECTION('',(0.9808731636385993,-0.19464798188937268,0));
#6951=DIRECTION('',(-0.24860815943419304,0.04933469311729144,-0.9673469238684567));
#6952=DIRECTION('',(0,0,1));
#6953=STYLED_ITEM('',(#18),#6954);
#6954=FACE_SURFACE('',(#6959),#6955,.T.);
#6955=PLANE('',#6956);
#6956=AXIS2_PLACEMENT_3D('',#120,#6957,#6958);
#6957=DIRECTION('',(-0.5538184762778627,0.8326374333005132,0));
#6958=DIRECTION('',(0.8326374333005132,0.5538184762778627,0));
#6959=FACE_BOUND('',#6960,.T.);
#6960=EDGE_LOOP('',(#6961,#6962,#6963));
#6961=ORIENTED_EDGE('',*,*,#6964,.T.);
#6962=ORIENTED_EDGE('',*,*,#6965,.T.);
#6963=ORIENTED_EDGE('',*,*,#6966,.T.);
#6964=EDGE_CURVE('',#121,#115,#6967,.F.);
#6965=EDGE_CURVE('',#115,#253,#6968,.T.);
#6966=EDGE_CURVE('',#253,#121,#6969,.T.);
#6967=LINE('',#120,#6970);
#6968=LINE('',#114,#6971);
#6969=LINE('',#252,#6972);
#6970=VECTOR('',#6973,1.0);
#6971=VECTOR('',#6974,1.0);
#6972=VECTOR('',#6975,1.0);
#6973=DIRECTION('',(0.8326374333005132,0.5538184762778627,0));
#6974=DIRECTION('',(-0.21089159550749528,-0.14027193279168226,-0.967392639942639));
#6975=DIRECTION('',(0,0,1));
#6976=STYLED_ITEM('',(#18),#6977);
#6977=FACE_SURFACE('',(#6982),#6978,.T.);
#6978=PLANE('',#6979);
#6979=AXIS2_PLACEMENT_3D('',#238,#6980,#6981);
#6980=DIRECTION('',(-0.5538184762778627,0.8326374333005132,0));
#6981=DIRECTION('',(-0.8326374333005132,-0.5538184762778627,0));
#6982=FACE_BOUND('',#6983,.T.);
#6983=EDGE_LOOP('',(#6984,#6985,#6986));
#6984=ORIENTED_EDGE('',*,*,#6987,.T.);
#6985=ORIENTED_EDGE('',*,*,#6988,.T.);
#6986=ORIENTED_EDGE('',*,*,#6989,.T.);
#6987=EDGE_CURVE('',#239,#253,#6990,.F.);
#6988=EDGE_CURVE('',#253,#115,#6991,.T.);
#6989=EDGE_CURVE('',#115,#239,#6992,.T.);
#6990=LINE('',#238,#6993);
#6991=LINE('',#252,#6994);
#6992=LINE('',#114,#6995);
#6993=VECTOR('',#6996,1.0);
#6994=VECTOR('',#6997,1.0);
#6995=VECTOR('',#6998,1.0);
#6996=DIRECTION('',(-0.8326374333005132,-0.5538184762778627,0));
#6997=DIRECTION('',(0.21089159550749528,0.14027193279168226,0.967392639942639));
#6998=DIRECTION('',(0,0,-1));
#6999=STYLED_ITEM('',(#18),#7000);
#7000=FACE_SURFACE('',(#7005),#7001,.T.);
#7001=PLANE('',#7002);
#7002=AXIS2_PLACEMENT_3D('',#254,#7003,#7004);
#7003=DIRECTION('',(-0.44262881635750234,0.8967049296897817,0));
#7004=DIRECTION('',(0,0,1));
#7005=FACE_BOUND('',#7006,.T.);
#7006=EDGE_LOOP('',(#7007,#7008,#7009));
#7007=ORIENTED_EDGE('',*,*,#7010,.T.);
#7008=ORIENTED_EDGE('',*,*,#7011,.T.);
#7009=ORIENTED_EDGE('',*,*,#7012,.T.);
#7010=EDGE_CURVE('',#255,#123,#7013,.F.);
#7011=EDGE_CURVE('',#123,#253,#7014,.T.);
#7012=EDGE_CURVE('',#253,#255,#7015,.T.);
#7013=LINE('',#254,#7016);
#7014=LINE('',#122,#7017);
#7015=LINE('',#252,#7018);
#7016=VECTOR('',#7019,1.0);
#7017=VECTOR('',#7020,1.0);
#7018=VECTOR('',#7021,1.0);
#7019=DIRECTION('',(0,0,1));
#7020=DIRECTION('',(0.22732322997297255,0.1122106156462315,-0.9673328935019986));
#7021=DIRECTION('',(-0.8967049296897817,-0.44262881635750234,0));
#7022=STYLED_ITEM('',(#18),#7023);
#7023=FACE_SURFACE('',(#7028),#7024,.T.);
#7024=PLANE('',#7025);
#7025=AXIS2_PLACEMENT_3D('',#120,#7026,#7027);
#7026=DIRECTION('',(-0.44262881635750234,0.8967049296897817,0));
#7027=DIRECTION('',(0,0,-1));
#7028=FACE_BOUND('',#7029,.T.);
#7029=EDGE_LOOP('',(#7030,#7031,#7032));
#7030=ORIENTED_EDGE('',*,*,#7033,.T.);
#7031=ORIENTED_EDGE('',*,*,#7034,.T.);
#7032=ORIENTED_EDGE('',*,*,#7035,.T.);
#7033=EDGE_CURVE('',#121,#253,#7036,.F.);
#7034=EDGE_CURVE('',#253,#123,#7037,.T.);
#7035=EDGE_CURVE('',#123,#121,#7038,.T.);
#7036=LINE('',#120,#7039);
#7037=LINE('',#252,#7040);
#7038=LINE('',#122,#7041);
#7039=VECTOR('',#7042,1.0);
#7040=VECTOR('',#7043,1.0);
#7041=VECTOR('',#7044,1.0);
#7042=DIRECTION('',(0,0,-1));
#7043=DIRECTION('',(-0.22732322997297255,-0.1122106156462315,0.9673328935019986));
#7044=DIRECTION('',(0.8967049296897817,0.44262881635750234,0));
#7045=STYLED_ITEM('',(#18),#7046);
#7046=FACE_SURFACE('',(#7051),#7047,.T.);
#7047=PLANE('',#7048);
#7048=AXIS2_PLACEMENT_3D('',#362,#7049,#7050);
#7049=DIRECTION('',(0.8326374333005123,0.5538184762778638,0));
#7050=DIRECTION('',(0.14027193279168268,-0.21089159550749528,-0.967392639942639));
#7051=FACE_BOUND('',#7052,.T.);
#7052=EDGE_LOOP('',(#7053,#7054,#7055));
#7053=ORIENTED_EDGE('',*,*,#7056,.T.);
#7054=ORIENTED_EDGE('',*,*,#7057,.T.);
#7055=ORIENTED_EDGE('',*,*,#7058,.T.);
#7056=EDGE_CURVE('',#363,#423,#7059,.F.);
#7057=EDGE_CURVE('',#423,#425,#7060,.T.);
#7058=EDGE_CURVE('',#425,#363,#7061,.T.);
#7059=LINE('',#362,#7062);
#7060=LINE('',#422,#7063);
#7061=LINE('',#424,#7064);
#7062=VECTOR('',#7065,1.0);
#7063=VECTOR('',#7066,1.0);
#7064=VECTOR('',#7067,1.0);
#7065=DIRECTION('',(0.14027193279168268,-0.21089159550749528,-0.967392639942639));
#7066=DIRECTION('',(-0.5538184762778638,0.8326374333005123,0));
#7067=DIRECTION('',(0,0,1));
#7068=STYLED_ITEM('',(#18),#7069);
#7069=FACE_SURFACE('',(#7074),#7070,.T.);
#7070=PLANE('',#7071);
#7071=AXIS2_PLACEMENT_3D('',#176,#7072,#7073);
#7072=DIRECTION('',(0.3208070336803899,0.9471445756278127,0));
#7073=DIRECTION('',(0.9471445756278127,-0.3208070336803899,0));
#7074=FACE_BOUND('',#7075,.T.);
#7075=EDGE_LOOP('',(#7076,#7077,#7078));
#7076=ORIENTED_EDGE('',*,*,#7079,.T.);
#7077=ORIENTED_EDGE('',*,*,#7080,.T.);
#7078=ORIENTED_EDGE('',*,*,#7081,.T.);
#7079=EDGE_CURVE('',#177,#175,#7082,.F.);
#7080=EDGE_CURVE('',#175,#297,#7083,.T.);
#7081=EDGE_CURVE('',#297,#177,#7084,.T.);
#7082=LINE('',#176,#7085);
#7083=LINE('',#174,#7086);
#7084=LINE('',#296,#7087);
#7085=VECTOR('',#7088,1.0);
#7086=VECTOR('',#7089,1.0);
#7087=VECTOR('',#7090,1.0);
#7088=DIRECTION('',(0.9471445756278127,-0.3208070336803899,0));
#7089=DIRECTION('',(-0.23991213984113746,0.08126056349457925,-0.967387660649747));
#7090=DIRECTION('',(0,0,1));
#7091=STYLED_ITEM('',(#18),#7092);
#7092=FACE_SURFACE('',(#7097),#7093,.T.);
#7093=PLANE('',#7094);
#7094=AXIS2_PLACEMENT_3D('',#130,#7095,#7096);
#7095=DIRECTION('',(-0.32080703368039293,0.9471445756278115,0));
#7096=DIRECTION('',(0.9471445756278115,0.32080703368039293,0));
#7097=FACE_BOUND('',#7098,.T.);
#7098=EDGE_LOOP('',(#7099,#7100,#7101));
#7099=ORIENTED_EDGE('',*,*,#7102,.T.);
#7100=ORIENTED_EDGE('',*,*,#7103,.T.);
#7101=ORIENTED_EDGE('',*,*,#7104,.T.);
#7102=EDGE_CURVE('',#131,#123,#7105,.F.);
#7103=EDGE_CURVE('',#123,#257,#7106,.T.);
#7104=EDGE_CURVE('',#257,#131,#7107,.T.);
#7105=LINE('',#130,#7108);
#7106=LINE('',#122,#7109);
#7107=LINE('',#256,#7110);
#7108=VECTOR('',#7111,1.0);
#7109=VECTOR('',#7112,1.0);
#7110=VECTOR('',#7113,1.0);
#7111=DIRECTION('',(0.9471445756278115,0.32080703368039293,0));
#7112=DIRECTION('',(-0.23991213984113505,-0.0812605634945793,-0.9673876606497476));
#7113=DIRECTION('',(0,0,1));
#7114=STYLED_ITEM('',(#18),#7115);
#7115=FACE_SURFACE('',(#7120),#7116,.T.);
#7116=PLANE('',#7117);
#7117=AXIS2_PLACEMENT_3D('',#254,#7118,#7119);
#7118=DIRECTION('',(-0.32080703368039293,0.9471445756278115,0));
#7119=DIRECTION('',(-0.9471445756278115,-0.32080703368039293,0));
#7120=FACE_BOUND('',#7121,.T.);
#7121=EDGE_LOOP('',(#7122,#7123,#7124));
#7122=ORIENTED_EDGE('',*,*,#7125,.T.);
#7123=ORIENTED_EDGE('',*,*,#7126,.T.);
#7124=ORIENTED_EDGE('',*,*,#7127,.T.);
#7125=EDGE_CURVE('',#255,#257,#7128,.F.);
#7126=EDGE_CURVE('',#257,#123,#7129,.T.);
#7127=EDGE_CURVE('',#123,#255,#7130,.T.);
#7128=LINE('',#254,#7131);
#7129=LINE('',#256,#7132);
#7130=LINE('',#122,#7133);
#7131=VECTOR('',#7134,1.0);
#7132=VECTOR('',#7135,1.0);
#7133=VECTOR('',#7136,1.0);
#7134=DIRECTION('',(-0.9471445756278115,-0.32080703368039293,0));
#7135=DIRECTION('',(0.23991213984113505,0.0812605634945793,0.9673876606497476));
#7136=DIRECTION('',(0,0,-1));
#7137=STYLED_ITEM('',(#18),#7138);
#7138=FACE_SURFACE('',(#7143),#7139,.T.);
#7139=PLANE('',#7140);
#7140=AXIS2_PLACEMENT_3D('',#258,#7141,#7142);
#7141=DIRECTION('',(-0.1946479818893714,0.9808731636385997,0));
#7142=DIRECTION('',(0,0,1));
#7143=FACE_BOUND('',#7144,.T.);
#7144=EDGE_LOOP('',(#7145,#7146,#7147));
#7145=ORIENTED_EDGE('',*,*,#7148,.T.);
#7146=ORIENTED_EDGE('',*,*,#7149,.T.);
#7147=ORIENTED_EDGE('',*,*,#7150,.T.);
#7148=EDGE_CURVE('',#259,#129,#7151,.F.);
#7149=EDGE_CURVE('',#129,#257,#7152,.T.);
#7150=EDGE_CURVE('',#257,#259,#7153,.T.);
#7151=LINE('',#258,#7154);
#7152=LINE('',#128,#7155);
#7153=LINE('',#256,#7156);
#7154=VECTOR('',#7157,1.0);
#7155=VECTOR('',#7158,1.0);
#7156=VECTOR('',#7159,1.0);
#7157=DIRECTION('',(0,0,1));
#7158=DIRECTION('',(0.24860815943419465,0.04933469311729142,-0.9673469238684562));
#7159=DIRECTION('',(-0.9808731636385997,-0.1946479818893714,0));
#7160=STYLED_ITEM('',(#18),#7161);
#7161=FACE_SURFACE('',(#7166),#7162,.T.);
#7162=PLANE('',#7163);
#7163=AXIS2_PLACEMENT_3D('',#130,#7164,#7165);
#7164=DIRECTION('',(-0.1946479818893714,0.9808731636385997,0));
#7165=DIRECTION('',(0,0,-1));
#7166=FACE_BOUND('',#7167,.T.);
#7167=EDGE_LOOP('',(#7168,#7169,#7170));
#7168=ORIENTED_EDGE('',*,*,#7171,.T.);
#7169=ORIENTED_EDGE('',*,*,#7172,.T.);
#7170=ORIENTED_EDGE('',*,*,#7173,.T.);
#7171=EDGE_CURVE('',#131,#257,#7174,.F.);
#7172=EDGE_CURVE('',#257,#129,#7175,.T.);
#7173=EDGE_CURVE('',#129,#131,#7176,.T.);
#7174=LINE('',#130,#7177);
#7175=LINE('',#256,#7178);
#7176=LINE('',#128,#7179);
#7177=VECTOR('',#7180,1.0);
#7178=VECTOR('',#7181,1.0);
#7179=VECTOR('',#7182,1.0);
#7180=DIRECTION('',(0,0,-1));
#7181=DIRECTION('',(-0.24860815943419465,-0.04933469311729142,0.9673469238684562));
#7182=DIRECTION('',(0.9808731636385997,0.1946479818893714,0));
#7183=STYLED_ITEM('',(#18),#7184);
#7184=FACE_SURFACE('',(#7189),#7185,.T.);
#7185=PLANE('',#7186);
#7186=AXIS2_PLACEMENT_3D('',#430,#7187,#7188);
#7187=DIRECTION('',(-0.5538184762778627,0.8326374333005132,0));
#7188=DIRECTION('',(0,0,1));
#7189=FACE_BOUND('',#7190,.T.);
#7190=EDGE_LOOP('',(#7191,#7192,#7193));
#7191=ORIENTED_EDGE('',*,*,#7194,.T.);
#7192=ORIENTED_EDGE('',*,*,#7195,.T.);
#7193=ORIENTED_EDGE('',*,*,#7196,.T.);
#7194=EDGE_CURVE('',#431,#387,#7197,.F.);
#7195=EDGE_CURVE('',#387,#285,#7198,.T.);
#7196=EDGE_CURVE('',#285,#431,#7199,.T.);
#7197=LINE('',#430,#7200);
#7198=LINE('',#386,#7201);
#7199=LINE('',#284,#7202);
#7200=VECTOR('',#7203,1.0);
#7201=VECTOR('',#7204,1.0);
#7202=VECTOR('',#7205,1.0);
#7203=DIRECTION('',(0,0,1));
#7204=DIRECTION('',(0.21089159550749528,0.14027193279168226,-0.967392639942639));
#7205=DIRECTION('',(-0.8326374333005132,-0.5538184762778627,0));
#7206=STYLED_ITEM('',(#18),#7207);
#7207=FACE_SURFACE('',(#7212),#7208,.T.);
#7208=PLANE('',#7209);
#7209=AXIS2_PLACEMENT_3D('',#338,#7210,#7211);
#7210=DIRECTION('',(-0.06880209161537756,0.9976303284229832,0));
#7211=DIRECTION('',(0.9976303284229832,0.06880209161537756,0));
#7212=FACE_BOUND('',#7213,.T.);
#7213=EDGE_LOOP('',(#7214,#7215,#7216));
#7214=ORIENTED_EDGE('',*,*,#7217,.T.);
#7215=ORIENTED_EDGE('',*,*,#7218,.T.);
#7216=ORIENTED_EDGE('',*,*,#7219,.T.);
#7217=EDGE_CURVE('',#339,#129,#7220,.F.);
#7218=EDGE_CURVE('',#129,#403,#7221,.T.);
#7219=EDGE_CURVE('',#403,#339,#7222,.T.);
#7220=LINE('',#338,#7223);
#7221=LINE('',#128,#7224);
#7222=LINE('',#402,#7225);
#7223=VECTOR('',#7226,1.0);
#7224=VECTOR('',#7227,1.0);
#7225=VECTOR('',#7228,1.0);
#7226=DIRECTION('',(0.9976303284229832,0.06880209161537756,0));
#7227=DIRECTION('',(-0.25250176710108924,-0.017413914972488762,-0.9674397206938312));
#7228=DIRECTION('',(0,0,1));
#7229=STYLED_ITEM('',(#18),#7230);
#7230=FACE_SURFACE('',(#7235),#7231,.T.);
#7231=PLANE('',#7232);
#7232=AXIS2_PLACEMENT_3D('',#258,#7233,#7234);
#7233=DIRECTION('',(-0.06880209161537756,0.9976303284229832,0));
#7234=DIRECTION('',(-0.9976303284229832,-0.06880209161537756,0));
#7235=FACE_BOUND('',#7236,.T.);
#7236=EDGE_LOOP('',(#7237,#7238,#7239));
#7237=ORIENTED_EDGE('',*,*,#7240,.T.);
#7238=ORIENTED_EDGE('',*,*,#7241,.T.);
#7239=ORIENTED_EDGE('',*,*,#7242,.T.);
#7240=EDGE_CURVE('',#259,#403,#7243,.F.);
#7241=EDGE_CURVE('',#403,#129,#7244,.T.);
#7242=EDGE_CURVE('',#129,#259,#7245,.T.);
#7243=LINE('',#258,#7246);
#7244=LINE('',#402,#7247);
#7245=LINE('',#128,#7248);
#7246=VECTOR('',#7249,1.0);
#7247=VECTOR('',#7250,1.0);
#7248=VECTOR('',#7251,1.0);
#7249=DIRECTION('',(-0.9976303284229832,-0.06880209161537756,0));
#7250=DIRECTION('',(0.25250176710108924,0.017413914972488762,0.9674397206938312));
#7251=DIRECTION('',(0,0,-1));
#7252=STYLED_ITEM('',(#18),#7253);
#7253=FACE_SURFACE('',(#7258),#7254,.T.);
#7254=PLANE('',#7255);
#7255=AXIS2_PLACEMENT_3D('',#296,#7256,#7257);
#7256=DIRECTION('',(0.4426288163575071,0.8967049296897794,-0));
#7257=DIRECTION('',(-0.8967049296897794,0.4426288163575071,0));
#7258=FACE_BOUND('',#7259,.T.);
#7259=EDGE_LOOP('',(#7260,#7261,#7262));
#7260=ORIENTED_EDGE('',*,*,#7263,.T.);
#7261=ORIENTED_EDGE('',*,*,#7264,.T.);
#7262=ORIENTED_EDGE('',*,*,#7265,.T.);
#7263=EDGE_CURVE('',#297,#295,#7266,.F.);
#7264=EDGE_CURVE('',#295,#177,#7267,.T.);
#7265=EDGE_CURVE('',#177,#297,#7268,.T.);
#7266=LINE('',#296,#7269);
#7267=LINE('',#294,#7270);
#7268=LINE('',#176,#7271);
#7269=VECTOR('',#7272,1.0);
#7270=VECTOR('',#7273,1.0);
#7271=VECTOR('',#7274,1.0);
#7272=DIRECTION('',(-0.8967049296897794,0.4426288163575071,0));
#7273=DIRECTION('',(0.2273232299729697,-0.11221061564623158,0.9673328935019992));
#7274=DIRECTION('',(0,0,-1));
#7275=STYLED_ITEM('',(#18),#7276);
#7276=FACE_SURFACE('',(#7281),#7277,.T.);
#7277=PLANE('',#7278);
#7278=AXIS2_PLACEMENT_3D('',#276,#7279,#7280);
#7279=DIRECTION('',(0.8326374333005132,0.5538184762778627,-0));
#7280=DIRECTION('',(0,0,1));
#7281=FACE_BOUND('',#7282,.T.);
#7282=EDGE_LOOP('',(#7283,#7284,#7285));
#7283=ORIENTED_EDGE('',*,*,#7286,.T.);
#7284=ORIENTED_EDGE('',*,*,#7287,.T.);
#7285=ORIENTED_EDGE('',*,*,#7288,.T.);
#7286=EDGE_CURVE('',#277,#155,#7289,.F.);
#7287=EDGE_CURVE('',#155,#157,#7290,.T.);
#7288=EDGE_CURVE('',#157,#277,#7291,.T.);
#7289=LINE('',#276,#7292);
#7290=LINE('',#154,#7293);
#7291=LINE('',#156,#7294);
#7292=VECTOR('',#7295,1.0);
#7293=VECTOR('',#7296,1.0);
#7294=VECTOR('',#7297,1.0);
#7295=DIRECTION('',(0,0,1));
#7296=DIRECTION('',(0.5538184762778627,-0.8326374333005132,0));
#7297=DIRECTION('',(-0.14027193279168226,0.21089159550749528,-0.967392639942639));
#7298=STYLED_ITEM('',(#18),#7299);
#7299=FACE_SURFACE('',(#7304),#7300,.T.);
#7300=PLANE('',#7301);
#7301=AXIS2_PLACEMENT_3D('',#276,#7302,#7303);
#7302=DIRECTION('',(0.8326374333005132,0.5538184762778627,0));
#7303=DIRECTION('',(0.14027193279168226,-0.21089159550749528,0.967392639942639));
#7304=FACE_BOUND('',#7305,.T.);
#7305=EDGE_LOOP('',(#7306,#7307,#7308));
#7306=ORIENTED_EDGE('',*,*,#7309,.T.);
#7307=ORIENTED_EDGE('',*,*,#7310,.T.);
#7308=ORIENTED_EDGE('',*,*,#7311,.T.);
#7309=EDGE_CURVE('',#277,#157,#7312,.F.);
#7310=EDGE_CURVE('',#157,#283,#7313,.T.);
#7311=EDGE_CURVE('',#283,#277,#7314,.T.);
#7312=LINE('',#276,#7315);
#7313=LINE('',#156,#7316);
#7314=LINE('',#282,#7317);
#7315=VECTOR('',#7318,1.0);
#7316=VECTOR('',#7319,1.0);
#7317=VECTOR('',#7320,1.0);
#7318=DIRECTION('',(0.14027193279168226,-0.21089159550749528,0.967392639942639));
#7319=DIRECTION('',(0,0,-1));
#7320=DIRECTION('',(-0.5538184762778627,0.8326374333005132,0));
#7321=STYLED_ITEM('',(#18),#7322);
#7322=FACE_SURFACE('',(#7327),#7323,.T.);
#7323=PLANE('',#7324);
#7324=AXIS2_PLACEMENT_3D('',#276,#7325,#7326);
#7325=DIRECTION('',(0.8967049296897797,0.44262881635750634,-0));
#7326=DIRECTION('',(-0.11221061564623155,0.22732322997297008,0.967332893501999));
#7327=FACE_BOUND('',#7328,.T.);
#7328=EDGE_LOOP('',(#7329,#7330,#7331));
#7329=ORIENTED_EDGE('',*,*,#7332,.T.);
#7330=ORIENTED_EDGE('',*,*,#7333,.T.);
#7331=ORIENTED_EDGE('',*,*,#7334,.T.);
#7332=EDGE_CURVE('',#277,#103,#7335,.F.);
#7333=EDGE_CURVE('',#103,#155,#7336,.T.);
#7334=EDGE_CURVE('',#155,#277,#7337,.T.);
#7335=LINE('',#276,#7338);
#7336=LINE('',#102,#7339);
#7337=LINE('',#154,#7340);
#7338=VECTOR('',#7341,1.0);
#7339=VECTOR('',#7342,1.0);
#7340=VECTOR('',#7343,1.0);
#7341=DIRECTION('',(-0.11221061564623155,0.22732322997297008,0.967332893501999));
#7342=DIRECTION('',(0.44262881635750634,-0.8967049296897797,0));
#7343=DIRECTION('',(0,0,-1));
#7344=STYLED_ITEM('',(#18),#7345);
#7345=FACE_SURFACE('',(#7350),#7346,.T.);
#7346=PLANE('',#7347);
#7347=AXIS2_PLACEMENT_3D('',#352,#7348,#7349);
#7348=DIRECTION('',(0.5538184762778623,0.8326374333005133,0));
#7349=DIRECTION('',(0,0,-1));
#7350=FACE_BOUND('',#7351,.T.);
#7351=EDGE_LOOP('',(#7352,#7353,#7354));
#7352=ORIENTED_EDGE('',*,*,#7355,.T.);
#7353=ORIENTED_EDGE('',*,*,#7356,.T.);
#7354=ORIENTED_EDGE('',*,*,#7357,.T.);
#7355=EDGE_CURVE('',#353,#295,#7358,.F.);
#7356=EDGE_CURVE('',#295,#417,#7359,.T.);
#7357=EDGE_CURVE('',#417,#353,#7360,.T.);
#7358=LINE('',#352,#7361);
#7359=LINE('',#294,#7362);
#7360=LINE('',#416,#7363);
#7361=VECTOR('',#7364,1.0);
#7362=VECTOR('',#7365,1.0);
#7363=VECTOR('',#7366,1.0);
#7364=DIRECTION('',(0,0,-1));
#7365=DIRECTION('',(-0.8326374333005133,0.5538184762778623,0));
#7366=DIRECTION('',(0.2108915955074955,-0.14027193279168226,0.967392639942639));
#7367=STYLED_ITEM('',(#18),#7368);
#7368=FACE_SURFACE('',(#7373),#7369,.T.);
#7369=PLANE('',#7370);
#7370=AXIS2_PLACEMENT_3D('',#270,#7371,#7372);
#7371=DIRECTION('',(0.9471445756278137,0.3208070336803868,-0));
#7372=DIRECTION('',(0,0,1));
#7373=FACE_BOUND('',#7374,.T.);
#7374=EDGE_LOOP('',(#7375,#7376,#7377));
#7375=ORIENTED_EDGE('',*,*,#7378,.T.);
#7376=ORIENTED_EDGE('',*,*,#7379,.T.);
#7377=ORIENTED_EDGE('',*,*,#7380,.T.);
#7378=EDGE_CURVE('',#271,#81,#7381,.F.);
#7379=EDGE_CURVE('',#81,#103,#7382,.T.);
#7380=EDGE_CURVE('',#103,#271,#7383,.T.);
#7381=LINE('',#270,#7384);
#7382=LINE('',#80,#7385);
#7383=LINE('',#102,#7386);
#7384=VECTOR('',#7387,1.0);
#7385=VECTOR('',#7388,1.0);
#7386=VECTOR('',#7389,1.0);
#7387=DIRECTION('',(0,0,1));
#7388=DIRECTION('',(0.3208070336803868,-0.9471445756278137,0));
#7389=DIRECTION('',(-0.08126056349457839,0.23991213984113746,-0.967387660649747));
#7390=STYLED_ITEM('',(#18),#7391);
#7391=FACE_SURFACE('',(#7396),#7392,.T.);
#7392=PLANE('',#7393);
#7393=AXIS2_PLACEMENT_3D('',#90,#7394,#7395);
#7394=DIRECTION('',(0.9808731636385993,0.19464798188937268,0));
#7395=DIRECTION('',(0.04933469311729144,-0.24860815943419304,-0.9673469238684567));
#7396=FACE_BOUND('',#7397,.T.);
#7397=EDGE_LOOP('',(#7398,#7399,#7400));
#7398=ORIENTED_EDGE('',*,*,#7401,.T.);
#7399=ORIENTED_EDGE('',*,*,#7402,.T.);
#7400=ORIENTED_EDGE('',*,*,#7403,.T.);
#7401=EDGE_CURVE('',#91,#271,#7404,.F.);
#7402=EDGE_CURVE('',#271,#281,#7405,.T.);
#7403=EDGE_CURVE('',#281,#91,#7406,.T.);
#7404=LINE('',#90,#7407);
#7405=LINE('',#270,#7408);
#7406=LINE('',#280,#7409);
#7407=VECTOR('',#7410,1.0);
#7408=VECTOR('',#7411,1.0);
#7409=VECTOR('',#7412,1.0);
#7410=DIRECTION('',(0.04933469311729144,-0.24860815943419304,-0.9673469238684567));
#7411=DIRECTION('',(-0.19464798188937268,0.9808731636385993,0));
#7412=DIRECTION('',(0,0,1));
#7413=STYLED_ITEM('',(#18),#7414);
#7414=FACE_SURFACE('',(#7419),#7415,.T.);
#7415=PLANE('',#7416);
#7416=AXIS2_PLACEMENT_3D('',#358,#7417,#7418);
#7417=DIRECTION('',(0.6598537015031981,0.7513940993995948,0));
#7418=DIRECTION('',(0.1905594981729416,-0.16734412783715194,-0.9673070973245774));
#7419=FACE_BOUND('',#7420,.T.);
#7420=EDGE_LOOP('',(#7421,#7422,#7423));
#7421=ORIENTED_EDGE('',*,*,#7424,.T.);
#7422=ORIENTED_EDGE('',*,*,#7425,.T.);
#7423=ORIENTED_EDGE('',*,*,#7426,.T.);
#7424=EDGE_CURVE('',#359,#417,#7427,.F.);
#7425=EDGE_CURVE('',#417,#427,#7428,.T.);
#7426=EDGE_CURVE('',#427,#359,#7429,.T.);
#7427=LINE('',#358,#7430);
#7428=LINE('',#416,#7431);
#7429=LINE('',#426,#7432);
#7430=VECTOR('',#7433,1.0);
#7431=VECTOR('',#7434,1.0);
#7432=VECTOR('',#7435,1.0);
#7433=DIRECTION('',(0.1905594981729416,-0.16734412783715194,-0.9673070973245774));
#7434=DIRECTION('',(-0.7513940993995948,0.6598537015031981,0));
#7435=DIRECTION('',(0,0,1));
#7436=STYLED_ITEM('',(#18),#7437);
#7437=FACE_SURFACE('',(#7442),#7438,.T.);
#7438=PLANE('',#7439);
#7439=AXIS2_PLACEMENT_3D('',#278,#7440,#7441);
#7440=DIRECTION('',(0.9978855001563588,0.06499637357340737,-0));
#7441=DIRECTION('',(0,0,1));
#7442=FACE_BOUND('',#7443,.T.);
#7443=EDGE_LOOP('',(#7444,#7445,#7446));
#7444=ORIENTED_EDGE('',*,*,#7447,.T.);
#7445=ORIENTED_EDGE('',*,*,#7448,.T.);
#7446=ORIENTED_EDGE('',*,*,#7449,.T.);
#7447=EDGE_CURVE('',#279,#93,#7450,.F.);
#7448=EDGE_CURVE('',#93,#281,#7451,.T.);
#7449=EDGE_CURVE('',#281,#279,#7452,.T.);
#7450=LINE('',#278,#7453);
#7451=LINE('',#92,#7454);
#7452=LINE('',#280,#7455);
#7453=VECTOR('',#7456,1.0);
#7454=VECTOR('',#7457,1.0);
#7455=VECTOR('',#7458,1.0);
#7456=DIRECTION('',(0,0,1));
#7457=DIRECTION('',(0.016446744634299137,-0.2525059029148097,-0.9674555667234083));
#7458=DIRECTION('',(-0.06499637357340737,0.9978855001563588,0));
#7459=STYLED_ITEM('',(#18),#7460);
#7460=FACE_SURFACE('',(#7465),#7461,.T.);
#7461=PLANE('',#7462);
#7462=AXIS2_PLACEMENT_3D('',#90,#7463,#7464);
#7463=DIRECTION('',(0.9978855001563588,0.06499637357340737,0));
#7464=DIRECTION('',(0,0,-1));
#7465=FACE_BOUND('',#7466,.T.);
#7466=EDGE_LOOP('',(#7467,#7468,#7469));
#7467=ORIENTED_EDGE('',*,*,#7470,.T.);
#7468=ORIENTED_EDGE('',*,*,#7471,.T.);
#7469=ORIENTED_EDGE('',*,*,#7472,.T.);
#7470=EDGE_CURVE('',#91,#281,#7473,.F.);
#7471=EDGE_CURVE('',#281,#93,#7474,.T.);
#7472=EDGE_CURVE('',#93,#91,#7475,.T.);
#7473=LINE('',#90,#7476);
#7474=LINE('',#280,#7477);
#7475=LINE('',#92,#7478);
#7476=VECTOR('',#7479,1.0);
#7477=VECTOR('',#7480,1.0);
#7478=VECTOR('',#7481,1.0);
#7479=DIRECTION('',(0,0,-1));
#7480=DIRECTION('',(-0.016446744634299137,0.2525059029148097,0.9674555667234083));
#7481=DIRECTION('',(0.06499637357340737,-0.9978855001563588,0));
#7482=STYLED_ITEM('',(#18),#7483);
#7483=FACE_SURFACE('',(#7488),#7484,.T.);
#7484=PLANE('',#7485);
#7485=AXIS2_PLACEMENT_3D('',#230,#7486,#7487);
#7486=DIRECTION('',(0.9978855001563588,-0.06499637357340737,0));
#7487=DIRECTION('',(0,0,1));
#7488=FACE_BOUND('',#7489,.T.);
#7489=EDGE_LOOP('',(#7490,#7491,#7492));
#7490=ORIENTED_EDGE('',*,*,#7493,.T.);
#7491=ORIENTED_EDGE('',*,*,#7494,.T.);
#7492=ORIENTED_EDGE('',*,*,#7495,.T.);
#7493=EDGE_CURVE('',#231,#113,#7496,.F.);
#7494=EDGE_CURVE('',#113,#93,#7497,.T.);
#7495=EDGE_CURVE('',#93,#231,#7498,.T.);
#7496=LINE('',#230,#7499);
#7497=LINE('',#112,#7500);
#7498=LINE('',#92,#7501);
#7499=VECTOR('',#7502,1.0);
#7500=VECTOR('',#7503,1.0);
#7501=VECTOR('',#7504,1.0);
#7502=DIRECTION('',(0,0,1));
#7503=DIRECTION('',(-0.06499637357340737,-0.9978855001563588,0));
#7504=DIRECTION('',(0.016446744634299137,0.2525059029148097,-0.9674555667234083));
#7505=STYLED_ITEM('',(#18),#7506);
#7506=FACE_SURFACE('',(#7511),#7507,.T.);
#7507=PLANE('',#7508);
#7508=AXIS2_PLACEMENT_3D('',#230,#7509,#7510);
#7509=DIRECTION('',(0.9978855001563588,-0.06499637357340737,0));
#7510=DIRECTION('',(-0.016446744634299137,-0.2525059029148097,0.9674555667234083));
#7511=FACE_BOUND('',#7512,.T.);
#7512=EDGE_LOOP('',(#7513,#7514,#7515));
#7513=ORIENTED_EDGE('',*,*,#7516,.T.);
#7514=ORIENTED_EDGE('',*,*,#7517,.T.);
#7515=ORIENTED_EDGE('',*,*,#7518,.T.);
#7516=EDGE_CURVE('',#231,#93,#7519,.F.);
#7517=EDGE_CURVE('',#93,#279,#7520,.T.);
#7518=EDGE_CURVE('',#279,#231,#7521,.T.);
#7519=LINE('',#230,#7522);
#7520=LINE('',#92,#7523);
#7521=LINE('',#278,#7524);
#7522=VECTOR('',#7525,1.0);
#7523=VECTOR('',#7526,1.0);
#7524=VECTOR('',#7527,1.0);
#7525=DIRECTION('',(-0.016446744634299137,-0.2525059029148097,0.9674555667234083));
#7526=DIRECTION('',(0,0,-1));
#7527=DIRECTION('',(0.06499637357340737,0.9978855001563588,0));
#7528=STYLED_ITEM('',(#18),#7529);
#7529=FACE_SURFACE('',(#7534),#7530,.T.);
#7530=PLANE('',#7531);
#7531=AXIS2_PLACEMENT_3D('',#112,#7532,#7533);
#7532=DIRECTION('',(0.9808731636385993,-0.19464798188937268,0));
#7533=DIRECTION('',(0,0,-1));
#7534=FACE_BOUND('',#7535,.T.);
#7535=EDGE_LOOP('',(#7536,#7537,#7538));
#7536=ORIENTED_EDGE('',*,*,#7539,.T.);
#7537=ORIENTED_EDGE('',*,*,#7540,.T.);
#7538=ORIENTED_EDGE('',*,*,#7541,.T.);
#7539=EDGE_CURVE('',#113,#231,#7542,.F.);
#7540=EDGE_CURVE('',#231,#163,#7543,.T.);
#7541=EDGE_CURVE('',#163,#113,#7544,.T.);
#7542=LINE('',#112,#7545);
#7543=LINE('',#230,#7546);
#7544=LINE('',#162,#7547);
#7545=VECTOR('',#7548,1.0);
#7546=VECTOR('',#7549,1.0);
#7547=VECTOR('',#7550,1.0);
#7548=DIRECTION('',(0,0,-1));
#7549=DIRECTION('',(0.04933469311729144,0.24860815943419304,0.9673469238684567));
#7550=DIRECTION('',(-0.19464798188937268,-0.9808731636385993,0));
#7551=STYLED_ITEM('',(#18),#7552);
#7552=FACE_SURFACE('',(#7557),#7553,.T.);
#7553=PLANE('',#7554);
#7554=AXIS2_PLACEMENT_3D('',#226,#7555,#7556);
#7555=DIRECTION('',(0.9808731636385993,-0.19464798188937268,0));
#7556=DIRECTION('',(0,0,1));
#7557=FACE_BOUND('',#7558,.T.);
#7558=EDGE_LOOP('',(#7559,#7560,#7561));
#7559=ORIENTED_EDGE('',*,*,#7562,.T.);
#7560=ORIENTED_EDGE('',*,*,#7563,.T.);
#7561=ORIENTED_EDGE('',*,*,#7564,.T.);
#7562=EDGE_CURVE('',#227,#163,#7565,.F.);
#7563=EDGE_CURVE('',#163,#231,#7566,.T.);
#7564=EDGE_CURVE('',#231,#227,#7567,.T.);
#7565=LINE('',#226,#7568);
#7566=LINE('',#162,#7569);
#7567=LINE('',#230,#7570);
#7568=VECTOR('',#7571,1.0);
#7569=VECTOR('',#7572,1.0);
#7570=VECTOR('',#7573,1.0);
#7571=DIRECTION('',(0,0,1));
#7572=DIRECTION('',(-0.04933469311729144,-0.24860815943419304,-0.9673469238684567));
#7573=DIRECTION('',(0.19464798188937268,0.9808731636385993,0));
#7574=STYLED_ITEM('',(#18),#7575);
#7575=FACE_SURFACE('',(#7580),#7576,.T.);
#7576=PLANE('',#7577);
#7577=AXIS2_PLACEMENT_3D('',#178,#7578,#7579);
#7578=DIRECTION('',(0.9471445756278137,-0.3208070336803868,0));
#7579=DIRECTION('',(-0.3208070336803868,-0.9471445756278137,0));
#7580=FACE_BOUND('',#7581,.T.);
#7581=EDGE_LOOP('',(#7582,#7583,#7584));
#7582=ORIENTED_EDGE('',*,*,#7585,.T.);
#7583=ORIENTED_EDGE('',*,*,#7586,.T.);
#7584=ORIENTED_EDGE('',*,*,#7587,.T.);
#7585=EDGE_CURVE('',#179,#163,#7588,.F.);
#7586=EDGE_CURVE('',#163,#227,#7589,.T.);
#7587=EDGE_CURVE('',#227,#179,#7590,.T.);
#7588=LINE('',#178,#7591);
#7589=LINE('',#162,#7592);
#7590=LINE('',#226,#7593);
#7591=VECTOR('',#7594,1.0);
#7592=VECTOR('',#7595,1.0);
#7593=VECTOR('',#7596,1.0);
#7594=DIRECTION('',(-0.3208070336803868,-0.9471445756278137,0));
#7595=DIRECTION('',(0,0,-1));
#7596=DIRECTION('',(0.08126056349457839,0.23991213984113746,0.967387660649747));
#7597=STYLED_ITEM('',(#18),#7598);
#7598=FACE_SURFACE('',(#7603),#7599,.T.);
#7599=PLANE('',#7600);
#7600=AXIS2_PLACEMENT_3D('',#178,#7601,#7602);
#7601=DIRECTION('',(0.8967049296897794,-0.4426288163575071,0));
#7602=DIRECTION('',(0,0,-1));
#7603=FACE_BOUND('',#7604,.T.);
#7604=EDGE_LOOP('',(#7605,#7606,#7607));
#7605=ORIENTED_EDGE('',*,*,#7608,.T.);
#7606=ORIENTED_EDGE('',*,*,#7609,.T.);
#7607=ORIENTED_EDGE('',*,*,#7610,.T.);
#7608=EDGE_CURVE('',#179,#225,#7611,.F.);
#7609=EDGE_CURVE('',#225,#215,#7612,.T.);
#7610=EDGE_CURVE('',#215,#179,#7613,.T.);
#7611=LINE('',#178,#7614);
#7612=LINE('',#224,#7615);
#7613=LINE('',#214,#7616);
#7614=VECTOR('',#7617,1.0);
#7615=VECTOR('',#7618,1.0);
#7616=VECTOR('',#7619,1.0);
#7617=DIRECTION('',(0,0,-1));
#7618=DIRECTION('',(0.4426288163575071,0.8967049296897794,0));
#7619=DIRECTION('',(-0.11221061564623158,-0.2273232299729697,0.9673328935019992));
#7620=STYLED_ITEM('',(#18),#7621);
#7621=FACE_SURFACE('',(#7626),#7622,.T.);
#7622=PLANE('',#7623);
#7623=AXIS2_PLACEMENT_3D('',#272,#7624,#7625);
#7624=DIRECTION('',(-0.8326374333005132,0.5538184762778627,0));
#7625=DIRECTION('',(0,0,1));
#7626=FACE_BOUND('',#7627,.T.);
#7627=EDGE_LOOP('',(#7628,#7629,#7630));
#7628=ORIENTED_EDGE('',*,*,#7631,.T.);
#7629=ORIENTED_EDGE('',*,*,#7632,.T.);
#7630=ORIENTED_EDGE('',*,*,#7633,.T.);
#7631=EDGE_CURVE('',#273,#159,#7634,.F.);
#7632=EDGE_CURVE('',#159,#275,#7635,.T.);
#7633=EDGE_CURVE('',#275,#273,#7636,.T.);
#7634=LINE('',#272,#7637);
#7635=LINE('',#158,#7638);
#7636=LINE('',#274,#7639);
#7637=VECTOR('',#7640,1.0);
#7638=VECTOR('',#7641,1.0);
#7639=VECTOR('',#7642,1.0);
#7640=DIRECTION('',(0,0,1));
#7641=DIRECTION('',(0.14027193279168226,0.21089159550749528,-0.967392639942639));
#7642=DIRECTION('',(-0.5538184762778627,-0.8326374333005132,0));
#7643=STYLED_ITEM('',(#18),#7644);
#7644=FACE_SURFACE('',(#7649),#7645,.T.);
#7645=PLANE('',#7646);
#7646=AXIS2_PLACEMENT_3D('',#188,#7647,#7648);
#7647=DIRECTION('',(0.8326374333005133,-0.5538184762778623,0));
#7648=DIRECTION('',(-0.14027193279168226,-0.2108915955074955,-0.967392639942639));
#7649=FACE_BOUND('',#7650,.T.);
#7650=EDGE_LOOP('',(#7651,#7652,#7653));
#7651=ORIENTED_EDGE('',*,*,#7654,.T.);
#7652=ORIENTED_EDGE('',*,*,#7655,.T.);
#7653=ORIENTED_EDGE('',*,*,#7656,.T.);
#7654=EDGE_CURVE('',#189,#215,#7657,.F.);
#7655=EDGE_CURVE('',#215,#213,#7658,.T.);
#7656=EDGE_CURVE('',#213,#189,#7659,.T.);
#7657=LINE('',#188,#7660);
#7658=LINE('',#214,#7661);
#7659=LINE('',#212,#7662);
#7660=VECTOR('',#7663,1.0);
#7661=VECTOR('',#7664,1.0);
#7662=VECTOR('',#7665,1.0);
#7663=DIRECTION('',(-0.14027193279168226,-0.2108915955074955,-0.967392639942639));
#7664=DIRECTION('',(0.5538184762778623,0.8326374333005133,0));
#7665=DIRECTION('',(0,0,1));
#7666=STYLED_ITEM('',(#18),#7667);
#7667=FACE_SURFACE('',(#7672),#7668,.T.);
#7668=PLANE('',#7669);
#7669=AXIS2_PLACEMENT_3D('',#152,#7670,#7671);
#7670=DIRECTION('',(0.19464798188937268,-0.9808731636385993,0));
#7671=DIRECTION('',(0,0,1));
#7672=FACE_BOUND('',#7673,.T.);
#7673=EDGE_LOOP('',(#7674,#7675,#7676));
#7674=ORIENTED_EDGE('',*,*,#7677,.T.);
#7675=ORIENTED_EDGE('',*,*,#7678,.T.);
#7676=ORIENTED_EDGE('',*,*,#7679,.T.);
#7677=EDGE_CURVE('',#153,#441,#7680,.F.);
#7678=EDGE_CURVE('',#441,#439,#7681,.T.);
#7679=EDGE_CURVE('',#439,#153,#7682,.T.);
#7680=LINE('',#152,#7683);
#7681=LINE('',#440,#7684);
#7682=LINE('',#438,#7685);
#7683=VECTOR('',#7686,1.0);
#7684=VECTOR('',#7687,1.0);
#7685=VECTOR('',#7688,1.0);
#7686=DIRECTION('',(0,0,1));
#7687=DIRECTION('',(-0.9808731636385993,-0.19464798188937268,0));
#7688=DIRECTION('',(0.24860815943419304,0.04933469311729144,-0.9673469238684567));
#7689=STYLED_ITEM('',(#18),#7690);
#7690=FACE_SURFACE('',(#7695),#7691,.T.);
#7691=PLANE('',#7692);
#7692=AXIS2_PLACEMENT_3D('',#188,#7693,#7694);
#7693=DIRECTION('',(0.7513940993995948,-0.6598537015031981,0));
#7694=DIRECTION('',(0,0,-1));
#7695=FACE_BOUND('',#7696,.T.);
#7696=EDGE_LOOP('',(#7697,#7698,#7699));
#7697=ORIENTED_EDGE('',*,*,#7700,.T.);
#7698=ORIENTED_EDGE('',*,*,#7701,.T.);
#7699=ORIENTED_EDGE('',*,*,#7702,.T.);
#7700=EDGE_CURVE('',#189,#213,#7703,.F.);
#7701=EDGE_CURVE('',#213,#195,#7704,.T.);
#7702=EDGE_CURVE('',#195,#189,#7705,.T.);
#7703=LINE('',#188,#7706);
#7704=LINE('',#212,#7707);
#7705=LINE('',#194,#7708);
#7706=VECTOR('',#7709,1.0);
#7707=VECTOR('',#7710,1.0);
#7708=VECTOR('',#7711,1.0);
#7709=DIRECTION('',(0,0,-1));
#7710=DIRECTION('',(0.16734412783715194,0.1905594981729416,0.9673070973245774));
#7711=DIRECTION('',(-0.6598537015031981,-0.7513940993995948,0));
#7712=STYLED_ITEM('',(#18),#7713);
#7713=FACE_SURFACE('',(#7718),#7714,.T.);
#7714=PLANE('',#7715);
#7715=AXIS2_PLACEMENT_3D('',#264,#7716,#7717);
#7716=DIRECTION('',(0.7513940993995948,-0.6598537015031981,0));
#7717=DIRECTION('',(0,0,1));
#7718=FACE_BOUND('',#7719,.T.);
#7719=EDGE_LOOP('',(#7720,#7721,#7722));
#7720=ORIENTED_EDGE('',*,*,#7723,.T.);
#7721=ORIENTED_EDGE('',*,*,#7724,.T.);
#7722=ORIENTED_EDGE('',*,*,#7725,.T.);
#7723=EDGE_CURVE('',#265,#195,#7726,.F.);
#7724=EDGE_CURVE('',#195,#213,#7727,.T.);
#7725=EDGE_CURVE('',#213,#265,#7728,.T.);
#7726=LINE('',#264,#7729);
#7727=LINE('',#194,#7730);
#7728=LINE('',#212,#7731);
#7729=VECTOR('',#7732,1.0);
#7730=VECTOR('',#7733,1.0);
#7731=VECTOR('',#7734,1.0);
#7732=DIRECTION('',(0,0,1));
#7733=DIRECTION('',(-0.16734412783715194,-0.1905594981729416,-0.9673070973245774));
#7734=DIRECTION('',(0.6598537015031981,0.7513940993995948,0));
#7735=STYLED_ITEM('',(#18),#7736);
#7736=FACE_SURFACE('',(#7741),#7737,.T.);
#7737=PLANE('',#7738);
#7738=AXIS2_PLACEMENT_3D('',#262,#7739,#7740);
#7739=DIRECTION('',(0.659853701503196,-0.7513940993995967,0));
#7740=DIRECTION('',(0,0,1));
#7741=FACE_BOUND('',#7742,.T.);
#7742=EDGE_LOOP('',(#7743,#7744,#7745));
#7743=ORIENTED_EDGE('',*,*,#7746,.T.);
#7744=ORIENTED_EDGE('',*,*,#7747,.T.);
#7745=ORIENTED_EDGE('',*,*,#7748,.T.);
#7746=EDGE_CURVE('',#263,#193,#7749,.F.);
#7747=EDGE_CURVE('',#193,#265,#7750,.T.);
#7748=EDGE_CURVE('',#265,#263,#7751,.T.);
#7749=LINE('',#262,#7752);
#7750=LINE('',#192,#7753);
#7751=LINE('',#264,#7754);
#7752=VECTOR('',#7755,1.0);
#7753=VECTOR('',#7756,1.0);
#7754=VECTOR('',#7757,1.0);
#7755=DIRECTION('',(0,0,1));
#7756=DIRECTION('',(-0.19055949817294263,-0.1673441278371519,-0.9673070973245772));
#7757=DIRECTION('',(0.7513940993995967,0.659853701503196,0));
#7758=STYLED_ITEM('',(#18),#7759);
#7759=FACE_SURFACE('',(#7764),#7760,.T.);
#7760=PLANE('',#7761);
#7761=AXIS2_PLACEMENT_3D('',#194,#7762,#7763);
#7762=DIRECTION('',(0.659853701503196,-0.7513940993995967,0));
#7763=DIRECTION('',(0,0,-1));
#7764=FACE_BOUND('',#7765,.T.);
#7765=EDGE_LOOP('',(#7766,#7767,#7768));
#7766=ORIENTED_EDGE('',*,*,#7769,.T.);
#7767=ORIENTED_EDGE('',*,*,#7770,.T.);
#7768=ORIENTED_EDGE('',*,*,#7771,.T.);
#7769=EDGE_CURVE('',#195,#265,#7772,.F.);
#7770=EDGE_CURVE('',#265,#193,#7773,.T.);
#7771=EDGE_CURVE('',#193,#195,#7774,.T.);
#7772=LINE('',#194,#7775);
#7773=LINE('',#264,#7776);
#7774=LINE('',#192,#7777);
#7775=VECTOR('',#7778,1.0);
#7776=VECTOR('',#7779,1.0);
#7777=VECTOR('',#7780,1.0);
#7778=DIRECTION('',(0,0,-1));
#7779=DIRECTION('',(0.19055949817294263,0.1673441278371519,0.9673070973245772));
#7780=DIRECTION('',(-0.7513940993995967,-0.659853701503196,0));
#7781=STYLED_ITEM('',(#18),#7782);
#7782=FACE_SURFACE('',(#7787),#7783,.T.);
#7783=PLANE('',#7784);
#7784=AXIS2_PLACEMENT_3D('',#440,#7785,#7786);
#7785=DIRECTION('',(0.0649963735734023,-0.997885500156359,0));
#7786=DIRECTION('',(0,0,-1));
#7787=FACE_BOUND('',#7788,.T.);
#7788=EDGE_LOOP('',(#7789,#7790,#7791));
#7789=ORIENTED_EDGE('',*,*,#7792,.T.);
#7790=ORIENTED_EDGE('',*,*,#7793,.T.);
#7791=ORIENTED_EDGE('',*,*,#7794,.T.);
#7792=EDGE_CURVE('',#441,#153,#7795,.F.);
#7793=EDGE_CURVE('',#153,#141,#7796,.T.);
#7794=EDGE_CURVE('',#141,#441,#7797,.T.);
#7795=LINE('',#440,#7798);
#7796=LINE('',#152,#7799);
#7797=LINE('',#140,#7800);
#7798=VECTOR('',#7801,1.0);
#7799=VECTOR('',#7802,1.0);
#7800=VECTOR('',#7803,1.0);
#7801=DIRECTION('',(0,0,-1));
#7802=DIRECTION('',(0.2525059029148097,0.016446744634297846,0.9674555667234083));
#7803=DIRECTION('',(-0.997885500156359,-0.0649963735734023,0));
#7804=STYLED_ITEM('',(#18),#7805);
#7805=FACE_SURFACE('',(#7810),#7806,.T.);
#7806=PLANE('',#7807);
#7807=AXIS2_PLACEMENT_3D('',#262,#7808,#7809);
#7808=DIRECTION('',(0.5538184762778638,-0.8326374333005123,0));
#7809=DIRECTION('',(0.8326374333005123,0.5538184762778638,0));
#7810=FACE_BOUND('',#7811,.T.);
#7811=EDGE_LOOP('',(#7812,#7813,#7814));
#7812=ORIENTED_EDGE('',*,*,#7815,.T.);
#7813=ORIENTED_EDGE('',*,*,#7816,.T.);
#7814=ORIENTED_EDGE('',*,*,#7817,.T.);
#7815=EDGE_CURVE('',#263,#261,#7818,.F.);
#7816=EDGE_CURVE('',#261,#193,#7819,.T.);
#7817=EDGE_CURVE('',#193,#263,#7820,.T.);
#7818=LINE('',#262,#7821);
#7819=LINE('',#260,#7822);
#7820=LINE('',#192,#7823);
#7821=VECTOR('',#7824,1.0);
#7822=VECTOR('',#7825,1.0);
#7823=VECTOR('',#7826,1.0);
#7824=DIRECTION('',(0.8326374333005123,0.5538184762778638,0));
#7825=DIRECTION('',(-0.21089159550749528,-0.14027193279168268,0.967392639942639));
#7826=DIRECTION('',(0,0,-1));
#7827=STYLED_ITEM('',(#18),#7828);
#7828=FACE_SURFACE('',(#7833),#7829,.T.);
#7829=PLANE('',#7830);
#7830=AXIS2_PLACEMENT_3D('',#200,#7831,#7832);
#7831=DIRECTION('',(0.5538184762778638,-0.8326374333005123,0));
#7832=DIRECTION('',(-0.8326374333005123,-0.5538184762778638,0));
#7833=FACE_BOUND('',#7834,.T.);
#7834=EDGE_LOOP('',(#7835,#7836,#7837));
#7835=ORIENTED_EDGE('',*,*,#7838,.T.);
#7836=ORIENTED_EDGE('',*,*,#7839,.T.);
#7837=ORIENTED_EDGE('',*,*,#7840,.T.);
#7838=EDGE_CURVE('',#201,#193,#7841,.F.);
#7839=EDGE_CURVE('',#193,#261,#7842,.T.);
#7840=EDGE_CURVE('',#261,#201,#7843,.T.);
#7841=LINE('',#200,#7844);
#7842=LINE('',#192,#7845);
#7843=LINE('',#260,#7846);
#7844=VECTOR('',#7847,1.0);
#7845=VECTOR('',#7848,1.0);
#7846=VECTOR('',#7849,1.0);
#7847=DIRECTION('',(-0.8326374333005123,-0.5538184762778638,0));
#7848=DIRECTION('',(0.21089159550749528,0.14027193279168268,-0.967392639942639));
#7849=DIRECTION('',(0,0,1));
#7850=STYLED_ITEM('',(#18),#7851);
#7851=FACE_SURFACE('',(#7856),#7852,.T.);
#7852=PLANE('',#7853);
#7853=AXIS2_PLACEMENT_3D('',#260,#7854,#7855);
#7854=DIRECTION('',(0.44262881635750645,-0.8967049296897799,0));
#7855=DIRECTION('',(0.8967049296897799,0.44262881635750645,0));
#7856=FACE_BOUND('',#7857,.T.);
#7857=EDGE_LOOP('',(#7858,#7859,#7860));
#7858=ORIENTED_EDGE('',*,*,#7861,.T.);
#7859=ORIENTED_EDGE('',*,*,#7862,.T.);
#7860=ORIENTED_EDGE('',*,*,#7863,.T.);
#7861=EDGE_CURVE('',#261,#317,#7864,.F.);
#7862=EDGE_CURVE('',#317,#201,#7865,.T.);
#7863=EDGE_CURVE('',#201,#261,#7866,.T.);
#7864=LINE('',#260,#7867);
#7865=LINE('',#316,#7868);
#7866=LINE('',#200,#7869);
#7867=VECTOR('',#7870,1.0);
#7868=VECTOR('',#7871,1.0);
#7869=VECTOR('',#7872,1.0);
#7870=DIRECTION('',(0.8967049296897799,0.44262881635750645,0));
#7871=DIRECTION('',(-0.22732322997297089,-0.11221061564623196,0.9673328935019988));
#7872=DIRECTION('',(0,0,-1));
#7873=STYLED_ITEM('',(#18),#7874);
#7874=FACE_SURFACE('',(#7879),#7875,.T.);
#7875=PLANE('',#7876);
#7876=AXIS2_PLACEMENT_3D('',#204,#7877,#7878);
#7877=DIRECTION('',(0.44262881635750645,-0.8967049296897799,0));
#7878=DIRECTION('',(-0.8967049296897799,-0.44262881635750645,0));
#7879=FACE_BOUND('',#7880,.T.);
#7880=EDGE_LOOP('',(#7881,#7882,#7883));
#7881=ORIENTED_EDGE('',*,*,#7884,.T.);
#7882=ORIENTED_EDGE('',*,*,#7885,.T.);
#7883=ORIENTED_EDGE('',*,*,#7886,.T.);
#7884=EDGE_CURVE('',#205,#201,#7887,.F.);
#7885=EDGE_CURVE('',#201,#317,#7888,.T.);
#7886=EDGE_CURVE('',#317,#205,#7889,.T.);
#7887=LINE('',#204,#7890);
#7888=LINE('',#200,#7891);
#7889=LINE('',#316,#7892);
#7890=VECTOR('',#7893,1.0);
#7891=VECTOR('',#7894,1.0);
#7892=VECTOR('',#7895,1.0);
#7893=DIRECTION('',(-0.8967049296897799,-0.44262881635750645,0));
#7894=DIRECTION('',(0.22732322997297089,0.11221061564623196,-0.9673328935019988));
#7895=DIRECTION('',(0,0,1));
#7896=STYLED_ITEM('',(#18),#7897);
#7897=FACE_SURFACE('',(#7902),#7898,.T.);
#7898=PLANE('',#7899);
#7899=AXIS2_PLACEMENT_3D('',#432,#7900,#7901);
#7900=DIRECTION('',(-0.44262881635750634,0.8967049296897797,0));
#7901=DIRECTION('',(0,0,1));
#7902=FACE_BOUND('',#7903,.T.);
#7903=EDGE_LOOP('',(#7904,#7905,#7906));
#7904=ORIENTED_EDGE('',*,*,#7907,.T.);
#7905=ORIENTED_EDGE('',*,*,#7908,.T.);
#7906=ORIENTED_EDGE('',*,*,#7909,.T.);
#7907=EDGE_CURVE('',#433,#369,#7910,.F.);
#7908=EDGE_CURVE('',#369,#431,#7911,.T.);
#7909=EDGE_CURVE('',#431,#433,#7912,.T.);
#7910=LINE('',#432,#7913);
#7911=LINE('',#368,#7914);
#7912=LINE('',#430,#7915);
#7913=VECTOR('',#7916,1.0);
#7914=VECTOR('',#7917,1.0);
#7915=VECTOR('',#7918,1.0);
#7916=DIRECTION('',(0,0,1));
#7917=DIRECTION('',(0.22732322997297008,0.11221061564623155,-0.967332893501999));
#7918=DIRECTION('',(-0.8967049296897797,-0.44262881635750634,0));
#7919=STYLED_ITEM('',(#18),#7920);
#7920=FACE_SURFACE('',(#7925),#7921,.T.);
#7921=PLANE('',#7922);
#7922=AXIS2_PLACEMENT_3D('',#386,#7923,#7924);
#7923=DIRECTION('',(-0.44262881635750634,0.8967049296897797,0));
#7924=DIRECTION('',(0,0,-1));
#7925=FACE_BOUND('',#7926,.T.);
#7926=EDGE_LOOP('',(#7927,#7928,#7929));
#7927=ORIENTED_EDGE('',*,*,#7930,.T.);
#7928=ORIENTED_EDGE('',*,*,#7931,.T.);
#7929=ORIENTED_EDGE('',*,*,#7932,.T.);
#7930=EDGE_CURVE('',#387,#431,#7933,.F.);
#7931=EDGE_CURVE('',#431,#369,#7934,.T.);
#7932=EDGE_CURVE('',#369,#387,#7935,.T.);
#7933=LINE('',#386,#7936);
#7934=LINE('',#430,#7937);
#7935=LINE('',#368,#7938);
#7936=VECTOR('',#7939,1.0);
#7937=VECTOR('',#7940,1.0);
#7938=VECTOR('',#7941,1.0);
#7939=DIRECTION('',(0,0,-1));
#7940=DIRECTION('',(-0.22732322997297008,-0.11221061564623155,0.967332893501999));
#7941=DIRECTION('',(0.8967049296897797,0.44262881635750634,0));
#7942=STYLED_ITEM('',(#18),#7943);
#7943=FACE_SURFACE('',(#7948),#7944,.T.);
#7944=PLANE('',#7945);
#7945=AXIS2_PLACEMENT_3D('',#204,#7946,#7947);
#7946=DIRECTION('',(0.32080703368039065,-0.9471445756278124,0));
#7947=DIRECTION('',(0,0,-1));
#7948=FACE_BOUND('',#7949,.T.);
#7949=EDGE_LOOP('',(#7950,#7951,#7952));
#7950=ORIENTED_EDGE('',*,*,#7953,.T.);
#7951=ORIENTED_EDGE('',*,*,#7954,.T.);
#7952=ORIENTED_EDGE('',*,*,#7955,.T.);
#7953=EDGE_CURVE('',#205,#317,#7956,.F.);
#7954=EDGE_CURVE('',#317,#301,#7957,.T.);
#7955=EDGE_CURVE('',#301,#205,#7958,.T.);
#7956=LINE('',#204,#7959);
#7957=LINE('',#316,#7960);
#7958=LINE('',#300,#7961);
#7959=VECTOR('',#7962,1.0);
#7960=VECTOR('',#7963,1.0);
#7961=VECTOR('',#7964,1.0);
#7962=DIRECTION('',(0,0,-1));
#7963=DIRECTION('',(0.23991213984113505,0.08126056349457865,0.9673876606497476));
#7964=DIRECTION('',(-0.9471445756278124,-0.32080703368039065,0));
#7965=STYLED_ITEM('',(#18),#7966);
#7966=FACE_SURFACE('',(#7971),#7967,.T.);
#7967=PLANE('',#7968);
#7968=AXIS2_PLACEMENT_3D('',#288,#7969,#7970);
#7969=DIRECTION('',(-0.3208070336803899,0.9471445756278127,0));
#7970=DIRECTION('',(0,0,1));
#7971=FACE_BOUND('',#7972,.T.);
#7972=EDGE_LOOP('',(#7973,#7974,#7975));
#7973=ORIENTED_EDGE('',*,*,#7976,.T.);
#7974=ORIENTED_EDGE('',*,*,#7977,.T.);
#7975=ORIENTED_EDGE('',*,*,#7978,.T.);
#7976=EDGE_CURVE('',#289,#377,#7979,.F.);
#7977=EDGE_CURVE('',#377,#433,#7980,.T.);
#7978=EDGE_CURVE('',#433,#289,#7981,.T.);
#7979=LINE('',#288,#7982);
#7980=LINE('',#376,#7983);
#7981=LINE('',#432,#7984);
#7982=VECTOR('',#7985,1.0);
#7983=VECTOR('',#7986,1.0);
#7984=VECTOR('',#7987,1.0);
#7985=DIRECTION('',(0,0,1));
#7986=DIRECTION('',(0.23991213984113746,0.08126056349457925,-0.967387660649747));
#7987=DIRECTION('',(-0.9471445756278127,-0.3208070336803899,0));
#7988=STYLED_ITEM('',(#18),#7989);
#7989=FACE_SURFACE('',(#7994),#7990,.T.);
#7990=PLANE('',#7991);
#7991=AXIS2_PLACEMENT_3D('',#368,#7992,#7993);
#7992=DIRECTION('',(-0.3208070336803899,0.9471445756278127,0));
#7993=DIRECTION('',(0,0,-1));
#7994=FACE_BOUND('',#7995,.T.);
#7995=EDGE_LOOP('',(#7996,#7997,#7998));
#7996=ORIENTED_EDGE('',*,*,#7999,.T.);
#7997=ORIENTED_EDGE('',*,*,#8000,.T.);
#7998=ORIENTED_EDGE('',*,*,#8001,.T.);
#7999=EDGE_CURVE('',#369,#433,#8002,.F.);
#8000=EDGE_CURVE('',#433,#377,#8003,.T.);
#8001=EDGE_CURVE('',#377,#369,#8004,.T.);
#8002=LINE('',#368,#8005);
#8003=LINE('',#432,#8006);
#8004=LINE('',#376,#8007);
#8005=VECTOR('',#8008,1.0);
#8006=VECTOR('',#8009,1.0);
#8007=VECTOR('',#8010,1.0);
#8008=DIRECTION('',(0,0,-1));
#8009=DIRECTION('',(-0.23991213984113746,-0.08126056349457925,0.967387660649747));
#8010=DIRECTION('',(0.9471445756278127,0.3208070336803899,0));
#8011=STYLED_ITEM('',(#18),#8012);
#8012=FACE_SURFACE('',(#8017),#8013,.T.);
#8013=PLANE('',#8014);
#8014=AXIS2_PLACEMENT_3D('',#220,#8015,#8016);
#8015=DIRECTION('',(-0.9808731636386006,-0.19464798188936616,-0));
#8016=DIRECTION('',(-0.04933469311728972,0.24860815943419304,-0.9673469238684567));
#8017=FACE_BOUND('',#8018,.T.);
#8018=EDGE_LOOP('',(#8019,#8020,#8021));
#8019=ORIENTED_EDGE('',*,*,#8022,.T.);
#8020=ORIENTED_EDGE('',*,*,#8023,.T.);
#8021=ORIENTED_EDGE('',*,*,#8024,.T.);
#8022=EDGE_CURVE('',#221,#329,#8025,.F.);
#8023=EDGE_CURVE('',#329,#337,#8026,.T.);
#8024=EDGE_CURVE('',#337,#221,#8027,.T.);
#8025=LINE('',#220,#8028);
#8026=LINE('',#328,#8029);
#8027=LINE('',#336,#8030);
#8028=VECTOR('',#8031,1.0);
#8029=VECTOR('',#8032,1.0);
#8030=VECTOR('',#8033,1.0);
#8031=DIRECTION('',(-0.04933469311728972,0.24860815943419304,-0.9673469238684567));
#8032=DIRECTION('',(0.19464798188936616,-0.9808731636386006,0));
#8033=DIRECTION('',(0,0,1));
#8034=STYLED_ITEM('',(#18),#8035);
#8035=FACE_SURFACE('',(#8040),#8036,.T.);
#8036=PLANE('',#8037);
#8037=AXIS2_PLACEMENT_3D('',#66,#8038,#8039);
#8038=DIRECTION('',(0.8967049296897791,0.4426288163575078,0));
#8039=DIRECTION('',(0.11221061564623198,-0.22732322997297008,0.967332893501999));
#8040=FACE_BOUND('',#8041,.T.);
#8041=EDGE_LOOP('',(#8042,#8043,#8044));
#8042=ORIENTED_EDGE('',*,*,#8045,.T.);
#8043=ORIENTED_EDGE('',*,*,#8046,.T.);
#8044=ORIENTED_EDGE('',*,*,#8047,.T.);
#8045=EDGE_CURVE('',#67,#363,#8048,.F.);
#8046=EDGE_CURVE('',#363,#425,#8049,.T.);
#8047=EDGE_CURVE('',#425,#67,#8050,.T.);
#8048=LINE('',#66,#8051);
#8049=LINE('',#362,#8052);
#8050=LINE('',#424,#8053);
#8051=VECTOR('',#8054,1.0);
#8052=VECTOR('',#8055,1.0);
#8053=VECTOR('',#8056,1.0);
#8054=DIRECTION('',(0.11221061564623198,-0.22732322997297008,0.967332893501999));
#8055=DIRECTION('',(0,0,-1));
#8056=DIRECTION('',(-0.4426288163575078,0.8967049296897791,0));
#8057=STYLED_ITEM('',(#18),#8058);
#8058=FACE_SURFACE('',(#8063),#8059,.T.);
#8059=PLANE('',#8060);
#8060=AXIS2_PLACEMENT_3D('',#286,#8061,#8062);
#8061=DIRECTION('',(-0.19464798188937268,0.9808731636385993,0));
#8062=DIRECTION('',(0,0,1));
#8063=FACE_BOUND('',#8064,.T.);
#8064=EDGE_LOOP('',(#8065,#8066,#8067));
#8065=ORIENTED_EDGE('',*,*,#8068,.T.);
#8066=ORIENTED_EDGE('',*,*,#8069,.T.);
#8067=ORIENTED_EDGE('',*,*,#8070,.T.);
#8068=EDGE_CURVE('',#287,#375,#8071,.F.);
#8069=EDGE_CURVE('',#375,#289,#8072,.T.);
#8070=EDGE_CURVE('',#289,#287,#8073,.T.);
#8071=LINE('',#286,#8074);
#8072=LINE('',#374,#8075);
#8073=LINE('',#288,#8076);
#8074=VECTOR('',#8077,1.0);
#8075=VECTOR('',#8078,1.0);
#8076=VECTOR('',#8079,1.0);
#8077=DIRECTION('',(0,0,1));
#8078=DIRECTION('',(0.24860815943419304,0.04933469311729144,-0.9673469238684567));
#8079=DIRECTION('',(-0.9808731636385993,-0.19464798188937268,0));
#8080=STYLED_ITEM('',(#18),#8081);
#8081=FACE_SURFACE('',(#8086),#8082,.T.);
#8082=PLANE('',#8083);
#8083=AXIS2_PLACEMENT_3D('',#376,#8084,#8085);
#8084=DIRECTION('',(-0.19464798188937268,0.9808731636385993,0));
#8085=DIRECTION('',(0,0,-1));
#8086=FACE_BOUND('',#8087,.T.);
#8087=EDGE_LOOP('',(#8088,#8089,#8090));
#8088=ORIENTED_EDGE('',*,*,#8091,.T.);
#8089=ORIENTED_EDGE('',*,*,#8092,.T.);
#8090=ORIENTED_EDGE('',*,*,#8093,.T.);
#8091=EDGE_CURVE('',#377,#289,#8094,.F.);
#8092=EDGE_CURVE('',#289,#375,#8095,.T.);
#8093=EDGE_CURVE('',#375,#377,#8096,.T.);
#8094=LINE('',#376,#8097);
#8095=LINE('',#288,#8098);
#8096=LINE('',#374,#8099);
#8097=VECTOR('',#8100,1.0);
#8098=VECTOR('',#8101,1.0);
#8099=VECTOR('',#8102,1.0);
#8100=DIRECTION('',(0,0,-1));
#8101=DIRECTION('',(-0.24860815943419304,-0.04933469311729144,0.9673469238684567));
#8102=DIRECTION('',(0.9808731636385993,0.19464798188937268,0));
#8103=STYLED_ITEM('',(#18),#8104);
#8104=FACE_SURFACE('',(#8109),#8105,.T.);
#8105=PLANE('',#8106);
#8106=AXIS2_PLACEMENT_3D('',#220,#8107,#8108);
#8107=DIRECTION('',(-0.9976303284229832,-0.06880209161538071,-0));
#8108=DIRECTION('',(0,0,-1));
#8109=FACE_BOUND('',#8110,.T.);
#8110=EDGE_LOOP('',(#8111,#8112,#8113));
#8111=ORIENTED_EDGE('',*,*,#8114,.T.);
#8112=ORIENTED_EDGE('',*,*,#8115,.T.);
#8113=ORIENTED_EDGE('',*,*,#8116,.T.);
#8114=EDGE_CURVE('',#221,#337,#8117,.F.);
#8115=EDGE_CURVE('',#337,#385,#8118,.T.);
#8116=EDGE_CURVE('',#385,#221,#8119,.T.);
#8117=LINE('',#220,#8120);
#8118=LINE('',#336,#8121);
#8119=LINE('',#384,#8122);
#8120=VECTOR('',#8123,1.0);
#8121=VECTOR('',#8124,1.0);
#8122=VECTOR('',#8125,1.0);
#8123=DIRECTION('',(0,0,-1));
#8124=DIRECTION('',(0.06880209161538071,-0.9976303284229832,0));
#8125=DIRECTION('',(-0.01741391497248962,0.25250176710109,0.967439720693831));
#8126=STYLED_ITEM('',(#18),#8127);
#8127=FACE_SURFACE('',(#8132),#8128,.T.);
#8128=PLANE('',#8129);
#8129=AXIS2_PLACEMENT_3D('',#384,#8130,#8131);
#8130=DIRECTION('',(-0.9976303284229832,0.06880209161538071,0));
#8131=DIRECTION('',(-0.06880209161538071,-0.9976303284229832,0));
#8132=FACE_BOUND('',#8133,.T.);
#8133=EDGE_LOOP('',(#8134,#8135,#8136));
#8134=ORIENTED_EDGE('',*,*,#8137,.T.);
#8135=ORIENTED_EDGE('',*,*,#8138,.T.);
#8136=ORIENTED_EDGE('',*,*,#8139,.T.);
#8137=EDGE_CURVE('',#385,#399,#8140,.F.);
#8138=EDGE_CURVE('',#399,#335,#8141,.T.);
#8139=EDGE_CURVE('',#335,#385,#8142,.T.);
#8140=LINE('',#384,#8143);
#8141=LINE('',#398,#8144);
#8142=LINE('',#334,#8145);
#8143=VECTOR('',#8146,1.0);
#8144=VECTOR('',#8147,1.0);
#8145=VECTOR('',#8148,1.0);
#8146=DIRECTION('',(-0.06880209161538071,-0.9976303284229832,0));
#8147=DIRECTION('',(0,0,1));
#8148=DIRECTION('',(0.01741391497248962,0.25250176710109,-0.967439720693831));
#8149=STYLED_ITEM('',(#18),#8150);
#8150=FACE_SURFACE('',(#8155),#8151,.T.);
#8151=PLANE('',#8152);
#8152=AXIS2_PLACEMENT_3D('',#334,#8153,#8154);
#8153=DIRECTION('',(-0.9808731636386006,0.19464798188936616,0));
#8154=DIRECTION('',(0,0,-1));
#8155=FACE_BOUND('',#8156,.T.);
#8156=EDGE_LOOP('',(#8157,#8158,#8159));
#8157=ORIENTED_EDGE('',*,*,#8160,.T.);
#8158=ORIENTED_EDGE('',*,*,#8161,.T.);
#8159=ORIENTED_EDGE('',*,*,#8162,.T.);
#8160=EDGE_CURVE('',#335,#399,#8163,.F.);
#8161=EDGE_CURVE('',#399,#251,#8164,.T.);
#8162=EDGE_CURVE('',#251,#335,#8165,.T.);
#8163=LINE('',#334,#8166);
#8164=LINE('',#398,#8167);
#8165=LINE('',#250,#8168);
#8166=VECTOR('',#8169,1.0);
#8167=VECTOR('',#8170,1.0);
#8168=VECTOR('',#8171,1.0);
#8169=DIRECTION('',(0,0,-1));
#8170=DIRECTION('',(-0.04933469311728972,-0.24860815943419304,0.9673469238684567));
#8171=DIRECTION('',(0.19464798188936616,0.9808731636386006,0));
#8172=STYLED_ITEM('',(#18),#8173);
#8173=FACE_SURFACE('',(#8178),#8174,.T.);
#8174=PLANE('',#8175);
#8175=AXIS2_PLACEMENT_3D('',#286,#8176,#8177);
#8176=DIRECTION('',(-0.06880209161537733,0.9976303284229832,0));
#8177=DIRECTION('',(-0.9976303284229832,-0.06880209161537733,0));
#8178=FACE_BOUND('',#8179,.T.);
#8179=EDGE_LOOP('',(#8180,#8181,#8182));
#8180=ORIENTED_EDGE('',*,*,#8183,.T.);
#8181=ORIENTED_EDGE('',*,*,#8184,.T.);
#8182=ORIENTED_EDGE('',*,*,#8185,.T.);
#8183=EDGE_CURVE('',#287,#407,#8186,.F.);
#8184=EDGE_CURVE('',#407,#375,#8187,.T.);
#8185=EDGE_CURVE('',#375,#287,#8188,.T.);
#8186=LINE('',#286,#8189);
#8187=LINE('',#406,#8190);
#8188=LINE('',#374,#8191);
#8189=VECTOR('',#8192,1.0);
#8190=VECTOR('',#8193,1.0);
#8191=VECTOR('',#8194,1.0);
#8192=DIRECTION('',(-0.9976303284229832,-0.06880209161537733,0));
#8193=DIRECTION('',(0.25250176710109,0.01741391497248876,0.967439720693831));
#8194=DIRECTION('',(0,0,-1));
#8195=STYLED_ITEM('',(#18),#8196);
#8196=FACE_SURFACE('',(#8201),#8197,.T.);
#8197=PLANE('',#8198);
#8198=AXIS2_PLACEMENT_3D('',#172,#8199,#8200);
#8199=DIRECTION('',(-0.06880209161537733,0.9976303284229832,0));
#8200=DIRECTION('',(0.9976303284229832,0.06880209161537733,0));
#8201=FACE_BOUND('',#8202,.T.);
#8202=EDGE_LOOP('',(#8203,#8204,#8205));
#8203=ORIENTED_EDGE('',*,*,#8206,.T.);
#8204=ORIENTED_EDGE('',*,*,#8207,.T.);
#8205=ORIENTED_EDGE('',*,*,#8208,.T.);
#8206=EDGE_CURVE('',#173,#375,#8209,.F.);
#8207=EDGE_CURVE('',#375,#407,#8210,.T.);
#8208=EDGE_CURVE('',#407,#173,#8211,.T.);
#8209=LINE('',#172,#8212);
#8210=LINE('',#374,#8213);
#8211=LINE('',#406,#8214);
#8212=VECTOR('',#8215,1.0);
#8213=VECTOR('',#8216,1.0);
#8214=VECTOR('',#8217,1.0);
#8215=DIRECTION('',(0.9976303284229832,0.06880209161537733,0));
#8216=DIRECTION('',(-0.25250176710109,-0.01741391497248876,-0.967439720693831));
#8217=DIRECTION('',(0,0,1));
#8218=STYLED_ITEM('',(#18),#8219);
#8219=FACE_SURFACE('',(#8224),#8220,.T.);
#8220=PLANE('',#8221);
#8221=AXIS2_PLACEMENT_3D('',#160,#8222,#8223);
#8222=DIRECTION('',(-0.7513940993995951,0.6598537015031978,0));
#8223=DIRECTION('',(0.16734412783715194,0.19055949817294182,-0.9673070973245774));
#8224=FACE_BOUND('',#8225,.T.);
#8225=EDGE_LOOP('',(#8226,#8227,#8228));
#8226=ORIENTED_EDGE('',*,*,#8229,.T.);
#8227=ORIENTED_EDGE('',*,*,#8230,.T.);
#8228=ORIENTED_EDGE('',*,*,#8231,.T.);
#8229=EDGE_CURVE('',#161,#273,#8232,.F.);
#8230=EDGE_CURVE('',#273,#303,#8233,.T.);
#8231=EDGE_CURVE('',#303,#161,#8234,.T.);
#8232=LINE('',#160,#8235);
#8233=LINE('',#272,#8236);
#8234=LINE('',#302,#8237);
#8235=VECTOR('',#8238,1.0);
#8236=VECTOR('',#8239,1.0);
#8237=VECTOR('',#8240,1.0);
#8238=DIRECTION('',(0.16734412783715194,0.19055949817294182,-0.9673070973245774));
#8239=DIRECTION('',(-0.6598537015031978,-0.7513940993995951,0));
#8240=DIRECTION('',(0,0,1));
#8241=STYLED_ITEM('',(#18),#8242);
#8242=FACE_SURFACE('',(#8247),#8243,.T.);
#8243=PLANE('',#8244);
#8244=AXIS2_PLACEMENT_3D('',#382,#8245,#8246);
#8245=DIRECTION('',(-0.6598537015031978,0.7513940993995951,0));
#8246=DIRECTION('',(0.7513940993995951,0.6598537015031978,0));
#8247=FACE_BOUND('',#8248,.T.);
#8248=EDGE_LOOP('',(#8249,#8250,#8251));
#8249=ORIENTED_EDGE('',*,*,#8252,.T.);
#8250=ORIENTED_EDGE('',*,*,#8253,.T.);
#8251=ORIENTED_EDGE('',*,*,#8254,.T.);
#8252=EDGE_CURVE('',#383,#161,#8255,.F.);
#8253=EDGE_CURVE('',#161,#285,#8256,.T.);
#8254=EDGE_CURVE('',#285,#383,#8257,.T.);
#8255=LINE('',#382,#8258);
#8256=LINE('',#160,#8259);
#8257=LINE('',#284,#8260);
#8258=VECTOR('',#8261,1.0);
#8259=VECTOR('',#8262,1.0);
#8260=VECTOR('',#8263,1.0);
#8261=DIRECTION('',(0.7513940993995951,0.6598537015031978,0));
#8262=DIRECTION('',(-0.19055949817294182,-0.16734412783715194,-0.9673070973245774));
#8263=DIRECTION('',(0,0,1));
#8264=STYLED_ITEM('',(#18),#8265);
#8265=FACE_SURFACE('',(#8270),#8266,.T.);
#8266=PLANE('',#8267);
#8267=AXIS2_PLACEMENT_3D('',#302,#8268,#8269);
#8268=DIRECTION('',(-0.6598537015031978,0.7513940993995951,0));
#8269=DIRECTION('',(-0.7513940993995951,-0.6598537015031978,0));
#8270=FACE_BOUND('',#8271,.T.);
#8271=EDGE_LOOP('',(#8272,#8273,#8274));
#8272=ORIENTED_EDGE('',*,*,#8275,.T.);
#8273=ORIENTED_EDGE('',*,*,#8276,.T.);
#8274=ORIENTED_EDGE('',*,*,#8277,.T.);
#8275=EDGE_CURVE('',#303,#285,#8278,.F.);
#8276=EDGE_CURVE('',#285,#161,#8279,.T.);
#8277=EDGE_CURVE('',#161,#303,#8280,.T.);
#8278=LINE('',#302,#8281);
#8279=LINE('',#284,#8282);
#8280=LINE('',#160,#8283);
#8281=VECTOR('',#8284,1.0);
#8282=VECTOR('',#8285,1.0);
#8283=VECTOR('',#8286,1.0);
#8284=DIRECTION('',(-0.7513940993995951,-0.6598537015031978,0));
#8285=DIRECTION('',(0.19055949817294182,0.16734412783715194,0.9673070973245774));
#8286=DIRECTION('',(0,0,-1));
#8287=STYLED_ITEM('',(#18),#8288);
#8288=FACE_SURFACE('',(#8293),#8289,.T.);
#8289=PLANE('',#8290);
#8290=AXIS2_PLACEMENT_3D('',#382,#8291,#8292);
#8291=DIRECTION('',(-0.5538184762778627,0.8326374333005132,0));
#8292=DIRECTION('',(0,0,-1));
#8293=FACE_BOUND('',#8294,.T.);
#8294=EDGE_LOOP('',(#8295,#8296,#8297));
#8295=ORIENTED_EDGE('',*,*,#8298,.T.);
#8296=ORIENTED_EDGE('',*,*,#8299,.T.);
#8297=ORIENTED_EDGE('',*,*,#8300,.T.);
#8298=EDGE_CURVE('',#383,#285,#8301,.F.);
#8299=EDGE_CURVE('',#285,#387,#8302,.T.);
#8300=EDGE_CURVE('',#387,#383,#8303,.T.);
#8301=LINE('',#382,#8304);
#8302=LINE('',#284,#8305);
#8303=LINE('',#386,#8306);
#8304=VECTOR('',#8307,1.0);
#8305=VECTOR('',#8308,1.0);
#8306=VECTOR('',#8309,1.0);
#8307=DIRECTION('',(0,0,-1));
#8308=DIRECTION('',(-0.21089159550749528,-0.14027193279168226,0.967392639942639));
#8309=DIRECTION('',(0.8326374333005132,0.5538184762778627,0));
#8310=STYLED_ITEM('',(#18),#8311);
#8311=FACE_SURFACE('',(#8316),#8312,.T.);
#8312=PLANE('',#8313);
#8313=AXIS2_PLACEMENT_3D('',#66,#8314,#8315);
#8314=DIRECTION('',(0.8967049296897791,0.4426288163575078,-0));
#8315=DIRECTION('',(0,0,1));
#8316=FACE_BOUND('',#8317,.T.);
#8317=EDGE_LOOP('',(#8318,#8319,#8320));
#8318=ORIENTED_EDGE('',*,*,#8321,.T.);
#8319=ORIENTED_EDGE('',*,*,#8322,.T.);
#8320=ORIENTED_EDGE('',*,*,#8323,.T.);
#8321=EDGE_CURVE('',#67,#367,#8324,.F.);
#8322=EDGE_CURVE('',#367,#363,#8325,.T.);
#8323=EDGE_CURVE('',#363,#67,#8326,.T.);
#8324=LINE('',#66,#8327);
#8325=LINE('',#366,#8328);
#8326=LINE('',#362,#8329);
#8327=VECTOR('',#8330,1.0);
#8328=VECTOR('',#8331,1.0);
#8329=VECTOR('',#8332,1.0);
#8330=DIRECTION('',(0,0,1));
#8331=DIRECTION('',(0.4426288163575078,-0.8967049296897791,0));
#8332=DIRECTION('',(-0.11221061564623198,0.22732322997297008,-0.967332893501999));
#8333=STYLED_ITEM('',(#18),#8334);
#8334=FACE_SURFACE('',(#8339),#8335,.T.);
#8335=PLANE('',#8336);
#8336=AXIS2_PLACEMENT_3D('',#366,#8337,#8338);
#8337=DIRECTION('',(0.9471445756278135,0.3208070336803876,0));
#8338=DIRECTION('',(0,0,-1));
#8339=FACE_BOUND('',#8340,.T.);
#8340=EDGE_LOOP('',(#8341,#8342,#8343));
#8341=ORIENTED_EDGE('',*,*,#8344,.T.);
#8342=ORIENTED_EDGE('',*,*,#8345,.T.);
#8343=ORIENTED_EDGE('',*,*,#8346,.T.);
#8344=EDGE_CURVE('',#367,#67,#8347,.F.);
#8345=EDGE_CURVE('',#67,#365,#8348,.T.);
#8346=EDGE_CURVE('',#365,#367,#8349,.T.);
#8347=LINE('',#366,#8350);
#8348=LINE('',#66,#8351);
#8349=LINE('',#364,#8352);
#8350=VECTOR('',#8353,1.0);
#8351=VECTOR('',#8354,1.0);
#8352=VECTOR('',#8355,1.0);
#8353=DIRECTION('',(0,0,-1));
#8354=DIRECTION('',(-0.08126056349457861,0.23991213984113746,0.967387660649747));
#8355=DIRECTION('',(0.3208070336803876,-0.9471445756278135,0));
#8356=STYLED_ITEM('',(#18),#8357);
#8357=FACE_SURFACE('',(#8362),#8358,.T.);
#8358=PLANE('',#8359);
#8359=AXIS2_PLACEMENT_3D('',#68,#8360,#8361);
#8360=DIRECTION('',(0.9471445756278135,0.3208070336803876,-0));
#8361=DIRECTION('',(0,0,1));
#8362=FACE_BOUND('',#8363,.T.);
#8363=EDGE_LOOP('',(#8364,#8365,#8366));
#8364=ORIENTED_EDGE('',*,*,#8367,.T.);
#8365=ORIENTED_EDGE('',*,*,#8368,.T.);
#8366=ORIENTED_EDGE('',*,*,#8369,.T.);
#8367=EDGE_CURVE('',#69,#365,#8370,.F.);
#8368=EDGE_CURVE('',#365,#67,#8371,.T.);
#8369=EDGE_CURVE('',#67,#69,#8372,.T.);
#8370=LINE('',#68,#8373);
#8371=LINE('',#364,#8374);
#8372=LINE('',#66,#8375);
#8373=VECTOR('',#8376,1.0);
#8374=VECTOR('',#8377,1.0);
#8375=VECTOR('',#8378,1.0);
#8376=DIRECTION('',(0,0,1));
#8377=DIRECTION('',(0.08126056349457861,-0.23991213984113746,-0.967387660649747));
#8378=DIRECTION('',(-0.3208070336803876,0.9471445756278135,0));
#8379=STYLED_ITEM('',(#18),#8380);
#8380=FACE_SURFACE('',(#8385),#8381,.T.);
#8381=PLANE('',#8382);
#8382=AXIS2_PLACEMENT_3D('',#68,#8383,#8384);
#8383=DIRECTION('',(0.9808731636385993,0.19464798188937268,-0));
#8384=DIRECTION('',(-0.19464798188937268,0.9808731636385993,0));
#8385=FACE_BOUND('',#8386,.T.);
#8386=EDGE_LOOP('',(#8387,#8388,#8389));
#8387=ORIENTED_EDGE('',*,*,#8390,.T.);
#8388=ORIENTED_EDGE('',*,*,#8391,.T.);
#8389=ORIENTED_EDGE('',*,*,#8392,.T.);
#8390=EDGE_CURVE('',#69,#75,#8393,.F.);
#8391=EDGE_CURVE('',#75,#365,#8394,.T.);
#8392=EDGE_CURVE('',#365,#69,#8395,.T.);
#8393=LINE('',#68,#8396);
#8394=LINE('',#74,#8397);
#8395=LINE('',#364,#8398);
#8396=VECTOR('',#8399,1.0);
#8397=VECTOR('',#8400,1.0);
#8398=VECTOR('',#8401,1.0);
#8399=DIRECTION('',(-0.19464798188937268,0.9808731636385993,0));
#8400=DIRECTION('',(0.04933469311729144,-0.24860815943419304,0.9673469238684567));
#8401=DIRECTION('',(0,0,-1));
#8402=STYLED_ITEM('',(#18),#8403);
#8403=FACE_SURFACE('',(#8408),#8404,.T.);
#8404=PLANE('',#8405);
#8405=AXIS2_PLACEMENT_3D('',#184,#8406,#8407);
#8406=DIRECTION('',(0.9808731636385993,0.19464798188937268,0));
#8407=DIRECTION('',(0.19464798188937268,-0.9808731636385993,0));
#8408=FACE_BOUND('',#8409,.T.);
#8409=EDGE_LOOP('',(#8410,#8411,#8412));
#8410=ORIENTED_EDGE('',*,*,#8413,.T.);
#8411=ORIENTED_EDGE('',*,*,#8414,.T.);
#8412=ORIENTED_EDGE('',*,*,#8415,.T.);
#8413=EDGE_CURVE('',#185,#365,#8416,.F.);
#8414=EDGE_CURVE('',#365,#75,#8417,.T.);
#8415=EDGE_CURVE('',#75,#185,#8418,.T.);
#8416=LINE('',#184,#8419);
#8417=LINE('',#364,#8420);
#8418=LINE('',#74,#8421);
#8419=VECTOR('',#8422,1.0);
#8420=VECTOR('',#8423,1.0);
#8421=VECTOR('',#8424,1.0);
#8422=DIRECTION('',(0.19464798188937268,-0.9808731636385993,0));
#8423=DIRECTION('',(-0.04933469311729144,0.24860815943419304,-0.9673469238684567));
#8424=DIRECTION('',(0,0,1));
#8425=STYLED_ITEM('',(#18),#8426);
#8426=FACE_SURFACE('',(#8431),#8427,.T.);
#8427=PLANE('',#8428);
#8428=AXIS2_PLACEMENT_3D('',#88,#8429,#8430);
#8429=DIRECTION('',(0.997885500156359,0.0649963735734023,0));
#8430=DIRECTION('',(0.016446744634297846,-0.2525059029148097,0.9674555667234083));
#8431=FACE_BOUND('',#8432,.T.);
#8432=EDGE_LOOP('',(#8433,#8434,#8435));
#8433=ORIENTED_EDGE('',*,*,#8436,.T.);
#8434=ORIENTED_EDGE('',*,*,#8437,.T.);
#8435=ORIENTED_EDGE('',*,*,#8438,.T.);
#8436=EDGE_CURVE('',#89,#185,#8439,.F.);
#8437=EDGE_CURVE('',#185,#75,#8440,.T.);
#8438=EDGE_CURVE('',#75,#89,#8441,.T.);
#8439=LINE('',#88,#8442);
#8440=LINE('',#184,#8443);
#8441=LINE('',#74,#8444);
#8442=VECTOR('',#8445,1.0);
#8443=VECTOR('',#8446,1.0);
#8444=VECTOR('',#8447,1.0);
#8445=DIRECTION('',(0.016446744634297846,-0.2525059029148097,0.9674555667234083));
#8446=DIRECTION('',(0,0,-1));
#8447=DIRECTION('',(-0.0649963735734023,0.997885500156359,0));
#8448=STYLED_ITEM('',(#18),#8449);
#8449=FACE_SURFACE('',(#8454),#8450,.T.);
#8450=PLANE('',#8451);
#8451=AXIS2_PLACEMENT_3D('',#110,#8452,#8453);
#8452=DIRECTION('',(-0.9976303284229832,-0.06880209161537733,0));
#8453=DIRECTION('',(0.01741391497248876,-0.25250176710109,-0.967439720693831));
#8454=FACE_BOUND('',#8455,.T.);
#8455=EDGE_LOOP('',(#8456,#8457,#8458));
#8456=ORIENTED_EDGE('',*,*,#8459,.T.);
#8457=ORIENTED_EDGE('',*,*,#8460,.T.);
#8458=ORIENTED_EDGE('',*,*,#8461,.T.);
#8459=EDGE_CURVE('',#111,#229,#8462,.F.);
#8460=EDGE_CURVE('',#229,#95,#8463,.T.);
#8461=EDGE_CURVE('',#95,#111,#8464,.T.);
#8462=LINE('',#110,#8465);
#8463=LINE('',#228,#8466);
#8464=LINE('',#94,#8467);
#8465=VECTOR('',#8468,1.0);
#8466=VECTOR('',#8469,1.0);
#8467=VECTOR('',#8470,1.0);
#8468=DIRECTION('',(0.01741391497248876,-0.25250176710109,-0.967439720693831));
#8469=DIRECTION('',(0,0,1));
#8470=DIRECTION('',(-0.06880209161537733,0.9976303284229832,0));
#8471=STYLED_ITEM('',(#18),#8472);
#8472=FACE_SURFACE('',(#8477),#8473,.T.);
#8473=PLANE('',#8474);
#8474=AXIS2_PLACEMENT_3D('',#84,#8475,#8476);
#8475=DIRECTION('',(0.997885500156359,-0.0649963735734023,0));
#8476=DIRECTION('',(0,0,1));
#8477=FACE_BOUND('',#8478,.T.);
#8478=EDGE_LOOP('',(#8479,#8480,#8481));
#8479=ORIENTED_EDGE('',*,*,#8482,.T.);
#8480=ORIENTED_EDGE('',*,*,#8483,.T.);
#8481=ORIENTED_EDGE('',*,*,#8484,.T.);
#8482=EDGE_CURVE('',#85,#411,#8485,.F.);
#8483=EDGE_CURVE('',#411,#89,#8486,.T.);
#8484=EDGE_CURVE('',#89,#85,#8487,.T.);
#8485=LINE('',#84,#8488);
#8486=LINE('',#410,#8489);
#8487=LINE('',#88,#8490);
#8488=VECTOR('',#8491,1.0);
#8489=VECTOR('',#8492,1.0);
#8490=VECTOR('',#8493,1.0);
#8491=DIRECTION('',(0,0,1));
#8492=DIRECTION('',(-0.016446744634297846,-0.2525059029148097,-0.9674555667234083));
#8493=DIRECTION('',(0.0649963735734023,0.997885500156359,0));
#8494=STYLED_ITEM('',(#18),#8495);
#8495=FACE_SURFACE('',(#8500),#8496,.T.);
#8496=PLANE('',#8497);
#8497=AXIS2_PLACEMENT_3D('',#94,#8498,#8499);
#8498=DIRECTION('',(-0.9976303284229832,0.06880209161537733,0));
#8499=DIRECTION('',(0,0,-1));
#8500=FACE_BOUND('',#8501,.T.);
#8501=EDGE_LOOP('',(#8502,#8503,#8504));
#8502=ORIENTED_EDGE('',*,*,#8505,.T.);
#8503=ORIENTED_EDGE('',*,*,#8506,.T.);
#8504=ORIENTED_EDGE('',*,*,#8507,.T.);
#8505=EDGE_CURVE('',#95,#229,#8508,.F.);
#8506=EDGE_CURVE('',#229,#77,#8509,.T.);
#8507=EDGE_CURVE('',#77,#95,#8510,.T.);
#8508=LINE('',#94,#8511);
#8509=LINE('',#228,#8512);
#8510=LINE('',#76,#8513);
#8511=VECTOR('',#8514,1.0);
#8512=VECTOR('',#8515,1.0);
#8513=VECTOR('',#8516,1.0);
#8514=DIRECTION('',(0,0,-1));
#8515=DIRECTION('',(-0.01741391497248876,-0.25250176710109,0.967439720693831));
#8516=DIRECTION('',(0.06880209161537733,0.9976303284229832,0));
#8517=STYLED_ITEM('',(#18),#8518);
#8518=FACE_SURFACE('',(#8523),#8519,.T.);
#8519=PLANE('',#8520);
#8520=AXIS2_PLACEMENT_3D('',#84,#8521,#8522);
#8521=DIRECTION('',(0.9808731636385993,-0.19464798188937268,0));
#8522=DIRECTION('',(0.19464798188937268,0.9808731636385993,0));
#8523=FACE_BOUND('',#8524,.T.);
#8524=EDGE_LOOP('',(#8525,#8526,#8527));
#8525=ORIENTED_EDGE('',*,*,#8528,.T.);
#8526=ORIENTED_EDGE('',*,*,#8529,.T.);
#8527=ORIENTED_EDGE('',*,*,#8530,.T.);
#8528=EDGE_CURVE('',#85,#87,#8531,.F.);
#8529=EDGE_CURVE('',#87,#411,#8532,.T.);
#8530=EDGE_CURVE('',#411,#85,#8533,.T.);
#8531=LINE('',#84,#8534);
#8532=LINE('',#86,#8535);
#8533=LINE('',#410,#8536);
#8534=VECTOR('',#8537,1.0);
#8535=VECTOR('',#8538,1.0);
#8536=VECTOR('',#8539,1.0);
#8537=DIRECTION('',(0.19464798188937268,0.9808731636385993,0));
#8538=DIRECTION('',(-0.04933469311729144,-0.24860815943419304,0.9673469238684567));
#8539=DIRECTION('',(0,0,-1));
#8540=STYLED_ITEM('',(#18),#8541);
#8541=FACE_SURFACE('',(#8546),#8542,.T.);
#8542=PLANE('',#8543);
#8543=AXIS2_PLACEMENT_3D('',#408,#8544,#8545);
#8544=DIRECTION('',(0.9808731636385993,-0.19464798188937268,0));
#8545=DIRECTION('',(-0.19464798188937268,-0.9808731636385993,0));
#8546=FACE_BOUND('',#8547,.T.);
#8547=EDGE_LOOP('',(#8548,#8549,#8550));
#8548=ORIENTED_EDGE('',*,*,#8551,.T.);
#8549=ORIENTED_EDGE('',*,*,#8552,.T.);
#8550=ORIENTED_EDGE('',*,*,#8553,.T.);
#8551=EDGE_CURVE('',#409,#411,#8554,.F.);
#8552=EDGE_CURVE('',#411,#87,#8555,.T.);
#8553=EDGE_CURVE('',#87,#409,#8556,.T.);
#8554=LINE('',#408,#8557);
#8555=LINE('',#410,#8558);
#8556=LINE('',#86,#8559);
#8557=VECTOR('',#8560,1.0);
#8558=VECTOR('',#8561,1.0);
#8559=VECTOR('',#8562,1.0);
#8560=DIRECTION('',(-0.19464798188937268,-0.9808731636385993,0));
#8561=DIRECTION('',(0.04933469311729144,0.24860815943419304,-0.9673469238684567));
#8562=DIRECTION('',(0,0,1));
#8563=STYLED_ITEM('',(#18),#8564);
#8564=FACE_SURFACE('',(#8569),#8565,.T.);
#8565=PLANE('',#8566);
#8566=AXIS2_PLACEMENT_3D('',#76,#8567,#8568);
#8567=DIRECTION('',(-0.9808731636385993,0.19464798188937268,0));
#8568=DIRECTION('',(-0.04933469311729144,-0.24860815943419304,-0.9673469238684567));
#8569=FACE_BOUND('',#8570,.T.);
#8570=EDGE_LOOP('',(#8571,#8572,#8573));
#8571=ORIENTED_EDGE('',*,*,#8574,.T.);
#8572=ORIENTED_EDGE('',*,*,#8575,.T.);
#8573=ORIENTED_EDGE('',*,*,#8576,.T.);
#8574=EDGE_CURVE('',#77,#267,#8577,.F.);
#8575=EDGE_CURVE('',#267,#79,#8578,.T.);
#8576=EDGE_CURVE('',#79,#77,#8579,.T.);
#8577=LINE('',#76,#8580);
#8578=LINE('',#266,#8581);
#8579=LINE('',#78,#8582);
#8580=VECTOR('',#8583,1.0);
#8581=VECTOR('',#8584,1.0);
#8582=VECTOR('',#8585,1.0);
#8583=DIRECTION('',(-0.04933469311729144,-0.24860815943419304,-0.9673469238684567));
#8584=DIRECTION('',(0,0,1));
#8585=DIRECTION('',(0.19464798188937268,0.9808731636385993,0));
#8586=STYLED_ITEM('',(#18),#8587);
#8587=FACE_SURFACE('',(#8592),#8588,.T.);
#8588=PLANE('',#8589);
#8589=AXIS2_PLACEMENT_3D('',#408,#8590,#8591);
#8590=DIRECTION('',(0.9471445756278135,-0.3208070336803876,0));
#8591=DIRECTION('',(0,0,-1));
#8592=FACE_BOUND('',#8593,.T.);
#8593=EDGE_LOOP('',(#8594,#8595,#8596));
#8594=ORIENTED_EDGE('',*,*,#8597,.T.);
#8595=ORIENTED_EDGE('',*,*,#8598,.T.);
#8596=ORIENTED_EDGE('',*,*,#8599,.T.);
#8597=EDGE_CURVE('',#409,#87,#8600,.F.);
#8598=EDGE_CURVE('',#87,#413,#8601,.T.);
#8599=EDGE_CURVE('',#413,#409,#8602,.T.);
#8600=LINE('',#408,#8603);
#8601=LINE('',#86,#8604);
#8602=LINE('',#412,#8605);
#8603=VECTOR('',#8606,1.0);
#8604=VECTOR('',#8607,1.0);
#8605=VECTOR('',#8608,1.0);
#8606=DIRECTION('',(0,0,-1));
#8607=DIRECTION('',(0.08126056349457861,0.23991213984113746,0.967387660649747));
#8608=DIRECTION('',(-0.3208070336803876,-0.9471445756278135,0));
#8609=STYLED_ITEM('',(#18),#8610);
#8610=FACE_SURFACE('',(#8615),#8611,.T.);
#8611=PLANE('',#8612);
#8612=AXIS2_PLACEMENT_3D('',#96,#8613,#8614);
#8613=DIRECTION('',(0.9471445756278135,-0.3208070336803876,0));
#8614=DIRECTION('',(0,0,1));
#8615=FACE_BOUND('',#8616,.T.);
#8616=EDGE_LOOP('',(#8617,#8618,#8619));
#8617=ORIENTED_EDGE('',*,*,#8620,.T.);
#8618=ORIENTED_EDGE('',*,*,#8621,.T.);
#8619=ORIENTED_EDGE('',*,*,#8622,.T.);
#8620=EDGE_CURVE('',#97,#413,#8623,.F.);
#8621=EDGE_CURVE('',#413,#87,#8624,.T.);
#8622=EDGE_CURVE('',#87,#97,#8625,.T.);
#8623=LINE('',#96,#8626);
#8624=LINE('',#412,#8627);
#8625=LINE('',#86,#8628);
#8626=VECTOR('',#8629,1.0);
#8627=VECTOR('',#8630,1.0);
#8628=VECTOR('',#8631,1.0);
#8629=DIRECTION('',(0,0,1));
#8630=DIRECTION('',(-0.08126056349457861,-0.23991213984113746,-0.967387660649747));
#8631=DIRECTION('',(0.3208070336803876,0.9471445756278135,0));
#8632=STYLED_ITEM('',(#18),#8633);
#8633=FACE_SURFACE('',(#8638),#8634,.T.);
#8634=PLANE('',#8635);
#8635=AXIS2_PLACEMENT_3D('',#78,#8636,#8637);
#8636=DIRECTION('',(-0.9471445756278127,0.3208070336803899,0));
#8637=DIRECTION('',(0,0,-1));
#8638=FACE_BOUND('',#8639,.T.);
#8639=EDGE_LOOP('',(#8640,#8641,#8642));
#8640=ORIENTED_EDGE('',*,*,#8643,.T.);
#8641=ORIENTED_EDGE('',*,*,#8644,.T.);
#8642=ORIENTED_EDGE('',*,*,#8645,.T.);
#8643=EDGE_CURVE('',#79,#267,#8646,.F.);
#8644=EDGE_CURVE('',#267,#117,#8647,.T.);
#8645=EDGE_CURVE('',#117,#79,#8648,.T.);
#8646=LINE('',#78,#8649);
#8647=LINE('',#266,#8650);
#8648=LINE('',#116,#8651);
#8649=VECTOR('',#8652,1.0);
#8650=VECTOR('',#8653,1.0);
#8651=VECTOR('',#8654,1.0);
#8652=DIRECTION('',(0,0,-1));
#8653=DIRECTION('',(-0.08126056349457925,-0.23991213984113746,0.967387660649747));
#8654=DIRECTION('',(0.3208070336803899,0.9471445756278127,0));
#8655=STYLED_ITEM('',(#18),#8656);
#8656=FACE_SURFACE('',(#8661),#8657,.T.);
#8657=PLANE('',#8658);
#8658=AXIS2_PLACEMENT_3D('',#98,#8659,#8660);
#8659=DIRECTION('',(0.8967049296897788,-0.44262881635750845,0));
#8660=DIRECTION('',(0,0,1));
#8661=FACE_BOUND('',#8662,.T.);
#8662=EDGE_LOOP('',(#8663,#8664,#8665));
#8663=ORIENTED_EDGE('',*,*,#8666,.T.);
#8664=ORIENTED_EDGE('',*,*,#8667,.T.);
#8665=ORIENTED_EDGE('',*,*,#8668,.T.);
#8666=EDGE_CURVE('',#99,#415,#8669,.F.);
#8667=EDGE_CURVE('',#415,#97,#8670,.T.);
#8668=EDGE_CURVE('',#97,#99,#8671,.T.);
#8669=LINE('',#98,#8672);
#8670=LINE('',#414,#8673);
#8671=LINE('',#96,#8674);
#8672=VECTOR('',#8675,1.0);
#8673=VECTOR('',#8676,1.0);
#8674=VECTOR('',#8677,1.0);
#8675=DIRECTION('',(0,0,1));
#8676=DIRECTION('',(-0.11221061564623198,-0.22732322997296964,-0.967332893501999));
#8677=DIRECTION('',(0.44262881635750845,0.8967049296897788,0));
#8678=STYLED_ITEM('',(#18),#8679);
#8679=FACE_SURFACE('',(#8684),#8680,.T.);
#8680=PLANE('',#8681);
#8681=AXIS2_PLACEMENT_3D('',#412,#8682,#8683);
#8682=DIRECTION('',(0.8967049296897788,-0.44262881635750845,0));
#8683=DIRECTION('',(0,0,-1));
#8684=FACE_BOUND('',#8685,.T.);
#8685=EDGE_LOOP('',(#8686,#8687,#8688));
#8686=ORIENTED_EDGE('',*,*,#8689,.T.);
#8687=ORIENTED_EDGE('',*,*,#8690,.T.);
#8688=ORIENTED_EDGE('',*,*,#8691,.T.);
#8689=EDGE_CURVE('',#413,#97,#8692,.F.);
#8690=EDGE_CURVE('',#97,#415,#8693,.T.);
#8691=EDGE_CURVE('',#415,#413,#8694,.T.);
#8692=LINE('',#412,#8695);
#8693=LINE('',#96,#8696);
#8694=LINE('',#414,#8697);
#8695=VECTOR('',#8698,1.0);
#8696=VECTOR('',#8699,1.0);
#8697=VECTOR('',#8700,1.0);
#8698=DIRECTION('',(0,0,-1));
#8699=DIRECTION('',(0.11221061564623198,0.22732322997296964,0.967332893501999));
#8700=DIRECTION('',(-0.44262881635750845,-0.8967049296897788,0));
#8701=STYLED_ITEM('',(#18),#8702);
#8702=FACE_SURFACE('',(#8707),#8703,.T.);
#8703=PLANE('',#8704);
#8704=AXIS2_PLACEMENT_3D('',#98,#8705,#8706);
#8705=DIRECTION('',(0.8326374333005127,-0.5538184762778635,0));
#8706=DIRECTION('',(0.5538184762778635,0.8326374333005127,0));
#8707=FACE_BOUND('',#8708,.T.);
#8708=EDGE_LOOP('',(#8709,#8710,#8711));
#8709=ORIENTED_EDGE('',*,*,#8712,.T.);
#8710=ORIENTED_EDGE('',*,*,#8713,.T.);
#8711=ORIENTED_EDGE('',*,*,#8714,.T.);
#8712=EDGE_CURVE('',#99,#125,#8715,.F.);
#8713=EDGE_CURVE('',#125,#415,#8716,.T.);
#8714=EDGE_CURVE('',#415,#99,#8717,.T.);
#8715=LINE('',#98,#8718);
#8716=LINE('',#124,#8719);
#8717=LINE('',#414,#8720);
#8718=VECTOR('',#8721,1.0);
#8719=VECTOR('',#8722,1.0);
#8720=VECTOR('',#8723,1.0);
#8721=DIRECTION('',(0.5538184762778635,0.8326374333005127,0));
#8722=DIRECTION('',(-0.14027193279168268,-0.2108915955074955,0.967392639942639));
#8723=DIRECTION('',(0,0,-1));
#8724=STYLED_ITEM('',(#18),#8725);
#8725=FACE_SURFACE('',(#8730),#8726,.T.);
#8726=PLANE('',#8727);
#8727=AXIS2_PLACEMENT_3D('',#418,#8728,#8729);
#8728=DIRECTION('',(0.8326374333005127,-0.5538184762778635,0));
#8729=DIRECTION('',(-0.5538184762778635,-0.8326374333005127,0));
#8730=FACE_BOUND('',#8731,.T.);
#8731=EDGE_LOOP('',(#8732,#8733,#8734));
#8732=ORIENTED_EDGE('',*,*,#8735,.T.);
#8733=ORIENTED_EDGE('',*,*,#8736,.T.);
#8734=ORIENTED_EDGE('',*,*,#8737,.T.);
#8735=EDGE_CURVE('',#419,#415,#8738,.F.);
#8736=EDGE_CURVE('',#415,#125,#8739,.T.);
#8737=EDGE_CURVE('',#125,#419,#8740,.T.);
#8738=LINE('',#418,#8741);
#8739=LINE('',#414,#8742);
#8740=LINE('',#124,#8743);
#8741=VECTOR('',#8744,1.0);
#8742=VECTOR('',#8745,1.0);
#8743=VECTOR('',#8746,1.0);
#8744=DIRECTION('',(-0.5538184762778635,-0.8326374333005127,0));
#8745=DIRECTION('',(0.14027193279168268,0.2108915955074955,-0.967392639942639));
#8746=DIRECTION('',(0,0,1));
#8747=STYLED_ITEM('',(#18),#8748);
#8748=FACE_SURFACE('',(#8753),#8749,.T.);
#8749=PLANE('',#8750);
#8750=AXIS2_PLACEMENT_3D('',#126,#8751,#8752);
#8751=DIRECTION('',(0.7513940993995948,-0.6598537015031981,0));
#8752=DIRECTION('',(0,0,1));
#8753=FACE_BOUND('',#8754,.T.);
#8754=EDGE_LOOP('',(#8755,#8756,#8757));
#8755=ORIENTED_EDGE('',*,*,#8758,.T.);
#8756=ORIENTED_EDGE('',*,*,#8759,.T.);
#8757=ORIENTED_EDGE('',*,*,#8760,.T.);
#8758=EDGE_CURVE('',#127,#421,#8761,.F.);
#8759=EDGE_CURVE('',#421,#419,#8762,.T.);
#8760=EDGE_CURVE('',#419,#127,#8763,.T.);
#8761=LINE('',#126,#8764);
#8762=LINE('',#420,#8765);
#8763=LINE('',#418,#8766);
#8764=VECTOR('',#8767,1.0);
#8765=VECTOR('',#8768,1.0);
#8766=VECTOR('',#8769,1.0);
#8767=DIRECTION('',(0,0,1));
#8768=DIRECTION('',(-0.6598537015031981,-0.7513940993995948,0));
#8769=DIRECTION('',(0.16734412783715194,0.1905594981729416,-0.9673070973245774));
#8770=STYLED_ITEM('',(#18),#8771);
#8771=FACE_SURFACE('',(#8776),#8772,.T.);
#8772=PLANE('',#8773);
#8773=AXIS2_PLACEMENT_3D('',#126,#8774,#8775);
#8774=DIRECTION('',(0.7513940993995948,-0.6598537015031981,0));
#8775=DIRECTION('',(-0.16734412783715194,-0.1905594981729416,0.9673070973245774));
#8776=FACE_BOUND('',#8777,.T.);
#8777=EDGE_LOOP('',(#8778,#8779,#8780));
#8778=ORIENTED_EDGE('',*,*,#8781,.T.);
#8779=ORIENTED_EDGE('',*,*,#8782,.T.);
#8780=ORIENTED_EDGE('',*,*,#8783,.T.);
#8781=EDGE_CURVE('',#127,#419,#8784,.F.);
#8782=EDGE_CURVE('',#419,#125,#8785,.T.);
#8783=EDGE_CURVE('',#125,#127,#8786,.T.);
#8784=LINE('',#126,#8787);
#8785=LINE('',#418,#8788);
#8786=LINE('',#124,#8789);
#8787=VECTOR('',#8790,1.0);
#8788=VECTOR('',#8791,1.0);
#8789=VECTOR('',#8792,1.0);
#8790=DIRECTION('',(-0.16734412783715194,-0.1905594981729416,0.9673070973245774));
#8791=DIRECTION('',(0,0,-1));
#8792=DIRECTION('',(0.6598537015031981,0.7513940993995948,0));
#8793=STYLED_ITEM('',(#18),#8794);
#8794=FACE_SURFACE('',(#8799),#8795,.T.);
#8795=PLANE('',#8796);
#8796=AXIS2_PLACEMENT_3D('',#420,#8797,#8798);
#8797=DIRECTION('',(0.6598537015031981,-0.7513940993995948,0));
#8798=DIRECTION('',(0,0,-1));
#8799=FACE_BOUND('',#8800,.T.);
#8800=EDGE_LOOP('',(#8801,#8802,#8803));
#8801=ORIENTED_EDGE('',*,*,#8804,.T.);
#8802=ORIENTED_EDGE('',*,*,#8805,.T.);
#8803=ORIENTED_EDGE('',*,*,#8806,.T.);
#8804=EDGE_CURVE('',#421,#127,#8807,.F.);
#8805=EDGE_CURVE('',#127,#429,#8808,.T.);
#8806=EDGE_CURVE('',#429,#421,#8809,.T.);
#8807=LINE('',#420,#8810);
#8808=LINE('',#126,#8811);
#8809=LINE('',#428,#8812);
#8810=VECTOR('',#8813,1.0);
#8811=VECTOR('',#8814,1.0);
#8812=VECTOR('',#8815,1.0);
#8813=DIRECTION('',(0,0,-1));
#8814=DIRECTION('',(0.1905594981729416,0.16734412783715194,0.9673070973245774));
#8815=DIRECTION('',(-0.7513940993995948,-0.6598537015031981,0));
#8816=STYLED_ITEM('',(#18),#8817);
#8817=FACE_SURFACE('',(#8822),#8818,.T.);
#8818=PLANE('',#8819);
#8819=AXIS2_PLACEMENT_3D('',#136,#8820,#8821);
#8820=DIRECTION('',(0.6598537015031981,-0.7513940993995948,0));
#8821=DIRECTION('',(0,0,1));
#8822=FACE_BOUND('',#8823,.T.);
#8823=EDGE_LOOP('',(#8824,#8825,#8826));
#8824=ORIENTED_EDGE('',*,*,#8827,.T.);
#8825=ORIENTED_EDGE('',*,*,#8828,.T.);
#8826=ORIENTED_EDGE('',*,*,#8829,.T.);
#8827=EDGE_CURVE('',#137,#429,#8830,.F.);
#8828=EDGE_CURVE('',#429,#127,#8831,.T.);
#8829=EDGE_CURVE('',#127,#137,#8832,.T.);
#8830=LINE('',#136,#8833);
#8831=LINE('',#428,#8834);
#8832=LINE('',#126,#8835);
#8833=VECTOR('',#8836,1.0);
#8834=VECTOR('',#8837,1.0);
#8835=VECTOR('',#8838,1.0);
#8836=DIRECTION('',(0,0,1));
#8837=DIRECTION('',(-0.1905594981729416,-0.16734412783715194,-0.9673070973245774));
#8838=DIRECTION('',(0.7513940993995948,0.6598537015031981,0));
#8839=STYLED_ITEM('',(#18),#8840);
#8840=FACE_SURFACE('',(#8845),#8841,.T.);
#8841=PLANE('',#8842);
#8842=AXIS2_PLACEMENT_3D('',#144,#8843,#8844);
#8843=DIRECTION('',(0.5538184762778635,-0.8326374333005127,0));
#8844=DIRECTION('',(0,0,1));
#8845=FACE_BOUND('',#8846,.T.);
#8846=EDGE_LOOP('',(#8847,#8848,#8849));
#8847=ORIENTED_EDGE('',*,*,#8850,.T.);
#8848=ORIENTED_EDGE('',*,*,#8851,.T.);
#8849=ORIENTED_EDGE('',*,*,#8852,.T.);
#8850=EDGE_CURVE('',#145,#437,#8853,.F.);
#8851=EDGE_CURVE('',#437,#429,#8854,.T.);
#8852=EDGE_CURVE('',#429,#145,#8855,.T.);
#8853=LINE('',#144,#8856);
#8854=LINE('',#436,#8857);
#8855=LINE('',#428,#8858);
#8856=VECTOR('',#8859,1.0);
#8857=VECTOR('',#8860,1.0);
#8858=VECTOR('',#8861,1.0);
#8859=DIRECTION('',(0,0,1));
#8860=DIRECTION('',(-0.8326374333005127,-0.5538184762778635,0));
#8861=DIRECTION('',(0.2108915955074955,0.14027193279168268,-0.967392639942639));
#8862=STYLED_ITEM('',(#18),#8863);
#8863=FACE_SURFACE('',(#8868),#8864,.T.);
#8864=PLANE('',#8865);
#8865=AXIS2_PLACEMENT_3D('',#144,#8866,#8867);
#8866=DIRECTION('',(0.5538184762778635,-0.8326374333005127,0));
#8867=DIRECTION('',(-0.2108915955074955,-0.14027193279168268,0.967392639942639));
#8868=FACE_BOUND('',#8869,.T.);
#8869=EDGE_LOOP('',(#8870,#8871,#8872));
#8870=ORIENTED_EDGE('',*,*,#8873,.T.);
#8871=ORIENTED_EDGE('',*,*,#8874,.T.);
#8872=ORIENTED_EDGE('',*,*,#8875,.T.);
#8873=EDGE_CURVE('',#145,#429,#8876,.F.);
#8874=EDGE_CURVE('',#429,#137,#8877,.T.);
#8875=EDGE_CURVE('',#137,#145,#8878,.T.);
#8876=LINE('',#144,#8879);
#8877=LINE('',#428,#8880);
#8878=LINE('',#136,#8881);
#8879=VECTOR('',#8882,1.0);
#8880=VECTOR('',#8883,1.0);
#8881=VECTOR('',#8884,1.0);
#8882=DIRECTION('',(-0.2108915955074955,-0.14027193279168268,0.967392639942639));
#8883=DIRECTION('',(0,0,-1));
#8884=DIRECTION('',(0.8326374333005127,0.5538184762778635,0));
#8885=STYLED_ITEM('',(#18),#8886);
#8886=FACE_SURFACE('',(#8891),#8887,.T.);
#8887=PLANE('',#8888);
#8888=AXIS2_PLACEMENT_3D('',#436,#8889,#8890);
#8889=DIRECTION('',(0.44262881635750845,-0.8967049296897788,0));
#8890=DIRECTION('',(0,0,-1));
#8891=FACE_BOUND('',#8892,.T.);
#8892=EDGE_LOOP('',(#8893,#8894,#8895));
#8893=ORIENTED_EDGE('',*,*,#8896,.T.);
#8894=ORIENTED_EDGE('',*,*,#8897,.T.);
#8895=ORIENTED_EDGE('',*,*,#8898,.T.);
#8896=EDGE_CURVE('',#437,#145,#8899,.F.);
#8897=EDGE_CURVE('',#145,#435,#8900,.T.);
#8898=EDGE_CURVE('',#435,#437,#8901,.T.);
#8899=LINE('',#436,#8902);
#8900=LINE('',#144,#8903);
#8901=LINE('',#434,#8904);
#8902=VECTOR('',#8905,1.0);
#8903=VECTOR('',#8906,1.0);
#8904=VECTOR('',#8907,1.0);
#8905=DIRECTION('',(0,0,-1));
#8906=DIRECTION('',(0.22732322997296964,0.11221061564623198,0.967332893501999));
#8907=DIRECTION('',(-0.8967049296897788,-0.44262881635750845,0));
#8908=STYLED_ITEM('',(#18),#8909);
#8909=FACE_SURFACE('',(#8914),#8910,.T.);
#8910=PLANE('',#8911);
#8911=AXIS2_PLACEMENT_3D('',#146,#8912,#8913);
#8912=DIRECTION('',(0.44262881635750845,-0.8967049296897788,0));
#8913=DIRECTION('',(0,0,1));
#8914=FACE_BOUND('',#8915,.T.);
#8915=EDGE_LOOP('',(#8916,#8917,#8918));
#8916=ORIENTED_EDGE('',*,*,#8919,.T.);
#8917=ORIENTED_EDGE('',*,*,#8920,.T.);
#8918=ORIENTED_EDGE('',*,*,#8921,.T.);
#8919=EDGE_CURVE('',#147,#435,#8922,.F.);
#8920=EDGE_CURVE('',#435,#145,#8923,.T.);
#8921=EDGE_CURVE('',#145,#147,#8924,.T.);
#8922=LINE('',#146,#8925);
#8923=LINE('',#434,#8926);
#8924=LINE('',#144,#8927);
#8925=VECTOR('',#8928,1.0);
#8926=VECTOR('',#8929,1.0);
#8927=VECTOR('',#8930,1.0);
#8928=DIRECTION('',(0,0,1));
#8929=DIRECTION('',(-0.22732322997296964,-0.11221061564623198,-0.967332893501999));
#8930=DIRECTION('',(0.8967049296897788,0.44262881635750845,0));
#8931=STYLED_ITEM('',(#18),#8932);
#8932=FACE_SURFACE('',(#8937),#8933,.T.);
#8933=PLANE('',#8934);
#8934=AXIS2_PLACEMENT_3D('',#434,#8935,#8936);
#8935=DIRECTION('',(0.3208070336803876,-0.9471445756278135,0));
#8936=DIRECTION('',(0,0,-1));
#8937=FACE_BOUND('',#8938,.T.);
#8938=EDGE_LOOP('',(#8939,#8940,#8941));
#8939=ORIENTED_EDGE('',*,*,#8942,.T.);
#8940=ORIENTED_EDGE('',*,*,#8943,.T.);
#8941=ORIENTED_EDGE('',*,*,#8944,.T.);
#8942=EDGE_CURVE('',#435,#147,#8945,.F.);
#8943=EDGE_CURVE('',#147,#439,#8946,.T.);
#8944=EDGE_CURVE('',#439,#435,#8947,.T.);
#8945=LINE('',#434,#8948);
#8946=LINE('',#146,#8949);
#8947=LINE('',#438,#8950);
#8948=VECTOR('',#8951,1.0);
#8949=VECTOR('',#8952,1.0);
#8950=VECTOR('',#8953,1.0);
#8951=DIRECTION('',(0,0,-1));
#8952=DIRECTION('',(0.23991213984113746,0.08126056349457861,0.967387660649747));
#8953=DIRECTION('',(-0.9471445756278135,-0.3208070336803876,0));
#8954=STYLED_ITEM('',(#18),#8955);
#8955=FACE_SURFACE('',(#8960),#8956,.T.);
#8956=PLANE('',#8957);
#8957=AXIS2_PLACEMENT_3D('',#150,#8958,#8959);
#8958=DIRECTION('',(0.3208070336803876,-0.9471445756278135,0));
#8959=DIRECTION('',(0,0,1));
#8960=FACE_BOUND('',#8961,.T.);
#8961=EDGE_LOOP('',(#8962,#8963,#8964));
#8962=ORIENTED_EDGE('',*,*,#8965,.T.);
#8963=ORIENTED_EDGE('',*,*,#8966,.T.);
#8964=ORIENTED_EDGE('',*,*,#8967,.T.);
#8965=EDGE_CURVE('',#151,#439,#8968,.F.);
#8966=EDGE_CURVE('',#439,#147,#8969,.T.);
#8967=EDGE_CURVE('',#147,#151,#8970,.T.);
#8968=LINE('',#150,#8971);
#8969=LINE('',#438,#8972);
#8970=LINE('',#146,#8973);
#8971=VECTOR('',#8974,1.0);
#8972=VECTOR('',#8975,1.0);
#8973=VECTOR('',#8976,1.0);
#8974=DIRECTION('',(0,0,1));
#8975=DIRECTION('',(-0.23991213984113746,-0.08126056349457861,-0.967387660649747));
#8976=DIRECTION('',(0.9471445756278135,0.3208070336803876,0));
#8977=STYLED_ITEM('',(#18),#8978);
#8978=FACE_SURFACE('',(#8983),#8979,.T.);
#8979=PLANE('',#8980);
#8980=AXIS2_PLACEMENT_3D('',#438,#8981,#8982);
#8981=DIRECTION('',(0.19464798188937268,-0.9808731636385993,0));
#8982=DIRECTION('',(0,0,-1));
#8983=FACE_BOUND('',#8984,.T.);
#8984=EDGE_LOOP('',(#8985,#8986,#8987));
#8985=ORIENTED_EDGE('',*,*,#8988,.T.);
#8986=ORIENTED_EDGE('',*,*,#8989,.T.);
#8987=ORIENTED_EDGE('',*,*,#8990,.T.);
#8988=EDGE_CURVE('',#439,#151,#8991,.F.);
#8989=EDGE_CURVE('',#151,#153,#8992,.T.);
#8990=EDGE_CURVE('',#153,#439,#8993,.T.);
#8991=LINE('',#438,#8994);
#8992=LINE('',#150,#8995);
#8993=LINE('',#152,#8996);
#8994=VECTOR('',#8997,1.0);
#8995=VECTOR('',#8998,1.0);
#8996=VECTOR('',#8999,1.0);
#8997=DIRECTION('',(0,0,-1));
#8998=DIRECTION('',(0.9808731636385993,0.19464798188937268,0));
#8999=DIRECTION('',(-0.24860815943419304,-0.04933469311729144,0.9673469238684567));
#9000=STYLED_ITEM('',(#18),#9001);
#9001=FACE_SURFACE('',(#9006),#9002,.T.);
#9002=PLANE('',#9003);
#9003=AXIS2_PLACEMENT_3D('',#140,#9004,#9005);
#9004=DIRECTION('',(0.0649963735734023,-0.997885500156359,0));
#9005=DIRECTION('',(-0.2525059029148097,-0.016446744634297846,-0.9674555667234083));
#9006=FACE_BOUND('',#9007,.T.);
#9007=EDGE_LOOP('',(#9008,#9009,#9010));
#9008=ORIENTED_EDGE('',*,*,#9011,.T.);
#9009=ORIENTED_EDGE('',*,*,#9012,.T.);
#9010=ORIENTED_EDGE('',*,*,#9013,.T.);
#9011=EDGE_CURVE('',#141,#153,#9014,.F.);
#9012=EDGE_CURVE('',#153,#247,#9015,.T.);
#9013=EDGE_CURVE('',#247,#141,#9016,.T.);
#9014=LINE('',#140,#9017);
#9015=LINE('',#152,#9018);
#9016=LINE('',#246,#9019);
#9017=VECTOR('',#9020,1.0);
#9018=VECTOR('',#9021,1.0);
#9019=VECTOR('',#9022,1.0);
#9020=DIRECTION('',(-0.2525059029148097,-0.016446744634297846,-0.9674555667234083));
#9021=DIRECTION('',(0.997885500156359,0.0649963735734023,0));
#9022=DIRECTION('',(0,0,1));
#9023=STYLED_ITEM('',(#18),#9024);
#9024=FACE_SURFACE('',(#9029),#9025,.T.);
#9025=PLANE('',#9026);
#9026=AXIS2_PLACEMENT_3D('',#164,#9027,#9028);
#9027=DIRECTION('',(-0.0649963735734023,-0.997885500156359,0));
#9028=DIRECTION('',(0,0,1));
#9029=FACE_BOUND('',#9030,.T.);
#9030=EDGE_LOOP('',(#9031,#9032,#9033));
#9031=ORIENTED_EDGE('',*,*,#9034,.T.);
#9032=ORIENTED_EDGE('',*,*,#9035,.T.);
#9033=ORIENTED_EDGE('',*,*,#9036,.T.);
#9034=EDGE_CURVE('',#165,#61,#9037,.F.);
#9035=EDGE_CURVE('',#61,#247,#9038,.T.);
#9036=EDGE_CURVE('',#247,#165,#9039,.T.);
#9037=LINE('',#164,#9040);
#9038=LINE('',#60,#9041);
#9039=LINE('',#246,#9042);
#9040=VECTOR('',#9043,1.0);
#9041=VECTOR('',#9044,1.0);
#9042=VECTOR('',#9045,1.0);
#9043=DIRECTION('',(0,0,1));
#9044=DIRECTION('',(-0.2525059029148097,0.016446744634297846,-0.9674555667234083));
#9045=DIRECTION('',(0.997885500156359,-0.0649963735734023,0));
#9046=STYLED_ITEM('',(#18),#9047);
#9047=FACE_SURFACE('',(#9052),#9048,.T.);
#9048=PLANE('',#9049);
#9049=AXIS2_PLACEMENT_3D('',#140,#9050,#9051);
#9050=DIRECTION('',(-0.0649963735734023,-0.997885500156359,-0));
#9051=DIRECTION('',(0,0,-1));
#9052=FACE_BOUND('',#9053,.T.);
#9053=EDGE_LOOP('',(#9054,#9055,#9056));
#9054=ORIENTED_EDGE('',*,*,#9057,.T.);
#9055=ORIENTED_EDGE('',*,*,#9058,.T.);
#9056=ORIENTED_EDGE('',*,*,#9059,.T.);
#9057=EDGE_CURVE('',#141,#247,#9060,.F.);
#9058=EDGE_CURVE('',#247,#61,#9061,.T.);
#9059=EDGE_CURVE('',#61,#141,#9062,.T.);
#9060=LINE('',#140,#9063);
#9061=LINE('',#246,#9064);
#9062=LINE('',#60,#9065);
#9063=VECTOR('',#9066,1.0);
#9064=VECTOR('',#9067,1.0);
#9065=VECTOR('',#9068,1.0);
#9066=DIRECTION('',(0,0,-1));
#9067=DIRECTION('',(0.2525059029148097,-0.016446744634297846,0.9674555667234083));
#9068=DIRECTION('',(-0.997885500156359,0.0649963735734023,0));
#9069=STYLED_ITEM('',(#18),#9070);
#9070=FACE_SURFACE('',(#9075),#9071,.T.);
#9071=PLANE('',#9072);
#9072=AXIS2_PLACEMENT_3D('',#164,#9073,#9074);
#9073=DIRECTION('',(-0.19464798188937268,-0.9808731636385993,0));
#9074=DIRECTION('',(0.9808731636385993,-0.19464798188937268,0));
#9075=FACE_BOUND('',#9076,.T.);
#9076=EDGE_LOOP('',(#9077,#9078,#9079));
#9077=ORIENTED_EDGE('',*,*,#9080,.T.);
#9078=ORIENTED_EDGE('',*,*,#9081,.T.);
#9079=ORIENTED_EDGE('',*,*,#9082,.T.);
#9080=EDGE_CURVE('',#165,#169,#9083,.F.);
#9081=EDGE_CURVE('',#169,#61,#9084,.T.);
#9082=EDGE_CURVE('',#61,#165,#9085,.T.);
#9083=LINE('',#164,#9086);
#9084=LINE('',#168,#9087);
#9085=LINE('',#60,#9088);
#9086=VECTOR('',#9089,1.0);
#9087=VECTOR('',#9090,1.0);
#9088=VECTOR('',#9091,1.0);
#9089=DIRECTION('',(0.9808731636385993,-0.19464798188937268,0));
#9090=DIRECTION('',(-0.24860815943419304,0.04933469311729144,0.9673469238684567));
#9091=DIRECTION('',(0,0,-1));
#9092=STYLED_ITEM('',(#18),#9093);
#9093=FACE_SURFACE('',(#9098),#9094,.T.);
#9094=PLANE('',#9095);
#9095=AXIS2_PLACEMENT_3D('',#56,#9096,#9097);
#9096=DIRECTION('',(-0.19464798188937268,-0.9808731636385993,-0));
#9097=DIRECTION('',(-0.9808731636385993,0.19464798188937268,0));
#9098=FACE_BOUND('',#9099,.T.);
#9099=EDGE_LOOP('',(#9100,#9101,#9102));
#9100=ORIENTED_EDGE('',*,*,#9103,.T.);
#9101=ORIENTED_EDGE('',*,*,#9104,.T.);
#9102=ORIENTED_EDGE('',*,*,#9105,.T.);
#9103=EDGE_CURVE('',#57,#61,#9106,.F.);
#9104=EDGE_CURVE('',#61,#169,#9107,.T.);
#9105=EDGE_CURVE('',#169,#57,#9108,.T.);
#9106=LINE('',#56,#9109);
#9107=LINE('',#60,#9110);
#9108=LINE('',#168,#9111);
#9109=VECTOR('',#9112,1.0);
#9110=VECTOR('',#9113,1.0);
#9111=VECTOR('',#9114,1.0);
#9112=DIRECTION('',(-0.9808731636385993,0.19464798188937268,0));
#9113=DIRECTION('',(0.24860815943419304,-0.04933469311729144,-0.9673469238684567));
#9114=DIRECTION('',(0,0,1));
#9115=STYLED_ITEM('',(#18),#9116);
#9116=FACE_SURFACE('',(#9121),#9117,.T.);
#9117=PLANE('',#9118);
#9118=AXIS2_PLACEMENT_3D('',#180,#9119,#9120);
#9119=DIRECTION('',(-0.3208070336803876,-0.9471445756278135,0));
#9120=DIRECTION('',(0,0,1));
#9121=FACE_BOUND('',#9122,.T.);
#9122=EDGE_LOOP('',(#9123,#9124,#9125));
#9123=ORIENTED_EDGE('',*,*,#9126,.T.);
#9124=ORIENTED_EDGE('',*,*,#9127,.T.);
#9125=ORIENTED_EDGE('',*,*,#9128,.T.);
#9126=EDGE_CURVE('',#181,#63,#9129,.F.);
#9127=EDGE_CURVE('',#63,#57,#9130,.T.);
#9128=EDGE_CURVE('',#57,#181,#9131,.T.);
#9129=LINE('',#180,#9132);
#9130=LINE('',#62,#9133);
#9131=LINE('',#56,#9134);
#9132=VECTOR('',#9135,1.0);
#9133=VECTOR('',#9136,1.0);
#9134=VECTOR('',#9137,1.0);
#9135=DIRECTION('',(0,0,1));
#9136=DIRECTION('',(-0.9471445756278135,0.3208070336803876,0));
#9137=DIRECTION('',(0.23991213984113746,-0.08126056349457861,-0.967387660649747));
#9138=STYLED_ITEM('',(#18),#9139);
#9139=FACE_SURFACE('',(#9144),#9140,.T.);
#9140=PLANE('',#9141);
#9141=AXIS2_PLACEMENT_3D('',#180,#9142,#9143);
#9142=DIRECTION('',(-0.3208070336803876,-0.9471445756278135,0));
#9143=DIRECTION('',(-0.23991213984113746,0.08126056349457861,0.967387660649747));
#9144=FACE_BOUND('',#9145,.T.);
#9145=EDGE_LOOP('',(#9146,#9147,#9148));
#9146=ORIENTED_EDGE('',*,*,#9149,.T.);
#9147=ORIENTED_EDGE('',*,*,#9150,.T.);
#9148=ORIENTED_EDGE('',*,*,#9151,.T.);
#9149=EDGE_CURVE('',#181,#57,#9152,.F.);
#9150=EDGE_CURVE('',#57,#169,#9153,.T.);
#9151=EDGE_CURVE('',#169,#181,#9154,.T.);
#9152=LINE('',#180,#9155);
#9153=LINE('',#56,#9156);
#9154=LINE('',#168,#9157);
#9155=VECTOR('',#9158,1.0);
#9156=VECTOR('',#9159,1.0);
#9157=VECTOR('',#9160,1.0);
#9158=DIRECTION('',(-0.23991213984113746,0.08126056349457861,0.967387660649747));
#9159=DIRECTION('',(0,0,-1));
#9160=DIRECTION('',(0.9471445756278135,-0.3208070336803876,0));
#9161=STYLED_ITEM('',(#18),#9162);
#9162=FACE_SURFACE('',(#9167),#9163,.T.);
#9163=PLANE('',#9164);
#9164=AXIS2_PLACEMENT_3D('',#182,#9165,#9166);
#9165=DIRECTION('',(-0.4426288163575078,-0.8967049296897791,0));
#9166=DIRECTION('',(0,0,1));
#9167=FACE_BOUND('',#9168,.T.);
#9168=EDGE_LOOP('',(#9169,#9170,#9171));
#9169=ORIENTED_EDGE('',*,*,#9172,.T.);
#9170=ORIENTED_EDGE('',*,*,#9173,.T.);
#9171=ORIENTED_EDGE('',*,*,#9174,.T.);
#9172=EDGE_CURVE('',#183,#65,#9175,.F.);
#9173=EDGE_CURVE('',#65,#181,#9176,.T.);
#9174=EDGE_CURVE('',#181,#183,#9177,.T.);
#9175=LINE('',#182,#9178);
#9176=LINE('',#64,#9179);
#9177=LINE('',#180,#9180);
#9178=VECTOR('',#9181,1.0);
#9179=VECTOR('',#9182,1.0);
#9180=VECTOR('',#9183,1.0);
#9181=DIRECTION('',(0,0,1));
#9182=DIRECTION('',(-0.22732322997297008,0.11221061564623198,-0.967332893501999));
#9183=DIRECTION('',(0.8967049296897791,-0.4426288163575078,0));
#9184=STYLED_ITEM('',(#18),#9185);
#9185=FACE_SURFACE('',(#9190),#9186,.T.);
#9186=PLANE('',#9187);
#9187=AXIS2_PLACEMENT_3D('',#62,#9188,#9189);
#9188=DIRECTION('',(-0.4426288163575078,-0.8967049296897791,-0));
#9189=DIRECTION('',(0,0,-1));
#9190=FACE_BOUND('',#9191,.T.);
#9191=EDGE_LOOP('',(#9192,#9193,#9194));
#9192=ORIENTED_EDGE('',*,*,#9195,.T.);
#9193=ORIENTED_EDGE('',*,*,#9196,.T.);
#9194=ORIENTED_EDGE('',*,*,#9197,.T.);
#9195=EDGE_CURVE('',#63,#181,#9198,.F.);
#9196=EDGE_CURVE('',#181,#65,#9199,.T.);
#9197=EDGE_CURVE('',#65,#63,#9200,.T.);
#9198=LINE('',#62,#9201);
#9199=LINE('',#180,#9202);
#9200=LINE('',#64,#9203);
#9201=VECTOR('',#9204,1.0);
#9202=VECTOR('',#9205,1.0);
#9203=VECTOR('',#9206,1.0);
#9204=DIRECTION('',(0,0,-1));
#9205=DIRECTION('',(0.22732322997297008,-0.11221061564623198,0.967332893501999));
#9206=DIRECTION('',(-0.8967049296897791,0.4426288163575078,0));
#9207=STYLED_ITEM('',(#18),#9208);
#9208=FACE_SURFACE('',(#9213),#9209,.T.);
#9209=PLANE('',#9210);
#9210=AXIS2_PLACEMENT_3D('',#82,#9211,#9212);
#9211=DIRECTION('',(-0.5538184762778638,-0.8326374333005123,-0));
#9212=DIRECTION('',(-0.8326374333005123,0.5538184762778638,0));
#9213=FACE_BOUND('',#9214,.T.);
#9214=EDGE_LOOP('',(#9215,#9216,#9217));
#9215=ORIENTED_EDGE('',*,*,#9218,.T.);
#9216=ORIENTED_EDGE('',*,*,#9219,.T.);
#9217=ORIENTED_EDGE('',*,*,#9220,.T.);
#9218=EDGE_CURVE('',#83,#65,#9221,.F.);
#9219=EDGE_CURVE('',#65,#187,#9222,.T.);
#9220=EDGE_CURVE('',#187,#83,#9223,.T.);
#9221=LINE('',#82,#9224);
#9222=LINE('',#64,#9225);
#9223=LINE('',#186,#9226);
#9224=VECTOR('',#9227,1.0);
#9225=VECTOR('',#9228,1.0);
#9226=VECTOR('',#9229,1.0);
#9227=DIRECTION('',(-0.8326374333005123,0.5538184762778638,0));
#9228=DIRECTION('',(0.21089159550749528,-0.14027193279168268,-0.967392639942639));
#9229=DIRECTION('',(0,0,1));
#9230=STYLED_ITEM('',(#18),#9231);
#9231=FACE_SURFACE('',(#9236),#9232,.T.);
#9232=PLANE('',#9233);
#9233=AXIS2_PLACEMENT_3D('',#182,#9234,#9235);
#9234=DIRECTION('',(-0.5538184762778638,-0.8326374333005123,0));
#9235=DIRECTION('',(0.8326374333005123,-0.5538184762778638,0));
#9236=FACE_BOUND('',#9237,.T.);
#9237=EDGE_LOOP('',(#9238,#9239,#9240));
#9238=ORIENTED_EDGE('',*,*,#9241,.T.);
#9239=ORIENTED_EDGE('',*,*,#9242,.T.);
#9240=ORIENTED_EDGE('',*,*,#9243,.T.);
#9241=EDGE_CURVE('',#183,#187,#9244,.F.);
#9242=EDGE_CURVE('',#187,#65,#9245,.T.);
#9243=EDGE_CURVE('',#65,#183,#9246,.T.);
#9244=LINE('',#182,#9247);
#9245=LINE('',#186,#9248);
#9246=LINE('',#64,#9249);
#9247=VECTOR('',#9250,1.0);
#9248=VECTOR('',#9251,1.0);
#9249=VECTOR('',#9252,1.0);
#9250=DIRECTION('',(0.8326374333005123,-0.5538184762778638,0));
#9251=DIRECTION('',(-0.21089159550749528,0.14027193279168268,0.967392639942639));
#9252=DIRECTION('',(0,0,-1));
#9253=STYLED_ITEM('',(#18),#9254);
#9254=FACE_SURFACE('',(#9259),#9255,.T.);
#9255=PLANE('',#9256);
#9256=AXIS2_PLACEMENT_3D('',#82,#9257,#9258);
#9257=DIRECTION('',(-0.6598537015031978,-0.7513940993995951,-0));
#9258=DIRECTION('',(0,0,-1));
#9259=FACE_BOUND('',#9260,.T.);
#9260=EDGE_LOOP('',(#9261,#9262,#9263));
#9261=ORIENTED_EDGE('',*,*,#9264,.T.);
#9262=ORIENTED_EDGE('',*,*,#9265,.T.);
#9263=ORIENTED_EDGE('',*,*,#9266,.T.);
#9264=EDGE_CURVE('',#83,#187,#9267,.F.);
#9265=EDGE_CURVE('',#187,#101,#9268,.T.);
#9266=EDGE_CURVE('',#101,#83,#9269,.T.);
#9267=LINE('',#82,#9270);
#9268=LINE('',#186,#9271);
#9269=LINE('',#100,#9272);
#9270=VECTOR('',#9273,1.0);
#9271=VECTOR('',#9274,1.0);
#9272=VECTOR('',#9275,1.0);
#9273=DIRECTION('',(0,0,-1));
#9274=DIRECTION('',(0.19055949817294182,-0.16734412783715194,0.9673070973245774));
#9275=DIRECTION('',(-0.7513940993995951,0.6598537015031978,0));
#9276=STYLED_ITEM('',(#18),#9277);
#9277=FACE_SURFACE('',(#9282),#9278,.T.);
#9278=PLANE('',#9279);
#9279=AXIS2_PLACEMENT_3D('',#244,#9280,#9281);
#9280=DIRECTION('',(-0.6598537015031978,-0.7513940993995951,0));
#9281=DIRECTION('',(0,0,1));
#9282=FACE_BOUND('',#9283,.T.);
#9283=EDGE_LOOP('',(#9284,#9285,#9286));
#9284=ORIENTED_EDGE('',*,*,#9287,.T.);
#9285=ORIENTED_EDGE('',*,*,#9288,.T.);
#9286=ORIENTED_EDGE('',*,*,#9289,.T.);
#9287=EDGE_CURVE('',#245,#101,#9290,.F.);
#9288=EDGE_CURVE('',#101,#187,#9291,.T.);
#9289=EDGE_CURVE('',#187,#245,#9292,.T.);
#9290=LINE('',#244,#9293);
#9291=LINE('',#100,#9294);
#9292=LINE('',#186,#9295);
#9293=VECTOR('',#9296,1.0);
#9294=VECTOR('',#9297,1.0);
#9295=VECTOR('',#9298,1.0);
#9296=DIRECTION('',(0,0,1));
#9297=DIRECTION('',(-0.19055949817294182,0.16734412783715194,-0.9673070973245774));
#9298=DIRECTION('',(0.7513940993995951,-0.6598537015031978,0));
#9299=STYLED_ITEM('',(#18),#9300);
#9300=FACE_SURFACE('',(#9305),#9301,.T.);
#9301=PLANE('',#9302);
#9302=AXIS2_PLACEMENT_3D('',#208,#9303,#9304);
#9303=DIRECTION('',(-0.7513940993995948,-0.6598537015031981,0));
#9304=DIRECTION('',(0,0,1));
#9305=FACE_BOUND('',#9306,.T.);
#9306=EDGE_LOOP('',(#9307,#9308,#9309));
#9307=ORIENTED_EDGE('',*,*,#9310,.T.);
#9308=ORIENTED_EDGE('',*,*,#9311,.T.);
#9309=ORIENTED_EDGE('',*,*,#9312,.T.);
#9310=EDGE_CURVE('',#209,#105,#9313,.F.);
#9311=EDGE_CURVE('',#105,#245,#9314,.T.);
#9312=EDGE_CURVE('',#245,#209,#9315,.T.);
#9313=LINE('',#208,#9316);
#9314=LINE('',#104,#9317);
#9315=LINE('',#244,#9318);
#9316=VECTOR('',#9319,1.0);
#9317=VECTOR('',#9320,1.0);
#9318=VECTOR('',#9321,1.0);
#9319=DIRECTION('',(0,0,1));
#9320=DIRECTION('',(-0.16734412783715194,0.1905594981729416,-0.9673070973245774));
#9321=DIRECTION('',(0.6598537015031981,-0.7513940993995948,0));
#9322=STYLED_ITEM('',(#18),#9323);
#9323=FACE_SURFACE('',(#9328),#9324,.T.);
#9324=PLANE('',#9325);
#9325=AXIS2_PLACEMENT_3D('',#100,#9326,#9327);
#9326=DIRECTION('',(-0.7513940993995948,-0.6598537015031981,-0));
#9327=DIRECTION('',(0,0,-1));
#9328=FACE_BOUND('',#9329,.T.);
#9329=EDGE_LOOP('',(#9330,#9331,#9332));
#9330=ORIENTED_EDGE('',*,*,#9333,.T.);
#9331=ORIENTED_EDGE('',*,*,#9334,.T.);
#9332=ORIENTED_EDGE('',*,*,#9335,.T.);
#9333=EDGE_CURVE('',#101,#245,#9336,.F.);
#9334=EDGE_CURVE('',#245,#105,#9337,.T.);
#9335=EDGE_CURVE('',#105,#101,#9338,.T.);
#9336=LINE('',#100,#9339);
#9337=LINE('',#244,#9340);
#9338=LINE('',#104,#9341);
#9339=VECTOR('',#9342,1.0);
#9340=VECTOR('',#9343,1.0);
#9341=VECTOR('',#9344,1.0);
#9342=DIRECTION('',(0,0,-1));
#9343=DIRECTION('',(0.16734412783715194,-0.1905594981729416,0.9673070973245774));
#9344=DIRECTION('',(-0.6598537015031981,0.7513940993995948,0));
#9345=STYLED_ITEM('',(#18),#9346);
#9346=FACE_SURFACE('',(#9351),#9347,.T.);
#9347=PLANE('',#9348);
#9348=AXIS2_PLACEMENT_3D('',#104,#9349,#9350);
#9349=DIRECTION('',(-0.8326374333005133,-0.5538184762778623,-0));
#9350=DIRECTION('',(0,0,-1));
#9351=FACE_BOUND('',#9352,.T.);
#9352=EDGE_LOOP('',(#9353,#9354,#9355));
#9353=ORIENTED_EDGE('',*,*,#9356,.T.);
#9354=ORIENTED_EDGE('',*,*,#9357,.T.);
#9355=ORIENTED_EDGE('',*,*,#9358,.T.);
#9356=EDGE_CURVE('',#105,#209,#9359,.F.);
#9357=EDGE_CURVE('',#209,#207,#9360,.T.);
#9358=EDGE_CURVE('',#207,#105,#9361,.T.);
#9359=LINE('',#104,#9362);
#9360=LINE('',#208,#9363);
#9361=LINE('',#206,#9364);
#9362=VECTOR('',#9365,1.0);
#9363=VECTOR('',#9366,1.0);
#9364=VECTOR('',#9367,1.0);
#9365=DIRECTION('',(0,0,-1));
#9366=DIRECTION('',(0.5538184762778623,-0.8326374333005133,0));
#9367=DIRECTION('',(-0.14027193279168226,0.2108915955074955,0.967392639942639));
#9368=STYLED_ITEM('',(#18),#9369);
#9369=FACE_SURFACE('',(#9374),#9370,.T.);
#9370=PLANE('',#9371);
#9371=AXIS2_PLACEMENT_3D('',#104,#9372,#9373);
#9372=DIRECTION('',(-0.8326374333005133,-0.5538184762778623,0));
#9373=DIRECTION('',(0.14027193279168226,-0.2108915955074955,-0.967392639942639));
#9374=FACE_BOUND('',#9375,.T.);
#9375=EDGE_LOOP('',(#9376,#9377,#9378));
#9376=ORIENTED_EDGE('',*,*,#9379,.T.);
#9377=ORIENTED_EDGE('',*,*,#9380,.T.);
#9378=ORIENTED_EDGE('',*,*,#9381,.T.);
#9379=EDGE_CURVE('',#105,#207,#9382,.F.);
#9380=EDGE_CURVE('',#207,#149,#9383,.T.);
#9381=EDGE_CURVE('',#149,#105,#9384,.T.);
#9382=LINE('',#104,#9385);
#9383=LINE('',#206,#9386);
#9384=LINE('',#148,#9387);
#9385=VECTOR('',#9388,1.0);
#9386=VECTOR('',#9389,1.0);
#9387=VECTOR('',#9390,1.0);
#9388=DIRECTION('',(0.14027193279168226,-0.2108915955074955,-0.967392639942639));
#9389=DIRECTION('',(0,0,1));
#9390=DIRECTION('',(-0.5538184762778623,0.8326374333005133,0));
#9391=STYLED_ITEM('',(#18),#9392);
#9392=FACE_SURFACE('',(#9397),#9393,.T.);
#9393=PLANE('',#9394);
#9394=AXIS2_PLACEMENT_3D('',#242,#9395,#9396);
#9395=DIRECTION('',(-0.8967049296897794,-0.4426288163575071,0));
#9396=DIRECTION('',(0,0,1));
#9397=FACE_BOUND('',#9398,.T.);
#9398=EDGE_LOOP('',(#9399,#9400,#9401));
#9399=ORIENTED_EDGE('',*,*,#9402,.T.);
#9400=ORIENTED_EDGE('',*,*,#9403,.T.);
#9401=ORIENTED_EDGE('',*,*,#9404,.T.);
#9402=EDGE_CURVE('',#243,#143,#9405,.F.);
#9403=EDGE_CURVE('',#143,#207,#9406,.T.);
#9404=EDGE_CURVE('',#207,#243,#9407,.T.);
#9405=LINE('',#242,#9408);
#9406=LINE('',#142,#9409);
#9407=LINE('',#206,#9410);
#9408=VECTOR('',#9411,1.0);
#9409=VECTOR('',#9412,1.0);
#9410=VECTOR('',#9413,1.0);
#9411=DIRECTION('',(0,0,1));
#9412=DIRECTION('',(-0.11221061564623158,0.2273232299729697,-0.9673328935019992));
#9413=DIRECTION('',(0.4426288163575071,-0.8967049296897794,0));
#9414=STYLED_ITEM('',(#18),#9415);
#9415=FACE_SURFACE('',(#9420),#9416,.T.);
#9416=PLANE('',#9417);
#9417=AXIS2_PLACEMENT_3D('',#148,#9418,#9419);
#9418=DIRECTION('',(-0.8967049296897794,-0.4426288163575071,-0));
#9419=DIRECTION('',(0,0,-1));
#9420=FACE_BOUND('',#9421,.T.);
#9421=EDGE_LOOP('',(#9422,#9423,#9424));
#9422=ORIENTED_EDGE('',*,*,#9425,.T.);
#9423=ORIENTED_EDGE('',*,*,#9426,.T.);
#9424=ORIENTED_EDGE('',*,*,#9427,.T.);
#9425=EDGE_CURVE('',#149,#207,#9428,.F.);
#9426=EDGE_CURVE('',#207,#143,#9429,.T.);
#9427=EDGE_CURVE('',#143,#149,#9430,.T.);
#9428=LINE('',#148,#9431);
#9429=LINE('',#206,#9432);
#9430=LINE('',#142,#9433);
#9431=VECTOR('',#9434,1.0);
#9432=VECTOR('',#9435,1.0);
#9433=VECTOR('',#9436,1.0);
#9434=DIRECTION('',(0,0,-1));
#9435=DIRECTION('',(0.11221061564623158,-0.2273232299729697,0.9673328935019992));
#9436=DIRECTION('',(-0.4426288163575071,0.8967049296897794,0));
#9437=STYLED_ITEM('',(#18),#9438);
#9438=FACE_SURFACE('',(#9443),#9439,.T.);
#9439=PLANE('',#9440);
#9440=AXIS2_PLACEMENT_3D('',#240,#9441,#9442);
#9441=DIRECTION('',(-0.9471445756278127,-0.3208070336803899,0));
#9442=DIRECTION('',(0,0,1));
#9443=FACE_BOUND('',#9444,.T.);
#9444=EDGE_LOOP('',(#9445,#9446,#9447));
#9445=ORIENTED_EDGE('',*,*,#9448,.T.);
#9446=ORIENTED_EDGE('',*,*,#9449,.T.);
#9447=ORIENTED_EDGE('',*,*,#9450,.T.);
#9448=EDGE_CURVE('',#241,#139,#9451,.F.);
#9449=EDGE_CURVE('',#139,#243,#9452,.T.);
#9450=EDGE_CURVE('',#243,#241,#9453,.T.);
#9451=LINE('',#240,#9454);
#9452=LINE('',#138,#9455);
#9453=LINE('',#242,#9456);
#9454=VECTOR('',#9457,1.0);
#9455=VECTOR('',#9458,1.0);
#9456=VECTOR('',#9459,1.0);
#9457=DIRECTION('',(0,0,1));
#9458=DIRECTION('',(-0.08126056349457925,0.23991213984113746,-0.967387660649747));
#9459=DIRECTION('',(0.3208070336803899,-0.9471445756278127,0));
#9460=STYLED_ITEM('',(#18),#9461);
#9461=FACE_SURFACE('',(#9466),#9462,.T.);
#9462=PLANE('',#9463);
#9463=AXIS2_PLACEMENT_3D('',#142,#9464,#9465);
#9464=DIRECTION('',(-0.9471445756278127,-0.3208070336803899,-0));
#9465=DIRECTION('',(0,0,-1));
#9466=FACE_BOUND('',#9467,.T.);
#9467=EDGE_LOOP('',(#9468,#9469,#9470));
#9468=ORIENTED_EDGE('',*,*,#9471,.T.);
#9469=ORIENTED_EDGE('',*,*,#9472,.T.);
#9470=ORIENTED_EDGE('',*,*,#9473,.T.);
#9471=EDGE_CURVE('',#143,#243,#9474,.F.);
#9472=EDGE_CURVE('',#243,#139,#9475,.T.);
#9473=EDGE_CURVE('',#139,#143,#9476,.T.);
#9474=LINE('',#142,#9477);
#9475=LINE('',#242,#9478);
#9476=LINE('',#138,#9479);
#9477=VECTOR('',#9480,1.0);
#9478=VECTOR('',#9481,1.0);
#9479=VECTOR('',#9482,1.0);
#9480=DIRECTION('',(0,0,-1));
#9481=DIRECTION('',(0.08126056349457925,-0.23991213984113746,0.967387660649747));
#9482=DIRECTION('',(-0.3208070336803899,0.9471445756278127,0));
#9483=STYLED_ITEM('',(#18),#9484);
#9484=FACE_SURFACE('',(#9489),#9485,.T.);
#9485=PLANE('',#9486);
#9486=AXIS2_PLACEMENT_3D('',#240,#9487,#9488);
#9487=DIRECTION('',(-0.9808731636385993,-0.19464798188937268,0));
#9488=DIRECTION('',(0.19464798188937268,-0.9808731636385993,0));
#9489=FACE_BOUND('',#9490,.T.);
#9490=EDGE_LOOP('',(#9491,#9492,#9493));
#9491=ORIENTED_EDGE('',*,*,#9494,.T.);
#9492=ORIENTED_EDGE('',*,*,#9495,.T.);
#9493=ORIENTED_EDGE('',*,*,#9496,.T.);
#9494=EDGE_CURVE('',#241,#217,#9497,.F.);
#9495=EDGE_CURVE('',#217,#139,#9498,.T.);
#9496=EDGE_CURVE('',#139,#241,#9499,.T.);
#9497=LINE('',#240,#9500);
#9498=LINE('',#216,#9501);
#9499=LINE('',#138,#9502);
#9500=VECTOR('',#9503,1.0);
#9501=VECTOR('',#9504,1.0);
#9502=VECTOR('',#9505,1.0);
#9503=DIRECTION('',(0.19464798188937268,-0.9808731636385993,0));
#9504=DIRECTION('',(-0.04933469311729144,0.24860815943419304,0.9673469238684567));
#9505=DIRECTION('',(0,0,-1));
#9506=STYLED_ITEM('',(#18),#9507);
#9507=FACE_SURFACE('',(#9512),#9508,.T.);
#9508=PLANE('',#9509);
#9509=AXIS2_PLACEMENT_3D('',#110,#9510,#9511);
#9510=DIRECTION('',(-0.9976303284229832,-0.06880209161537733,-0));
#9511=DIRECTION('',(0,0,-1));
#9512=FACE_BOUND('',#9513,.T.);
#9513=EDGE_LOOP('',(#9514,#9515,#9516));
#9514=ORIENTED_EDGE('',*,*,#9517,.T.);
#9515=ORIENTED_EDGE('',*,*,#9518,.T.);
#9516=ORIENTED_EDGE('',*,*,#9519,.T.);
#9517=EDGE_CURVE('',#111,#217,#9520,.F.);
#9518=EDGE_CURVE('',#217,#229,#9521,.T.);
#9519=EDGE_CURVE('',#229,#111,#9522,.T.);
#9520=LINE('',#110,#9523);
#9521=LINE('',#216,#9524);
#9522=LINE('',#228,#9525);
#9523=VECTOR('',#9526,1.0);
#9524=VECTOR('',#9527,1.0);
#9525=VECTOR('',#9528,1.0);
#9526=DIRECTION('',(0,0,-1));
#9527=DIRECTION('',(0.06880209161537733,-0.9976303284229832,0));
#9528=DIRECTION('',(-0.01741391497248876,0.25250176710109,0.967439720693831));
#9529=STYLED_ITEM('',(#18),#9530);
#9530=FACE_SURFACE('',(#9535),#9531,.T.);
#9531=PLANE('',#9532);
#9532=AXIS2_PLACEMENT_3D('',#76,#9533,#9534);
#9533=DIRECTION('',(-0.9976303284229832,0.06880209161537733,0));
#9534=DIRECTION('',(0.01741391497248876,0.25250176710109,-0.967439720693831));
#9535=FACE_BOUND('',#9536,.T.);
#9536=EDGE_LOOP('',(#9537,#9538,#9539));
#9537=ORIENTED_EDGE('',*,*,#9540,.T.);
#9538=ORIENTED_EDGE('',*,*,#9541,.T.);
#9539=ORIENTED_EDGE('',*,*,#9542,.T.);
#9540=EDGE_CURVE('',#77,#229,#9543,.F.);
#9541=EDGE_CURVE('',#229,#269,#9544,.T.);
#9542=EDGE_CURVE('',#269,#77,#9545,.T.);
#9543=LINE('',#76,#9546);
#9544=LINE('',#228,#9547);
#9545=LINE('',#268,#9548);
#9546=VECTOR('',#9549,1.0);
#9547=VECTOR('',#9550,1.0);
#9548=VECTOR('',#9551,1.0);
#9549=DIRECTION('',(0.01741391497248876,0.25250176710109,-0.967439720693831));
#9550=DIRECTION('',(-0.06880209161537733,-0.9976303284229832,0));
#9551=DIRECTION('',(0,0,1));
#9552=STYLED_ITEM('',(#18),#9553);
#9553=FACE_SURFACE('',(#9558),#9554,.T.);
#9554=PLANE('',#9555);
#9555=AXIS2_PLACEMENT_3D('',#76,#9556,#9557);
#9556=DIRECTION('',(-0.9808731636385993,0.19464798188937268,0));
#9557=DIRECTION('',(0,0,-1));
#9558=FACE_BOUND('',#9559,.T.);
#9559=EDGE_LOOP('',(#9560,#9561,#9562));
#9560=ORIENTED_EDGE('',*,*,#9563,.T.);
#9561=ORIENTED_EDGE('',*,*,#9564,.T.);
#9562=ORIENTED_EDGE('',*,*,#9565,.T.);
#9563=EDGE_CURVE('',#77,#269,#9566,.F.);
#9564=EDGE_CURVE('',#269,#267,#9567,.T.);
#9565=EDGE_CURVE('',#267,#77,#9568,.T.);
#9566=LINE('',#76,#9569);
#9567=LINE('',#268,#9570);
#9568=LINE('',#266,#9571);
#9569=VECTOR('',#9572,1.0);
#9570=VECTOR('',#9573,1.0);
#9571=VECTOR('',#9574,1.0);
#9572=DIRECTION('',(0,0,-1));
#9573=DIRECTION('',(-0.19464798188937268,-0.9808731636385993,0));
#9574=DIRECTION('',(0.04933469311729144,0.24860815943419304,0.9673469238684567));
#9575=STYLED_ITEM('',(#18),#9576);
#9576=FACE_SURFACE('',(#9581),#9577,.T.);
#9577=PLANE('',#9578);
#9578=AXIS2_PLACEMENT_3D('',#116,#9579,#9580);
#9579=DIRECTION('',(-0.9471445756278127,0.3208070336803899,0));
#9580=DIRECTION('',(0.08126056349457925,0.23991213984113746,-0.967387660649747));
#9581=FACE_BOUND('',#9582,.T.);
#9582=EDGE_LOOP('',(#9583,#9584,#9585));
#9583=ORIENTED_EDGE('',*,*,#9586,.T.);
#9584=ORIENTED_EDGE('',*,*,#9587,.T.);
#9585=ORIENTED_EDGE('',*,*,#9588,.T.);
#9586=EDGE_CURVE('',#117,#267,#9589,.F.);
#9587=EDGE_CURVE('',#267,#443,#9590,.T.);
#9588=EDGE_CURVE('',#443,#117,#9591,.T.);
#9589=LINE('',#116,#9592);
#9590=LINE('',#266,#9593);
#9591=LINE('',#442,#9594);
#9592=VECTOR('',#9595,1.0);
#9593=VECTOR('',#9596,1.0);
#9594=VECTOR('',#9597,1.0);
#9595=DIRECTION('',(0.08126056349457925,0.23991213984113746,-0.967387660649747));
#9596=DIRECTION('',(-0.3208070336803899,-0.9471445756278127,0));
#9597=DIRECTION('',(0,0,1));
#9598=STYLED_ITEM('',(#18),#9599);
#9599=FACE_SURFACE('',(#9604),#9600,.T.);
#9600=PLANE('',#9601);
#9601=AXIS2_PLACEMENT_3D('',#118,#9602,#9603);
#9602=DIRECTION('',(-0.8967049296897797,0.44262881635750634,0));
#9603=DIRECTION('',(0.44262881635750634,0.8967049296897797,0));
#9604=FACE_BOUND('',#9605,.T.);
#9605=EDGE_LOOP('',(#9606,#9607,#9608));
#9606=ORIENTED_EDGE('',*,*,#9609,.T.);
#9607=ORIENTED_EDGE('',*,*,#9610,.T.);
#9608=ORIENTED_EDGE('',*,*,#9611,.T.);
#9609=EDGE_CURVE('',#119,#117,#9612,.F.);
#9610=EDGE_CURVE('',#117,#275,#9613,.T.);
#9611=EDGE_CURVE('',#275,#119,#9614,.T.);
#9612=LINE('',#118,#9615);
#9613=LINE('',#116,#9616);
#9614=LINE('',#274,#9617);
#9615=VECTOR('',#9618,1.0);
#9616=VECTOR('',#9619,1.0);
#9617=VECTOR('',#9620,1.0);
#9618=DIRECTION('',(0.44262881635750634,0.8967049296897797,0));
#9619=DIRECTION('',(-0.11221061564623155,-0.22732322997297008,-0.967332893501999));
#9620=DIRECTION('',(0,0,1));
#9621=STYLED_ITEM('',(#18),#9622);
#9622=FACE_SURFACE('',(#9627),#9623,.T.);
#9623=PLANE('',#9624);
#9624=AXIS2_PLACEMENT_3D('',#442,#9625,#9626);
#9625=DIRECTION('',(-0.8967049296897797,0.44262881635750634,0));
#9626=DIRECTION('',(-0.44262881635750634,-0.8967049296897797,0));
#9627=FACE_BOUND('',#9628,.T.);
#9628=EDGE_LOOP('',(#9629,#9630,#9631));
#9629=ORIENTED_EDGE('',*,*,#9632,.T.);
#9630=ORIENTED_EDGE('',*,*,#9633,.T.);
#9631=ORIENTED_EDGE('',*,*,#9634,.T.);
#9632=EDGE_CURVE('',#443,#275,#9635,.F.);
#9633=EDGE_CURVE('',#275,#117,#9636,.T.);
#9634=EDGE_CURVE('',#117,#443,#9637,.T.);
#9635=LINE('',#442,#9638);
#9636=LINE('',#274,#9639);
#9637=LINE('',#116,#9640);
#9638=VECTOR('',#9641,1.0);
#9639=VECTOR('',#9642,1.0);
#9640=VECTOR('',#9643,1.0);
#9641=DIRECTION('',(-0.44262881635750634,-0.8967049296897797,0));
#9642=DIRECTION('',(0.11221061564623155,0.22732322997297008,0.967332893501999));
#9643=DIRECTION('',(0,0,-1));
#9644=STYLED_ITEM('',(#18),#9645);
#9645=FACE_SURFACE('',(#9650),#9646,.T.);
#9646=PLANE('',#9647);
#9647=AXIS2_PLACEMENT_3D('',#118,#9648,#9649);
#9648=DIRECTION('',(-0.8326374333005132,0.5538184762778627,0));
#9649=DIRECTION('',(0,0,-1));
#9650=FACE_BOUND('',#9651,.T.);
#9651=EDGE_LOOP('',(#9652,#9653,#9654));
#9652=ORIENTED_EDGE('',*,*,#9655,.T.);
#9653=ORIENTED_EDGE('',*,*,#9656,.T.);
#9654=ORIENTED_EDGE('',*,*,#9657,.T.);
#9655=EDGE_CURVE('',#119,#275,#9658,.F.);
#9656=EDGE_CURVE('',#275,#159,#9659,.T.);
#9657=EDGE_CURVE('',#159,#119,#9660,.T.);
#9658=LINE('',#118,#9661);
#9659=LINE('',#274,#9662);
#9660=LINE('',#158,#9663);
#9661=VECTOR('',#9664,1.0);
#9662=VECTOR('',#9665,1.0);
#9663=VECTOR('',#9666,1.0);
#9664=DIRECTION('',(0,0,-1));
#9665=DIRECTION('',(-0.14027193279168226,-0.21089159550749528,0.967392639942639));
#9666=DIRECTION('',(0.5538184762778627,0.8326374333005132,0));
#9667=STYLED_ITEM('',(#18),#9668);
#9668=FACE_SURFACE('',(#9673),#9669,.T.);
#9669=PLANE('',#9670);
#9670=AXIS2_PLACEMENT_3D('',#292,#9671,#9672);
#9671=DIRECTION('',(0.19464798188937268,0.9808731636385993,-0));
#9672=DIRECTION('',(-0.9808731636385993,0.19464798188937268,0));
#9673=FACE_BOUND('',#9674,.T.);
#9674=EDGE_LOOP('',(#9675,#9676,#9677));
#9675=ORIENTED_EDGE('',*,*,#9678,.T.);
#9676=ORIENTED_EDGE('',*,*,#9679,.T.);
#9677=ORIENTED_EDGE('',*,*,#9680,.T.);
#9678=EDGE_CURVE('',#293,#291,#9681,.F.);
#9679=EDGE_CURVE('',#291,#171,#9682,.T.);
#9680=EDGE_CURVE('',#171,#293,#9683,.T.);
#9681=LINE('',#292,#9684);
#9682=LINE('',#290,#9685);
#9683=LINE('',#170,#9686);
#9684=VECTOR('',#9687,1.0);
#9685=VECTOR('',#9688,1.0);
#9686=VECTOR('',#9689,1.0);
#9687=DIRECTION('',(-0.9808731636385993,0.19464798188937268,0));
#9688=DIRECTION('',(0.24860815943419304,-0.04933469311729144,0.9673469238684567));
#9689=DIRECTION('',(0,0,-1));
#9690=STYLED_ITEM('',(#18),#9691);
#9691=FACE_SURFACE('',(#9696),#9692,.T.);
#9692=PLANE('',#9693);
#9693=AXIS2_PLACEMENT_3D('',#290,#9694,#9695);
#9694=DIRECTION('',(0.3208070336803899,0.9471445756278127,-0));
#9695=DIRECTION('',(-0.9471445756278127,0.3208070336803899,0));
#9696=FACE_BOUND('',#9697,.T.);
#9697=EDGE_LOOP('',(#9698,#9699,#9700));
#9698=ORIENTED_EDGE('',*,*,#9701,.T.);
#9699=ORIENTED_EDGE('',*,*,#9702,.T.);
#9700=ORIENTED_EDGE('',*,*,#9703,.T.);
#9701=EDGE_CURVE('',#291,#297,#9704,.F.);
#9702=EDGE_CURVE('',#297,#175,#9705,.T.);
#9703=EDGE_CURVE('',#175,#291,#9706,.T.);
#9704=LINE('',#290,#9707);
#9705=LINE('',#296,#9708);
#9706=LINE('',#174,#9709);
#9707=VECTOR('',#9710,1.0);
#9708=VECTOR('',#9711,1.0);
#9709=VECTOR('',#9712,1.0);
#9710=DIRECTION('',(-0.9471445756278127,0.3208070336803899,0));
#9711=DIRECTION('',(0.23991213984113746,-0.08126056349457925,0.967387660649747));
#9712=DIRECTION('',(0,0,-1));
#9713=STYLED_ITEM('',(#18),#9714);
#9714=FACE_SURFACE('',(#9719),#9715,.T.);
#9715=PLANE('',#9716);
#9716=AXIS2_PLACEMENT_3D('',#416,#9717,#9718);
#9717=DIRECTION('',(0.5538184762778623,0.8326374333005133,-0));
#9718=DIRECTION('',(0,0,1));
#9719=FACE_BOUND('',#9720,.T.);
#9720=EDGE_LOOP('',(#9721,#9722,#9723));
#9721=ORIENTED_EDGE('',*,*,#9724,.T.);
#9722=ORIENTED_EDGE('',*,*,#9725,.T.);
#9723=ORIENTED_EDGE('',*,*,#9726,.T.);
#9724=EDGE_CURVE('',#417,#351,#9727,.F.);
#9725=EDGE_CURVE('',#351,#353,#9728,.T.);
#9726=EDGE_CURVE('',#353,#417,#9729,.T.);
#9727=LINE('',#416,#9730);
#9728=LINE('',#350,#9731);
#9729=LINE('',#352,#9732);
#9730=VECTOR('',#9733,1.0);
#9731=VECTOR('',#9734,1.0);
#9732=VECTOR('',#9735,1.0);
#9733=DIRECTION('',(0,0,1));
#9734=DIRECTION('',(0.8326374333005133,-0.5538184762778623,0));
#9735=DIRECTION('',(-0.2108915955074955,0.14027193279168226,-0.967392639942639));
#9736=STYLED_ITEM('',(#18),#9737);
#9737=FACE_SURFACE('',(#9742),#9738,.T.);
#9738=PLANE('',#9739);
#9739=AXIS2_PLACEMENT_3D('',#350,#9740,#9741);
#9740=DIRECTION('',(0.6598537015031981,0.7513940993995948,0));
#9741=DIRECTION('',(0,0,-1));
#9742=FACE_BOUND('',#9743,.T.);
#9743=EDGE_LOOP('',(#9744,#9745,#9746));
#9744=ORIENTED_EDGE('',*,*,#9747,.T.);
#9745=ORIENTED_EDGE('',*,*,#9748,.T.);
#9746=ORIENTED_EDGE('',*,*,#9749,.T.);
#9747=EDGE_CURVE('',#351,#417,#9750,.F.);
#9748=EDGE_CURVE('',#417,#359,#9751,.T.);
#9749=EDGE_CURVE('',#359,#351,#9752,.T.);
#9750=LINE('',#350,#9753);
#9751=LINE('',#416,#9754);
#9752=LINE('',#358,#9755);
#9753=VECTOR('',#9756,1.0);
#9754=VECTOR('',#9757,1.0);
#9755=VECTOR('',#9758,1.0);
#9756=DIRECTION('',(0,0,-1));
#9757=DIRECTION('',(-0.1905594981729416,0.16734412783715194,0.9673070973245774));
#9758=DIRECTION('',(0.7513940993995948,-0.6598537015031981,0));
#9759=STYLED_ITEM('',(#18),#9760);
#9760=FACE_SURFACE('',(#9765),#9761,.T.);
#9761=PLANE('',#9762);
#9762=AXIS2_PLACEMENT_3D('',#426,#9763,#9764);
#9763=DIRECTION('',(0.7513940993995951,0.6598537015031978,-0));
#9764=DIRECTION('',(-0.6598537015031978,0.7513940993995951,0));
#9765=FACE_BOUND('',#9766,.T.);
#9766=EDGE_LOOP('',(#9767,#9768,#9769));
#9767=ORIENTED_EDGE('',*,*,#9770,.T.);
#9768=ORIENTED_EDGE('',*,*,#9771,.T.);
#9769=ORIENTED_EDGE('',*,*,#9772,.T.);
#9770=EDGE_CURVE('',#427,#423,#9773,.F.);
#9771=EDGE_CURVE('',#423,#359,#9774,.T.);
#9772=EDGE_CURVE('',#359,#427,#9775,.T.);
#9773=LINE('',#426,#9776);
#9774=LINE('',#422,#9777);
#9775=LINE('',#358,#9778);
#9776=VECTOR('',#9779,1.0);
#9777=VECTOR('',#9780,1.0);
#9778=VECTOR('',#9781,1.0);
#9779=DIRECTION('',(-0.6598537015031978,0.7513940993995951,0));
#9780=DIRECTION('',(0.16734412783715194,-0.19055949817294182,0.9673070973245774));
#9781=DIRECTION('',(0,0,-1));
#9782=STYLED_ITEM('',(#18),#9783);
#9783=FACE_SURFACE('',(#9788),#9784,.T.);
#9784=PLANE('',#9785);
#9785=AXIS2_PLACEMENT_3D('',#360,#9786,#9787);
#9786=DIRECTION('',(0.7513940993995951,0.6598537015031978,0));
#9787=DIRECTION('',(0.6598537015031978,-0.7513940993995951,0));
#9788=FACE_BOUND('',#9789,.T.);
#9789=EDGE_LOOP('',(#9790,#9791,#9792));
#9790=ORIENTED_EDGE('',*,*,#9793,.T.);
#9791=ORIENTED_EDGE('',*,*,#9794,.T.);
#9792=ORIENTED_EDGE('',*,*,#9795,.T.);
#9793=EDGE_CURVE('',#361,#359,#9796,.F.);
#9794=EDGE_CURVE('',#359,#423,#9797,.T.);
#9795=EDGE_CURVE('',#423,#361,#9798,.T.);
#9796=LINE('',#360,#9799);
#9797=LINE('',#358,#9800);
#9798=LINE('',#422,#9801);
#9799=VECTOR('',#9802,1.0);
#9800=VECTOR('',#9803,1.0);
#9801=VECTOR('',#9804,1.0);
#9802=DIRECTION('',(0.6598537015031978,-0.7513940993995951,0));
#9803=DIRECTION('',(-0.16734412783715194,0.19055949817294182,-0.9673070973245774));
#9804=DIRECTION('',(0,0,1));
#9805=STYLED_ITEM('',(#18),#9806);
#9806=FACE_SURFACE('',(#9811),#9807,.T.);
#9807=PLANE('',#9808);
#9808=AXIS2_PLACEMENT_3D('',#422,#9809,#9810);
#9809=DIRECTION('',(0.8326374333005123,0.5538184762778638,-0));
#9810=DIRECTION('',(-0.14027193279168268,0.21089159550749528,0.967392639942639));
#9811=FACE_BOUND('',#9812,.T.);
#9812=EDGE_LOOP('',(#9813,#9814,#9815));
#9813=ORIENTED_EDGE('',*,*,#9816,.T.);
#9814=ORIENTED_EDGE('',*,*,#9817,.T.);
#9815=ORIENTED_EDGE('',*,*,#9818,.T.);
#9816=EDGE_CURVE('',#423,#363,#9819,.F.);
#9817=EDGE_CURVE('',#363,#361,#9820,.T.);
#9818=EDGE_CURVE('',#361,#423,#9821,.T.);
#9819=LINE('',#422,#9822);
#9820=LINE('',#362,#9823);
#9821=LINE('',#360,#9824);
#9822=VECTOR('',#9825,1.0);
#9823=VECTOR('',#9826,1.0);
#9824=VECTOR('',#9827,1.0);
#9825=DIRECTION('',(-0.14027193279168268,0.21089159550749528,0.967392639942639));
#9826=DIRECTION('',(0.5538184762778638,-0.8326374333005123,0));
#9827=DIRECTION('',(0,0,-1));
#9828=SHAPE_DEFINITION_REPRESENTATION(#9829,#9830);
#9829=PRODUCT_DEFINITION_SHAPE('productshape1','',#9833);
#9830=MANIFOLD_SURFACE_SHAPE_REPRESENTATION('',(#9831,#9),#3);
#9831=SHELL_BASED_SURFACE_MODEL('shell1',(#9835));
#9832=PRODUCT('product1','','',(#13));
#9833=PRODUCT_DEFINITION('mesh1','',#9834,#2);
#9834=PRODUCT_DEFINITION_FORMATION_WITH_SPECIFIED_SOURCE('prodsource1','',#9832,.NOT_KNOWN.);
#9835=CLOSED_SHELL('',(#10421,#10444,#10467,#10490,#10513,#10536,#10559,#10582,#10605,#10628,#10651,#10674,#10697,#10720,#10743,#10766,#10789,#10812,#10835,#10858,#10881,#10904,#10927,#10950,#10973,#10996,#11019,#11042,#11065,#11088,#11111,#11134,#11157,#11180,#11203,#11226,#11249,#11272,#11295,#11318,#11341,#11364,#11387,#11410,#11433,#11456,#11479,#11502,#11525,#11548,#11571,#11594,#11617,#11640,#11663,#11686,#11709,#11732,#11755,#11778,#11801,#11824,#11847,#11870,#11893,#11916,#11939,#11962,#11985,#12008,#12031,#12054,#12077,#12100,#12123,#12146,#12169,#12192,#12215,#12238,#12261,#12284,#12307,#12330,#12353,#12376,#12399,#12422,#12445,#12468,#12491,#12514,#12537,#12560,#12583,#12606,#12629,#12652,#12675,#12698,#12721,#12744,#12767,#12790,#12813,#12836,#12859,#12882,#12905,#12928,#12951,#12974,#12997,#13020,#13043,#13066,#13089,#13112,#13135,#13158,#13181,#13204,#13227,#13250,#13273,#13296,#13319,#13342,#13365,#13388,#13411,#13434,#13457,#13480,#13503,#13526,#13549,#13572,#13595,#13618,#13641,#13664,#13687,#13710,#13733,#13756,#13779,#13802,#13825,#13848,#13871,#13894,#13917,#13940,#13963,#13986,#14009,#14032,#14055,#14078,#14101,#14124,#14147,#14170,#14193,#14216,#14239,#14262,#14285,#14308,#14331,#14354,#14377,#14400,#14423,#14446,#14469,#14492,#14515,#14538,#14561,#14584,#14607,#14630,#14653,#14676,#14699,#14722,#14745,#14768,#14791,#14814,#14837,#14860,#14883,#14906,#14929,#14952,#14975,#14998,#15021,#15044,#15067,#15090,#15113,#15136,#15159,#15182,#15205,#15228,#15251,#15274,#15297,#15320,#15343,#15366,#15389,#15412,#15435,#15458,#15481,#15504,#15527,#15550,#15573,#15596,#15619,#15642,#15665,#15688,#15711,#15734,#15757,#15780,#15803,#15826,#15849,#15872,#15895,#15918,#15941,#15964,#15987,#16010,#16033,#16056,#16079,#16102,#16125,#16148,#16171,#16194,#16217,#16240,#16263,#16286,#16309,#16332,#16355,#16378,#16401,#16424,#16447,#16470,#16493,#16516,#16539,#16562,#16585,#16608,#16631,#16654,#16677,#16700,#16723,#16746,#16769,#16792,#16815,#16838,#16861,#16884,#16907,#16930,#16953,#16976,#16999,#17022,#17045,#17068,#17091,#17114,#17137,#17160,#17183,#17206,#17229,#17252,#17275,#17298,#17321,#17344,#17367,#17390,#17413,#17436,#17459,#17482,#17505,#17528,#17551,#17574,#17597,#17620,#17643,#17666,#17689,#17712,#17735,#17758,#17781,#17804,#17827,#17850,#17873,#17896,#17919,#17942,#17965,#17988,#18011,#18034,#18057,#18080,#18103,#18126,#18149,#18172,#18195,#18218,#18241,#18264,#18287,#18310,#18333,#18356,#18379,#18402,#18425,#18448,#18471,#18494,#18517,#18540,#18563,#18586,#18609,#18632,#18655,#18678,#18701,#18724,#18747,#18770,#18793,#18816,#18839,#18862,#18885,#18908,#18931,#18954,#18977,#19000,#19023,#19046,#19069,#19092,#19115,#19138,#19161,#19184,#19207,#19230,#19253,#19276,#19299,#19322,#19345,#19368,#19391,#19414,#19437,#19460,#19483,#19506,#19529,#19552,#19575,#19598,#19621,#19644,#19667,#19690,#19713,#19736,#19759,#19782,#19805,#19828,#19851,#19874,#19897,#19920,#19943,#19966,#19989,#20012,#20035,#20058,#20081,#20104,#20127,#20150,#20173,#20196,#20219,#20242,#20265,#20288,#20311,#20334,#20357,#20380,#20403,#20426,#20449,#20472,#20495,#20518,#20541,#20564,#20587,#20610,#20633,#20656,#20679,#20702,#20725,#20748,#20771,#20794,#20817,#20840,#20863,#20886,#20909,#20932,#20955,#20978,#21001,#21024,#21047,#21070,#21093,#21116,#21139,#21162,#21185,#21208,#21231,#21254,#21277,#21300,#21323,#21346,#21369,#21392,#21415,#21438,#21461,#21484,#21507,#21530,#21553,#21576,#21599,#21622,#21645,#21668,#21691,#21714,#21737,#21760,#21783,#21806,#21829,#21852,#21875,#21898,#21921,#21944,#21967,#21990,#22013,#22036,#22059,#22082,#22105,#22128,#22151,#22174,#22197,#22220,#22243,#22266,#22289,#22312,#22335,#22358,#22381,#22404,#22427,#22450,#22473,#22496,#22519,#22542,#22565,#22588,#22611,#22634,#22657,#22680,#22703,#22726,#22749,#22772,#22795,#22818,#22841,#22864,#22887,#22910,#22933,#22956,#22979,#23002,#23025,#23048,#23071,#23094,#23117,#23140,#23163,#23186,#23209,#23232,#23255,#23278,#23301,#23324,#23347,#23370,#23393,#23416,#23439,#23462,#23485,#23508,#23531,#23554,#23577,#23600,#23623,#23646,#23669,#23692,#23715,#23738));
#9836=CARTESIAN_POINT('',(15.494,-14,8.54));
#9837=VERTEX_POINT('',#9836);
#9838=CARTESIAN_POINT('',(16.19,-13.05,8.54));
#9839=VERTEX_POINT('',#9838);
#9840=CARTESIAN_POINT('',(15.24,-13.746,8.54));
#9841=VERTEX_POINT('',#9840);
#9842=CARTESIAN_POINT('',(16.67,-12.57,0));
#9843=VERTEX_POINT('',#9842);
#9844=CARTESIAN_POINT('',(16.83,-12.41,0.16));
#9845=VERTEX_POINT('',#9844);
#9846=CARTESIAN_POINT('',(16.83,-13.05,0.16));
#9847=VERTEX_POINT('',#9846);
#9848=CARTESIAN_POINT('',(16.67,-12.89,0));
#9849=VERTEX_POINT('',#9848);
#9850=CARTESIAN_POINT('',(14.986,-14,8.54));
#9851=VERTEX_POINT('',#9850);
#9852=CARTESIAN_POINT('',(15.24,-13.746,6));
#9853=VERTEX_POINT('',#9852);
#9854=CARTESIAN_POINT('',(16.19,-13.05,0.16));
#9855=VERTEX_POINT('',#9854);
#9856=CARTESIAN_POINT('',(16.35,-12.89,0));
#9857=VERTEX_POINT('',#9856);
#9858=CARTESIAN_POINT('',(15.494,-14,6));
#9859=VERTEX_POINT('',#9858);
#9860=CARTESIAN_POINT('',(15.494,-11.46,8.54));
#9861=VERTEX_POINT('',#9860);
#9862=CARTESIAN_POINT('',(15.494,-11.46,6));
#9863=VERTEX_POINT('',#9862);
#9864=CARTESIAN_POINT('',(15.24,-11.714,6));
#9865=VERTEX_POINT('',#9864);
#9866=CARTESIAN_POINT('',(2.794,-11.46,6));
#9867=VERTEX_POINT('',#9866);
#9868=CARTESIAN_POINT('',(4.826,-11.46,6));
#9869=VERTEX_POINT('',#9868);
#9870=CARTESIAN_POINT('',(4.13,-12.41,6));
#9871=VERTEX_POINT('',#9870);
#9872=CARTESIAN_POINT('',(5.08,-13.746,6));
#9873=VERTEX_POINT('',#9872);
#9874=CARTESIAN_POINT('',(4.826,-14,6));
#9875=VERTEX_POINT('',#9874);
#9876=CARTESIAN_POINT('',(4.13,-13.05,6));
#9877=VERTEX_POINT('',#9876);
#9878=CARTESIAN_POINT('',(15.24,-11.714,8.54));
#9879=VERTEX_POINT('',#9878);
#9880=CARTESIAN_POINT('',(6.03,-13.05,6));
#9881=VERTEX_POINT('',#9880);
#9882=CARTESIAN_POINT('',(5.334,-14,6));
#9883=VERTEX_POINT('',#9882);
#9884=CARTESIAN_POINT('',(16.19,-12.41,0.16));
#9885=VERTEX_POINT('',#9884);
#9886=CARTESIAN_POINT('',(16.19,-12.41,6));
#9887=VERTEX_POINT('',#9886);
#9888=CARTESIAN_POINT('',(16.19,-13.05,11.38));
#9889=VERTEX_POINT('',#9888);
#9890=CARTESIAN_POINT('',(16.19,-12.41,11.38));
#9891=VERTEX_POINT('',#9890);
#9892=CARTESIAN_POINT('',(12.954,-14,6));
#9893=VERTEX_POINT('',#9892);
#9894=CARTESIAN_POINT('',(14.29,-13.05,6));
#9895=VERTEX_POINT('',#9894);
#9896=CARTESIAN_POINT('',(14.986,-14,6));
#9897=VERTEX_POINT('',#9896);
#9898=CARTESIAN_POINT('',(16.35,-12.57,0));
#9899=VERTEX_POINT('',#9898);
#9900=CARTESIAN_POINT('',(16.19,-13.05,6));
#9901=VERTEX_POINT('',#9900);
#9902=CARTESIAN_POINT('',(6.67,-13.05,0.16));
#9903=VERTEX_POINT('',#9902);
#9904=CARTESIAN_POINT('',(6.51,-12.89,0));
#9905=VERTEX_POINT('',#9904);
#9906=CARTESIAN_POINT('',(6.51,-12.57,0));
#9907=VERTEX_POINT('',#9906);
#9908=CARTESIAN_POINT('',(6.67,-12.41,0.16));
#9909=VERTEX_POINT('',#9908);
#9910=CARTESIAN_POINT('',(16.83,-13.05,11.38));
#9911=VERTEX_POINT('',#9910);
#9912=CARTESIAN_POINT('',(6.19,-12.89,0));
#9913=VERTEX_POINT('',#9912);
#9914=CARTESIAN_POINT('',(3.49,-13.05,6));
#9915=VERTEX_POINT('',#9914);
#9916=CARTESIAN_POINT('',(20.066,-14,6));
#9917=VERTEX_POINT('',#9916);
#9918=CARTESIAN_POINT('',(18.034,-14,8.54));
#9919=VERTEX_POINT('',#9918);
#9920=CARTESIAN_POINT('',(18.034,-14,6));
#9921=VERTEX_POINT('',#9920);
#9922=CARTESIAN_POINT('',(14.29,-12.41,11.38));
#9923=VERTEX_POINT('',#9922);
#9924=CARTESIAN_POINT('',(14.29,-13.05,11.38));
#9925=VERTEX_POINT('',#9924);
#9926=CARTESIAN_POINT('',(14.29,-13.05,8.54));
#9927=VERTEX_POINT('',#9926);
#9928=CARTESIAN_POINT('',(14.29,-12.41,8.54));
#9929=VERTEX_POINT('',#9928);
#9930=CARTESIAN_POINT('',(6.19,-12.57,0));
#9931=VERTEX_POINT('',#9930);
#9932=CARTESIAN_POINT('',(10.414,-11.46,6));
#9933=VERTEX_POINT('',#9932);
#9934=CARTESIAN_POINT('',(12.446,-11.46,8.54));
#9935=VERTEX_POINT('',#9934);
#9936=CARTESIAN_POINT('',(12.446,-11.46,6));
#9937=VERTEX_POINT('',#9936);
#9938=CARTESIAN_POINT('',(14.29,-12.41,6));
#9939=VERTEX_POINT('',#9938);
#9940=CARTESIAN_POINT('',(14.986,-11.46,8.54));
#9941=VERTEX_POINT('',#9940);
#9942=CARTESIAN_POINT('',(14.986,-11.46,6));
#9943=VERTEX_POINT('',#9942);
#9944=CARTESIAN_POINT('',(12.954,-11.46,8.54));
#9945=VERTEX_POINT('',#9944);
#9946=CARTESIAN_POINT('',(2.54,-13.746,6));
#9947=VERTEX_POINT('',#9946);
#9948=CARTESIAN_POINT('',(2.794,-14,6));
#9949=VERTEX_POINT('',#9948);
#9950=CARTESIAN_POINT('',(6.03,-13.05,0.16));
#9951=VERTEX_POINT('',#9950);
#9952=CARTESIAN_POINT('',(6.03,-12.41,0.16));
#9953=VERTEX_POINT('',#9952);
#9954=CARTESIAN_POINT('',(3.49,-12.41,11.38));
#9955=VERTEX_POINT('',#9954);
#9956=CARTESIAN_POINT('',(4.13,-12.41,11.38));
#9957=VERTEX_POINT('',#9956);
#9958=CARTESIAN_POINT('',(4.13,-12.41,8.54));
#9959=VERTEX_POINT('',#9958);
#9960=CARTESIAN_POINT('',(4.13,-13.05,8.54));
#9961=VERTEX_POINT('',#9960);
#9962=CARTESIAN_POINT('',(4.826,-14,8.54));
#9963=VERTEX_POINT('',#9962);
#9964=CARTESIAN_POINT('',(5.08,-13.746,8.54));
#9965=VERTEX_POINT('',#9964);
#9966=CARTESIAN_POINT('',(16.83,-12.41,11.38));
#9967=VERTEX_POINT('',#9966);
#9968=CARTESIAN_POINT('',(16.67,-12.57,11.54));
#9969=VERTEX_POINT('',#9968);
#9970=CARTESIAN_POINT('',(16.67,-12.89,11.54));
#9971=VERTEX_POINT('',#9970);
#9972=CARTESIAN_POINT('',(4.13,-13.05,0.16));
#9973=VERTEX_POINT('',#9972);
#9974=CARTESIAN_POINT('',(3.49,-13.05,0.16));
#9975=VERTEX_POINT('',#9974);
#9976=CARTESIAN_POINT('',(5.334,-14,8.54));
#9977=VERTEX_POINT('',#9976);
#9978=CARTESIAN_POINT('',(6.03,-13.05,8.54));
#9979=VERTEX_POINT('',#9978);
#9980=CARTESIAN_POINT('',(16.35,-12.89,11.54));
#9981=VERTEX_POINT('',#9980);
#9982=CARTESIAN_POINT('',(10.414,-11.46,8.54));
#9983=VERTEX_POINT('',#9982);
#9984=CARTESIAN_POINT('',(2.286,-14,6));
#9985=VERTEX_POINT('',#9984);
#9986=CARTESIAN_POINT('',(1.59,-13.05,6));
#9987=VERTEX_POINT('',#9986);
#9988=CARTESIAN_POINT('',(3.49,-12.41,6));
#9989=VERTEX_POINT('',#9988);
#9990=CARTESIAN_POINT('',(2.54,-11.714,6));
#9991=VERTEX_POINT('',#9990);
#9992=CARTESIAN_POINT('',(3.49,-12.41,0.16));
#9993=VERTEX_POINT('',#9992);
#9994=CARTESIAN_POINT('',(17.526,-14,6));
#9995=VERTEX_POINT('',#9994);
#9996=CARTESIAN_POINT('',(17.526,-14,8.54));
#9997=VERTEX_POINT('',#9996);
#9998=CARTESIAN_POINT('',(11.75,-12.41,0.16));
#9999=VERTEX_POINT('',#9998);
#10000=CARTESIAN_POINT('',(11.75,-12.41,6));
#10001=VERTEX_POINT('',#10000);
#10002=CARTESIAN_POINT('',(11.75,-13.05,6));
#10003=VERTEX_POINT('',#10002);
#10004=CARTESIAN_POINT('',(2.794,-11.46,8.54));
#10005=VERTEX_POINT('',#10004);
#10006=CARTESIAN_POINT('',(3.97,-12.57,0));
#10007=VERTEX_POINT('',#10006);
#10008=CARTESIAN_POINT('',(4.13,-12.41,0.16));
#10009=VERTEX_POINT('',#10008);
#10010=CARTESIAN_POINT('',(3.97,-12.89,0));
#10011=VERTEX_POINT('',#10010);
#10012=CARTESIAN_POINT('',(16.35,-12.57,11.54));
#10013=VERTEX_POINT('',#10012);
#10014=CARTESIAN_POINT('',(20.066,-14,8.54));
#10015=VERTEX_POINT('',#10014);
#10016=CARTESIAN_POINT('',(3.65,-12.89,0));
#10017=VERTEX_POINT('',#10016);
#10018=CARTESIAN_POINT('',(3.65,-12.57,0));
#10019=VERTEX_POINT('',#10018);
#10020=CARTESIAN_POINT('',(8.57,-12.41,8.54));
#10021=VERTEX_POINT('',#10020);
#10022=CARTESIAN_POINT('',(9.21,-12.41,8.54));
#10023=VERTEX_POINT('',#10022);
#10024=CARTESIAN_POINT('',(9.906,-11.46,8.54));
#10025=VERTEX_POINT('',#10024);
#10026=CARTESIAN_POINT('',(10.16,-11.714,8.54));
#10027=VERTEX_POINT('',#10026);
#10028=CARTESIAN_POINT('',(12.954,-14,8.54));
#10029=VERTEX_POINT('',#10028);
#10030=CARTESIAN_POINT('',(12.7,-11.714,8.54));
#10031=VERTEX_POINT('',#10030);
#10032=CARTESIAN_POINT('',(13.65,-12.41,8.54));
#10033=VERTEX_POINT('',#10032);
#10034=CARTESIAN_POINT('',(11.75,-12.41,8.54));
#10035=VERTEX_POINT('',#10034);
#10036=CARTESIAN_POINT('',(12.7,-13.746,8.54));
#10037=VERTEX_POINT('',#10036);
#10038=CARTESIAN_POINT('',(13.65,-13.05,8.54));
#10039=VERTEX_POINT('',#10038);
#10040=CARTESIAN_POINT('',(9.906,-11.46,6));
#10041=VERTEX_POINT('',#10040);
#10042=CARTESIAN_POINT('',(12.7,-13.746,6));
#10043=VERTEX_POINT('',#10042);
#10044=CARTESIAN_POINT('',(12.7,-11.714,6));
#10045=VERTEX_POINT('',#10044);
#10046=CARTESIAN_POINT('',(13.65,-12.41,6));
#10047=VERTEX_POINT('',#10046);
#10048=CARTESIAN_POINT('',(13.65,-13.05,6));
#10049=VERTEX_POINT('',#10048);
#10050=CARTESIAN_POINT('',(12.954,-11.46,6));
#10051=VERTEX_POINT('',#10050);
#10052=CARTESIAN_POINT('',(10.414,-14,6));
#10053=VERTEX_POINT('',#10052);
#10054=CARTESIAN_POINT('',(12.446,-14,6));
#10055=VERTEX_POINT('',#10054);
#10056=CARTESIAN_POINT('',(10.414,-14,8.54));
#10057=VERTEX_POINT('',#10056);
#10058=CARTESIAN_POINT('',(12.446,-14,8.54));
#10059=VERTEX_POINT('',#10058);
#10060=CARTESIAN_POINT('',(4.826,-11.46,8.54));
#10061=VERTEX_POINT('',#10060);
#10062=CARTESIAN_POINT('',(6.03,-12.41,8.54));
#10063=VERTEX_POINT('',#10062);
#10064=CARTESIAN_POINT('',(10.16,-13.746,8.54));
#10065=VERTEX_POINT('',#10064);
#10066=CARTESIAN_POINT('',(11.11,-13.05,8.54));
#10067=VERTEX_POINT('',#10066);
#10068=CARTESIAN_POINT('',(9.21,-13.05,8.54));
#10069=VERTEX_POINT('',#10068);
#10070=CARTESIAN_POINT('',(9.906,-14,8.54));
#10071=VERTEX_POINT('',#10070);
#10072=CARTESIAN_POINT('',(9.906,-14,6));
#10073=VERTEX_POINT('',#10072);
#10074=CARTESIAN_POINT('',(9.21,-13.05,11.38));
#10075=VERTEX_POINT('',#10074);
#10076=CARTESIAN_POINT('',(13.65,-13.05,11.38));
#10077=VERTEX_POINT('',#10076);
#10078=CARTESIAN_POINT('',(3.49,-13.05,8.54));
#10079=VERTEX_POINT('',#10078);
#10080=CARTESIAN_POINT('',(8.57,-13.05,8.54));
#10081=VERTEX_POINT('',#10080);
#10082=CARTESIAN_POINT('',(13.65,-13.05,0.16));
#10083=VERTEX_POINT('',#10082);
#10084=CARTESIAN_POINT('',(13.65,-12.41,0.16));
#10085=VERTEX_POINT('',#10084);
#10086=CARTESIAN_POINT('',(8.57,-13.05,11.38));
#10087=VERTEX_POINT('',#10086);
#10088=CARTESIAN_POINT('',(13.81,-12.57,0));
#10089=VERTEX_POINT('',#10088);
#10090=CARTESIAN_POINT('',(13.81,-12.89,0));
#10091=VERTEX_POINT('',#10090);
#10092=CARTESIAN_POINT('',(6.67,-13.05,8.54));
#10093=VERTEX_POINT('',#10092);
#10094=CARTESIAN_POINT('',(7.874,-11.46,8.54));
#10095=VERTEX_POINT('',#10094);
#10096=CARTESIAN_POINT('',(14.13,-12.57,0));
#10097=VERTEX_POINT('',#10096);
#10098=CARTESIAN_POINT('',(7.874,-11.46,6));
#10099=VERTEX_POINT('',#10098);
#10100=CARTESIAN_POINT('',(2.794,-14,8.54));
#10101=VERTEX_POINT('',#10100);
#10102=CARTESIAN_POINT('',(2.54,-13.746,8.54));
#10103=VERTEX_POINT('',#10102);
#10104=CARTESIAN_POINT('',(7.366,-14,8.54));
#10105=VERTEX_POINT('',#10104);
#10106=CARTESIAN_POINT('',(7.62,-13.746,8.54));
#10107=VERTEX_POINT('',#10106);
#10108=CARTESIAN_POINT('',(14.13,-12.89,0));
#10109=VERTEX_POINT('',#10108);
#10110=CARTESIAN_POINT('',(2.286,-14,8.54));
#10111=VERTEX_POINT('',#10110);
#10112=CARTESIAN_POINT('',(6.67,-12.41,8.54));
#10113=VERTEX_POINT('',#10112);
#10114=CARTESIAN_POINT('',(7.62,-11.714,8.54));
#10115=VERTEX_POINT('',#10114);
#10116=CARTESIAN_POINT('',(7.366,-11.46,8.54));
#10117=VERTEX_POINT('',#10116);
#10118=CARTESIAN_POINT('',(11.75,-13.05,0.16));
#10119=VERTEX_POINT('',#10118);
#10120=CARTESIAN_POINT('',(11.11,-12.41,6));
#10121=VERTEX_POINT('',#10120);
#10122=CARTESIAN_POINT('',(10.16,-11.714,6));
#10123=VERTEX_POINT('',#10122);
#10124=CARTESIAN_POINT('',(7.874,-14,8.54));
#10125=VERTEX_POINT('',#10124);
#10126=CARTESIAN_POINT('',(7.366,-11.46,6));
#10127=VERTEX_POINT('',#10126);
#10128=CARTESIAN_POINT('',(5.334,-11.46,6));
#10129=VERTEX_POINT('',#10128);
#10130=CARTESIAN_POINT('',(5.334,-11.46,8.54));
#10131=VERTEX_POINT('',#10130);
#10132=CARTESIAN_POINT('',(7.366,-14,6));
#10133=VERTEX_POINT('',#10132);
#10134=CARTESIAN_POINT('',(11.11,-12.41,0.16));
#10135=VERTEX_POINT('',#10134);
#10136=CARTESIAN_POINT('',(7.874,-14,6));
#10137=VERTEX_POINT('',#10136);
#10138=CARTESIAN_POINT('',(2.54,-11.714,8.54));
#10139=VERTEX_POINT('',#10138);
#10140=CARTESIAN_POINT('',(1.59,-12.41,8.54));
#10141=VERTEX_POINT('',#10140);
#10142=CARTESIAN_POINT('',(3.49,-12.41,8.54));
#10143=VERTEX_POINT('',#10142);
#10144=CARTESIAN_POINT('',(1.59,-13.05,8.54));
#10145=VERTEX_POINT('',#10144);
#10146=CARTESIAN_POINT('',(11.11,-13.05,0.16));
#10147=VERTEX_POINT('',#10146);
#10148=CARTESIAN_POINT('',(2.286,-11.46,8.54));
#10149=VERTEX_POINT('',#10148);
#10150=CARTESIAN_POINT('',(2.286,-11.46,6));
#10151=VERTEX_POINT('',#10150);
#10152=CARTESIAN_POINT('',(11.59,-12.57,0));
#10153=VERTEX_POINT('',#10152);
#10154=CARTESIAN_POINT('',(11.27,-12.57,0));
#10155=VERTEX_POINT('',#10154);
#10156=CARTESIAN_POINT('',(11.59,-12.89,0));
#10157=VERTEX_POINT('',#10156);
#10158=CARTESIAN_POINT('',(10.16,-13.746,6));
#10159=VERTEX_POINT('',#10158);
#10160=CARTESIAN_POINT('',(11.11,-13.05,6));
#10161=VERTEX_POINT('',#10160);
#10162=CARTESIAN_POINT('',(11.27,-12.89,0));
#10163=VERTEX_POINT('',#10162);
#10164=CARTESIAN_POINT('',(1.11,-12.89,0));
#10165=VERTEX_POINT('',#10164);
#10166=CARTESIAN_POINT('',(0.95,-13.05,0.16));
#10167=VERTEX_POINT('',#10166);
#10168=CARTESIAN_POINT('',(0.95,-12.41,0.16));
#10169=VERTEX_POINT('',#10168);
#10170=CARTESIAN_POINT('',(1.11,-12.57,0));
#10171=VERTEX_POINT('',#10170);
#10172=CARTESIAN_POINT('',(1.59,-12.41,0.16));
#10173=VERTEX_POINT('',#10172);
#10174=CARTESIAN_POINT('',(1.43,-12.57,0));
#10175=VERTEX_POINT('',#10174);
#10176=CARTESIAN_POINT('',(0.254,-11.46,6));
#10177=VERTEX_POINT('',#10176);
#10178=CARTESIAN_POINT('',(1.59,-13.05,0.16));
#10179=VERTEX_POINT('',#10178);
#10180=CARTESIAN_POINT('',(1.43,-12.89,0));
#10181=VERTEX_POINT('',#10180);
#10182=CARTESIAN_POINT('',(6.03,-12.41,11.38));
#10183=VERTEX_POINT('',#10182);
#10184=CARTESIAN_POINT('',(6.03,-13.05,11.38));
#10185=VERTEX_POINT('',#10184);
#10186=CARTESIAN_POINT('',(11.11,-12.41,8.54));
#10187=VERTEX_POINT('',#10186);
#10188=CARTESIAN_POINT('',(11.75,-13.05,8.54));
#10189=VERTEX_POINT('',#10188);
#10190=CARTESIAN_POINT('',(6.67,-12.41,11.38));
#10191=VERTEX_POINT('',#10190);
#10192=CARTESIAN_POINT('',(6.67,-13.05,11.38));
#10193=VERTEX_POINT('',#10192);
#10194=CARTESIAN_POINT('',(17.78,-13.746,8.54));
#10195=VERTEX_POINT('',#10194);
#10196=CARTESIAN_POINT('',(16.83,-13.05,8.54));
#10197=VERTEX_POINT('',#10196);
#10198=CARTESIAN_POINT('',(17.526,-11.46,8.54));
#10199=VERTEX_POINT('',#10198);
#10200=CARTESIAN_POINT('',(16.83,-12.41,8.54));
#10201=VERTEX_POINT('',#10200);
#10202=CARTESIAN_POINT('',(17.78,-11.714,8.54));
#10203=VERTEX_POINT('',#10202);
#10204=CARTESIAN_POINT('',(11.11,-12.41,11.38));
#10205=VERTEX_POINT('',#10204);
#10206=CARTESIAN_POINT('',(8.57,-12.41,6));
#10207=VERTEX_POINT('',#10206);
#10208=CARTESIAN_POINT('',(8.57,-12.41,0.16));
#10209=VERTEX_POINT('',#10208);
#10210=CARTESIAN_POINT('',(8.57,-13.05,0.16));
#10211=VERTEX_POINT('',#10210);
#10212=CARTESIAN_POINT('',(6.19,-12.57,11.54));
#10213=VERTEX_POINT('',#10212);
#10214=CARTESIAN_POINT('',(6.67,-12.41,6));
#10215=VERTEX_POINT('',#10214);
#10216=CARTESIAN_POINT('',(18.73,-13.05,8.54));
#10217=VERTEX_POINT('',#10216);
#10218=CARTESIAN_POINT('',(18.73,-12.41,8.54));
#10219=VERTEX_POINT('',#10218);
#10220=CARTESIAN_POINT('',(18.034,-11.46,8.54));
#10221=VERTEX_POINT('',#10220);
#10222=CARTESIAN_POINT('',(4.13,-13.05,11.38));
#10223=VERTEX_POINT('',#10222);
#10224=CARTESIAN_POINT('',(9.21,-12.41,11.38));
#10225=VERTEX_POINT('',#10224);
#10226=CARTESIAN_POINT('',(8.57,-12.41,11.38));
#10227=VERTEX_POINT('',#10226);
#10228=CARTESIAN_POINT('',(0.254,-14,6));
#10229=VERTEX_POINT('',#10228);
#10230=CARTESIAN_POINT('',(0.254,-14,8.54));
#10231=VERTEX_POINT('',#10230);
#10232=CARTESIAN_POINT('',(17.78,-13.746,6));
#10233=VERTEX_POINT('',#10232);
#10234=CARTESIAN_POINT('',(0.254,-11.46,8.54));
#10235=VERTEX_POINT('',#10234);
#10236=CARTESIAN_POINT('',(3.49,-13.05,11.38));
#10237=VERTEX_POINT('',#10236);
#10238=CARTESIAN_POINT('',(6.03,-12.41,6));
#10239=VERTEX_POINT('',#10238);
#10240=CARTESIAN_POINT('',(17.526,-11.46,6));
#10241=VERTEX_POINT('',#10240);
#10242=CARTESIAN_POINT('',(0,-11.714,6));
#10243=VERTEX_POINT('',#10242);
#10244=CARTESIAN_POINT('',(0,-13.746,6));
#10245=VERTEX_POINT('',#10244);
#10246=CARTESIAN_POINT('',(0,-13.746,8.54));
#10247=VERTEX_POINT('',#10246);
#10248=CARTESIAN_POINT('',(9.21,-12.41,6));
#10249=VERTEX_POINT('',#10248);
#10250=CARTESIAN_POINT('',(8.73,-12.57,11.54));
#10251=VERTEX_POINT('',#10250);
#10252=CARTESIAN_POINT('',(9.05,-12.57,11.54));
#10253=VERTEX_POINT('',#10252);
#10254=CARTESIAN_POINT('',(3.97,-12.89,11.54));
#10255=VERTEX_POINT('',#10254);
#10256=CARTESIAN_POINT('',(3.97,-12.57,11.54));
#10257=VERTEX_POINT('',#10256);
#10258=CARTESIAN_POINT('',(20.32,-13.746,8.54));
#10259=VERTEX_POINT('',#10258);
#10260=CARTESIAN_POINT('',(20.32,-13.746,6));
#10261=VERTEX_POINT('',#10260);
#10262=CARTESIAN_POINT('',(20.32,-11.714,8.54));
#10263=VERTEX_POINT('',#10262);
#10264=CARTESIAN_POINT('',(20.32,-11.714,6));
#10265=VERTEX_POINT('',#10264);
#10266=CARTESIAN_POINT('',(9.05,-12.89,11.54));
#10267=VERTEX_POINT('',#10266);
#10268=CARTESIAN_POINT('',(0,-11.714,8.54));
#10269=VERTEX_POINT('',#10268);
#10270=CARTESIAN_POINT('',(3.65,-12.89,11.54));
#10271=VERTEX_POINT('',#10270);
#10272=CARTESIAN_POINT('',(18.89,-12.89,0));
#10273=VERTEX_POINT('',#10272);
#10274=CARTESIAN_POINT('',(18.89,-12.57,0));
#10275=VERTEX_POINT('',#10274);
#10276=CARTESIAN_POINT('',(19.21,-12.57,0));
#10277=VERTEX_POINT('',#10276);
#10278=CARTESIAN_POINT('',(19.21,-12.89,0));
#10279=VERTEX_POINT('',#10278);
#10280=CARTESIAN_POINT('',(8.73,-12.89,11.54));
#10281=VERTEX_POINT('',#10280);
#10282=CARTESIAN_POINT('',(3.65,-12.57,11.54));
#10283=VERTEX_POINT('',#10282);
#10284=CARTESIAN_POINT('',(18.89,-12.57,11.54));
#10285=VERTEX_POINT('',#10284);
#10286=CARTESIAN_POINT('',(18.89,-12.89,11.54));
#10287=VERTEX_POINT('',#10286);
#10288=CARTESIAN_POINT('',(19.21,-12.89,11.54));
#10289=VERTEX_POINT('',#10288);
#10290=CARTESIAN_POINT('',(19.21,-12.57,11.54));
#10291=VERTEX_POINT('',#10290);
#10292=CARTESIAN_POINT('',(9.21,-13.05,6));
#10293=VERTEX_POINT('',#10292);
#10294=CARTESIAN_POINT('',(0.95,-12.41,6));
#10295=VERTEX_POINT('',#10294);
#10296=CARTESIAN_POINT('',(0.95,-13.05,6));
#10297=VERTEX_POINT('',#10296);
#10298=CARTESIAN_POINT('',(13.81,-12.89,11.54));
#10299=VERTEX_POINT('',#10298);
#10300=CARTESIAN_POINT('',(14.13,-12.89,11.54));
#10301=VERTEX_POINT('',#10300);
#10302=CARTESIAN_POINT('',(14.13,-12.57,11.54));
#10303=VERTEX_POINT('',#10302);
#10304=CARTESIAN_POINT('',(13.81,-12.57,11.54));
#10305=VERTEX_POINT('',#10304);
#10306=CARTESIAN_POINT('',(9.05,-12.89,0));
#10307=VERTEX_POINT('',#10306);
#10308=CARTESIAN_POINT('',(8.73,-12.89,0));
#10309=VERTEX_POINT('',#10308);
#10310=CARTESIAN_POINT('',(8.73,-12.57,0));
#10311=VERTEX_POINT('',#10310);
#10312=CARTESIAN_POINT('',(9.05,-12.57,0));
#10313=VERTEX_POINT('',#10312);
#10314=CARTESIAN_POINT('',(11.27,-12.57,11.54));
#10315=VERTEX_POINT('',#10314);
#10316=CARTESIAN_POINT('',(11.27,-12.89,11.54));
#10317=VERTEX_POINT('',#10316);
#10318=CARTESIAN_POINT('',(11.59,-12.89,11.54));
#10319=VERTEX_POINT('',#10318);
#10320=CARTESIAN_POINT('',(11.59,-12.57,11.54));
#10321=VERTEX_POINT('',#10320);
#10322=CARTESIAN_POINT('',(19.37,-12.41,6));
#10323=VERTEX_POINT('',#10322);
#10324=CARTESIAN_POINT('',(20.066,-11.46,6));
#10325=VERTEX_POINT('',#10324);
#10326=CARTESIAN_POINT('',(18.73,-12.41,6));
#10327=VERTEX_POINT('',#10326);
#10328=CARTESIAN_POINT('',(18.034,-11.46,6));
#10329=VERTEX_POINT('',#10328);
#10330=CARTESIAN_POINT('',(8.57,-13.05,6));
#10331=VERTEX_POINT('',#10330);
#10332=CARTESIAN_POINT('',(20.066,-11.46,8.54));
#10333=VERTEX_POINT('',#10332);
#10334=CARTESIAN_POINT('',(6.51,-12.57,11.54));
#10335=VERTEX_POINT('',#10334);
#10336=CARTESIAN_POINT('',(6.19,-12.89,11.54));
#10337=VERTEX_POINT('',#10336);
#10338=CARTESIAN_POINT('',(6.51,-12.89,11.54));
#10339=VERTEX_POINT('',#10338);
#10340=CARTESIAN_POINT('',(1.59,-12.41,6));
#10341=VERTEX_POINT('',#10340);
#10342=CARTESIAN_POINT('',(16.19,-12.41,8.54));
#10343=VERTEX_POINT('',#10342);
#10344=CARTESIAN_POINT('',(1.11,-12.89,11.54));
#10345=VERTEX_POINT('',#10344);
#10346=CARTESIAN_POINT('',(1.43,-12.89,11.54));
#10347=VERTEX_POINT('',#10346);
#10348=CARTESIAN_POINT('',(1.43,-12.57,11.54));
#10349=VERTEX_POINT('',#10348);
#10350=CARTESIAN_POINT('',(1.11,-12.57,11.54));
#10351=VERTEX_POINT('',#10350);
#10352=CARTESIAN_POINT('',(18.73,-12.41,0.16));
#10353=VERTEX_POINT('',#10352);
#10354=CARTESIAN_POINT('',(19.37,-12.41,0.16));
#10355=VERTEX_POINT('',#10354);
#10356=CARTESIAN_POINT('',(19.37,-13.05,6));
#10357=VERTEX_POINT('',#10356);
#10358=CARTESIAN_POINT('',(7.62,-13.746,6));
#10359=VERTEX_POINT('',#10358);
#10360=CARTESIAN_POINT('',(6.67,-13.05,6));
#10361=VERTEX_POINT('',#10360);
#10362=CARTESIAN_POINT('',(19.37,-13.05,0.16));
#10363=VERTEX_POINT('',#10362);
#10364=CARTESIAN_POINT('',(18.73,-13.05,6));
#10365=VERTEX_POINT('',#10364);
#10366=CARTESIAN_POINT('',(7.62,-11.714,6));
#10367=VERTEX_POINT('',#10366);
#10368=CARTESIAN_POINT('',(16.83,-12.41,6));
#10369=VERTEX_POINT('',#10368);
#10370=CARTESIAN_POINT('',(0.95,-13.05,8.54));
#10371=VERTEX_POINT('',#10370);
#10372=CARTESIAN_POINT('',(0.95,-12.41,8.54));
#10373=VERTEX_POINT('',#10372);
#10374=CARTESIAN_POINT('',(5.08,-11.714,8.54));
#10375=VERTEX_POINT('',#10374);
#10376=CARTESIAN_POINT('',(18.73,-13.05,0.16));
#10377=VERTEX_POINT('',#10376);
#10378=CARTESIAN_POINT('',(0.95,-13.05,11.38));
#10379=VERTEX_POINT('',#10378);
#10380=CARTESIAN_POINT('',(19.37,-12.41,8.54));
#10381=VERTEX_POINT('',#10380);
#10382=CARTESIAN_POINT('',(18.73,-12.41,11.38));
#10383=VERTEX_POINT('',#10382);
#10384=CARTESIAN_POINT('',(19.37,-13.05,8.54));
#10385=VERTEX_POINT('',#10384);
#10386=CARTESIAN_POINT('',(19.37,-13.05,11.38));
#10387=VERTEX_POINT('',#10386);
#10388=CARTESIAN_POINT('',(18.73,-13.05,11.38));
#10389=VERTEX_POINT('',#10388);
#10390=CARTESIAN_POINT('',(0.95,-12.41,11.38));
#10391=VERTEX_POINT('',#10390);
#10392=CARTESIAN_POINT('',(19.37,-12.41,11.38));
#10393=VERTEX_POINT('',#10392);
#10394=CARTESIAN_POINT('',(1.59,-12.41,11.38));
#10395=VERTEX_POINT('',#10394);
#10396=CARTESIAN_POINT('',(14.29,-12.41,0.16));
#10397=VERTEX_POINT('',#10396);
#10398=CARTESIAN_POINT('',(1.59,-13.05,11.38));
#10399=VERTEX_POINT('',#10398);
#10400=CARTESIAN_POINT('',(14.29,-13.05,0.16));
#10401=VERTEX_POINT('',#10400);
#10402=CARTESIAN_POINT('',(16.83,-13.05,6));
#10403=VERTEX_POINT('',#10402);
#10404=CARTESIAN_POINT('',(5.08,-11.714,6));
#10405=VERTEX_POINT('',#10404);
#10406=CARTESIAN_POINT('',(17.78,-11.714,6));
#10407=VERTEX_POINT('',#10406);
#10408=CARTESIAN_POINT('',(13.65,-12.41,11.38));
#10409=VERTEX_POINT('',#10408);
#10410=CARTESIAN_POINT('',(11.75,-12.41,11.38));
#10411=VERTEX_POINT('',#10410);
#10412=CARTESIAN_POINT('',(11.75,-13.05,11.38));
#10413=VERTEX_POINT('',#10412);
#10414=CARTESIAN_POINT('',(11.11,-13.05,11.38));
#10415=VERTEX_POINT('',#10414);
#10416=CARTESIAN_POINT('',(9.21,-12.41,0.16));
#10417=VERTEX_POINT('',#10416);
#10418=CARTESIAN_POINT('',(9.21,-13.05,0.16));
#10419=VERTEX_POINT('',#10418);
#10420=STYLED_ITEM('',(#25),#10421);
#10421=FACE_SURFACE('',(#10426),#10422,.T.);
#10422=PLANE('',#10423);
#10423=AXIS2_PLACEMENT_3D('',#9836,#10424,#10425);
#10424=DIRECTION('',(0,-0,1));
#10425=DIRECTION('',(0.5909954814448439,0.8066748669146554,0));
#10426=FACE_BOUND('',#10427,.T.);
#10427=EDGE_LOOP('',(#10428,#10429,#10430));
#10428=ORIENTED_EDGE('',*,*,#10431,.T.);
#10429=ORIENTED_EDGE('',*,*,#10432,.T.);
#10430=ORIENTED_EDGE('',*,*,#10433,.T.);
#10431=EDGE_CURVE('',#9837,#9839,#10434,.F.);
#10432=EDGE_CURVE('',#9839,#9841,#10435,.T.);
#10433=EDGE_CURVE('',#9841,#9837,#10436,.T.);
#10434=LINE('',#9836,#10437);
#10435=LINE('',#9838,#10438);
#10436=LINE('',#9840,#10439);
#10437=VECTOR('',#10440,1.0);
#10438=VECTOR('',#10441,1.0);
#10439=VECTOR('',#10442,1.0);
#10440=DIRECTION('',(0.5909954814448439,0.8066748669146554,0));
#10441=DIRECTION('',(-0.8066748669146567,-0.5909954814448424,0));
#10442=DIRECTION('',(0.7071067811865475,-0.7071067811865475,0));
#10443=STYLED_ITEM('',(#25),#10444);
#10444=FACE_SURFACE('',(#10449),#10445,.T.);
#10445=PLANE('',#10446);
#10446=AXIS2_PLACEMENT_3D('',#9842,#10447,#10448);
#10447=DIRECTION('',(0.7071067811865551,0,-0.70710678118654));
#10448=DIRECTION('',(0.5773502691896174,0.5773502691896302,0.5773502691896297));
#10449=FACE_BOUND('',#10450,.T.);
#10450=EDGE_LOOP('',(#10451,#10452,#10453));
#10451=ORIENTED_EDGE('',*,*,#10454,.T.);
#10452=ORIENTED_EDGE('',*,*,#10455,.T.);
#10453=ORIENTED_EDGE('',*,*,#10456,.T.);
#10454=EDGE_CURVE('',#9843,#9845,#10457,.F.);
#10455=EDGE_CURVE('',#9845,#9847,#10458,.T.);
#10456=EDGE_CURVE('',#9847,#9843,#10459,.T.);
#10457=LINE('',#9842,#10460);
#10458=LINE('',#9844,#10461);
#10459=LINE('',#9846,#10462);
#10460=VECTOR('',#10463,1.0);
#10461=VECTOR('',#10464,1.0);
#10462=VECTOR('',#10465,1.0);
#10463=DIRECTION('',(0.5773502691896174,0.5773502691896302,0.5773502691896297));
#10464=DIRECTION('',(0,-1,0));
#10465=DIRECTION('',(-0.3015113445777575,0.9045340337332927,-0.30151134457776396));
#10466=STYLED_ITEM('',(#25),#10467);
#10467=FACE_SURFACE('',(#10472),#10468,.T.);
#10468=PLANE('',#10469);
#10469=AXIS2_PLACEMENT_3D('',#9842,#10470,#10471);
#10470=DIRECTION('',(0.707106781186555,0,-0.70710678118654));
#10471=DIRECTION('',(0.3015113445777575,-0.9045340337332927,0.30151134457776396));
#10472=FACE_BOUND('',#10473,.T.);
#10473=EDGE_LOOP('',(#10474,#10475,#10476));
#10474=ORIENTED_EDGE('',*,*,#10477,.T.);
#10475=ORIENTED_EDGE('',*,*,#10478,.T.);
#10476=ORIENTED_EDGE('',*,*,#10479,.T.);
#10477=EDGE_CURVE('',#9843,#9847,#10480,.F.);
#10478=EDGE_CURVE('',#9847,#9849,#10481,.T.);
#10479=EDGE_CURVE('',#9849,#9843,#10482,.T.);
#10480=LINE('',#9842,#10483);
#10481=LINE('',#9846,#10484);
#10482=LINE('',#9848,#10485);
#10483=VECTOR('',#10486,1.0);
#10484=VECTOR('',#10487,1.0);
#10485=VECTOR('',#10488,1.0);
#10486=DIRECTION('',(0.3015113445777575,-0.9045340337332927,0.30151134457776396));
#10487=DIRECTION('',(-0.5773502691896174,0.5773502691896302,-0.5773502691896297));
#10488=DIRECTION('',(0,1,0));
#10489=STYLED_ITEM('',(#25),#10490);
#10490=FACE_SURFACE('',(#10495),#10491,.T.);
#10491=PLANE('',#10492);
#10492=AXIS2_PLACEMENT_3D('',#9840,#10493,#10494);
#10493=DIRECTION('',(0.7071067811865476,-0.7071067811865476,0));
#10494=DIRECTION('',(-0.7071067811865475,-0.7071067811865475,0));
#10495=FACE_BOUND('',#10496,.T.);
#10496=EDGE_LOOP('',(#10497,#10498,#10499));
#10497=ORIENTED_EDGE('',*,*,#10500,.T.);
#10498=ORIENTED_EDGE('',*,*,#10501,.T.);
#10499=ORIENTED_EDGE('',*,*,#10502,.T.);
#10500=EDGE_CURVE('',#9841,#9851,#10503,.F.);
#10501=EDGE_CURVE('',#9851,#9853,#10504,.T.);
#10502=EDGE_CURVE('',#9853,#9841,#10505,.T.);
#10503=LINE('',#9840,#10506);
#10504=LINE('',#9850,#10507);
#10505=LINE('',#9852,#10508);
#10506=VECTOR('',#10509,1.0);
#10507=VECTOR('',#10510,1.0);
#10508=VECTOR('',#10511,1.0);
#10509=DIRECTION('',(-0.7071067811865475,-0.7071067811865475,0));
#10510=DIRECTION('',(0.09901475429766729,0.09901475429766729,-0.9901475429766744));
#10511=DIRECTION('',(0,0,1));
#10512=STYLED_ITEM('',(#25),#10513);
#10513=FACE_SURFACE('',(#10518),#10514,.T.);
#10514=PLANE('',#10515);
#10515=AXIS2_PLACEMENT_3D('',#9846,#10516,#10517);
#10516=DIRECTION('',(-0,-0.7071067811865471,-0.7071067811865478));
#10517=DIRECTION('',(-1,0,0));
#10518=FACE_BOUND('',#10519,.T.);
#10519=EDGE_LOOP('',(#10520,#10521,#10522));
#10520=ORIENTED_EDGE('',*,*,#10523,.T.);
#10521=ORIENTED_EDGE('',*,*,#10524,.T.);
#10522=ORIENTED_EDGE('',*,*,#10525,.T.);
#10523=EDGE_CURVE('',#9847,#9855,#10526,.F.);
#10524=EDGE_CURVE('',#9855,#9857,#10527,.T.);
#10525=EDGE_CURVE('',#9857,#9847,#10528,.T.);
#10526=LINE('',#9846,#10529);
#10527=LINE('',#9854,#10530);
#10528=LINE('',#9856,#10531);
#10529=VECTOR('',#10532,1.0);
#10530=VECTOR('',#10533,1.0);
#10531=VECTOR('',#10534,1.0);
#10532=DIRECTION('',(-1,0,0));
#10533=DIRECTION('',(0.577350269189626,0.577350269189626,-0.5773502691896254));
#10534=DIRECTION('',(0.9045340337332897,-0.30151134457776546,0.3015113445777652));
#10535=STYLED_ITEM('',(#25),#10536);
#10536=FACE_SURFACE('',(#10541),#10537,.T.);
#10537=PLANE('',#10538);
#10538=AXIS2_PLACEMENT_3D('',#9846,#10539,#10540);
#10539=DIRECTION('',(0,-0.7071067811865472,-0.7071067811865478));
#10540=DIRECTION('',(-0.9045340337332897,0.30151134457776546,-0.3015113445777652));
#10541=FACE_BOUND('',#10542,.T.);
#10542=EDGE_LOOP('',(#10543,#10544,#10545));
#10543=ORIENTED_EDGE('',*,*,#10546,.T.);
#10544=ORIENTED_EDGE('',*,*,#10547,.T.);
#10545=ORIENTED_EDGE('',*,*,#10548,.T.);
#10546=EDGE_CURVE('',#9847,#9857,#10549,.F.);
#10547=EDGE_CURVE('',#9857,#9849,#10550,.T.);
#10548=EDGE_CURVE('',#9849,#9847,#10551,.T.);
#10549=LINE('',#9846,#10552);
#10550=LINE('',#9856,#10553);
#10551=LINE('',#9848,#10554);
#10552=VECTOR('',#10555,1.0);
#10553=VECTOR('',#10556,1.0);
#10554=VECTOR('',#10557,1.0);
#10555=DIRECTION('',(-0.9045340337332897,0.30151134457776546,-0.3015113445777652));
#10556=DIRECTION('',(1,0,0));
#10557=DIRECTION('',(0.5773502691896174,-0.5773502691896302,0.5773502691896297));
#10558=STYLED_ITEM('',(#25),#10559);
#10559=FACE_SURFACE('',(#10564),#10560,.T.);
#10560=PLANE('',#10561);
#10561=AXIS2_PLACEMENT_3D('',#9858,#10562,#10563);
#10562=DIRECTION('',(-0.7071067811865476,-0.7071067811865476,0));
#10563=DIRECTION('',(0,0,1));
#10564=FACE_BOUND('',#10565,.T.);
#10565=EDGE_LOOP('',(#10566,#10567,#10568));
#10566=ORIENTED_EDGE('',*,*,#10569,.T.);
#10567=ORIENTED_EDGE('',*,*,#10570,.T.);
#10568=ORIENTED_EDGE('',*,*,#10571,.T.);
#10569=EDGE_CURVE('',#9859,#9837,#10572,.F.);
#10570=EDGE_CURVE('',#9837,#9853,#10573,.T.);
#10571=EDGE_CURVE('',#9853,#9859,#10574,.T.);
#10572=LINE('',#9858,#10575);
#10573=LINE('',#9836,#10576);
#10574=LINE('',#9852,#10577);
#10575=VECTOR('',#10578,1.0);
#10576=VECTOR('',#10579,1.0);
#10577=VECTOR('',#10580,1.0);
#10578=DIRECTION('',(0,0,1));
#10579=DIRECTION('',(-0.09901475429766729,0.09901475429766729,-0.9901475429766744));
#10580=DIRECTION('',(0.7071067811865475,-0.7071067811865475,0));
#10581=STYLED_ITEM('',(#25),#10582);
#10582=FACE_SURFACE('',(#10587),#10583,.T.);
#10583=PLANE('',#10584);
#10584=AXIS2_PLACEMENT_3D('',#9840,#10585,#10586);
#10585=DIRECTION('',(-0.7071067811865476,-0.7071067811865476,-0));
#10586=DIRECTION('',(0,0,-1));
#10587=FACE_BOUND('',#10588,.T.);
#10588=EDGE_LOOP('',(#10589,#10590,#10591));
#10589=ORIENTED_EDGE('',*,*,#10592,.T.);
#10590=ORIENTED_EDGE('',*,*,#10593,.T.);
#10591=ORIENTED_EDGE('',*,*,#10594,.T.);
#10592=EDGE_CURVE('',#9841,#9853,#10595,.F.);
#10593=EDGE_CURVE('',#9853,#9837,#10596,.T.);
#10594=EDGE_CURVE('',#9837,#9841,#10597,.T.);
#10595=LINE('',#9840,#10598);
#10596=LINE('',#9852,#10599);
#10597=LINE('',#9836,#10600);
#10598=VECTOR('',#10601,1.0);
#10599=VECTOR('',#10602,1.0);
#10600=VECTOR('',#10603,1.0);
#10601=DIRECTION('',(0,0,-1));
#10602=DIRECTION('',(0.09901475429766729,-0.09901475429766729,0.9901475429766744));
#10603=DIRECTION('',(-0.7071067811865475,0.7071067811865475,0));
#10604=STYLED_ITEM('',(#25),#10605);
#10605=FACE_SURFACE('',(#10610),#10606,.T.);
#10606=PLANE('',#10607);
#10607=AXIS2_PLACEMENT_3D('',#9860,#10608,#10609);
#10608=DIRECTION('',(-0.7071067811865476,0.7071067811865476,0));
#10609=DIRECTION('',(0,0,-1));
#10610=FACE_BOUND('',#10611,.T.);
#10611=EDGE_LOOP('',(#10612,#10613,#10614));
#10612=ORIENTED_EDGE('',*,*,#10615,.T.);
#10613=ORIENTED_EDGE('',*,*,#10616,.T.);
#10614=ORIENTED_EDGE('',*,*,#10617,.T.);
#10615=EDGE_CURVE('',#9861,#9863,#10618,.F.);
#10616=EDGE_CURVE('',#9863,#9865,#10619,.T.);
#10617=EDGE_CURVE('',#9865,#9861,#10620,.T.);
#10618=LINE('',#9860,#10621);
#10619=LINE('',#9862,#10622);
#10620=LINE('',#9864,#10623);
#10621=VECTOR('',#10624,1.0);
#10622=VECTOR('',#10625,1.0);
#10623=VECTOR('',#10626,1.0);
#10624=DIRECTION('',(0,0,-1));
#10625=DIRECTION('',(-0.7071067811865475,-0.7071067811865475,0));
#10626=DIRECTION('',(0.09901475429766729,0.09901475429766729,0.9901475429766744));
#10627=STYLED_ITEM('',(#25),#10628);
#10628=FACE_SURFACE('',(#10633),#10629,.T.);
#10629=PLANE('',#10630);
#10630=AXIS2_PLACEMENT_3D('',#9866,#10631,#10632);
#10631=DIRECTION('',(0,0,-1));
#10632=DIRECTION('',(1,0,0));
#10633=FACE_BOUND('',#10634,.T.);
#10634=EDGE_LOOP('',(#10635,#10636,#10637));
#10635=ORIENTED_EDGE('',*,*,#10638,.T.);
#10636=ORIENTED_EDGE('',*,*,#10639,.T.);
#10637=ORIENTED_EDGE('',*,*,#10640,.T.);
#10638=EDGE_CURVE('',#9867,#9869,#10641,.F.);
#10639=EDGE_CURVE('',#9869,#9871,#10642,.T.);
#10640=EDGE_CURVE('',#9871,#9867,#10643,.T.);
#10641=LINE('',#9866,#10644);
#10642=LINE('',#9868,#10645);
#10643=LINE('',#9870,#10646);
#10644=VECTOR('',#10647,1.0);
#10645=VECTOR('',#10648,1.0);
#10646=VECTOR('',#10649,1.0);
#10647=DIRECTION('',(1,0,0));
#10648=DIRECTION('',(-0.590995481444843,-0.8066748669146562,0));
#10649=DIRECTION('',(-0.8149681286956483,0.5795057801353782,0));
#10650=STYLED_ITEM('',(#25),#10651);
#10651=FACE_SURFACE('',(#10656),#10652,.T.);
#10652=PLANE('',#10653);
#10653=AXIS2_PLACEMENT_3D('',#9872,#10654,#10655);
#10654=DIRECTION('',(-0,0,-1));
#10655=DIRECTION('',(-0.7071067811865488,-0.7071067811865462,0));
#10656=FACE_BOUND('',#10657,.T.);
#10657=EDGE_LOOP('',(#10658,#10659,#10660));
#10658=ORIENTED_EDGE('',*,*,#10661,.T.);
#10659=ORIENTED_EDGE('',*,*,#10662,.T.);
#10660=ORIENTED_EDGE('',*,*,#10663,.T.);
#10661=EDGE_CURVE('',#9873,#9875,#10664,.F.);
#10662=EDGE_CURVE('',#9875,#9877,#10665,.T.);
#10663=EDGE_CURVE('',#9877,#9873,#10666,.T.);
#10664=LINE('',#9872,#10667);
#10665=LINE('',#9874,#10668);
#10666=LINE('',#9876,#10669);
#10667=VECTOR('',#10670,1.0);
#10668=VECTOR('',#10671,1.0);
#10669=VECTOR('',#10672,1.0);
#10670=DIRECTION('',(-0.7071067811865488,-0.7071067811865462,0));
#10671=DIRECTION('',(-0.590995481444843,0.8066748669146562,0));
#10672=DIRECTION('',(0.8066748669146564,-0.5909954814448427,0));
#10673=STYLED_ITEM('',(#25),#10674);
#10674=FACE_SURFACE('',(#10679),#10675,.T.);
#10675=PLANE('',#10676);
#10676=AXIS2_PLACEMENT_3D('',#9878,#10677,#10678);
#10677=DIRECTION('',(0,0,1));
#10678=DIRECTION('',(0,-1,0));
#10679=FACE_BOUND('',#10680,.T.);
#10680=EDGE_LOOP('',(#10681,#10682,#10683));
#10681=ORIENTED_EDGE('',*,*,#10684,.T.);
#10682=ORIENTED_EDGE('',*,*,#10685,.T.);
#10683=ORIENTED_EDGE('',*,*,#10686,.T.);
#10684=EDGE_CURVE('',#9879,#9841,#10687,.F.);
#10685=EDGE_CURVE('',#9841,#9839,#10688,.T.);
#10686=EDGE_CURVE('',#9839,#9879,#10689,.T.);
#10687=LINE('',#9878,#10690);
#10688=LINE('',#9840,#10691);
#10689=LINE('',#9838,#10692);
#10690=VECTOR('',#10693,1.0);
#10691=VECTOR('',#10694,1.0);
#10692=VECTOR('',#10695,1.0);
#10693=DIRECTION('',(0,-1,0));
#10694=DIRECTION('',(0.8066748669146567,0.5909954814448424,0));
#10695=DIRECTION('',(-0.5795057801353788,0.8149681286956478,0));
#10696=STYLED_ITEM('',(#25),#10697);
#10697=FACE_SURFACE('',(#10702),#10698,.T.);
#10698=PLANE('',#10699);
#10699=AXIS2_PLACEMENT_3D('',#9872,#10700,#10701);
#10700=DIRECTION('',(0,0,-1));
#10701=DIRECTION('',(0.8066748669146564,0.5909954814448427,0));
#10702=FACE_BOUND('',#10703,.T.);
#10703=EDGE_LOOP('',(#10704,#10705,#10706));
#10704=ORIENTED_EDGE('',*,*,#10707,.T.);
#10705=ORIENTED_EDGE('',*,*,#10708,.T.);
#10706=ORIENTED_EDGE('',*,*,#10709,.T.);
#10707=EDGE_CURVE('',#9873,#9881,#10710,.F.);
#10708=EDGE_CURVE('',#9881,#9883,#10711,.T.);
#10709=EDGE_CURVE('',#9883,#9873,#10712,.T.);
#10710=LINE('',#9872,#10713);
#10711=LINE('',#9880,#10714);
#10712=LINE('',#9882,#10715);
#10713=VECTOR('',#10716,1.0);
#10714=VECTOR('',#10717,1.0);
#10715=VECTOR('',#10718,1.0);
#10716=DIRECTION('',(0.8066748669146564,0.5909954814448427,0));
#10717=DIRECTION('',(-0.5909954814448436,-0.8066748669146558,0));
#10718=DIRECTION('',(-0.7071067811865475,0.7071067811865475,0));
#10719=STYLED_ITEM('',(#25),#10720);
#10720=FACE_SURFACE('',(#10725),#10721,.T.);
#10721=PLANE('',#10722);
#10722=AXIS2_PLACEMENT_3D('',#9844,#10723,#10724);
#10723=DIRECTION('',(0,1,0));
#10724=DIRECTION('',(-1,0,0));
#10725=FACE_BOUND('',#10726,.T.);
#10726=EDGE_LOOP('',(#10727,#10728,#10729));
#10727=ORIENTED_EDGE('',*,*,#10730,.T.);
#10728=ORIENTED_EDGE('',*,*,#10731,.T.);
#10729=ORIENTED_EDGE('',*,*,#10732,.T.);
#10730=EDGE_CURVE('',#9845,#9885,#10733,.F.);
#10731=EDGE_CURVE('',#9885,#9887,#10734,.T.);
#10732=EDGE_CURVE('',#9887,#9845,#10735,.T.);
#10733=LINE('',#9844,#10736);
#10734=LINE('',#9884,#10737);
#10735=LINE('',#9886,#10738);
#10736=VECTOR('',#10739,1.0);
#10737=VECTOR('',#10740,1.0);
#10738=VECTOR('',#10741,1.0);
#10739=DIRECTION('',(-1,0,0));
#10740=DIRECTION('',(0,0,1));
#10741=DIRECTION('',(0.10893684089886638,0,-0.9940486732021603));
#10742=STYLED_ITEM('',(#25),#10743);
#10743=FACE_SURFACE('',(#10748),#10744,.T.);
#10744=PLANE('',#10745);
#10745=AXIS2_PLACEMENT_3D('',#9838,#10746,#10747);
#10746=DIRECTION('',(-1,0,0));
#10747=DIRECTION('',(0,0,1));
#10748=FACE_BOUND('',#10749,.T.);
#10749=EDGE_LOOP('',(#10750,#10751,#10752));
#10750=ORIENTED_EDGE('',*,*,#10753,.T.);
#10751=ORIENTED_EDGE('',*,*,#10754,.T.);
#10752=ORIENTED_EDGE('',*,*,#10755,.T.);
#10753=EDGE_CURVE('',#9839,#9889,#10756,.F.);
#10754=EDGE_CURVE('',#9889,#9891,#10757,.T.);
#10755=EDGE_CURVE('',#9891,#9839,#10758,.T.);
#10756=LINE('',#9838,#10759);
#10757=LINE('',#9888,#10760);
#10758=LINE('',#9890,#10761);
#10759=VECTOR('',#10762,1.0);
#10760=VECTOR('',#10763,1.0);
#10761=VECTOR('',#10764,1.0);
#10762=DIRECTION('',(0,0,1));
#10763=DIRECTION('',(0,1,0));
#10764=DIRECTION('',(0,-0.21983912974654354,-0.9755361382502866));
#10765=STYLED_ITEM('',(#25),#10766);
#10766=FACE_SURFACE('',(#10771),#10767,.T.);
#10767=PLANE('',#10768);
#10768=AXIS2_PLACEMENT_3D('',#9892,#10769,#10770);
#10769=DIRECTION('',(0,0,-1));
#10770=DIRECTION('',(0.8149681286956479,0.5795057801353787,0));
#10771=FACE_BOUND('',#10772,.T.);
#10772=EDGE_LOOP('',(#10773,#10774,#10775));
#10773=ORIENTED_EDGE('',*,*,#10776,.T.);
#10774=ORIENTED_EDGE('',*,*,#10777,.T.);
#10775=ORIENTED_EDGE('',*,*,#10778,.T.);
#10776=EDGE_CURVE('',#9893,#9895,#10779,.F.);
#10777=EDGE_CURVE('',#9895,#9897,#10780,.T.);
#10778=EDGE_CURVE('',#9897,#9893,#10781,.T.);
#10779=LINE('',#9892,#10782);
#10780=LINE('',#9894,#10783);
#10781=LINE('',#9896,#10784);
#10782=VECTOR('',#10785,1.0);
#10783=VECTOR('',#10786,1.0);
#10784=VECTOR('',#10787,1.0);
#10785=DIRECTION('',(0.8149681286956479,0.5795057801353787,0));
#10786=DIRECTION('',(0.5909954814448439,-0.8066748669146554,0));
#10787=DIRECTION('',(-1,0,0));
#10788=STYLED_ITEM('',(#25),#10789);
#10789=FACE_SURFACE('',(#10794),#10790,.T.);
#10790=PLANE('',#10791);
#10791=AXIS2_PLACEMENT_3D('',#9852,#10792,#10793);
#10792=DIRECTION('',(-0,0,-1));
#10793=DIRECTION('',(-0.7071067811865475,-0.7071067811865475,0));
#10794=FACE_BOUND('',#10795,.T.);
#10795=EDGE_LOOP('',(#10796,#10797,#10798));
#10796=ORIENTED_EDGE('',*,*,#10799,.T.);
#10797=ORIENTED_EDGE('',*,*,#10800,.T.);
#10798=ORIENTED_EDGE('',*,*,#10801,.T.);
#10799=EDGE_CURVE('',#9853,#9897,#10802,.F.);
#10800=EDGE_CURVE('',#9897,#9895,#10803,.T.);
#10801=EDGE_CURVE('',#9895,#9853,#10804,.T.);
#10802=LINE('',#9852,#10805);
#10803=LINE('',#9896,#10806);
#10804=LINE('',#9894,#10807);
#10805=VECTOR('',#10808,1.0);
#10806=VECTOR('',#10809,1.0);
#10807=VECTOR('',#10810,1.0);
#10808=DIRECTION('',(-0.7071067811865475,-0.7071067811865475,0));
#10809=DIRECTION('',(-0.5909954814448439,0.8066748669146554,0));
#10810=DIRECTION('',(0.8066748669146567,-0.5909954814448424,0));
#10811=STYLED_ITEM('',(#25),#10812);
#10812=FACE_SURFACE('',(#10817),#10813,.T.);
#10813=PLANE('',#10814);
#10814=AXIS2_PLACEMENT_3D('',#9870,#10815,#10816);
#10815=DIRECTION('',(0,0,-1));
#10816=DIRECTION('',(0.9476810187845454,-0.31921886948532074,0));
#10817=FACE_BOUND('',#10818,.T.);
#10818=EDGE_LOOP('',(#10819,#10820,#10821));
#10819=ORIENTED_EDGE('',*,*,#10822,.T.);
#10820=ORIENTED_EDGE('',*,*,#10823,.T.);
#10821=ORIENTED_EDGE('',*,*,#10824,.T.);
#10822=EDGE_CURVE('',#9871,#9881,#10825,.F.);
#10823=EDGE_CURVE('',#9881,#9877,#10826,.T.);
#10824=EDGE_CURVE('',#9877,#9871,#10827,.T.);
#10825=LINE('',#9870,#10828);
#10826=LINE('',#9880,#10829);
#10827=LINE('',#9876,#10830);
#10828=VECTOR('',#10831,1.0);
#10829=VECTOR('',#10832,1.0);
#10830=VECTOR('',#10833,1.0);
#10831=DIRECTION('',(0.9476810187845454,-0.31921886948532074,0));
#10832=DIRECTION('',(-1,0,0));
#10833=DIRECTION('',(0,1,0));
#10834=STYLED_ITEM('',(#25),#10835);
#10835=FACE_SURFACE('',(#10840),#10836,.T.);
#10836=PLANE('',#10837);
#10837=AXIS2_PLACEMENT_3D('',#9872,#10838,#10839);
#10838=DIRECTION('',(0,0,-1));
#10839=DIRECTION('',(-0.8066748669146564,0.5909954814448427,0));
#10840=FACE_BOUND('',#10841,.T.);
#10841=EDGE_LOOP('',(#10842,#10843,#10844));
#10842=ORIENTED_EDGE('',*,*,#10845,.T.);
#10843=ORIENTED_EDGE('',*,*,#10846,.T.);
#10844=ORIENTED_EDGE('',*,*,#10847,.T.);
#10845=EDGE_CURVE('',#9873,#9877,#10848,.F.);
#10846=EDGE_CURVE('',#9877,#9881,#10849,.T.);
#10847=EDGE_CURVE('',#9881,#9873,#10850,.T.);
#10848=LINE('',#9872,#10851);
#10849=LINE('',#9876,#10852);
#10850=LINE('',#9880,#10853);
#10851=VECTOR('',#10854,1.0);
#10852=VECTOR('',#10855,1.0);
#10853=VECTOR('',#10856,1.0);
#10854=DIRECTION('',(-0.8066748669146564,0.5909954814448427,0));
#10855=DIRECTION('',(1,0,0));
#10856=DIRECTION('',(-0.8066748669146564,-0.5909954814448427,0));
#10857=STYLED_ITEM('',(#25),#10858);
#10858=FACE_SURFACE('',(#10863),#10859,.T.);
#10859=PLANE('',#10860);
#10860=AXIS2_PLACEMENT_3D('',#9854,#10861,#10862);
#10861=DIRECTION('',(-0.7071067811865471,0,-0.7071067811865478));
#10862=DIRECTION('',(0,1,0));
#10863=FACE_BOUND('',#10864,.T.);
#10864=EDGE_LOOP('',(#10865,#10866,#10867));
#10865=ORIENTED_EDGE('',*,*,#10868,.T.);
#10866=ORIENTED_EDGE('',*,*,#10869,.T.);
#10867=ORIENTED_EDGE('',*,*,#10870,.T.);
#10868=EDGE_CURVE('',#9855,#9885,#10871,.F.);
#10869=EDGE_CURVE('',#9885,#9899,#10872,.T.);
#10870=EDGE_CURVE('',#9899,#9855,#10873,.T.);
#10871=LINE('',#9854,#10874);
#10872=LINE('',#9884,#10875);
#10873=LINE('',#9898,#10876);
#10874=VECTOR('',#10877,1.0);
#10875=VECTOR('',#10878,1.0);
#10876=VECTOR('',#10879,1.0);
#10877=DIRECTION('',(0,1,0));
#10878=DIRECTION('',(0.577350269189626,-0.577350269189626,-0.5773502691896254));
#10879=DIRECTION('',(-0.30151134457776363,-0.9045340337332909,0.30151134457776335));
#10880=STYLED_ITEM('',(#25),#10881);
#10881=FACE_SURFACE('',(#10886),#10882,.T.);
#10882=PLANE('',#10883);
#10883=AXIS2_PLACEMENT_3D('',#9854,#10884,#10885);
#10884=DIRECTION('',(-0.7071067811865472,0,-0.7071067811865478));
#10885=DIRECTION('',(0.30151134457776363,0.9045340337332909,-0.30151134457776335));
#10886=FACE_BOUND('',#10887,.T.);
#10887=EDGE_LOOP('',(#10888,#10889,#10890));
#10888=ORIENTED_EDGE('',*,*,#10891,.T.);
#10889=ORIENTED_EDGE('',*,*,#10892,.T.);
#10890=ORIENTED_EDGE('',*,*,#10893,.T.);
#10891=EDGE_CURVE('',#9855,#9899,#10894,.F.);
#10892=EDGE_CURVE('',#9899,#9857,#10895,.T.);
#10893=EDGE_CURVE('',#9857,#9855,#10896,.T.);
#10894=LINE('',#9854,#10897);
#10895=LINE('',#9898,#10898);
#10896=LINE('',#9856,#10899);
#10897=VECTOR('',#10900,1.0);
#10898=VECTOR('',#10901,1.0);
#10899=VECTOR('',#10902,1.0);
#10900=DIRECTION('',(0.30151134457776363,0.9045340337332909,-0.30151134457776335));
#10901=DIRECTION('',(0,-1,0));
#10902=DIRECTION('',(-0.577350269189626,-0.577350269189626,0.5773502691896254));
#10903=STYLED_ITEM('',(#25),#10904);
#10904=FACE_SURFACE('',(#10909),#10905,.T.);
#10905=PLANE('',#10906);
#10906=AXIS2_PLACEMENT_3D('',#9852,#10907,#10908);
#10907=DIRECTION('',(0,0,-1));
#10908=DIRECTION('',(0.8066748669146567,0.5909954814448424,0));
#10909=FACE_BOUND('',#10910,.T.);
#10910=EDGE_LOOP('',(#10911,#10912,#10913));
#10911=ORIENTED_EDGE('',*,*,#10914,.T.);
#10912=ORIENTED_EDGE('',*,*,#10915,.T.);
#10913=ORIENTED_EDGE('',*,*,#10916,.T.);
#10914=EDGE_CURVE('',#9853,#9901,#10917,.F.);
#10915=EDGE_CURVE('',#9901,#9859,#10918,.T.);
#10916=EDGE_CURVE('',#9859,#9853,#10919,.T.);
#10917=LINE('',#9852,#10920);
#10918=LINE('',#9900,#10921);
#10919=LINE('',#9858,#10922);
#10920=VECTOR('',#10923,1.0);
#10921=VECTOR('',#10924,1.0);
#10922=VECTOR('',#10925,1.0);
#10923=DIRECTION('',(0.8066748669146567,0.5909954814448424,0));
#10924=DIRECTION('',(-0.5909954814448439,-0.8066748669146554,0));
#10925=DIRECTION('',(-0.7071067811865475,0.7071067811865475,0));
#10926=STYLED_ITEM('',(#25),#10927);
#10927=FACE_SURFACE('',(#10932),#10928,.T.);
#10928=PLANE('',#10929);
#10929=AXIS2_PLACEMENT_3D('',#9902,#10930,#10931);
#10930=DIRECTION('',(0.7071067811865472,0,-0.7071067811865478));
#10931=DIRECTION('',(-0.577350269189626,0.577350269189626,-0.5773502691896254));
#10932=FACE_BOUND('',#10933,.T.);
#10933=EDGE_LOOP('',(#10934,#10935,#10936));
#10934=ORIENTED_EDGE('',*,*,#10937,.T.);
#10935=ORIENTED_EDGE('',*,*,#10938,.T.);
#10936=ORIENTED_EDGE('',*,*,#10939,.T.);
#10937=EDGE_CURVE('',#9903,#9905,#10940,.F.);
#10938=EDGE_CURVE('',#9905,#9907,#10941,.T.);
#10939=EDGE_CURVE('',#9907,#9903,#10942,.T.);
#10940=LINE('',#9902,#10943);
#10941=LINE('',#9904,#10944);
#10942=LINE('',#9906,#10945);
#10943=VECTOR('',#10946,1.0);
#10944=VECTOR('',#10947,1.0);
#10945=VECTOR('',#10948,1.0);
#10946=DIRECTION('',(-0.577350269189626,0.577350269189626,-0.5773502691896254));
#10947=DIRECTION('',(0,1,0));
#10948=DIRECTION('',(0.30151134457776363,-0.9045340337332909,0.30151134457776335));
#10949=STYLED_ITEM('',(#25),#10950);
#10950=FACE_SURFACE('',(#10955),#10951,.T.);
#10951=PLANE('',#10952);
#10952=AXIS2_PLACEMENT_3D('',#9902,#10953,#10954);
#10953=DIRECTION('',(0.7071067811865471,0,-0.7071067811865478));
#10954=DIRECTION('',(-0.30151134457776363,0.9045340337332909,-0.30151134457776335));
#10955=FACE_BOUND('',#10956,.T.);
#10956=EDGE_LOOP('',(#10957,#10958,#10959));
#10957=ORIENTED_EDGE('',*,*,#10960,.T.);
#10958=ORIENTED_EDGE('',*,*,#10961,.T.);
#10959=ORIENTED_EDGE('',*,*,#10962,.T.);
#10960=EDGE_CURVE('',#9903,#9907,#10963,.F.);
#10961=EDGE_CURVE('',#9907,#9909,#10964,.T.);
#10962=EDGE_CURVE('',#9909,#9903,#10965,.T.);
#10963=LINE('',#9902,#10966);
#10964=LINE('',#9906,#10967);
#10965=LINE('',#9908,#10968);
#10966=VECTOR('',#10969,1.0);
#10967=VECTOR('',#10970,1.0);
#10968=VECTOR('',#10971,1.0);
#10969=DIRECTION('',(-0.30151134457776363,0.9045340337332909,-0.30151134457776335));
#10970=DIRECTION('',(0.577350269189626,0.577350269189626,0.5773502691896254));
#10971=DIRECTION('',(0,-1,0));
#10972=STYLED_ITEM('',(#25),#10973);
#10973=FACE_SURFACE('',(#10978),#10974,.T.);
#10974=PLANE('',#10975);
#10975=AXIS2_PLACEMENT_3D('',#9884,#10976,#10977);
#10976=DIRECTION('',(0,0.7071067811865471,-0.7071067811865478));
#10977=DIRECTION('',(1,0,0));
#10978=FACE_BOUND('',#10979,.T.);
#10979=EDGE_LOOP('',(#10980,#10981,#10982));
#10980=ORIENTED_EDGE('',*,*,#10983,.T.);
#10981=ORIENTED_EDGE('',*,*,#10984,.T.);
#10982=ORIENTED_EDGE('',*,*,#10985,.T.);
#10983=EDGE_CURVE('',#9885,#9845,#10986,.F.);
#10984=EDGE_CURVE('',#9845,#9843,#10987,.T.);
#10985=EDGE_CURVE('',#9843,#9885,#10988,.T.);
#10986=LINE('',#9884,#10989);
#10987=LINE('',#9844,#10990);
#10988=LINE('',#9842,#10991);
#10989=VECTOR('',#10992,1.0);
#10990=VECTOR('',#10993,1.0);
#10991=VECTOR('',#10994,1.0);
#10992=DIRECTION('',(1,0,0));
#10993=DIRECTION('',(-0.5773502691896174,-0.5773502691896302,-0.5773502691896297));
#10994=DIRECTION('',(-0.9045340337332909,0.30151134457776363,0.30151134457776335));
#10995=STYLED_ITEM('',(#25),#10996);
#10996=FACE_SURFACE('',(#11001),#10997,.T.);
#10997=PLANE('',#10998);
#10998=AXIS2_PLACEMENT_3D('',#9884,#10999,#11000);
#10999=DIRECTION('',(0,0.7071067811865472,-0.7071067811865478));
#11000=DIRECTION('',(0.9045340337332909,-0.30151134457776363,-0.30151134457776335));
#11001=FACE_BOUND('',#11002,.T.);
#11002=EDGE_LOOP('',(#11003,#11004,#11005));
#11003=ORIENTED_EDGE('',*,*,#11006,.T.);
#11004=ORIENTED_EDGE('',*,*,#11007,.T.);
#11005=ORIENTED_EDGE('',*,*,#11008,.T.);
#11006=EDGE_CURVE('',#9885,#9843,#11009,.F.);
#11007=EDGE_CURVE('',#9843,#9899,#11010,.T.);
#11008=EDGE_CURVE('',#9899,#9885,#11011,.T.);
#11009=LINE('',#9884,#11012);
#11010=LINE('',#9842,#11013);
#11011=LINE('',#9898,#11014);
#11012=VECTOR('',#11015,1.0);
#11013=VECTOR('',#11016,1.0);
#11014=VECTOR('',#11017,1.0);
#11015=DIRECTION('',(0.9045340337332909,-0.30151134457776363,-0.30151134457776335));
#11016=DIRECTION('',(-1,0,0));
#11017=DIRECTION('',(-0.577350269189626,0.577350269189626,0.5773502691896254));
#11018=STYLED_ITEM('',(#25),#11019);
#11019=FACE_SURFACE('',(#11024),#11020,.T.);
#11020=PLANE('',#11021);
#11021=AXIS2_PLACEMENT_3D('',#9910,#11022,#11023);
#11022=DIRECTION('',(-0,-1,0));
#11023=DIRECTION('',(-1,0,0));
#11024=FACE_BOUND('',#11025,.T.);
#11025=EDGE_LOOP('',(#11026,#11027,#11028));
#11026=ORIENTED_EDGE('',*,*,#11029,.T.);
#11027=ORIENTED_EDGE('',*,*,#11030,.T.);
#11028=ORIENTED_EDGE('',*,*,#11031,.T.);
#11029=EDGE_CURVE('',#9911,#9889,#11032,.F.);
#11030=EDGE_CURVE('',#9889,#9839,#11033,.T.);
#11031=EDGE_CURVE('',#9839,#9911,#11034,.T.);
#11032=LINE('',#9910,#11035);
#11033=LINE('',#9888,#11036);
#11034=LINE('',#9838,#11037);
#11035=VECTOR('',#11038,1.0);
#11036=VECTOR('',#11039,1.0);
#11037=VECTOR('',#11040,1.0);
#11038=DIRECTION('',(-1,0,0));
#11039=DIRECTION('',(0,0,-1));
#11040=DIRECTION('',(0.21983912974654238,0,0.975536138250287));
#11041=STYLED_ITEM('',(#25),#11042);
#11042=FACE_SURFACE('',(#11047),#11043,.T.);
#11043=PLANE('',#11044);
#11044=AXIS2_PLACEMENT_3D('',#9852,#11045,#11046);
#11045=DIRECTION('',(0.7071067811865476,-0.7071067811865476,0));
#11046=DIRECTION('',(-0.09901475429766729,-0.09901475429766729,0.9901475429766744));
#11047=FACE_BOUND('',#11048,.T.);
#11048=EDGE_LOOP('',(#11049,#11050,#11051));
#11049=ORIENTED_EDGE('',*,*,#11052,.T.);
#11050=ORIENTED_EDGE('',*,*,#11053,.T.);
#11051=ORIENTED_EDGE('',*,*,#11054,.T.);
#11052=EDGE_CURVE('',#9853,#9851,#11055,.F.);
#11053=EDGE_CURVE('',#9851,#9897,#11056,.T.);
#11054=EDGE_CURVE('',#9897,#9853,#11057,.T.);
#11055=LINE('',#9852,#11058);
#11056=LINE('',#9850,#11059);
#11057=LINE('',#9896,#11060);
#11058=VECTOR('',#11061,1.0);
#11059=VECTOR('',#11062,1.0);
#11060=VECTOR('',#11063,1.0);
#11061=DIRECTION('',(-0.09901475429766729,-0.09901475429766729,0.9901475429766744));
#11062=DIRECTION('',(0,0,-1));
#11063=DIRECTION('',(0.7071067811865475,0.7071067811865475,0));
#11064=STYLED_ITEM('',(#25),#11065);
#11065=FACE_SURFACE('',(#11070),#11066,.T.);
#11066=PLANE('',#11067);
#11067=AXIS2_PLACEMENT_3D('',#9902,#11068,#11069);
#11068=DIRECTION('',(0,-0.7071067811865472,-0.7071067811865479));
#11069=DIRECTION('',(-0.9045340337332906,0.3015113445777641,-0.3015113445777638));
#11070=FACE_BOUND('',#11071,.T.);
#11071=EDGE_LOOP('',(#11072,#11073,#11074));
#11072=ORIENTED_EDGE('',*,*,#11075,.T.);
#11073=ORIENTED_EDGE('',*,*,#11076,.T.);
#11074=ORIENTED_EDGE('',*,*,#11077,.T.);
#11075=EDGE_CURVE('',#9903,#9913,#11078,.F.);
#11076=EDGE_CURVE('',#9913,#9905,#11079,.T.);
#11077=EDGE_CURVE('',#9905,#9903,#11080,.T.);
#11078=LINE('',#9902,#11081);
#11079=LINE('',#9912,#11082);
#11080=LINE('',#9904,#11083);
#11081=VECTOR('',#11084,1.0);
#11082=VECTOR('',#11085,1.0);
#11083=VECTOR('',#11086,1.0);
#11084=DIRECTION('',(-0.9045340337332906,0.3015113445777641,-0.3015113445777638));
#11085=DIRECTION('',(1,0,0));
#11086=DIRECTION('',(0.577350269189626,-0.577350269189626,0.5773502691896254));
#11087=STYLED_ITEM('',(#25),#11088);
#11088=FACE_SURFACE('',(#11093),#11089,.T.);
#11089=PLANE('',#11090);
#11090=AXIS2_PLACEMENT_3D('',#9874,#11091,#11092);
#11091=DIRECTION('',(0,0,-1));
#11092=DIRECTION('',(-0.8149681286956482,0.5795057801353783,0));
#11093=FACE_BOUND('',#11094,.T.);
#11094=EDGE_LOOP('',(#11095,#11096,#11097));
#11095=ORIENTED_EDGE('',*,*,#11098,.T.);
#11096=ORIENTED_EDGE('',*,*,#11099,.T.);
#11097=ORIENTED_EDGE('',*,*,#11100,.T.);
#11098=EDGE_CURVE('',#9875,#9915,#11101,.F.);
#11099=EDGE_CURVE('',#9915,#9877,#11102,.T.);
#11100=EDGE_CURVE('',#9877,#9875,#11103,.T.);
#11101=LINE('',#9874,#11104);
#11102=LINE('',#9914,#11105);
#11103=LINE('',#9876,#11106);
#11104=VECTOR('',#11107,1.0);
#11105=VECTOR('',#11108,1.0);
#11106=VECTOR('',#11109,1.0);
#11107=DIRECTION('',(-0.8149681286956482,0.5795057801353783,0));
#11108=DIRECTION('',(1,0,0));
#11109=DIRECTION('',(0.590995481444843,-0.8066748669146562,0));
#11110=STYLED_ITEM('',(#25),#11111);
#11111=FACE_SURFACE('',(#11116),#11112,.T.);
#11112=PLANE('',#11113);
#11113=AXIS2_PLACEMENT_3D('',#9916,#11114,#11115);
#11114=DIRECTION('',(0,-1,0));
#11115=DIRECTION('',(-0.6246950475544244,0,0.7808688094430302));
#11116=FACE_BOUND('',#11117,.T.);
#11117=EDGE_LOOP('',(#11118,#11119,#11120));
#11118=ORIENTED_EDGE('',*,*,#11121,.T.);
#11119=ORIENTED_EDGE('',*,*,#11122,.T.);
#11120=ORIENTED_EDGE('',*,*,#11123,.T.);
#11121=EDGE_CURVE('',#9917,#9919,#11124,.F.);
#11122=EDGE_CURVE('',#9919,#9921,#11125,.T.);
#11123=EDGE_CURVE('',#9921,#9917,#11126,.T.);
#11124=LINE('',#9916,#11127);
#11125=LINE('',#9918,#11128);
#11126=LINE('',#9920,#11129);
#11127=VECTOR('',#11130,1.0);
#11128=VECTOR('',#11131,1.0);
#11129=VECTOR('',#11132,1.0);
#11130=DIRECTION('',(-0.6246950475544244,0,0.7808688094430302));
#11131=DIRECTION('',(0,0,-1));
#11132=DIRECTION('',(1,0,0));
#11133=STYLED_ITEM('',(#25),#11134);
#11134=FACE_SURFACE('',(#11139),#11135,.T.);
#11135=PLANE('',#11136);
#11136=AXIS2_PLACEMENT_3D('',#9922,#11137,#11138);
#11137=DIRECTION('',(1,0,0));
#11138=DIRECTION('',(0,-1,0));
#11139=FACE_BOUND('',#11140,.T.);
#11140=EDGE_LOOP('',(#11141,#11142,#11143));
#11141=ORIENTED_EDGE('',*,*,#11144,.T.);
#11142=ORIENTED_EDGE('',*,*,#11145,.T.);
#11143=ORIENTED_EDGE('',*,*,#11146,.T.);
#11144=EDGE_CURVE('',#9923,#9925,#11147,.F.);
#11145=EDGE_CURVE('',#9925,#9927,#11148,.T.);
#11146=EDGE_CURVE('',#9927,#9923,#11149,.T.);
#11147=LINE('',#9922,#11150);
#11148=LINE('',#9924,#11151);
#11149=LINE('',#9926,#11152);
#11150=VECTOR('',#11153,1.0);
#11151=VECTOR('',#11154,1.0);
#11152=VECTOR('',#11155,1.0);
#11153=DIRECTION('',(0,-1,0));
#11154=DIRECTION('',(0,0,-1));
#11155=DIRECTION('',(0,0.21983912974654354,0.9755361382502866));
#11156=STYLED_ITEM('',(#25),#11157);
#11157=FACE_SURFACE('',(#11162),#11158,.T.);
#11158=PLANE('',#11159);
#11159=AXIS2_PLACEMENT_3D('',#9922,#11160,#11161);
#11160=DIRECTION('',(1,0,0));
#11161=DIRECTION('',(0,-0.21983912974654354,-0.9755361382502866));
#11162=FACE_BOUND('',#11163,.T.);
#11163=EDGE_LOOP('',(#11164,#11165,#11166));
#11164=ORIENTED_EDGE('',*,*,#11167,.T.);
#11165=ORIENTED_EDGE('',*,*,#11168,.T.);
#11166=ORIENTED_EDGE('',*,*,#11169,.T.);
#11167=EDGE_CURVE('',#9923,#9927,#11170,.F.);
#11168=EDGE_CURVE('',#9927,#9929,#11171,.T.);
#11169=EDGE_CURVE('',#9929,#9923,#11172,.T.);
#11170=LINE('',#9922,#11173);
#11171=LINE('',#9926,#11174);
#11172=LINE('',#9928,#11175);
#11173=VECTOR('',#11176,1.0);
#11174=VECTOR('',#11177,1.0);
#11175=VECTOR('',#11178,1.0);
#11176=DIRECTION('',(0,-0.21983912974654354,-0.9755361382502866));
#11177=DIRECTION('',(0,1,0));
#11178=DIRECTION('',(0,0,1));
#11179=STYLED_ITEM('',(#25),#11180);
#11180=FACE_SURFACE('',(#11185),#11181,.T.);
#11181=PLANE('',#11182);
#11182=AXIS2_PLACEMENT_3D('',#9930,#11183,#11184);
#11183=DIRECTION('',(0,0.7071067811865472,-0.7071067811865479));
#11184=DIRECTION('',(0.9045340337332906,0.3015113445777641,0.3015113445777638));
#11185=FACE_BOUND('',#11186,.T.);
#11186=EDGE_LOOP('',(#11187,#11188,#11189));
#11187=ORIENTED_EDGE('',*,*,#11190,.T.);
#11188=ORIENTED_EDGE('',*,*,#11191,.T.);
#11189=ORIENTED_EDGE('',*,*,#11192,.T.);
#11190=EDGE_CURVE('',#9931,#9909,#11193,.F.);
#11191=EDGE_CURVE('',#9909,#9907,#11194,.T.);
#11192=EDGE_CURVE('',#9907,#9931,#11195,.T.);
#11193=LINE('',#9930,#11196);
#11194=LINE('',#9908,#11197);
#11195=LINE('',#9906,#11198);
#11196=VECTOR('',#11199,1.0);
#11197=VECTOR('',#11200,1.0);
#11198=VECTOR('',#11201,1.0);
#11199=DIRECTION('',(0.9045340337332906,0.3015113445777641,0.3015113445777638));
#11200=DIRECTION('',(-0.577350269189626,-0.577350269189626,-0.5773502691896254));
#11201=DIRECTION('',(-1,0,0));
#11202=STYLED_ITEM('',(#25),#11203);
#11203=FACE_SURFACE('',(#11208),#11204,.T.);
#11204=PLANE('',#11205);
#11205=AXIS2_PLACEMENT_3D('',#9932,#11206,#11207);
#11206=DIRECTION('',(0,1,0));
#11207=DIRECTION('',(0.6246950475544244,0,0.7808688094430302));
#11208=FACE_BOUND('',#11209,.T.);
#11209=EDGE_LOOP('',(#11210,#11211,#11212));
#11210=ORIENTED_EDGE('',*,*,#11213,.T.);
#11211=ORIENTED_EDGE('',*,*,#11214,.T.);
#11212=ORIENTED_EDGE('',*,*,#11215,.T.);
#11213=EDGE_CURVE('',#9933,#9935,#11216,.F.);
#11214=EDGE_CURVE('',#9935,#9937,#11217,.T.);
#11215=EDGE_CURVE('',#9937,#9933,#11218,.T.);
#11216=LINE('',#9932,#11219);
#11217=LINE('',#9934,#11220);
#11218=LINE('',#9936,#11221);
#11219=VECTOR('',#11222,1.0);
#11220=VECTOR('',#11223,1.0);
#11221=VECTOR('',#11224,1.0);
#11222=DIRECTION('',(0.6246950475544244,0,0.7808688094430302));
#11223=DIRECTION('',(0,0,-1));
#11224=DIRECTION('',(-1,0,0));
#11225=STYLED_ITEM('',(#25),#11226);
#11226=FACE_SURFACE('',(#11231),#11227,.T.);
#11227=PLANE('',#11228);
#11228=AXIS2_PLACEMENT_3D('',#9938,#11229,#11230);
#11229=DIRECTION('',(0,0,-1));
#11230=DIRECTION('',(1,0,0));
#11231=FACE_BOUND('',#11232,.T.);
#11232=EDGE_LOOP('',(#11233,#11234,#11235));
#11233=ORIENTED_EDGE('',*,*,#11236,.T.);
#11234=ORIENTED_EDGE('',*,*,#11237,.T.);
#11235=ORIENTED_EDGE('',*,*,#11238,.T.);
#11236=EDGE_CURVE('',#9939,#9887,#11239,.F.);
#11237=EDGE_CURVE('',#9887,#9895,#11240,.T.);
#11238=EDGE_CURVE('',#9895,#9939,#11241,.T.);
#11239=LINE('',#9938,#11242);
#11240=LINE('',#9886,#11243);
#11241=LINE('',#9894,#11244);
#11242=VECTOR('',#11245,1.0);
#11243=VECTOR('',#11246,1.0);
#11244=VECTOR('',#11247,1.0);
#11245=DIRECTION('',(1,0,0));
#11246=DIRECTION('',(-0.9476810187845454,-0.31921886948532047,0));
#11247=DIRECTION('',(0,1,0));
#11248=STYLED_ITEM('',(#25),#11249);
#11249=FACE_SURFACE('',(#11254),#11250,.T.);
#11250=PLANE('',#11251);
#11251=AXIS2_PLACEMENT_3D('',#9852,#11252,#11253);
#11252=DIRECTION('',(0,0,-1));
#11253=DIRECTION('',(-0.8066748669146567,0.5909954814448424,0));
#11254=FACE_BOUND('',#11255,.T.);
#11255=EDGE_LOOP('',(#11256,#11257,#11258));
#11256=ORIENTED_EDGE('',*,*,#11259,.T.);
#11257=ORIENTED_EDGE('',*,*,#11260,.T.);
#11258=ORIENTED_EDGE('',*,*,#11261,.T.);
#11259=EDGE_CURVE('',#9853,#9895,#11262,.F.);
#11260=EDGE_CURVE('',#9895,#9901,#11263,.T.);
#11261=EDGE_CURVE('',#9901,#9853,#11264,.T.);
#11262=LINE('',#9852,#11265);
#11263=LINE('',#9894,#11266);
#11264=LINE('',#9900,#11267);
#11265=VECTOR('',#11268,1.0);
#11266=VECTOR('',#11269,1.0);
#11267=VECTOR('',#11270,1.0);
#11268=DIRECTION('',(-0.8066748669146567,0.5909954814448424,0));
#11269=DIRECTION('',(1,0,0));
#11270=DIRECTION('',(-0.8066748669146567,-0.5909954814448424,0));
#11271=STYLED_ITEM('',(#25),#11272);
#11272=FACE_SURFACE('',(#11277),#11273,.T.);
#11273=PLANE('',#11274);
#11274=AXIS2_PLACEMENT_3D('',#9900,#11275,#11276);
#11275=DIRECTION('',(0,0,-1));
#11276=DIRECTION('',(-1,0,0));
#11277=FACE_BOUND('',#11278,.T.);
#11278=EDGE_LOOP('',(#11279,#11280,#11281));
#11279=ORIENTED_EDGE('',*,*,#11282,.T.);
#11280=ORIENTED_EDGE('',*,*,#11283,.T.);
#11281=ORIENTED_EDGE('',*,*,#11284,.T.);
#11282=EDGE_CURVE('',#9901,#9895,#11285,.F.);
#11283=EDGE_CURVE('',#9895,#9887,#11286,.T.);
#11284=EDGE_CURVE('',#9887,#9901,#11287,.T.);
#11285=LINE('',#9900,#11288);
#11286=LINE('',#9894,#11289);
#11287=LINE('',#9886,#11290);
#11288=VECTOR('',#11291,1.0);
#11289=VECTOR('',#11292,1.0);
#11290=VECTOR('',#11293,1.0);
#11291=DIRECTION('',(-1,0,0));
#11292=DIRECTION('',(0.9476810187845454,0.31921886948532047,0));
#11293=DIRECTION('',(0,-1,0));
#11294=STYLED_ITEM('',(#25),#11295);
#11295=FACE_SURFACE('',(#11300),#11296,.T.);
#11296=PLANE('',#11297);
#11297=AXIS2_PLACEMENT_3D('',#9940,#11298,#11299);
#11298=DIRECTION('',(0,1,0));
#11299=DIRECTION('',(0,0,-1));
#11300=FACE_BOUND('',#11301,.T.);
#11301=EDGE_LOOP('',(#11302,#11303,#11304));
#11302=ORIENTED_EDGE('',*,*,#11305,.T.);
#11303=ORIENTED_EDGE('',*,*,#11306,.T.);
#11304=ORIENTED_EDGE('',*,*,#11307,.T.);
#11305=EDGE_CURVE('',#9941,#9943,#11308,.F.);
#11306=EDGE_CURVE('',#9943,#9945,#11309,.T.);
#11307=EDGE_CURVE('',#9945,#9941,#11310,.T.);
#11308=LINE('',#9940,#11311);
#11309=LINE('',#9942,#11312);
#11310=LINE('',#9944,#11313);
#11311=VECTOR('',#11314,1.0);
#11312=VECTOR('',#11315,1.0);
#11313=VECTOR('',#11316,1.0);
#11314=DIRECTION('',(0,0,-1));
#11315=DIRECTION('',(-0.6246950475544244,0,0.7808688094430302));
#11316=DIRECTION('',(1,0,0));
#11317=STYLED_ITEM('',(#25),#11318);
#11318=FACE_SURFACE('',(#11323),#11319,.T.);
#11319=PLANE('',#11320);
#11320=AXIS2_PLACEMENT_3D('',#9946,#11321,#11322);
#11321=DIRECTION('',(0,0,-1));
#11322=DIRECTION('',(0.8066748669146564,0.5909954814448427,0));
#11323=FACE_BOUND('',#11324,.T.);
#11324=EDGE_LOOP('',(#11325,#11326,#11327));
#11325=ORIENTED_EDGE('',*,*,#11328,.T.);
#11326=ORIENTED_EDGE('',*,*,#11329,.T.);
#11327=ORIENTED_EDGE('',*,*,#11330,.T.);
#11328=EDGE_CURVE('',#9947,#9915,#11331,.F.);
#11329=EDGE_CURVE('',#9915,#9949,#11332,.T.);
#11330=EDGE_CURVE('',#9949,#9947,#11333,.T.);
#11331=LINE('',#9946,#11334);
#11332=LINE('',#9914,#11335);
#11333=LINE('',#9948,#11336);
#11334=VECTOR('',#11337,1.0);
#11335=VECTOR('',#11338,1.0);
#11336=VECTOR('',#11339,1.0);
#11337=DIRECTION('',(0.8066748669146564,0.5909954814448427,0));
#11338=DIRECTION('',(-0.5909954814448433,-0.806674866914656,0));
#11339=DIRECTION('',(-0.7071067811865481,0.7071067811865468,0));
#11340=STYLED_ITEM('',(#25),#11341);
#11341=FACE_SURFACE('',(#11346),#11342,.T.);
#11342=PLANE('',#11343);
#11343=AXIS2_PLACEMENT_3D('',#9874,#11344,#11345);
#11344=DIRECTION('',(0,0,-1));
#11345=DIRECTION('',(-1,0,0));
#11346=FACE_BOUND('',#11347,.T.);
#11347=EDGE_LOOP('',(#11348,#11349,#11350));
#11348=ORIENTED_EDGE('',*,*,#11351,.T.);
#11349=ORIENTED_EDGE('',*,*,#11352,.T.);
#11350=ORIENTED_EDGE('',*,*,#11353,.T.);
#11351=EDGE_CURVE('',#9875,#9949,#11354,.F.);
#11352=EDGE_CURVE('',#9949,#9915,#11355,.T.);
#11353=EDGE_CURVE('',#9915,#9875,#11356,.T.);
#11354=LINE('',#9874,#11357);
#11355=LINE('',#9948,#11358);
#11356=LINE('',#9914,#11359);
#11357=VECTOR('',#11360,1.0);
#11358=VECTOR('',#11361,1.0);
#11359=VECTOR('',#11362,1.0);
#11360=DIRECTION('',(-1,0,0));
#11361=DIRECTION('',(0.5909954814448433,0.806674866914656,0));
#11362=DIRECTION('',(0.8149681286956482,-0.5795057801353783,0));
#11363=STYLED_ITEM('',(#25),#11364);
#11364=FACE_SURFACE('',(#11369),#11365,.T.);
#11365=PLANE('',#11366);
#11366=AXIS2_PLACEMENT_3D('',#9950,#11367,#11368);
#11367=DIRECTION('',(0,-0.7071067811865471,-0.7071067811865478));
#11368=DIRECTION('',(0.577350269189626,0.577350269189626,-0.5773502691896254));
#11369=FACE_BOUND('',#11370,.T.);
#11370=EDGE_LOOP('',(#11371,#11372,#11373));
#11371=ORIENTED_EDGE('',*,*,#11374,.T.);
#11372=ORIENTED_EDGE('',*,*,#11375,.T.);
#11373=ORIENTED_EDGE('',*,*,#11376,.T.);
#11374=EDGE_CURVE('',#9951,#9913,#11377,.F.);
#11375=EDGE_CURVE('',#9913,#9903,#11378,.T.);
#11376=EDGE_CURVE('',#9903,#9951,#11379,.T.);
#11377=LINE('',#9950,#11380);
#11378=LINE('',#9912,#11381);
#11379=LINE('',#9902,#11382);
#11380=VECTOR('',#11383,1.0);
#11381=VECTOR('',#11384,1.0);
#11382=VECTOR('',#11385,1.0);
#11383=DIRECTION('',(0.577350269189626,0.577350269189626,-0.5773502691896254));
#11384=DIRECTION('',(0.9045340337332906,-0.3015113445777641,0.3015113445777638));
#11385=DIRECTION('',(-1,0,0));
#11386=STYLED_ITEM('',(#25),#11387);
#11387=FACE_SURFACE('',(#11392),#11388,.T.);
#11388=PLANE('',#11389);
#11389=AXIS2_PLACEMENT_3D('',#9950,#11390,#11391);
#11390=DIRECTION('',(-0.7071067811865471,0,-0.7071067811865478));
#11391=DIRECTION('',(0,1,0));
#11392=FACE_BOUND('',#11393,.T.);
#11393=EDGE_LOOP('',(#11394,#11395,#11396));
#11394=ORIENTED_EDGE('',*,*,#11397,.T.);
#11395=ORIENTED_EDGE('',*,*,#11398,.T.);
#11396=ORIENTED_EDGE('',*,*,#11399,.T.);
#11397=EDGE_CURVE('',#9951,#9953,#11400,.F.);
#11398=EDGE_CURVE('',#9953,#9931,#11401,.T.);
#11399=EDGE_CURVE('',#9931,#9951,#11402,.T.);
#11400=LINE('',#9950,#11403);
#11401=LINE('',#9952,#11404);
#11402=LINE('',#9930,#11405);
#11403=VECTOR('',#11406,1.0);
#11404=VECTOR('',#11407,1.0);
#11405=VECTOR('',#11408,1.0);
#11406=DIRECTION('',(0,1,0));
#11407=DIRECTION('',(0.577350269189626,-0.577350269189626,-0.5773502691896254));
#11408=DIRECTION('',(-0.30151134457776363,-0.9045340337332909,0.30151134457776335));
#11409=STYLED_ITEM('',(#25),#11410);
#11410=FACE_SURFACE('',(#11415),#11411,.T.);
#11411=PLANE('',#11412);
#11412=AXIS2_PLACEMENT_3D('',#9950,#11413,#11414);
#11413=DIRECTION('',(-0.7071067811865472,0,-0.7071067811865478));
#11414=DIRECTION('',(0.30151134457776363,0.9045340337332909,-0.30151134457776335));
#11415=FACE_BOUND('',#11416,.T.);
#11416=EDGE_LOOP('',(#11417,#11418,#11419));
#11417=ORIENTED_EDGE('',*,*,#11420,.T.);
#11418=ORIENTED_EDGE('',*,*,#11421,.T.);
#11419=ORIENTED_EDGE('',*,*,#11422,.T.);
#11420=EDGE_CURVE('',#9951,#9931,#11423,.F.);
#11421=EDGE_CURVE('',#9931,#9913,#11424,.T.);
#11422=EDGE_CURVE('',#9913,#9951,#11425,.T.);
#11423=LINE('',#9950,#11426);
#11424=LINE('',#9930,#11427);
#11425=LINE('',#9912,#11428);
#11426=VECTOR('',#11429,1.0);
#11427=VECTOR('',#11430,1.0);
#11428=VECTOR('',#11431,1.0);
#11429=DIRECTION('',(0.30151134457776363,0.9045340337332909,-0.30151134457776335));
#11430=DIRECTION('',(0,-1,0));
#11431=DIRECTION('',(-0.577350269189626,-0.577350269189626,0.5773502691896254));
#11432=STYLED_ITEM('',(#25),#11433);
#11433=FACE_SURFACE('',(#11438),#11434,.T.);
#11434=PLANE('',#11435);
#11435=AXIS2_PLACEMENT_3D('',#9954,#11436,#11437);
#11436=DIRECTION('',(-0,1,0));
#11437=DIRECTION('',(1,0,0));
#11438=FACE_BOUND('',#11439,.T.);
#11439=EDGE_LOOP('',(#11440,#11441,#11442));
#11440=ORIENTED_EDGE('',*,*,#11443,.T.);
#11441=ORIENTED_EDGE('',*,*,#11444,.T.);
#11442=ORIENTED_EDGE('',*,*,#11445,.T.);
#11443=EDGE_CURVE('',#9955,#9957,#11446,.F.);
#11444=EDGE_CURVE('',#9957,#9959,#11447,.T.);
#11445=EDGE_CURVE('',#9959,#9955,#11448,.T.);
#11446=LINE('',#9954,#11449);
#11447=LINE('',#9956,#11450);
#11448=LINE('',#9958,#11451);
#11449=VECTOR('',#11452,1.0);
#11450=VECTOR('',#11453,1.0);
#11451=VECTOR('',#11454,1.0);
#11452=DIRECTION('',(1,0,0));
#11453=DIRECTION('',(0,0,-1));
#11454=DIRECTION('',(-0.21983912974654327,0,0.9755361382502867));
#11455=STYLED_ITEM('',(#25),#11456);
#11456=FACE_SURFACE('',(#11461),#11457,.T.);
#11457=PLANE('',#11458);
#11458=AXIS2_PLACEMENT_3D('',#9952,#11459,#11460);
#11459=DIRECTION('',(0,0.7071067811865471,-0.7071067811865478));
#11460=DIRECTION('',(1,0,0));
#11461=FACE_BOUND('',#11462,.T.);
#11462=EDGE_LOOP('',(#11463,#11464,#11465));
#11463=ORIENTED_EDGE('',*,*,#11466,.T.);
#11464=ORIENTED_EDGE('',*,*,#11467,.T.);
#11465=ORIENTED_EDGE('',*,*,#11468,.T.);
#11466=EDGE_CURVE('',#9953,#9909,#11469,.F.);
#11467=EDGE_CURVE('',#9909,#9931,#11470,.T.);
#11468=EDGE_CURVE('',#9931,#9953,#11471,.T.);
#11469=LINE('',#9952,#11472);
#11470=LINE('',#9908,#11473);
#11471=LINE('',#9930,#11474);
#11472=VECTOR('',#11475,1.0);
#11473=VECTOR('',#11476,1.0);
#11474=VECTOR('',#11477,1.0);
#11475=DIRECTION('',(1,0,0));
#11476=DIRECTION('',(-0.9045340337332906,-0.3015113445777641,-0.3015113445777638));
#11477=DIRECTION('',(-0.577350269189626,0.577350269189626,0.5773502691896254));
#11478=STYLED_ITEM('',(#25),#11479);
#11479=FACE_SURFACE('',(#11484),#11480,.T.);
#11480=PLANE('',#11481);
#11481=AXIS2_PLACEMENT_3D('',#9960,#11482,#11483);
#11482=DIRECTION('',(0,0,1));
#11483=DIRECTION('',(0.590995481444843,-0.8066748669146562,0));
#11484=FACE_BOUND('',#11485,.T.);
#11485=EDGE_LOOP('',(#11486,#11487,#11488));
#11486=ORIENTED_EDGE('',*,*,#11489,.T.);
#11487=ORIENTED_EDGE('',*,*,#11490,.T.);
#11488=ORIENTED_EDGE('',*,*,#11491,.T.);
#11489=EDGE_CURVE('',#9961,#9963,#11492,.F.);
#11490=EDGE_CURVE('',#9963,#9965,#11493,.T.);
#11491=EDGE_CURVE('',#9965,#9961,#11494,.T.);
#11492=LINE('',#9960,#11495);
#11493=LINE('',#9962,#11496);
#11494=LINE('',#9964,#11497);
#11495=VECTOR('',#11498,1.0);
#11496=VECTOR('',#11499,1.0);
#11497=VECTOR('',#11500,1.0);
#11498=DIRECTION('',(0.590995481444843,-0.8066748669146562,0));
#11499=DIRECTION('',(0.7071067811865488,0.7071067811865462,0));
#11500=DIRECTION('',(-0.8066748669146564,0.5909954814448427,0));
#11501=STYLED_ITEM('',(#25),#11502);
#11502=FACE_SURFACE('',(#11507),#11503,.T.);
#11503=PLANE('',#11504);
#11504=AXIS2_PLACEMENT_3D('',#9966,#11505,#11506);
#11505=DIRECTION('',(0.7071067811865515,0,0.7071067811865436));
#11506=DIRECTION('',(-0.5773502691896194,-0.5773502691896322,0.5773502691896257));
#11507=FACE_BOUND('',#11508,.T.);
#11508=EDGE_LOOP('',(#11509,#11510,#11511));
#11509=ORIENTED_EDGE('',*,*,#11512,.T.);
#11510=ORIENTED_EDGE('',*,*,#11513,.T.);
#11511=ORIENTED_EDGE('',*,*,#11514,.T.);
#11512=EDGE_CURVE('',#9967,#9969,#11515,.F.);
#11513=EDGE_CURVE('',#9969,#9971,#11516,.T.);
#11514=EDGE_CURVE('',#9971,#9967,#11517,.T.);
#11515=LINE('',#9966,#11518);
#11516=LINE('',#9968,#11519);
#11517=LINE('',#9970,#11520);
#11518=VECTOR('',#11521,1.0);
#11519=VECTOR('',#11522,1.0);
#11520=VECTOR('',#11523,1.0);
#11521=DIRECTION('',(-0.5773502691896194,-0.5773502691896322,0.5773502691896257));
#11522=DIRECTION('',(0,-1,0));
#11523=DIRECTION('',(0.3015113445777578,0.9045340337332936,-0.3015113445777612));
#11524=STYLED_ITEM('',(#25),#11525);
#11525=FACE_SURFACE('',(#11530),#11526,.T.);
#11526=PLANE('',#11527);
#11527=AXIS2_PLACEMENT_3D('',#9966,#11528,#11529);
#11528=DIRECTION('',(0.7071067811865515,0,0.7071067811865437));
#11529=DIRECTION('',(-0.3015113445777578,-0.9045340337332936,0.3015113445777612));
#11530=FACE_BOUND('',#11531,.T.);
#11531=EDGE_LOOP('',(#11532,#11533,#11534));
#11532=ORIENTED_EDGE('',*,*,#11535,.T.);
#11533=ORIENTED_EDGE('',*,*,#11536,.T.);
#11534=ORIENTED_EDGE('',*,*,#11537,.T.);
#11535=EDGE_CURVE('',#9967,#9971,#11538,.F.);
#11536=EDGE_CURVE('',#9971,#9911,#11539,.T.);
#11537=EDGE_CURVE('',#9911,#9967,#11540,.T.);
#11538=LINE('',#9966,#11541);
#11539=LINE('',#9970,#11542);
#11540=LINE('',#9910,#11543);
#11541=VECTOR('',#11544,1.0);
#11542=VECTOR('',#11545,1.0);
#11543=VECTOR('',#11546,1.0);
#11544=DIRECTION('',(-0.3015113445777578,-0.9045340337332936,0.3015113445777612));
#11545=DIRECTION('',(0.5773502691896194,-0.5773502691896322,-0.5773502691896257));
#11546=DIRECTION('',(0,1,0));
#11547=STYLED_ITEM('',(#25),#11548);
#11548=FACE_SURFACE('',(#11553),#11549,.T.);
#11549=PLANE('',#11550);
#11550=AXIS2_PLACEMENT_3D('',#9972,#11551,#11552);
#11551=DIRECTION('',(0,-1,0));
#11552=DIRECTION('',(0,0,1));
#11553=FACE_BOUND('',#11554,.T.);
#11554=EDGE_LOOP('',(#11555,#11556,#11557));
#11555=ORIENTED_EDGE('',*,*,#11558,.T.);
#11556=ORIENTED_EDGE('',*,*,#11559,.T.);
#11557=ORIENTED_EDGE('',*,*,#11560,.T.);
#11558=EDGE_CURVE('',#9973,#9877,#11561,.F.);
#11559=EDGE_CURVE('',#9877,#9975,#11562,.T.);
#11560=EDGE_CURVE('',#9975,#9973,#11563,.T.);
#11561=LINE('',#9972,#11564);
#11562=LINE('',#9876,#11565);
#11563=LINE('',#9974,#11566);
#11564=VECTOR('',#11567,1.0);
#11565=VECTOR('',#11568,1.0);
#11566=VECTOR('',#11569,1.0);
#11567=DIRECTION('',(0,0,1));
#11568=DIRECTION('',(-0.10893684089886684,0,-0.9940486732021603));
#11569=DIRECTION('',(1,0,0));
#11570=STYLED_ITEM('',(#25),#11571);
#11571=FACE_SURFACE('',(#11576),#11572,.T.);
#11572=PLANE('',#11573);
#11573=AXIS2_PLACEMENT_3D('',#9892,#11574,#11575);
#11574=DIRECTION('',(0,-1,0));
#11575=DIRECTION('',(1,0,0));
#11576=FACE_BOUND('',#11577,.T.);
#11577=EDGE_LOOP('',(#11578,#11579,#11580));
#11578=ORIENTED_EDGE('',*,*,#11581,.T.);
#11579=ORIENTED_EDGE('',*,*,#11582,.T.);
#11580=ORIENTED_EDGE('',*,*,#11583,.T.);
#11581=EDGE_CURVE('',#9893,#9897,#11584,.F.);
#11582=EDGE_CURVE('',#9897,#9851,#11585,.T.);
#11583=EDGE_CURVE('',#9851,#9893,#11586,.T.);
#11584=LINE('',#9892,#11587);
#11585=LINE('',#9896,#11588);
#11586=LINE('',#9850,#11589);
#11587=VECTOR('',#11590,1.0);
#11588=VECTOR('',#11591,1.0);
#11589=VECTOR('',#11592,1.0);
#11590=DIRECTION('',(1,0,0));
#11591=DIRECTION('',(0,0,1));
#11592=DIRECTION('',(-0.6246950475544244,0,-0.7808688094430302));
#11593=STYLED_ITEM('',(#25),#11594);
#11594=FACE_SURFACE('',(#11599),#11595,.T.);
#11595=PLANE('',#11596);
#11596=AXIS2_PLACEMENT_3D('',#9964,#11597,#11598);
#11597=DIRECTION('',(-0,0,1));
#11598=DIRECTION('',(0.7071067811865475,-0.7071067811865475,0));
#11599=FACE_BOUND('',#11600,.T.);
#11600=EDGE_LOOP('',(#11601,#11602,#11603));
#11601=ORIENTED_EDGE('',*,*,#11604,.T.);
#11602=ORIENTED_EDGE('',*,*,#11605,.T.);
#11603=ORIENTED_EDGE('',*,*,#11606,.T.);
#11604=EDGE_CURVE('',#9965,#9977,#11607,.F.);
#11605=EDGE_CURVE('',#9977,#9979,#11608,.T.);
#11606=EDGE_CURVE('',#9979,#9965,#11609,.T.);
#11607=LINE('',#9964,#11610);
#11608=LINE('',#9976,#11611);
#11609=LINE('',#9978,#11612);
#11610=VECTOR('',#11613,1.0);
#11611=VECTOR('',#11614,1.0);
#11612=VECTOR('',#11615,1.0);
#11613=DIRECTION('',(0.7071067811865475,-0.7071067811865475,0));
#11614=DIRECTION('',(0.5909954814448436,0.8066748669146558,0));
#11615=DIRECTION('',(-0.8066748669146564,-0.5909954814448427,0));
#11616=STYLED_ITEM('',(#25),#11617);
#11617=FACE_SURFACE('',(#11622),#11618,.T.);
#11618=PLANE('',#11619);
#11619=AXIS2_PLACEMENT_3D('',#9970,#11620,#11621);
#11620=DIRECTION('',(0,-0.7071067811865437,0.7071067811865515));
#11621=DIRECTION('',(-1,0,0));
#11622=FACE_BOUND('',#11623,.T.);
#11623=EDGE_LOOP('',(#11624,#11625,#11626));
#11624=ORIENTED_EDGE('',*,*,#11627,.T.);
#11625=ORIENTED_EDGE('',*,*,#11628,.T.);
#11626=ORIENTED_EDGE('',*,*,#11629,.T.);
#11627=EDGE_CURVE('',#9971,#9981,#11630,.F.);
#11628=EDGE_CURVE('',#9981,#9889,#11631,.T.);
#11629=EDGE_CURVE('',#9889,#9971,#11632,.T.);
#11630=LINE('',#9970,#11633);
#11631=LINE('',#9980,#11634);
#11632=LINE('',#9888,#11635);
#11633=VECTOR('',#11636,1.0);
#11634=VECTOR('',#11637,1.0);
#11635=VECTOR('',#11638,1.0);
#11636=DIRECTION('',(-1,0,0));
#11637=DIRECTION('',(-0.5773502691896278,-0.5773502691896278,-0.5773502691896215));
#11638=DIRECTION('',(0.9045340337332919,0.30151134457776396,0.30151134457776063));
#11639=STYLED_ITEM('',(#25),#11640);
#11640=FACE_SURFACE('',(#11645),#11641,.T.);
#11641=PLANE('',#11642);
#11642=AXIS2_PLACEMENT_3D('',#9970,#11643,#11644);
#11643=DIRECTION('',(0,-0.7071067811865437,0.7071067811865515));
#11644=DIRECTION('',(-0.9045340337332919,-0.30151134457776396,-0.30151134457776063));
#11645=FACE_BOUND('',#11646,.T.);
#11646=EDGE_LOOP('',(#11647,#11648,#11649));
#11647=ORIENTED_EDGE('',*,*,#11650,.T.);
#11648=ORIENTED_EDGE('',*,*,#11651,.T.);
#11649=ORIENTED_EDGE('',*,*,#11652,.T.);
#11650=EDGE_CURVE('',#9971,#9889,#11653,.F.);
#11651=EDGE_CURVE('',#9889,#9911,#11654,.T.);
#11652=EDGE_CURVE('',#9911,#9971,#11655,.T.);
#11653=LINE('',#9970,#11656);
#11654=LINE('',#9888,#11657);
#11655=LINE('',#9910,#11658);
#11656=VECTOR('',#11659,1.0);
#11657=VECTOR('',#11660,1.0);
#11658=VECTOR('',#11661,1.0);
#11659=DIRECTION('',(-0.9045340337332919,-0.30151134457776396,-0.30151134457776063));
#11660=DIRECTION('',(1,0,0));
#11661=DIRECTION('',(-0.5773502691896194,0.5773502691896322,0.5773502691896257));
#11662=STYLED_ITEM('',(#25),#11663);
#11663=FACE_SURFACE('',(#11668),#11664,.T.);
#11664=PLANE('',#11665);
#11665=AXIS2_PLACEMENT_3D('',#9934,#11666,#11667);
#11666=DIRECTION('',(0,1,0));
#11667=DIRECTION('',(-0.6246950475544244,0,-0.7808688094430302));
#11668=FACE_BOUND('',#11669,.T.);
#11669=EDGE_LOOP('',(#11670,#11671,#11672));
#11670=ORIENTED_EDGE('',*,*,#11673,.T.);
#11671=ORIENTED_EDGE('',*,*,#11674,.T.);
#11672=ORIENTED_EDGE('',*,*,#11675,.T.);
#11673=EDGE_CURVE('',#9935,#9933,#11676,.F.);
#11674=EDGE_CURVE('',#9933,#9983,#11677,.T.);
#11675=EDGE_CURVE('',#9983,#9935,#11678,.T.);
#11676=LINE('',#9934,#11679);
#11677=LINE('',#9932,#11680);
#11678=LINE('',#9982,#11681);
#11679=VECTOR('',#11682,1.0);
#11680=VECTOR('',#11683,1.0);
#11681=VECTOR('',#11684,1.0);
#11682=DIRECTION('',(-0.6246950475544244,0,-0.7808688094430302));
#11683=DIRECTION('',(0,0,1));
#11684=DIRECTION('',(1,0,0));
#11685=STYLED_ITEM('',(#25),#11686);
#11686=FACE_SURFACE('',(#11691),#11687,.T.);
#11687=PLANE('',#11688);
#11688=AXIS2_PLACEMENT_3D('',#9984,#11689,#11690);
#11689=DIRECTION('',(0,0,-1));
#11690=DIRECTION('',(-0.5909954814448432,0.8066748669146562,0));
#11691=FACE_BOUND('',#11692,.T.);
#11692=EDGE_LOOP('',(#11693,#11694,#11695));
#11693=ORIENTED_EDGE('',*,*,#11696,.T.);
#11694=ORIENTED_EDGE('',*,*,#11697,.T.);
#11695=ORIENTED_EDGE('',*,*,#11698,.T.);
#11696=EDGE_CURVE('',#9985,#9987,#11699,.F.);
#11697=EDGE_CURVE('',#9987,#9947,#11700,.T.);
#11698=EDGE_CURVE('',#9947,#9985,#11701,.T.);
#11699=LINE('',#9984,#11702);
#11700=LINE('',#9986,#11703);
#11701=LINE('',#9946,#11704);
#11702=VECTOR('',#11705,1.0);
#11703=VECTOR('',#11706,1.0);
#11704=VECTOR('',#11707,1.0);
#11705=DIRECTION('',(-0.5909954814448432,0.8066748669146562,0));
#11706=DIRECTION('',(0.8066748669146564,-0.5909954814448428,0));
#11707=DIRECTION('',(-0.7071067811865481,-0.7071067811865468,0));
#11708=STYLED_ITEM('',(#25),#11709);
#11709=FACE_SURFACE('',(#11714),#11710,.T.);
#11710=PLANE('',#11711);
#11711=AXIS2_PLACEMENT_3D('',#9988,#11712,#11713);
#11712=DIRECTION('',(0,-0,-1));
#11713=DIRECTION('',(0,-1,0));
#11714=FACE_BOUND('',#11715,.T.);
#11715=EDGE_LOOP('',(#11716,#11717,#11718));
#11716=ORIENTED_EDGE('',*,*,#11719,.T.);
#11717=ORIENTED_EDGE('',*,*,#11720,.T.);
#11718=ORIENTED_EDGE('',*,*,#11721,.T.);
#11719=EDGE_CURVE('',#9989,#9915,#11722,.F.);
#11720=EDGE_CURVE('',#9915,#9987,#11723,.T.);
#11721=EDGE_CURVE('',#9987,#9989,#11724,.T.);
#11722=LINE('',#9988,#11725);
#11723=LINE('',#9914,#11726);
#11724=LINE('',#9986,#11727);
#11725=VECTOR('',#11728,1.0);
#11726=VECTOR('',#11729,1.0);
#11727=VECTOR('',#11730,1.0);
#11728=DIRECTION('',(0,-1,0));
#11729=DIRECTION('',(-1,0,0));
#11730=DIRECTION('',(0.9476810187845452,0.31921886948532074,0));
#11731=STYLED_ITEM('',(#25),#11732);
#11732=FACE_SURFACE('',(#11737),#11733,.T.);
#11733=PLANE('',#11734);
#11734=AXIS2_PLACEMENT_3D('',#9866,#11735,#11736);
#11735=DIRECTION('',(0,-0,-1));
#11736=DIRECTION('',(0.5909954814448433,-0.806674866914656,0));
#11737=FACE_BOUND('',#11738,.T.);
#11738=EDGE_LOOP('',(#11739,#11740,#11741));
#11739=ORIENTED_EDGE('',*,*,#11742,.T.);
#11740=ORIENTED_EDGE('',*,*,#11743,.T.);
#11741=ORIENTED_EDGE('',*,*,#11744,.T.);
#11742=EDGE_CURVE('',#9867,#9989,#11745,.F.);
#11743=EDGE_CURVE('',#9989,#9991,#11746,.T.);
#11744=EDGE_CURVE('',#9991,#9867,#11747,.T.);
#11745=LINE('',#9866,#11748);
#11746=LINE('',#9988,#11749);
#11747=LINE('',#9990,#11750);
#11748=VECTOR('',#11751,1.0);
#11749=VECTOR('',#11752,1.0);
#11750=VECTOR('',#11753,1.0);
#11751=DIRECTION('',(0.5909954814448433,-0.806674866914656,0));
#11752=DIRECTION('',(-0.8066748669146564,0.5909954814448427,0));
#11753=DIRECTION('',(0.7071067811865481,0.7071067811865468,0));
#11754=STYLED_ITEM('',(#25),#11755);
#11755=FACE_SURFACE('',(#11760),#11756,.T.);
#11756=PLANE('',#11757);
#11757=AXIS2_PLACEMENT_3D('',#9946,#11758,#11759);
#11758=DIRECTION('',(0,0,-1));
#11759=DIRECTION('',(-0.8066748669146564,0.5909954814448428,0));
#11760=FACE_BOUND('',#11761,.T.);
#11761=EDGE_LOOP('',(#11762,#11763,#11764));
#11762=ORIENTED_EDGE('',*,*,#11765,.T.);
#11763=ORIENTED_EDGE('',*,*,#11766,.T.);
#11764=ORIENTED_EDGE('',*,*,#11767,.T.);
#11765=EDGE_CURVE('',#9947,#9987,#11768,.F.);
#11766=EDGE_CURVE('',#9987,#9915,#11769,.T.);
#11767=EDGE_CURVE('',#9915,#9947,#11770,.T.);
#11768=LINE('',#9946,#11771);
#11769=LINE('',#9986,#11772);
#11770=LINE('',#9914,#11773);
#11771=VECTOR('',#11774,1.0);
#11772=VECTOR('',#11775,1.0);
#11773=VECTOR('',#11776,1.0);
#11774=DIRECTION('',(-0.8066748669146564,0.5909954814448428,0));
#11775=DIRECTION('',(1,0,0));
#11776=DIRECTION('',(-0.8066748669146564,-0.5909954814448427,0));
#11777=STYLED_ITEM('',(#25),#11778);
#11778=FACE_SURFACE('',(#11783),#11779,.T.);
#11779=PLANE('',#11780);
#11780=AXIS2_PLACEMENT_3D('',#9914,#11781,#11782);
#11781=DIRECTION('',(-1,0,0));
#11782=DIRECTION('',(0,0.10893684089886697,-0.9940486732021603));
#11783=FACE_BOUND('',#11784,.T.);
#11784=EDGE_LOOP('',(#11785,#11786,#11787));
#11785=ORIENTED_EDGE('',*,*,#11788,.T.);
#11786=ORIENTED_EDGE('',*,*,#11789,.T.);
#11787=ORIENTED_EDGE('',*,*,#11790,.T.);
#11788=EDGE_CURVE('',#9915,#9993,#11791,.F.);
#11789=EDGE_CURVE('',#9993,#9975,#11792,.T.);
#11790=EDGE_CURVE('',#9975,#9915,#11793,.T.);
#11791=LINE('',#9914,#11794);
#11792=LINE('',#9992,#11795);
#11793=LINE('',#9974,#11796);
#11794=VECTOR('',#11797,1.0);
#11795=VECTOR('',#11798,1.0);
#11796=VECTOR('',#11799,1.0);
#11797=DIRECTION('',(0,0.10893684089886697,-0.9940486732021603));
#11798=DIRECTION('',(0,-1,0));
#11799=DIRECTION('',(0,0,1));
#11800=STYLED_ITEM('',(#25),#11801);
#11801=FACE_SURFACE('',(#11806),#11802,.T.);
#11802=PLANE('',#11803);
#11803=AXIS2_PLACEMENT_3D('',#9874,#11804,#11805);
#11804=DIRECTION('',(0.7071067811865462,-0.7071067811865488,0));
#11805=DIRECTION('',(0.7071067811865488,0.7071067811865462,0));
#11806=FACE_BOUND('',#11807,.T.);
#11807=EDGE_LOOP('',(#11808,#11809,#11810));
#11808=ORIENTED_EDGE('',*,*,#11811,.T.);
#11809=ORIENTED_EDGE('',*,*,#11812,.T.);
#11810=ORIENTED_EDGE('',*,*,#11813,.T.);
#11811=EDGE_CURVE('',#9875,#9873,#11814,.F.);
#11812=EDGE_CURVE('',#9873,#9963,#11815,.T.);
#11813=EDGE_CURVE('',#9963,#9875,#11816,.T.);
#11814=LINE('',#9874,#11817);
#11815=LINE('',#9872,#11818);
#11816=LINE('',#9962,#11819);
#11817=VECTOR('',#11820,1.0);
#11818=VECTOR('',#11821,1.0);
#11819=VECTOR('',#11822,1.0);
#11820=DIRECTION('',(0.7071067811865488,0.7071067811865462,0));
#11821=DIRECTION('',(-0.09901475429766764,-0.09901475429766729,0.9901475429766744));
#11822=DIRECTION('',(0,0,-1));
#11823=STYLED_ITEM('',(#25),#11824);
#11824=FACE_SURFACE('',(#11829),#11825,.T.);
#11825=PLANE('',#11826);
#11826=AXIS2_PLACEMENT_3D('',#9964,#11827,#11828);
#11827=DIRECTION('',(0.7071067811865462,-0.7071067811865488,0));
#11828=DIRECTION('',(-0.7071067811865488,-0.7071067811865462,0));
#11829=FACE_BOUND('',#11830,.T.);
#11830=EDGE_LOOP('',(#11831,#11832,#11833));
#11831=ORIENTED_EDGE('',*,*,#11834,.T.);
#11832=ORIENTED_EDGE('',*,*,#11835,.T.);
#11833=ORIENTED_EDGE('',*,*,#11836,.T.);
#11834=EDGE_CURVE('',#9965,#9963,#11837,.F.);
#11835=EDGE_CURVE('',#9963,#9873,#11838,.T.);
#11836=EDGE_CURVE('',#9873,#9965,#11839,.T.);
#11837=LINE('',#9964,#11840);
#11838=LINE('',#9962,#11841);
#11839=LINE('',#9872,#11842);
#11840=VECTOR('',#11843,1.0);
#11841=VECTOR('',#11844,1.0);
#11842=VECTOR('',#11845,1.0);
#11843=DIRECTION('',(-0.7071067811865488,-0.7071067811865462,0));
#11844=DIRECTION('',(0.09901475429766764,0.09901475429766729,-0.9901475429766744));
#11845=DIRECTION('',(0,0,1));
#11846=STYLED_ITEM('',(#25),#11847);
#11847=FACE_SURFACE('',(#11852),#11848,.T.);
#11848=PLANE('',#11849);
#11849=AXIS2_PLACEMENT_3D('',#9836,#11850,#11851);
#11850=DIRECTION('',(0,-1,0));
#11851=DIRECTION('',(0.6246950475544244,0,-0.7808688094430302));
#11852=FACE_BOUND('',#11853,.T.);
#11853=EDGE_LOOP('',(#11854,#11855,#11856));
#11854=ORIENTED_EDGE('',*,*,#11857,.T.);
#11855=ORIENTED_EDGE('',*,*,#11858,.T.);
#11856=ORIENTED_EDGE('',*,*,#11859,.T.);
#11857=EDGE_CURVE('',#9837,#9995,#11860,.F.);
#11858=EDGE_CURVE('',#9995,#9997,#11861,.T.);
#11859=EDGE_CURVE('',#9997,#9837,#11862,.T.);
#11860=LINE('',#9836,#11863);
#11861=LINE('',#9994,#11864);
#11862=LINE('',#9996,#11865);
#11863=VECTOR('',#11866,1.0);
#11864=VECTOR('',#11867,1.0);
#11865=VECTOR('',#11868,1.0);
#11866=DIRECTION('',(0.6246950475544244,0,-0.7808688094430302));
#11867=DIRECTION('',(0,0,1));
#11868=DIRECTION('',(-1,0,0));
#11869=STYLED_ITEM('',(#25),#11870);
#11870=FACE_SURFACE('',(#11875),#11871,.T.);
#11871=PLANE('',#11872);
#11872=AXIS2_PLACEMENT_3D('',#9998,#11873,#11874);
#11873=DIRECTION('',(1,0,-0));
#11874=DIRECTION('',(0,0,1));
#11875=FACE_BOUND('',#11876,.T.);
#11876=EDGE_LOOP('',(#11877,#11878,#11879));
#11877=ORIENTED_EDGE('',*,*,#11880,.T.);
#11878=ORIENTED_EDGE('',*,*,#11881,.T.);
#11879=ORIENTED_EDGE('',*,*,#11882,.T.);
#11880=EDGE_CURVE('',#9999,#10001,#11883,.F.);
#11881=EDGE_CURVE('',#10001,#10003,#11884,.T.);
#11882=EDGE_CURVE('',#10003,#9999,#11885,.T.);
#11883=LINE('',#9998,#11886);
#11884=LINE('',#10000,#11887);
#11885=LINE('',#10002,#11888);
#11886=VECTOR('',#11889,1.0);
#11887=VECTOR('',#11890,1.0);
#11888=VECTOR('',#11891,1.0);
#11889=DIRECTION('',(0,0,1));
#11890=DIRECTION('',(0,-1,0));
#11891=DIRECTION('',(0,0.10893684089886697,-0.9940486732021603));
#11892=STYLED_ITEM('',(#25),#11893);
#11893=FACE_SURFACE('',(#11898),#11894,.T.);
#11894=PLANE('',#11895);
#11895=AXIS2_PLACEMENT_3D('',#10004,#11896,#11897);
#11896=DIRECTION('',(-0.7071067811865469,0.7071067811865482,0));
#11897=DIRECTION('',(0,0,-1));
#11898=FACE_BOUND('',#11899,.T.);
#11899=EDGE_LOOP('',(#11900,#11901,#11902));
#11900=ORIENTED_EDGE('',*,*,#11903,.T.);
#11901=ORIENTED_EDGE('',*,*,#11904,.T.);
#11902=ORIENTED_EDGE('',*,*,#11905,.T.);
#11903=EDGE_CURVE('',#10005,#9867,#11906,.F.);
#11904=EDGE_CURVE('',#9867,#9991,#11907,.T.);
#11905=EDGE_CURVE('',#9991,#10005,#11908,.T.);
#11906=LINE('',#10004,#11909);
#11907=LINE('',#9866,#11910);
#11908=LINE('',#9990,#11911);
#11909=VECTOR('',#11912,1.0);
#11910=VECTOR('',#11913,1.0);
#11911=VECTOR('',#11914,1.0);
#11912=DIRECTION('',(0,0,-1));
#11913=DIRECTION('',(-0.7071067811865481,-0.7071067811865468,0));
#11914=DIRECTION('',(0.09901475429766747,0.09901475429766729,0.9901475429766744));
#11915=STYLED_ITEM('',(#25),#11916);
#11916=FACE_SURFACE('',(#11921),#11917,.T.);
#11917=PLANE('',#11918);
#11918=AXIS2_PLACEMENT_3D('',#10006,#11919,#11920);
#11919=DIRECTION('',(0.7071067811865482,0,-0.7071067811865468));
#11920=DIRECTION('',(0.577350269189625,0.5773502691896265,0.577350269189626));
#11921=FACE_BOUND('',#11922,.T.);
#11922=EDGE_LOOP('',(#11923,#11924,#11925));
#11923=ORIENTED_EDGE('',*,*,#11926,.T.);
#11924=ORIENTED_EDGE('',*,*,#11927,.T.);
#11925=ORIENTED_EDGE('',*,*,#11928,.T.);
#11926=EDGE_CURVE('',#10007,#10009,#11929,.F.);
#11927=EDGE_CURVE('',#10009,#9973,#11930,.T.);
#11928=EDGE_CURVE('',#9973,#10007,#11931,.T.);
#11929=LINE('',#10006,#11932);
#11930=LINE('',#10008,#11933);
#11931=LINE('',#9972,#11934);
#11932=VECTOR('',#11935,1.0);
#11933=VECTOR('',#11936,1.0);
#11934=VECTOR('',#11937,1.0);
#11935=DIRECTION('',(0.577350269189625,0.5773502691896265,0.577350269189626));
#11936=DIRECTION('',(0,-1,0));
#11937=DIRECTION('',(-0.30151134457776285,0.9045340337332911,-0.30151134457776346));
#11938=STYLED_ITEM('',(#25),#11939);
#11939=FACE_SURFACE('',(#11944),#11940,.T.);
#11940=PLANE('',#11941);
#11941=AXIS2_PLACEMENT_3D('',#10006,#11942,#11943);
#11942=DIRECTION('',(0.7071067811865482,0,-0.7071067811865469));
#11943=DIRECTION('',(0.30151134457776285,-0.9045340337332911,0.30151134457776346));
#11944=FACE_BOUND('',#11945,.T.);
#11945=EDGE_LOOP('',(#11946,#11947,#11948));
#11946=ORIENTED_EDGE('',*,*,#11949,.T.);
#11947=ORIENTED_EDGE('',*,*,#11950,.T.);
#11948=ORIENTED_EDGE('',*,*,#11951,.T.);
#11949=EDGE_CURVE('',#10007,#9973,#11952,.F.);
#11950=EDGE_CURVE('',#9973,#10011,#11953,.T.);
#11951=EDGE_CURVE('',#10011,#10007,#11954,.T.);
#11952=LINE('',#10006,#11955);
#11953=LINE('',#9972,#11956);
#11954=LINE('',#10010,#11957);
#11955=VECTOR('',#11958,1.0);
#11956=VECTOR('',#11959,1.0);
#11957=VECTOR('',#11960,1.0);
#11958=DIRECTION('',(0.30151134457776285,-0.9045340337332911,0.30151134457776346));
#11959=DIRECTION('',(-0.577350269189625,0.5773502691896265,-0.577350269189626));
#11960=DIRECTION('',(0,1,0));
#11961=STYLED_ITEM('',(#25),#11962);
#11962=FACE_SURFACE('',(#11967),#11963,.T.);
#11963=PLANE('',#11964);
#11964=AXIS2_PLACEMENT_3D('',#10012,#11965,#11966);
#11965=DIRECTION('',(-0.7071067811865437,0,0.7071067811865515));
#11966=DIRECTION('',(-0.5773502691896278,0.5773502691896278,-0.5773502691896215));
#11967=FACE_BOUND('',#11968,.T.);
#11968=EDGE_LOOP('',(#11969,#11970,#11971));
#11969=ORIENTED_EDGE('',*,*,#11972,.T.);
#11970=ORIENTED_EDGE('',*,*,#11973,.T.);
#11971=ORIENTED_EDGE('',*,*,#11974,.T.);
#11972=EDGE_CURVE('',#10013,#9891,#11975,.F.);
#11973=EDGE_CURVE('',#9891,#9889,#11976,.T.);
#11974=EDGE_CURVE('',#9889,#10013,#11977,.T.);
#11975=LINE('',#10012,#11978);
#11976=LINE('',#9890,#11979);
#11977=LINE('',#9888,#11980);
#11978=VECTOR('',#11981,1.0);
#11979=VECTOR('',#11982,1.0);
#11980=VECTOR('',#11983,1.0);
#11981=DIRECTION('',(-0.5773502691896278,0.5773502691896278,-0.5773502691896215));
#11982=DIRECTION('',(0,-1,0));
#11983=DIRECTION('',(0.30151134457776396,0.9045340337332919,0.30151134457776063));
#11984=STYLED_ITEM('',(#25),#11985);
#11985=FACE_SURFACE('',(#11990),#11986,.T.);
#11986=PLANE('',#11987);
#11987=AXIS2_PLACEMENT_3D('',#10012,#11988,#11989);
#11988=DIRECTION('',(-0.7071067811865437,0,0.7071067811865515));
#11989=DIRECTION('',(-0.30151134457776396,-0.9045340337332919,-0.30151134457776063));
#11990=FACE_BOUND('',#11991,.T.);
#11991=EDGE_LOOP('',(#11992,#11993,#11994));
#11992=ORIENTED_EDGE('',*,*,#11995,.T.);
#11993=ORIENTED_EDGE('',*,*,#11996,.T.);
#11994=ORIENTED_EDGE('',*,*,#11997,.T.);
#11995=EDGE_CURVE('',#10013,#9889,#11998,.F.);
#11996=EDGE_CURVE('',#9889,#9981,#11999,.T.);
#11997=EDGE_CURVE('',#9981,#10013,#12000,.T.);
#11998=LINE('',#10012,#12001);
#11999=LINE('',#9888,#12002);
#12000=LINE('',#9980,#12003);
#12001=VECTOR('',#12004,1.0);
#12002=VECTOR('',#12005,1.0);
#12003=VECTOR('',#12006,1.0);
#12004=DIRECTION('',(-0.30151134457776396,-0.9045340337332919,-0.30151134457776063));
#12005=DIRECTION('',(0.5773502691896278,0.5773502691896278,0.5773502691896215));
#12006=DIRECTION('',(0,1,0));
#12007=STYLED_ITEM('',(#25),#12008);
#12008=FACE_SURFACE('',(#12013),#12009,.T.);
#12009=PLANE('',#12010);
#12010=AXIS2_PLACEMENT_3D('',#9916,#12011,#12012);
#12011=DIRECTION('',(0,-1,0));
#12012=DIRECTION('',(0,0,1));
#12013=FACE_BOUND('',#12014,.T.);
#12014=EDGE_LOOP('',(#12015,#12016,#12017));
#12015=ORIENTED_EDGE('',*,*,#12018,.T.);
#12016=ORIENTED_EDGE('',*,*,#12019,.T.);
#12017=ORIENTED_EDGE('',*,*,#12020,.T.);
#12018=EDGE_CURVE('',#9917,#10015,#12021,.F.);
#12019=EDGE_CURVE('',#10015,#9919,#12022,.T.);
#12020=EDGE_CURVE('',#9919,#9917,#12023,.T.);
#12021=LINE('',#9916,#12024);
#12022=LINE('',#10014,#12025);
#12023=LINE('',#9918,#12026);
#12024=VECTOR('',#12027,1.0);
#12025=VECTOR('',#12028,1.0);
#12026=VECTOR('',#12029,1.0);
#12027=DIRECTION('',(0,0,1));
#12028=DIRECTION('',(-1,0,0));
#12029=DIRECTION('',(0.6246950475544244,0,-0.7808688094430302));
#12030=STYLED_ITEM('',(#25),#12031);
#12031=FACE_SURFACE('',(#12036),#12032,.T.);
#12032=PLANE('',#12033);
#12033=AXIS2_PLACEMENT_3D('',#9972,#12034,#12035);
#12034=DIRECTION('',(-0,-0.7071067811865471,-0.7071067811865478));
#12035=DIRECTION('',(-1,0,0));
#12036=FACE_BOUND('',#12037,.T.);
#12037=EDGE_LOOP('',(#12038,#12039,#12040));
#12038=ORIENTED_EDGE('',*,*,#12041,.T.);
#12039=ORIENTED_EDGE('',*,*,#12042,.T.);
#12040=ORIENTED_EDGE('',*,*,#12043,.T.);
#12041=EDGE_CURVE('',#9973,#9975,#12044,.F.);
#12042=EDGE_CURVE('',#9975,#10017,#12045,.T.);
#12043=EDGE_CURVE('',#10017,#9973,#12046,.T.);
#12044=LINE('',#9972,#12047);
#12045=LINE('',#9974,#12048);
#12046=LINE('',#10016,#12049);
#12047=VECTOR('',#12050,1.0);
#12048=VECTOR('',#12051,1.0);
#12049=VECTOR('',#12052,1.0);
#12050=DIRECTION('',(-1,0,0));
#12051=DIRECTION('',(0.577350269189625,0.5773502691896265,-0.577350269189626));
#12052=DIRECTION('',(0.9045340337332907,-0.30151134457776385,0.3015113445777636));
#12053=STYLED_ITEM('',(#25),#12054);
#12054=FACE_SURFACE('',(#12059),#12055,.T.);
#12055=PLANE('',#12056);
#12056=AXIS2_PLACEMENT_3D('',#9972,#12057,#12058);
#12057=DIRECTION('',(0,-0.7071067811865471,-0.7071067811865478));
#12058=DIRECTION('',(-0.9045340337332907,0.30151134457776385,-0.3015113445777636));
#12059=FACE_BOUND('',#12060,.T.);
#12060=EDGE_LOOP('',(#12061,#12062,#12063));
#12061=ORIENTED_EDGE('',*,*,#12064,.T.);
#12062=ORIENTED_EDGE('',*,*,#12065,.T.);
#12063=ORIENTED_EDGE('',*,*,#12066,.T.);
#12064=EDGE_CURVE('',#9973,#10017,#12067,.F.);
#12065=EDGE_CURVE('',#10017,#10011,#12068,.T.);
#12066=EDGE_CURVE('',#10011,#9973,#12069,.T.);
#12067=LINE('',#9972,#12070);
#12068=LINE('',#10016,#12071);
#12069=LINE('',#10010,#12072);
#12070=VECTOR('',#12073,1.0);
#12071=VECTOR('',#12074,1.0);
#12072=VECTOR('',#12075,1.0);
#12073=DIRECTION('',(-0.9045340337332907,0.30151134457776385,-0.3015113445777636));
#12074=DIRECTION('',(1,0,0));
#12075=DIRECTION('',(0.577350269189625,-0.5773502691896265,0.577350269189626));
#12076=STYLED_ITEM('',(#25),#12077);
#12077=FACE_SURFACE('',(#12082),#12078,.T.);
#12078=PLANE('',#12079);
#12079=AXIS2_PLACEMENT_3D('',#9966,#12080,#12081);
#12080=DIRECTION('',(0,0.7071067811865435,0.7071067811865513));
#12081=DIRECTION('',(-1,0,0));
#12082=FACE_BOUND('',#12083,.T.);
#12083=EDGE_LOOP('',(#12084,#12085,#12086));
#12084=ORIENTED_EDGE('',*,*,#12087,.T.);
#12085=ORIENTED_EDGE('',*,*,#12088,.T.);
#12086=ORIENTED_EDGE('',*,*,#12089,.T.);
#12087=EDGE_CURVE('',#9967,#9891,#12090,.F.);
#12088=EDGE_CURVE('',#9891,#10013,#12091,.T.);
#12089=EDGE_CURVE('',#10013,#9967,#12092,.T.);
#12090=LINE('',#9966,#12093);
#12091=LINE('',#9890,#12094);
#12092=LINE('',#10012,#12095);
#12093=VECTOR('',#12096,1.0);
#12094=VECTOR('',#12097,1.0);
#12095=VECTOR('',#12098,1.0);
#12096=DIRECTION('',(-1,0,0));
#12097=DIRECTION('',(0.5773502691896278,-0.5773502691896278,0.5773502691896215));
#12098=DIRECTION('',(0.9045340337332907,0.3015113445777658,-0.30151134457776246));
#12099=STYLED_ITEM('',(#25),#12100);
#12100=FACE_SURFACE('',(#12105),#12101,.T.);
#12101=PLANE('',#12102);
#12102=AXIS2_PLACEMENT_3D('',#9966,#12103,#12104);
#12103=DIRECTION('',(0,0.7071067811865437,0.7071067811865515));
#12104=DIRECTION('',(-0.9045340337332907,-0.3015113445777658,0.30151134457776246));
#12105=FACE_BOUND('',#12106,.T.);
#12106=EDGE_LOOP('',(#12107,#12108,#12109));
#12107=ORIENTED_EDGE('',*,*,#12110,.T.);
#12108=ORIENTED_EDGE('',*,*,#12111,.T.);
#12109=ORIENTED_EDGE('',*,*,#12112,.T.);
#12110=EDGE_CURVE('',#9967,#10013,#12113,.F.);
#12111=EDGE_CURVE('',#10013,#9969,#12114,.T.);
#12112=EDGE_CURVE('',#9969,#9967,#12115,.T.);
#12113=LINE('',#9966,#12116);
#12114=LINE('',#10012,#12117);
#12115=LINE('',#9968,#12118);
#12116=VECTOR('',#12119,1.0);
#12117=VECTOR('',#12120,1.0);
#12118=VECTOR('',#12121,1.0);
#12119=DIRECTION('',(-0.9045340337332907,-0.3015113445777658,0.30151134457776246));
#12120=DIRECTION('',(1,0,0));
#12121=DIRECTION('',(0.5773502691896194,0.5773502691896322,-0.5773502691896257));
#12122=STYLED_ITEM('',(#25),#12123);
#12123=FACE_SURFACE('',(#12128),#12124,.T.);
#12124=PLANE('',#12125);
#12125=AXIS2_PLACEMENT_3D('',#9914,#12126,#12127);
#12126=DIRECTION('',(-1,0,0));
#12127=DIRECTION('',(0,1,0));
#12128=FACE_BOUND('',#12129,.T.);
#12129=EDGE_LOOP('',(#12130,#12131,#12132));
#12130=ORIENTED_EDGE('',*,*,#12133,.T.);
#12131=ORIENTED_EDGE('',*,*,#12134,.T.);
#12132=ORIENTED_EDGE('',*,*,#12135,.T.);
#12133=EDGE_CURVE('',#9915,#9989,#12136,.F.);
#12134=EDGE_CURVE('',#9989,#9993,#12137,.T.);
#12135=EDGE_CURVE('',#9993,#9915,#12138,.T.);
#12136=LINE('',#9914,#12139);
#12137=LINE('',#9988,#12140);
#12138=LINE('',#9992,#12141);
#12139=VECTOR('',#12142,1.0);
#12140=VECTOR('',#12143,1.0);
#12141=VECTOR('',#12144,1.0);
#12142=DIRECTION('',(0,1,0));
#12143=DIRECTION('',(0,0,-1));
#12144=DIRECTION('',(0,-0.10893684089886697,0.9940486732021603));
#12145=STYLED_ITEM('',(#25),#12146);
#12146=FACE_SURFACE('',(#12151),#12147,.T.);
#12147=PLANE('',#12148);
#12148=AXIS2_PLACEMENT_3D('',#9870,#12149,#12150);
#12149=DIRECTION('',(0,0,-1));
#12150=DIRECTION('',(-1,0,0));
#12151=FACE_BOUND('',#12152,.T.);
#12152=EDGE_LOOP('',(#12153,#12154,#12155));
#12153=ORIENTED_EDGE('',*,*,#12156,.T.);
#12154=ORIENTED_EDGE('',*,*,#12157,.T.);
#12155=ORIENTED_EDGE('',*,*,#12158,.T.);
#12156=EDGE_CURVE('',#9871,#9989,#12159,.F.);
#12157=EDGE_CURVE('',#9989,#9867,#12160,.T.);
#12158=EDGE_CURVE('',#9867,#9871,#12161,.T.);
#12159=LINE('',#9870,#12162);
#12160=LINE('',#9988,#12163);
#12161=LINE('',#9866,#12164);
#12162=VECTOR('',#12165,1.0);
#12163=VECTOR('',#12166,1.0);
#12164=VECTOR('',#12167,1.0);
#12165=DIRECTION('',(-1,0,0));
#12166=DIRECTION('',(-0.5909954814448433,0.806674866914656,0));
#12167=DIRECTION('',(0.8149681286956483,-0.5795057801353782,0));
#12168=STYLED_ITEM('',(#25),#12169);
#12169=FACE_SURFACE('',(#12174),#12170,.T.);
#12170=PLANE('',#12171);
#12171=AXIS2_PLACEMENT_3D('',#9974,#12172,#12173);
#12172=DIRECTION('',(-0.7071067811865482,0,-0.7071067811865469));
#12173=DIRECTION('',(0,1,0));
#12174=FACE_BOUND('',#12175,.T.);
#12175=EDGE_LOOP('',(#12176,#12177,#12178));
#12176=ORIENTED_EDGE('',*,*,#12179,.T.);
#12177=ORIENTED_EDGE('',*,*,#12180,.T.);
#12178=ORIENTED_EDGE('',*,*,#12181,.T.);
#12179=EDGE_CURVE('',#9975,#9993,#12182,.F.);
#12180=EDGE_CURVE('',#9993,#10019,#12183,.T.);
#12181=EDGE_CURVE('',#10019,#9975,#12184,.T.);
#12182=LINE('',#9974,#12185);
#12183=LINE('',#9992,#12186);
#12184=LINE('',#10018,#12187);
#12185=VECTOR('',#12188,1.0);
#12186=VECTOR('',#12189,1.0);
#12187=VECTOR('',#12190,1.0);
#12188=DIRECTION('',(0,1,0));
#12189=DIRECTION('',(0.577350269189625,-0.5773502691896265,-0.577350269189626));
#12190=DIRECTION('',(-0.30151134457776285,-0.9045340337332911,0.30151134457776346));
#12191=STYLED_ITEM('',(#25),#12192);
#12192=FACE_SURFACE('',(#12197),#12193,.T.);
#12193=PLANE('',#12194);
#12194=AXIS2_PLACEMENT_3D('',#9974,#12195,#12196);
#12195=DIRECTION('',(-0.7071067811865482,0,-0.7071067811865469));
#12196=DIRECTION('',(0.30151134457776285,0.9045340337332911,-0.30151134457776346));
#12197=FACE_BOUND('',#12198,.T.);
#12198=EDGE_LOOP('',(#12199,#12200,#12201));
#12199=ORIENTED_EDGE('',*,*,#12202,.T.);
#12200=ORIENTED_EDGE('',*,*,#12203,.T.);
#12201=ORIENTED_EDGE('',*,*,#12204,.T.);
#12202=EDGE_CURVE('',#9975,#10019,#12205,.F.);
#12203=EDGE_CURVE('',#10019,#10017,#12206,.T.);
#12204=EDGE_CURVE('',#10017,#9975,#12207,.T.);
#12205=LINE('',#9974,#12208);
#12206=LINE('',#10018,#12209);
#12207=LINE('',#10016,#12210);
#12208=VECTOR('',#12211,1.0);
#12209=VECTOR('',#12212,1.0);
#12210=VECTOR('',#12213,1.0);
#12211=DIRECTION('',(0.30151134457776285,0.9045340337332911,-0.30151134457776346));
#12212=DIRECTION('',(0,-1,0));
#12213=DIRECTION('',(-0.577350269189625,-0.5773502691896265,0.577350269189626));
#12214=STYLED_ITEM('',(#25),#12215);
#12215=FACE_SURFACE('',(#12220),#12216,.T.);
#12216=PLANE('',#12217);
#12217=AXIS2_PLACEMENT_3D('',#9858,#12218,#12219);
#12218=DIRECTION('',(0,-1,0));
#12219=DIRECTION('',(1,0,0));
#12220=FACE_BOUND('',#12221,.T.);
#12221=EDGE_LOOP('',(#12222,#12223,#12224));
#12222=ORIENTED_EDGE('',*,*,#12225,.T.);
#12223=ORIENTED_EDGE('',*,*,#12226,.T.);
#12224=ORIENTED_EDGE('',*,*,#12227,.T.);
#12225=EDGE_CURVE('',#9859,#9995,#12228,.F.);
#12226=EDGE_CURVE('',#9995,#9837,#12229,.T.);
#12227=EDGE_CURVE('',#9837,#9859,#12230,.T.);
#12228=LINE('',#9858,#12231);
#12229=LINE('',#9994,#12232);
#12230=LINE('',#9836,#12233);
#12231=VECTOR('',#12234,1.0);
#12232=VECTOR('',#12235,1.0);
#12233=VECTOR('',#12236,1.0);
#12234=DIRECTION('',(1,0,0));
#12235=DIRECTION('',(-0.6246950475544244,0,0.7808688094430302));
#12236=DIRECTION('',(0,0,-1));
#12237=STYLED_ITEM('',(#25),#12238);
#12238=FACE_SURFACE('',(#12243),#12239,.T.);
#12239=PLANE('',#12240);
#12240=AXIS2_PLACEMENT_3D('',#9992,#12241,#12242);
#12241=DIRECTION('',(0,0.7071067811865471,-0.7071067811865478));
#12242=DIRECTION('',(1,0,0));
#12243=FACE_BOUND('',#12244,.T.);
#12244=EDGE_LOOP('',(#12245,#12246,#12247));
#12245=ORIENTED_EDGE('',*,*,#12248,.T.);
#12246=ORIENTED_EDGE('',*,*,#12249,.T.);
#12247=ORIENTED_EDGE('',*,*,#12250,.T.);
#12248=EDGE_CURVE('',#9993,#10009,#12251,.F.);
#12249=EDGE_CURVE('',#10009,#10007,#12252,.T.);
#12250=EDGE_CURVE('',#10007,#9993,#12253,.T.);
#12251=LINE('',#9992,#12254);
#12252=LINE('',#10008,#12255);
#12253=LINE('',#10006,#12256);
#12254=VECTOR('',#12257,1.0);
#12255=VECTOR('',#12258,1.0);
#12256=VECTOR('',#12259,1.0);
#12257=DIRECTION('',(1,0,0));
#12258=DIRECTION('',(-0.577350269189625,-0.5773502691896265,-0.577350269189626));
#12259=DIRECTION('',(-0.9045340337332907,0.30151134457776385,0.3015113445777636));
#12260=STYLED_ITEM('',(#25),#12261);
#12261=FACE_SURFACE('',(#12266),#12262,.T.);
#12262=PLANE('',#12263);
#12263=AXIS2_PLACEMENT_3D('',#9992,#12264,#12265);
#12264=DIRECTION('',(0,0.7071067811865471,-0.7071067811865478));
#12265=DIRECTION('',(0.9045340337332907,-0.30151134457776385,-0.3015113445777636));
#12266=FACE_BOUND('',#12267,.T.);
#12267=EDGE_LOOP('',(#12268,#12269,#12270));
#12268=ORIENTED_EDGE('',*,*,#12271,.T.);
#12269=ORIENTED_EDGE('',*,*,#12272,.T.);
#12270=ORIENTED_EDGE('',*,*,#12273,.T.);
#12271=EDGE_CURVE('',#9993,#10007,#12274,.F.);
#12272=EDGE_CURVE('',#10007,#10019,#12275,.T.);
#12273=EDGE_CURVE('',#10019,#9993,#12276,.T.);
#12274=LINE('',#9992,#12277);
#12275=LINE('',#10006,#12278);
#12276=LINE('',#10018,#12279);
#12277=VECTOR('',#12280,1.0);
#12278=VECTOR('',#12281,1.0);
#12279=VECTOR('',#12282,1.0);
#12280=DIRECTION('',(0.9045340337332907,-0.30151134457776385,-0.3015113445777636));
#12281=DIRECTION('',(-1,0,0));
#12282=DIRECTION('',(-0.577350269189625,0.5773502691896265,0.577350269189626));
#12283=STYLED_ITEM('',(#25),#12284);
#12284=FACE_SURFACE('',(#12289),#12285,.T.);
#12285=PLANE('',#12286);
#12286=AXIS2_PLACEMENT_3D('',#10020,#12287,#12288);
#12287=DIRECTION('',(0,0,1));
#12288=DIRECTION('',(1,0,0));
#12289=FACE_BOUND('',#12290,.T.);
#12290=EDGE_LOOP('',(#12291,#12292,#12293));
#12291=ORIENTED_EDGE('',*,*,#12294,.T.);
#12292=ORIENTED_EDGE('',*,*,#12295,.T.);
#12293=ORIENTED_EDGE('',*,*,#12296,.T.);
#12294=EDGE_CURVE('',#10021,#10023,#12297,.F.);
#12295=EDGE_CURVE('',#10023,#10025,#12298,.T.);
#12296=EDGE_CURVE('',#10025,#10021,#12299,.T.);
#12297=LINE('',#10020,#12300);
#12298=LINE('',#10022,#12301);
#12299=LINE('',#10024,#12302);
#12300=VECTOR('',#12303,1.0);
#12301=VECTOR('',#12304,1.0);
#12302=VECTOR('',#12305,1.0);
#12303=DIRECTION('',(1,0,0));
#12304=DIRECTION('',(0.590995481444843,0.8066748669146562,0));
#12305=DIRECTION('',(-0.8149681286956484,-0.5795057801353781,0));
#12306=STYLED_ITEM('',(#25),#12307);
#12307=FACE_SURFACE('',(#12312),#12308,.T.);
#12308=PLANE('',#12309);
#12309=AXIS2_PLACEMENT_3D('',#10026,#12310,#12311);
#12310=DIRECTION('',(0,0,1));
#12311=DIRECTION('',(-0.7071067811865475,0.7071067811865475,0));
#12312=FACE_BOUND('',#12313,.T.);
#12313=EDGE_LOOP('',(#12314,#12315,#12316));
#12314=ORIENTED_EDGE('',*,*,#12317,.T.);
#12315=ORIENTED_EDGE('',*,*,#12318,.T.);
#12316=ORIENTED_EDGE('',*,*,#12319,.T.);
#12317=EDGE_CURVE('',#10027,#10025,#12320,.F.);
#12318=EDGE_CURVE('',#10025,#10023,#12321,.T.);
#12319=EDGE_CURVE('',#10023,#10027,#12322,.T.);
#12320=LINE('',#10026,#12323);
#12321=LINE('',#10024,#12324);
#12322=LINE('',#10022,#12325);
#12323=VECTOR('',#12326,1.0);
#12324=VECTOR('',#12327,1.0);
#12325=VECTOR('',#12328,1.0);
#12326=DIRECTION('',(-0.7071067811865475,0.7071067811865475,0));
#12327=DIRECTION('',(-0.590995481444843,-0.8066748669146562,0));
#12328=DIRECTION('',(0.8066748669146562,0.590995481444843,0));
#12329=STYLED_ITEM('',(#25),#12330);
#12330=FACE_SURFACE('',(#12335),#12331,.T.);
#12331=PLANE('',#12332);
#12332=AXIS2_PLACEMENT_3D('',#9850,#12333,#12334);
#12333=DIRECTION('',(-0,-1,0));
#12334=DIRECTION('',(-1,0,0));
#12335=FACE_BOUND('',#12336,.T.);
#12336=EDGE_LOOP('',(#12337,#12338,#12339));
#12337=ORIENTED_EDGE('',*,*,#12340,.T.);
#12338=ORIENTED_EDGE('',*,*,#12341,.T.);
#12339=ORIENTED_EDGE('',*,*,#12342,.T.);
#12340=EDGE_CURVE('',#9851,#10029,#12343,.F.);
#12341=EDGE_CURVE('',#10029,#9893,#12344,.T.);
#12342=EDGE_CURVE('',#9893,#9851,#12345,.T.);
#12343=LINE('',#9850,#12346);
#12344=LINE('',#10028,#12347);
#12345=LINE('',#9892,#12348);
#12346=VECTOR('',#12349,1.0);
#12347=VECTOR('',#12350,1.0);
#12348=VECTOR('',#12351,1.0);
#12349=DIRECTION('',(-1,0,0));
#12350=DIRECTION('',(0,0,-1));
#12351=DIRECTION('',(0.6246950475544244,0,0.7808688094430302));
#12352=STYLED_ITEM('',(#25),#12353);
#12353=FACE_SURFACE('',(#12358),#12354,.T.);
#12354=PLANE('',#12355);
#12355=AXIS2_PLACEMENT_3D('',#10030,#12356,#12357);
#12356=DIRECTION('',(-0,0,1));
#12357=DIRECTION('',(0.8066748669146567,-0.5909954814448424,0));
#12358=FACE_BOUND('',#12359,.T.);
#12359=EDGE_LOOP('',(#12360,#12361,#12362));
#12360=ORIENTED_EDGE('',*,*,#12363,.T.);
#12361=ORIENTED_EDGE('',*,*,#12364,.T.);
#12362=ORIENTED_EDGE('',*,*,#12365,.T.);
#12363=EDGE_CURVE('',#10031,#10033,#12366,.F.);
#12364=EDGE_CURVE('',#10033,#9945,#12367,.T.);
#12365=EDGE_CURVE('',#9945,#10031,#12368,.T.);
#12366=LINE('',#10030,#12369);
#12367=LINE('',#10032,#12370);
#12368=LINE('',#9944,#12371);
#12369=VECTOR('',#12372,1.0);
#12370=VECTOR('',#12373,1.0);
#12371=VECTOR('',#12374,1.0);
#12372=DIRECTION('',(0.8066748669146567,-0.5909954814448424,0));
#12373=DIRECTION('',(-0.590995481444843,0.8066748669146562,0));
#12374=DIRECTION('',(-0.7071067811865499,-0.707106781186545,0));
#12375=STYLED_ITEM('',(#25),#12376);
#12376=FACE_SURFACE('',(#12381),#12377,.T.);
#12377=PLANE('',#12378);
#12378=AXIS2_PLACEMENT_3D('',#10030,#12379,#12380);
#12379=DIRECTION('',(0,0,1));
#12380=DIRECTION('',(-0.8066748669146562,-0.590995481444843,0));
#12381=FACE_BOUND('',#12382,.T.);
#12382=EDGE_LOOP('',(#12383,#12384,#12385));
#12383=ORIENTED_EDGE('',*,*,#12386,.T.);
#12384=ORIENTED_EDGE('',*,*,#12387,.T.);
#12385=ORIENTED_EDGE('',*,*,#12388,.T.);
#12386=EDGE_CURVE('',#10031,#10035,#12389,.F.);
#12387=EDGE_CURVE('',#10035,#10037,#12390,.T.);
#12388=EDGE_CURVE('',#10037,#10031,#12391,.T.);
#12389=LINE('',#10030,#12392);
#12390=LINE('',#10034,#12393);
#12391=LINE('',#10036,#12394);
#12392=VECTOR('',#12395,1.0);
#12393=VECTOR('',#12396,1.0);
#12394=VECTOR('',#12397,1.0);
#12395=DIRECTION('',(-0.8066748669146562,-0.590995481444843,0));
#12396=DIRECTION('',(0.5795057801353781,-0.8149681286956484,0));
#12397=DIRECTION('',(0,1,0));
#12398=STYLED_ITEM('',(#25),#12399);
#12399=FACE_SURFACE('',(#12404),#12400,.T.);
#12400=PLANE('',#12401);
#12401=AXIS2_PLACEMENT_3D('',#10036,#12402,#12403);
#12402=DIRECTION('',(0,0,1));
#12403=DIRECTION('',(0.5795057801353788,0.8149681286956478,0));
#12404=FACE_BOUND('',#12405,.T.);
#12405=EDGE_LOOP('',(#12406,#12407,#12408));
#12406=ORIENTED_EDGE('',*,*,#12409,.T.);
#12407=ORIENTED_EDGE('',*,*,#12410,.T.);
#12408=ORIENTED_EDGE('',*,*,#12411,.T.);
#12409=EDGE_CURVE('',#10037,#10033,#12412,.F.);
#12410=EDGE_CURVE('',#10033,#10031,#12413,.T.);
#12411=EDGE_CURVE('',#10031,#10037,#12414,.T.);
#12412=LINE('',#10036,#12415);
#12413=LINE('',#10032,#12416);
#12414=LINE('',#10030,#12417);
#12415=VECTOR('',#12418,1.0);
#12416=VECTOR('',#12419,1.0);
#12417=VECTOR('',#12420,1.0);
#12418=DIRECTION('',(0.5795057801353788,0.8149681286956478,0));
#12419=DIRECTION('',(-0.8066748669146567,0.5909954814448424,0));
#12420=DIRECTION('',(0,-1,0));
#12421=STYLED_ITEM('',(#25),#12422);
#12422=FACE_SURFACE('',(#12427),#12423,.T.);
#12423=PLANE('',#12424);
#12424=AXIS2_PLACEMENT_3D('',#10028,#12425,#12426);
#12425=DIRECTION('',(0,-0,1));
#12426=DIRECTION('',(0.590995481444843,0.8066748669146562,0));
#12427=FACE_BOUND('',#12428,.T.);
#12428=EDGE_LOOP('',(#12429,#12430,#12431));
#12429=ORIENTED_EDGE('',*,*,#12432,.T.);
#12430=ORIENTED_EDGE('',*,*,#12433,.T.);
#12431=ORIENTED_EDGE('',*,*,#12434,.T.);
#12432=EDGE_CURVE('',#10029,#10039,#12435,.F.);
#12433=EDGE_CURVE('',#10039,#10037,#12436,.T.);
#12434=EDGE_CURVE('',#10037,#10029,#12437,.T.);
#12435=LINE('',#10028,#12438);
#12436=LINE('',#10038,#12439);
#12437=LINE('',#10036,#12440);
#12438=VECTOR('',#12441,1.0);
#12439=VECTOR('',#12442,1.0);
#12440=VECTOR('',#12443,1.0);
#12441=DIRECTION('',(0.590995481444843,0.8066748669146562,0));
#12442=DIRECTION('',(-0.8066748669146567,-0.5909954814448424,0));
#12443=DIRECTION('',(0.7071067811865499,-0.707106781186545,0));
#12444=STYLED_ITEM('',(#25),#12445);
#12445=FACE_SURFACE('',(#12450),#12446,.T.);
#12446=PLANE('',#12447);
#12447=AXIS2_PLACEMENT_3D('',#10038,#12448,#12449);
#12448=DIRECTION('',(0,-0,1));
#12449=DIRECTION('',(0,1,0));
#12450=FACE_BOUND('',#12451,.T.);
#12451=EDGE_LOOP('',(#12452,#12453,#12454));
#12452=ORIENTED_EDGE('',*,*,#12455,.T.);
#12453=ORIENTED_EDGE('',*,*,#12456,.T.);
#12454=ORIENTED_EDGE('',*,*,#12457,.T.);
#12455=EDGE_CURVE('',#10039,#10033,#12458,.F.);
#12456=EDGE_CURVE('',#10033,#10037,#12459,.T.);
#12457=EDGE_CURVE('',#10037,#10039,#12460,.T.);
#12458=LINE('',#10038,#12461);
#12459=LINE('',#10032,#12462);
#12460=LINE('',#10036,#12463);
#12461=VECTOR('',#12464,1.0);
#12462=VECTOR('',#12465,1.0);
#12463=VECTOR('',#12466,1.0);
#12464=DIRECTION('',(0,1,0));
#12465=DIRECTION('',(-0.5795057801353788,-0.8149681286956478,0));
#12466=DIRECTION('',(0.8066748669146567,0.5909954814448424,0));
#12467=STYLED_ITEM('',(#25),#12468);
#12468=FACE_SURFACE('',(#12473),#12469,.T.);
#12469=PLANE('',#12470);
#12470=AXIS2_PLACEMENT_3D('',#9882,#12471,#12472);
#12471=DIRECTION('',(-0.7071067811865476,-0.7071067811865476,0));
#12472=DIRECTION('',(0,0,1));
#12473=FACE_BOUND('',#12474,.T.);
#12474=EDGE_LOOP('',(#12475,#12476,#12477));
#12475=ORIENTED_EDGE('',*,*,#12478,.T.);
#12476=ORIENTED_EDGE('',*,*,#12479,.T.);
#12477=ORIENTED_EDGE('',*,*,#12480,.T.);
#12478=EDGE_CURVE('',#9883,#9977,#12481,.F.);
#12479=EDGE_CURVE('',#9977,#9873,#12482,.T.);
#12480=EDGE_CURVE('',#9873,#9883,#12483,.T.);
#12481=LINE('',#9882,#12484);
#12482=LINE('',#9976,#12485);
#12483=LINE('',#9872,#12486);
#12484=VECTOR('',#12487,1.0);
#12485=VECTOR('',#12488,1.0);
#12486=VECTOR('',#12489,1.0);
#12487=DIRECTION('',(0,0,1));
#12488=DIRECTION('',(-0.09901475429766729,0.09901475429766729,-0.9901475429766744));
#12489=DIRECTION('',(0.7071067811865475,-0.7071067811865475,0));
#12490=STYLED_ITEM('',(#25),#12491);
#12491=FACE_SURFACE('',(#12496),#12492,.T.);
#12492=PLANE('',#12493);
#12493=AXIS2_PLACEMENT_3D('',#9964,#12494,#12495);
#12494=DIRECTION('',(-0.7071067811865476,-0.7071067811865476,-0));
#12495=DIRECTION('',(0,0,-1));
#12496=FACE_BOUND('',#12497,.T.);
#12497=EDGE_LOOP('',(#12498,#12499,#12500));
#12498=ORIENTED_EDGE('',*,*,#12501,.T.);
#12499=ORIENTED_EDGE('',*,*,#12502,.T.);
#12500=ORIENTED_EDGE('',*,*,#12503,.T.);
#12501=EDGE_CURVE('',#9965,#9873,#12504,.F.);
#12502=EDGE_CURVE('',#9873,#9977,#12505,.T.);
#12503=EDGE_CURVE('',#9977,#9965,#12506,.T.);
#12504=LINE('',#9964,#12507);
#12505=LINE('',#9872,#12508);
#12506=LINE('',#9976,#12509);
#12507=VECTOR('',#12510,1.0);
#12508=VECTOR('',#12511,1.0);
#12509=VECTOR('',#12512,1.0);
#12510=DIRECTION('',(0,0,-1));
#12511=DIRECTION('',(0.09901475429766729,-0.09901475429766729,0.9901475429766744));
#12512=DIRECTION('',(-0.7071067811865475,0.7071067811865475,0));
#12513=STYLED_ITEM('',(#25),#12514);
#12514=FACE_SURFACE('',(#12519),#12515,.T.);
#12515=PLANE('',#12516);
#12516=AXIS2_PLACEMENT_3D('',#10040,#12517,#12518);
#12517=DIRECTION('',(0.7071067811865476,0.7071067811865476,-0));
#12518=DIRECTION('',(0,0,1));
#12519=FACE_BOUND('',#12520,.T.);
#12520=EDGE_LOOP('',(#12521,#12522,#12523));
#12521=ORIENTED_EDGE('',*,*,#12524,.T.);
#12522=ORIENTED_EDGE('',*,*,#12525,.T.);
#12523=ORIENTED_EDGE('',*,*,#12526,.T.);
#12524=EDGE_CURVE('',#10041,#10025,#12527,.F.);
#12525=EDGE_CURVE('',#10025,#10027,#12528,.T.);
#12526=EDGE_CURVE('',#10027,#10041,#12529,.T.);
#12527=LINE('',#10040,#12530);
#12528=LINE('',#10024,#12531);
#12529=LINE('',#10026,#12532);
#12530=VECTOR('',#12533,1.0);
#12531=VECTOR('',#12534,1.0);
#12532=VECTOR('',#12535,1.0);
#12533=DIRECTION('',(0,0,1));
#12534=DIRECTION('',(0.7071067811865475,-0.7071067811865475,0));
#12535=DIRECTION('',(-0.09901475429766729,0.09901475429766729,-0.9901475429766744));
#12536=STYLED_ITEM('',(#25),#12537);
#12537=FACE_SURFACE('',(#12542),#12538,.T.);
#12538=PLANE('',#12539);
#12539=AXIS2_PLACEMENT_3D('',#10042,#12540,#12541);
#12540=DIRECTION('',(0,0,-1));
#12541=DIRECTION('',(0,1,0));
#12542=FACE_BOUND('',#12543,.T.);
#12543=EDGE_LOOP('',(#12544,#12545,#12546));
#12544=ORIENTED_EDGE('',*,*,#12547,.T.);
#12545=ORIENTED_EDGE('',*,*,#12548,.T.);
#12546=ORIENTED_EDGE('',*,*,#12549,.T.);
#12547=EDGE_CURVE('',#10043,#10045,#12550,.F.);
#12548=EDGE_CURVE('',#10045,#10047,#12551,.T.);
#12549=EDGE_CURVE('',#10047,#10043,#12552,.T.);
#12550=LINE('',#10042,#12553);
#12551=LINE('',#10044,#12554);
#12552=LINE('',#10046,#12555);
#12553=VECTOR('',#12556,1.0);
#12554=VECTOR('',#12557,1.0);
#12555=VECTOR('',#12558,1.0);
#12556=DIRECTION('',(0,1,0));
#12557=DIRECTION('',(0.8066748669146567,-0.5909954814448424,0));
#12558=DIRECTION('',(-0.5795057801353788,-0.8149681286956478,0));
#12559=STYLED_ITEM('',(#25),#12560);
#12560=FACE_SURFACE('',(#12565),#12561,.T.);
#12561=PLANE('',#12562);
#12562=AXIS2_PLACEMENT_3D('',#10046,#12563,#12564);
#12563=DIRECTION('',(0,-0,-1));
#12564=DIRECTION('',(0,-1,0));
#12565=FACE_BOUND('',#12566,.T.);
#12566=EDGE_LOOP('',(#12567,#12568,#12569));
#12567=ORIENTED_EDGE('',*,*,#12570,.T.);
#12568=ORIENTED_EDGE('',*,*,#12571,.T.);
#12569=ORIENTED_EDGE('',*,*,#12572,.T.);
#12570=EDGE_CURVE('',#10047,#10049,#12573,.F.);
#12571=EDGE_CURVE('',#10049,#10043,#12574,.T.);
#12572=EDGE_CURVE('',#10043,#10047,#12575,.T.);
#12573=LINE('',#10046,#12576);
#12574=LINE('',#10048,#12577);
#12575=LINE('',#10042,#12578);
#12576=VECTOR('',#12579,1.0);
#12577=VECTOR('',#12580,1.0);
#12578=VECTOR('',#12581,1.0);
#12579=DIRECTION('',(0,-1,0));
#12580=DIRECTION('',(-0.8066748669146567,-0.5909954814448424,0));
#12581=DIRECTION('',(0.5795057801353788,0.8149681286956478,0));
#12582=STYLED_ITEM('',(#25),#12583);
#12583=FACE_SURFACE('',(#12588),#12584,.T.);
#12584=PLANE('',#12585);
#12585=AXIS2_PLACEMENT_3D('',#10050,#12586,#12587);
#12586=DIRECTION('',(0,-0,-1));
#12587=DIRECTION('',(0.590995481444843,-0.8066748669146562,0));
#12588=FACE_BOUND('',#12589,.T.);
#12589=EDGE_LOOP('',(#12590,#12591,#12592));
#12590=ORIENTED_EDGE('',*,*,#12593,.T.);
#12591=ORIENTED_EDGE('',*,*,#12594,.T.);
#12592=ORIENTED_EDGE('',*,*,#12595,.T.);
#12593=EDGE_CURVE('',#10051,#10047,#12596,.F.);
#12594=EDGE_CURVE('',#10047,#10045,#12597,.T.);
#12595=EDGE_CURVE('',#10045,#10051,#12598,.T.);
#12596=LINE('',#10050,#12599);
#12597=LINE('',#10046,#12600);
#12598=LINE('',#10044,#12601);
#12599=VECTOR('',#12602,1.0);
#12600=VECTOR('',#12603,1.0);
#12601=VECTOR('',#12604,1.0);
#12602=DIRECTION('',(0.590995481444843,-0.8066748669146562,0));
#12603=DIRECTION('',(-0.8066748669146567,0.5909954814448424,0));
#12604=DIRECTION('',(0.7071067811865499,0.707106781186545,0));
#12605=STYLED_ITEM('',(#25),#12606);
#12606=FACE_SURFACE('',(#12611),#12607,.T.);
#12607=PLANE('',#12608);
#12608=AXIS2_PLACEMENT_3D('',#9892,#12609,#12610);
#12609=DIRECTION('',(0,0,-1));
#12610=DIRECTION('',(-0.7071067811865499,0.707106781186545,0));
#12611=FACE_BOUND('',#12612,.T.);
#12612=EDGE_LOOP('',(#12613,#12614,#12615));
#12613=ORIENTED_EDGE('',*,*,#12616,.T.);
#12614=ORIENTED_EDGE('',*,*,#12617,.T.);
#12615=ORIENTED_EDGE('',*,*,#12618,.T.);
#12616=EDGE_CURVE('',#9893,#10043,#12619,.F.);
#12617=EDGE_CURVE('',#10043,#10049,#12620,.T.);
#12618=EDGE_CURVE('',#10049,#9893,#12621,.T.);
#12619=LINE('',#9892,#12622);
#12620=LINE('',#10042,#12623);
#12621=LINE('',#10048,#12624);
#12622=VECTOR('',#12625,1.0);
#12623=VECTOR('',#12626,1.0);
#12624=VECTOR('',#12627,1.0);
#12625=DIRECTION('',(-0.7071067811865499,0.707106781186545,0));
#12626=DIRECTION('',(0.8066748669146567,0.5909954814448424,0));
#12627=DIRECTION('',(-0.590995481444843,-0.8066748669146562,0));
#12628=STYLED_ITEM('',(#25),#12629);
#12629=FACE_SURFACE('',(#12634),#12630,.T.);
#12630=PLANE('',#12631);
#12631=AXIS2_PLACEMENT_3D('',#10052,#12632,#12633);
#12632=DIRECTION('',(0,-1,0));
#12633=DIRECTION('',(1,0,0));
#12634=FACE_BOUND('',#12635,.T.);
#12635=EDGE_LOOP('',(#12636,#12637,#12638));
#12636=ORIENTED_EDGE('',*,*,#12639,.T.);
#12637=ORIENTED_EDGE('',*,*,#12640,.T.);
#12638=ORIENTED_EDGE('',*,*,#12641,.T.);
#12639=EDGE_CURVE('',#10053,#10055,#12642,.F.);
#12640=EDGE_CURVE('',#10055,#10057,#12643,.T.);
#12641=EDGE_CURVE('',#10057,#10053,#12644,.T.);
#12642=LINE('',#10052,#12645);
#12643=LINE('',#10054,#12646);
#12644=LINE('',#10056,#12647);
#12645=VECTOR('',#12648,1.0);
#12646=VECTOR('',#12649,1.0);
#12647=VECTOR('',#12650,1.0);
#12648=DIRECTION('',(1,0,0));
#12649=DIRECTION('',(-0.6246950475544244,0,0.7808688094430302));
#12650=DIRECTION('',(0,0,-1));
#12651=STYLED_ITEM('',(#25),#12652);
#12652=FACE_SURFACE('',(#12657),#12653,.T.);
#12653=PLANE('',#12654);
#12654=AXIS2_PLACEMENT_3D('',#10058,#12655,#12656);
#12655=DIRECTION('',(-0,-1,-0));
#12656=DIRECTION('',(-1,0,0));
#12657=FACE_BOUND('',#12658,.T.);
#12658=EDGE_LOOP('',(#12659,#12660,#12661));
#12659=ORIENTED_EDGE('',*,*,#12662,.T.);
#12660=ORIENTED_EDGE('',*,*,#12663,.T.);
#12661=ORIENTED_EDGE('',*,*,#12664,.T.);
#12662=EDGE_CURVE('',#10059,#10057,#12665,.F.);
#12663=EDGE_CURVE('',#10057,#10055,#12666,.T.);
#12664=EDGE_CURVE('',#10055,#10059,#12667,.T.);
#12665=LINE('',#10058,#12668);
#12666=LINE('',#10056,#12669);
#12667=LINE('',#10054,#12670);
#12668=VECTOR('',#12671,1.0);
#12669=VECTOR('',#12672,1.0);
#12670=VECTOR('',#12673,1.0);
#12671=DIRECTION('',(-1,0,0));
#12672=DIRECTION('',(0.6246950475544244,0,-0.7808688094430302));
#12673=DIRECTION('',(0,0,1));
#12674=STYLED_ITEM('',(#25),#12675);
#12675=FACE_SURFACE('',(#12680),#12676,.T.);
#12676=PLANE('',#12677);
#12677=AXIS2_PLACEMENT_3D('',#10036,#12678,#12679);
#12678=DIRECTION('',(0.7071067811865476,-0.7071067811865476,0));
#12679=DIRECTION('',(-0.7071067811865475,-0.7071067811865475,0));
#12680=FACE_BOUND('',#12681,.T.);
#12681=EDGE_LOOP('',(#12682,#12683,#12684));
#12682=ORIENTED_EDGE('',*,*,#12685,.T.);
#12683=ORIENTED_EDGE('',*,*,#12686,.T.);
#12684=ORIENTED_EDGE('',*,*,#12687,.T.);
#12685=EDGE_CURVE('',#10037,#10059,#12688,.F.);
#12686=EDGE_CURVE('',#10059,#10055,#12689,.T.);
#12687=EDGE_CURVE('',#10055,#10037,#12690,.T.);
#12688=LINE('',#10036,#12691);
#12689=LINE('',#10058,#12692);
#12690=LINE('',#10054,#12693);
#12691=VECTOR('',#12694,1.0);
#12692=VECTOR('',#12695,1.0);
#12693=VECTOR('',#12696,1.0);
#12694=DIRECTION('',(-0.7071067811865475,-0.7071067811865475,0));
#12695=DIRECTION('',(0,0,-1));
#12696=DIRECTION('',(0.09901475429766729,0.09901475429766729,0.9901475429766744));
#12697=STYLED_ITEM('',(#25),#12698);
#12698=FACE_SURFACE('',(#12703),#12699,.T.);
#12699=PLANE('',#12700);
#12700=AXIS2_PLACEMENT_3D('',#10036,#12701,#12702);
#12701=DIRECTION('',(0.7071067811865476,-0.7071067811865476,0));
#12702=DIRECTION('',(-0.09901475429766729,-0.09901475429766729,-0.9901475429766744));
#12703=FACE_BOUND('',#12704,.T.);
#12704=EDGE_LOOP('',(#12705,#12706,#12707));
#12705=ORIENTED_EDGE('',*,*,#12708,.T.);
#12706=ORIENTED_EDGE('',*,*,#12709,.T.);
#12707=ORIENTED_EDGE('',*,*,#12710,.T.);
#12708=EDGE_CURVE('',#10037,#10055,#12711,.F.);
#12709=EDGE_CURVE('',#10055,#10043,#12712,.T.);
#12710=EDGE_CURVE('',#10043,#10037,#12713,.T.);
#12711=LINE('',#10036,#12714);
#12712=LINE('',#10054,#12715);
#12713=LINE('',#10042,#12716);
#12714=VECTOR('',#12717,1.0);
#12715=VECTOR('',#12718,1.0);
#12716=VECTOR('',#12719,1.0);
#12717=DIRECTION('',(-0.09901475429766729,-0.09901475429766729,-0.9901475429766744));
#12718=DIRECTION('',(0.7071067811865475,0.7071067811865475,0));
#12719=DIRECTION('',(0,0,1));
#12720=STYLED_ITEM('',(#25),#12721);
#12721=FACE_SURFACE('',(#12726),#12722,.T.);
#12722=PLANE('',#12723);
#12723=AXIS2_PLACEMENT_3D('',#9866,#12724,#12725);
#12724=DIRECTION('',(0,1,0));
#12725=DIRECTION('',(0.6246950475544244,0,0.7808688094430303));
#12726=FACE_BOUND('',#12727,.T.);
#12727=EDGE_LOOP('',(#12728,#12729,#12730));
#12728=ORIENTED_EDGE('',*,*,#12731,.T.);
#12729=ORIENTED_EDGE('',*,*,#12732,.T.);
#12730=ORIENTED_EDGE('',*,*,#12733,.T.);
#12731=EDGE_CURVE('',#9867,#10061,#12734,.F.);
#12732=EDGE_CURVE('',#10061,#9869,#12735,.T.);
#12733=EDGE_CURVE('',#9869,#9867,#12736,.T.);
#12734=LINE('',#9866,#12737);
#12735=LINE('',#10060,#12738);
#12736=LINE('',#9868,#12739);
#12737=VECTOR('',#12740,1.0);
#12738=VECTOR('',#12741,1.0);
#12739=VECTOR('',#12742,1.0);
#12740=DIRECTION('',(0.6246950475544244,0,0.7808688094430303));
#12741=DIRECTION('',(0,0,-1));
#12742=DIRECTION('',(-1,0,0));
#12743=STYLED_ITEM('',(#25),#12744);
#12744=FACE_SURFACE('',(#12749),#12745,.T.);
#12745=PLANE('',#12746);
#12746=AXIS2_PLACEMENT_3D('',#9964,#12747,#12748);
#12747=DIRECTION('',(0,-0,1));
#12748=DIRECTION('',(0.8066748669146564,0.5909954814448427,0));
#12749=FACE_BOUND('',#12750,.T.);
#12750=EDGE_LOOP('',(#12751,#12752,#12753));
#12751=ORIENTED_EDGE('',*,*,#12754,.T.);
#12752=ORIENTED_EDGE('',*,*,#12755,.T.);
#12753=ORIENTED_EDGE('',*,*,#12756,.T.);
#12754=EDGE_CURVE('',#9965,#9979,#12757,.F.);
#12755=EDGE_CURVE('',#9979,#9961,#12758,.T.);
#12756=EDGE_CURVE('',#9961,#9965,#12759,.T.);
#12757=LINE('',#9964,#12760);
#12758=LINE('',#9978,#12761);
#12759=LINE('',#9960,#12762);
#12760=VECTOR('',#12763,1.0);
#12761=VECTOR('',#12764,1.0);
#12762=VECTOR('',#12765,1.0);
#12763=DIRECTION('',(0.8066748669146564,0.5909954814448427,0));
#12764=DIRECTION('',(-1,0,0));
#12765=DIRECTION('',(0.8066748669146564,-0.5909954814448427,0));
#12766=STYLED_ITEM('',(#25),#12767);
#12767=FACE_SURFACE('',(#12772),#12768,.T.);
#12768=PLANE('',#12769);
#12769=AXIS2_PLACEMENT_3D('',#10062,#12770,#12771);
#12770=DIRECTION('',(0,0,1));
#12771=DIRECTION('',(-0.9476810187845454,-0.31921886948532074,0));
#12772=FACE_BOUND('',#12773,.T.);
#12773=EDGE_LOOP('',(#12774,#12775,#12776));
#12774=ORIENTED_EDGE('',*,*,#12777,.T.);
#12775=ORIENTED_EDGE('',*,*,#12778,.T.);
#12776=ORIENTED_EDGE('',*,*,#12779,.T.);
#12777=EDGE_CURVE('',#10063,#9961,#12780,.F.);
#12778=EDGE_CURVE('',#9961,#9979,#12781,.T.);
#12779=EDGE_CURVE('',#9979,#10063,#12782,.T.);
#12780=LINE('',#10062,#12783);
#12781=LINE('',#9960,#12784);
#12782=LINE('',#9978,#12785);
#12783=VECTOR('',#12786,1.0);
#12784=VECTOR('',#12787,1.0);
#12785=VECTOR('',#12788,1.0);
#12786=DIRECTION('',(-0.9476810187845454,-0.31921886948532074,0));
#12787=DIRECTION('',(1,0,0));
#12788=DIRECTION('',(0,1,0));
#12789=STYLED_ITEM('',(#25),#12790);
#12790=FACE_SURFACE('',(#12795),#12791,.T.);
#12791=PLANE('',#12792);
#12792=AXIS2_PLACEMENT_3D('',#9892,#12793,#12794);
#12793=DIRECTION('',(-0.707106781186545,-0.70710678118655,0));
#12794=DIRECTION('',(0,0,1));
#12795=FACE_BOUND('',#12796,.T.);
#12796=EDGE_LOOP('',(#12797,#12798,#12799));
#12797=ORIENTED_EDGE('',*,*,#12800,.T.);
#12798=ORIENTED_EDGE('',*,*,#12801,.T.);
#12799=ORIENTED_EDGE('',*,*,#12802,.T.);
#12800=EDGE_CURVE('',#9893,#10029,#12803,.F.);
#12801=EDGE_CURVE('',#10029,#10037,#12804,.T.);
#12802=EDGE_CURVE('',#10037,#9893,#12805,.T.);
#12803=LINE('',#9892,#12806);
#12804=LINE('',#10028,#12807);
#12805=LINE('',#10036,#12808);
#12806=VECTOR('',#12809,1.0);
#12807=VECTOR('',#12810,1.0);
#12808=VECTOR('',#12811,1.0);
#12809=DIRECTION('',(0,0,1));
#12810=DIRECTION('',(-0.7071067811865499,0.707106781186545,0));
#12811=DIRECTION('',(0.09901475429766798,-0.09901475429766729,-0.9901475429766744));
#12812=STYLED_ITEM('',(#25),#12813);
#12813=FACE_SURFACE('',(#12818),#12814,.T.);
#12814=PLANE('',#12815);
#12815=AXIS2_PLACEMENT_3D('',#10064,#12816,#12817);
#12816=DIRECTION('',(0,-0,1));
#12817=DIRECTION('',(0.8066748669146562,0.590995481444843,0));
#12818=FACE_BOUND('',#12819,.T.);
#12819=EDGE_LOOP('',(#12820,#12821,#12822));
#12820=ORIENTED_EDGE('',*,*,#12823,.T.);
#12821=ORIENTED_EDGE('',*,*,#12824,.T.);
#12822=ORIENTED_EDGE('',*,*,#12825,.T.);
#12823=EDGE_CURVE('',#10065,#10067,#12826,.F.);
#12824=EDGE_CURVE('',#10067,#10069,#12827,.T.);
#12825=EDGE_CURVE('',#10069,#10065,#12828,.T.);
#12826=LINE('',#10064,#12829);
#12827=LINE('',#10066,#12830);
#12828=LINE('',#10068,#12831);
#12829=VECTOR('',#12832,1.0);
#12830=VECTOR('',#12833,1.0);
#12831=VECTOR('',#12834,1.0);
#12832=DIRECTION('',(0.8066748669146562,0.590995481444843,0));
#12833=DIRECTION('',(-1,0,0));
#12834=DIRECTION('',(0.8066748669146562,-0.590995481444843,0));
#12835=STYLED_ITEM('',(#25),#12836);
#12836=FACE_SURFACE('',(#12841),#12837,.T.);
#12837=PLANE('',#12838);
#12838=AXIS2_PLACEMENT_3D('',#10022,#12839,#12840);
#12839=DIRECTION('',(0,0,1));
#12840=DIRECTION('',(0,-1,0));
#12841=FACE_BOUND('',#12842,.T.);
#12842=EDGE_LOOP('',(#12843,#12844,#12845));
#12843=ORIENTED_EDGE('',*,*,#12846,.T.);
#12844=ORIENTED_EDGE('',*,*,#12847,.T.);
#12845=ORIENTED_EDGE('',*,*,#12848,.T.);
#12846=EDGE_CURVE('',#10023,#10069,#12849,.F.);
#12847=EDGE_CURVE('',#10069,#10067,#12850,.T.);
#12848=EDGE_CURVE('',#10067,#10023,#12851,.T.);
#12849=LINE('',#10022,#12852);
#12850=LINE('',#10068,#12853);
#12851=LINE('',#10066,#12854);
#12852=VECTOR('',#12855,1.0);
#12853=VECTOR('',#12856,1.0);
#12854=VECTOR('',#12857,1.0);
#12855=DIRECTION('',(0,-1,0));
#12856=DIRECTION('',(1,0,0));
#12857=DIRECTION('',(-0.9476810187845452,0.319218869485321,0));
#12858=STYLED_ITEM('',(#25),#12859);
#12859=FACE_SURFACE('',(#12864),#12860,.T.);
#12860=PLANE('',#12861);
#12861=AXIS2_PLACEMENT_3D('',#10070,#12862,#12863);
#12862=DIRECTION('',(0,-0,1));
#12863=DIRECTION('',(0.7071067811865475,0.7071067811865475,0));
#12864=FACE_BOUND('',#12865,.T.);
#12865=EDGE_LOOP('',(#12866,#12867,#12868));
#12866=ORIENTED_EDGE('',*,*,#12869,.T.);
#12867=ORIENTED_EDGE('',*,*,#12870,.T.);
#12868=ORIENTED_EDGE('',*,*,#12871,.T.);
#12869=EDGE_CURVE('',#10071,#10065,#12872,.F.);
#12870=EDGE_CURVE('',#10065,#10069,#12873,.T.);
#12871=EDGE_CURVE('',#10069,#10071,#12874,.T.);
#12872=LINE('',#10070,#12875);
#12873=LINE('',#10064,#12876);
#12874=LINE('',#10068,#12877);
#12875=VECTOR('',#12878,1.0);
#12876=VECTOR('',#12879,1.0);
#12877=VECTOR('',#12880,1.0);
#12878=DIRECTION('',(0.7071067811865475,0.7071067811865475,0));
#12879=DIRECTION('',(-0.8066748669146562,0.590995481444843,0));
#12880=DIRECTION('',(0.590995481444843,-0.8066748669146562,0));
#12881=STYLED_ITEM('',(#25),#12882);
#12882=FACE_SURFACE('',(#12887),#12883,.T.);
#12883=PLANE('',#12884);
#12884=AXIS2_PLACEMENT_3D('',#9892,#12885,#12886);
#12885=DIRECTION('',(-0.707106781186545,-0.70710678118655,0));
#12886=DIRECTION('',(-0.09901475429766798,0.09901475429766729,0.9901475429766744));
#12887=FACE_BOUND('',#12888,.T.);
#12888=EDGE_LOOP('',(#12889,#12890,#12891));
#12889=ORIENTED_EDGE('',*,*,#12892,.T.);
#12890=ORIENTED_EDGE('',*,*,#12893,.T.);
#12891=ORIENTED_EDGE('',*,*,#12894,.T.);
#12892=EDGE_CURVE('',#9893,#10037,#12895,.F.);
#12893=EDGE_CURVE('',#10037,#10043,#12896,.T.);
#12894=EDGE_CURVE('',#10043,#9893,#12897,.T.);
#12895=LINE('',#9892,#12898);
#12896=LINE('',#10036,#12899);
#12897=LINE('',#10042,#12900);
#12898=VECTOR('',#12901,1.0);
#12899=VECTOR('',#12902,1.0);
#12900=VECTOR('',#12903,1.0);
#12901=DIRECTION('',(-0.09901475429766798,0.09901475429766729,0.9901475429766744));
#12902=DIRECTION('',(0,0,-1));
#12903=DIRECTION('',(0.7071067811865499,-0.707106781186545,0));
#12904=STYLED_ITEM('',(#25),#12905);
#12905=FACE_SURFACE('',(#12910),#12906,.T.);
#12906=PLANE('',#12907);
#12907=AXIS2_PLACEMENT_3D('',#10030,#12908,#12909);
#12908=DIRECTION('',(0.7071067811865476,0.7071067811865476,0));
#12909=DIRECTION('',(-0.09901475429766729,0.09901475429766729,-0.9901475429766744));
#12910=FACE_BOUND('',#12911,.T.);
#12911=EDGE_LOOP('',(#12912,#12913,#12914));
#12912=ORIENTED_EDGE('',*,*,#12915,.T.);
#12913=ORIENTED_EDGE('',*,*,#12916,.T.);
#12914=ORIENTED_EDGE('',*,*,#12917,.T.);
#12915=EDGE_CURVE('',#10031,#9937,#12918,.F.);
#12916=EDGE_CURVE('',#9937,#9935,#12919,.T.);
#12917=EDGE_CURVE('',#9935,#10031,#12920,.T.);
#12918=LINE('',#10030,#12921);
#12919=LINE('',#9936,#12922);
#12920=LINE('',#9934,#12923);
#12921=VECTOR('',#12924,1.0);
#12922=VECTOR('',#12925,1.0);
#12923=VECTOR('',#12926,1.0);
#12924=DIRECTION('',(-0.09901475429766729,0.09901475429766729,-0.9901475429766744));
#12925=DIRECTION('',(0,0,1));
#12926=DIRECTION('',(0.7071067811865475,-0.7071067811865475,0));
#12927=STYLED_ITEM('',(#25),#12928);
#12928=FACE_SURFACE('',(#12933),#12929,.T.);
#12929=PLANE('',#12930);
#12930=AXIS2_PLACEMENT_3D('',#10070,#12931,#12932);
#12931=DIRECTION('',(0.7071067811865476,-0.7071067811865476,0));
#12932=DIRECTION('',(0,0,-1));
#12933=FACE_BOUND('',#12934,.T.);
#12934=EDGE_LOOP('',(#12935,#12936,#12937));
#12935=ORIENTED_EDGE('',*,*,#12938,.T.);
#12936=ORIENTED_EDGE('',*,*,#12939,.T.);
#12937=ORIENTED_EDGE('',*,*,#12940,.T.);
#12938=EDGE_CURVE('',#10071,#10073,#12941,.F.);
#12939=EDGE_CURVE('',#10073,#10065,#12942,.T.);
#12940=EDGE_CURVE('',#10065,#10071,#12943,.T.);
#12941=LINE('',#10070,#12944);
#12942=LINE('',#10072,#12945);
#12943=LINE('',#10064,#12946);
#12944=VECTOR('',#12947,1.0);
#12945=VECTOR('',#12948,1.0);
#12946=VECTOR('',#12949,1.0);
#12947=DIRECTION('',(0,0,-1));
#12948=DIRECTION('',(0.09901475429766729,0.09901475429766729,0.9901475429766744));
#12949=DIRECTION('',(-0.7071067811865475,-0.7071067811865475,0));
#12950=STYLED_ITEM('',(#25),#12951);
#12951=FACE_SURFACE('',(#12956),#12952,.T.);
#12952=PLANE('',#12953);
#12953=AXIS2_PLACEMENT_3D('',#10044,#12954,#12955);
#12954=DIRECTION('',(0.7071067811865476,0.7071067811865476,-0));
#12955=DIRECTION('',(-0.7071067811865475,0.7071067811865475,0));
#12956=FACE_BOUND('',#12957,.T.);
#12957=EDGE_LOOP('',(#12958,#12959,#12960));
#12958=ORIENTED_EDGE('',*,*,#12961,.T.);
#12959=ORIENTED_EDGE('',*,*,#12962,.T.);
#12960=ORIENTED_EDGE('',*,*,#12963,.T.);
#12961=EDGE_CURVE('',#10045,#9937,#12964,.F.);
#12962=EDGE_CURVE('',#9937,#10031,#12965,.T.);
#12963=EDGE_CURVE('',#10031,#10045,#12966,.T.);
#12964=LINE('',#10044,#12967);
#12965=LINE('',#9936,#12968);
#12966=LINE('',#10030,#12969);
#12967=VECTOR('',#12970,1.0);
#12968=VECTOR('',#12971,1.0);
#12969=VECTOR('',#12972,1.0);
#12970=DIRECTION('',(-0.7071067811865475,0.7071067811865475,0));
#12971=DIRECTION('',(0.09901475429766729,-0.09901475429766729,0.9901475429766744));
#12972=DIRECTION('',(0,0,-1));
#12973=STYLED_ITEM('',(#25),#12974);
#12974=FACE_SURFACE('',(#12979),#12975,.T.);
#12975=PLANE('',#12976);
#12976=AXIS2_PLACEMENT_3D('',#9944,#12977,#12978);
#12977=DIRECTION('',(-0.707106781186545,0.70710678118655,0));
#12978=DIRECTION('',(0,0,-1));
#12979=FACE_BOUND('',#12980,.T.);
#12980=EDGE_LOOP('',(#12981,#12982,#12983));
#12981=ORIENTED_EDGE('',*,*,#12984,.T.);
#12982=ORIENTED_EDGE('',*,*,#12985,.T.);
#12983=ORIENTED_EDGE('',*,*,#12986,.T.);
#12984=EDGE_CURVE('',#9945,#10051,#12987,.F.);
#12985=EDGE_CURVE('',#10051,#10031,#12988,.T.);
#12986=EDGE_CURVE('',#10031,#9945,#12989,.T.);
#12987=LINE('',#9944,#12990);
#12988=LINE('',#10050,#12991);
#12989=LINE('',#10030,#12992);
#12990=VECTOR('',#12993,1.0);
#12991=VECTOR('',#12994,1.0);
#12992=VECTOR('',#12995,1.0);
#12993=DIRECTION('',(0,0,-1));
#12994=DIRECTION('',(-0.09901475429766798,-0.09901475429766729,0.9901475429766744));
#12995=DIRECTION('',(0.7071067811865499,0.707106781186545,0));
#12996=STYLED_ITEM('',(#25),#12997);
#12997=FACE_SURFACE('',(#13002),#12998,.T.);
#12998=PLANE('',#12999);
#12999=AXIS2_PLACEMENT_3D('',#10022,#13000,#13001);
#13000=DIRECTION('',(1,0,0));
#13001=DIRECTION('',(0,-0.21983912974654354,0.9755361382502866));
#13002=FACE_BOUND('',#13003,.T.);
#13003=EDGE_LOOP('',(#13004,#13005,#13006));
#13004=ORIENTED_EDGE('',*,*,#13007,.T.);
#13005=ORIENTED_EDGE('',*,*,#13008,.T.);
#13006=ORIENTED_EDGE('',*,*,#13009,.T.);
#13007=EDGE_CURVE('',#10023,#10075,#13010,.F.);
#13008=EDGE_CURVE('',#10075,#10069,#13011,.T.);
#13009=EDGE_CURVE('',#10069,#10023,#13012,.T.);
#13010=LINE('',#10022,#13013);
#13011=LINE('',#10074,#13014);
#13012=LINE('',#10068,#13015);
#13013=VECTOR('',#13016,1.0);
#13014=VECTOR('',#13017,1.0);
#13015=VECTOR('',#13018,1.0);
#13016=DIRECTION('',(0,-0.21983912974654354,0.9755361382502866));
#13017=DIRECTION('',(0,0,-1));
#13018=DIRECTION('',(0,1,0));
#13019=STYLED_ITEM('',(#25),#13020);
#13020=FACE_SURFACE('',(#13025),#13021,.T.);
#13021=PLANE('',#13022);
#13022=AXIS2_PLACEMENT_3D('',#10032,#13023,#13024);
#13023=DIRECTION('',(-1,0,0));
#13024=DIRECTION('',(0,-1,0));
#13025=FACE_BOUND('',#13026,.T.);
#13026=EDGE_LOOP('',(#13027,#13028,#13029));
#13027=ORIENTED_EDGE('',*,*,#13030,.T.);
#13028=ORIENTED_EDGE('',*,*,#13031,.T.);
#13029=ORIENTED_EDGE('',*,*,#13032,.T.);
#13030=EDGE_CURVE('',#10033,#10039,#13033,.F.);
#13031=EDGE_CURVE('',#10039,#10077,#13034,.T.);
#13032=EDGE_CURVE('',#10077,#10033,#13035,.T.);
#13033=LINE('',#10032,#13036);
#13034=LINE('',#10038,#13037);
#13035=LINE('',#10076,#13038);
#13036=VECTOR('',#13039,1.0);
#13037=VECTOR('',#13040,1.0);
#13038=VECTOR('',#13041,1.0);
#13039=DIRECTION('',(0,-1,0));
#13040=DIRECTION('',(0,0,1));
#13041=DIRECTION('',(0,0.21983912974654354,-0.9755361382502866));
#13042=STYLED_ITEM('',(#25),#13043);
#13043=FACE_SURFACE('',(#13048),#13044,.T.);
#13044=PLANE('',#13045);
#13045=AXIS2_PLACEMENT_3D('',#10044,#13046,#13047);
#13046=DIRECTION('',(-0.707106781186545,0.70710678118655,0));
#13047=DIRECTION('',(0,0,1));
#13048=FACE_BOUND('',#13049,.T.);
#13049=EDGE_LOOP('',(#13050,#13051,#13052));
#13050=ORIENTED_EDGE('',*,*,#13053,.T.);
#13051=ORIENTED_EDGE('',*,*,#13054,.T.);
#13052=ORIENTED_EDGE('',*,*,#13055,.T.);
#13053=EDGE_CURVE('',#10045,#10031,#13056,.F.);
#13054=EDGE_CURVE('',#10031,#10051,#13057,.T.);
#13055=EDGE_CURVE('',#10051,#10045,#13058,.T.);
#13056=LINE('',#10044,#13059);
#13057=LINE('',#10030,#13060);
#13058=LINE('',#10050,#13061);
#13059=VECTOR('',#13062,1.0);
#13060=VECTOR('',#13063,1.0);
#13061=VECTOR('',#13064,1.0);
#13062=DIRECTION('',(0,0,1));
#13063=DIRECTION('',(0.09901475429766798,0.09901475429766729,-0.9901475429766744));
#13064=DIRECTION('',(-0.7071067811865499,-0.707106781186545,0));
#13065=STYLED_ITEM('',(#25),#13066);
#13066=FACE_SURFACE('',(#13071),#13067,.T.);
#13067=PLANE('',#13068);
#13068=AXIS2_PLACEMENT_3D('',#10078,#13069,#13070);
#13069=DIRECTION('',(-0,0,1));
#13070=DIRECTION('',(0.8149681286956482,-0.5795057801353783,0));
#13071=FACE_BOUND('',#13072,.T.);
#13072=EDGE_LOOP('',(#13073,#13074,#13075));
#13073=ORIENTED_EDGE('',*,*,#13076,.T.);
#13074=ORIENTED_EDGE('',*,*,#13077,.T.);
#13075=ORIENTED_EDGE('',*,*,#13078,.T.);
#13076=EDGE_CURVE('',#10079,#9963,#13079,.F.);
#13077=EDGE_CURVE('',#9963,#9961,#13080,.T.);
#13078=EDGE_CURVE('',#9961,#10079,#13081,.T.);
#13079=LINE('',#10078,#13082);
#13080=LINE('',#9962,#13083);
#13081=LINE('',#9960,#13084);
#13082=VECTOR('',#13085,1.0);
#13083=VECTOR('',#13086,1.0);
#13084=VECTOR('',#13087,1.0);
#13085=DIRECTION('',(0.8149681286956482,-0.5795057801353783,0));
#13086=DIRECTION('',(-0.590995481444843,0.8066748669146562,0));
#13087=DIRECTION('',(-1,0,0));
#13088=STYLED_ITEM('',(#25),#13089);
#13089=FACE_SURFACE('',(#13094),#13090,.T.);
#13090=PLANE('',#13091);
#13091=AXIS2_PLACEMENT_3D('',#10080,#13092,#13093);
#13092=DIRECTION('',(-0,0,1));
#13093=DIRECTION('',(0.8149681286956484,-0.5795057801353781,0));
#13094=FACE_BOUND('',#13095,.T.);
#13095=EDGE_LOOP('',(#13096,#13097,#13098));
#13096=ORIENTED_EDGE('',*,*,#13099,.T.);
#13097=ORIENTED_EDGE('',*,*,#13100,.T.);
#13098=ORIENTED_EDGE('',*,*,#13101,.T.);
#13099=EDGE_CURVE('',#10081,#10071,#13102,.F.);
#13100=EDGE_CURVE('',#10071,#10069,#13103,.T.);
#13101=EDGE_CURVE('',#10069,#10081,#13104,.T.);
#13102=LINE('',#10080,#13105);
#13103=LINE('',#10070,#13106);
#13104=LINE('',#10068,#13107);
#13105=VECTOR('',#13108,1.0);
#13106=VECTOR('',#13109,1.0);
#13107=VECTOR('',#13110,1.0);
#13108=DIRECTION('',(0.8149681286956484,-0.5795057801353781,0));
#13109=DIRECTION('',(-0.590995481444843,0.8066748669146562,0));
#13110=DIRECTION('',(-1,0,0));
#13111=STYLED_ITEM('',(#25),#13112);
#13112=FACE_SURFACE('',(#13117),#13113,.T.);
#13113=PLANE('',#13114);
#13114=AXIS2_PLACEMENT_3D('',#10082,#13115,#13116);
#13115=DIRECTION('',(-1,0,0));
#13116=DIRECTION('',(0,0,1));
#13117=FACE_BOUND('',#13118,.T.);
#13118=EDGE_LOOP('',(#13119,#13120,#13121));
#13119=ORIENTED_EDGE('',*,*,#13122,.T.);
#13120=ORIENTED_EDGE('',*,*,#13123,.T.);
#13121=ORIENTED_EDGE('',*,*,#13124,.T.);
#13122=EDGE_CURVE('',#10083,#10049,#13125,.F.);
#13123=EDGE_CURVE('',#10049,#10047,#13126,.T.);
#13124=EDGE_CURVE('',#10047,#10083,#13127,.T.);
#13125=LINE('',#10082,#13128);
#13126=LINE('',#10048,#13129);
#13127=LINE('',#10046,#13130);
#13128=VECTOR('',#13131,1.0);
#13129=VECTOR('',#13132,1.0);
#13130=VECTOR('',#13133,1.0);
#13131=DIRECTION('',(0,0,1));
#13132=DIRECTION('',(0,1,0));
#13133=DIRECTION('',(0,-0.10893684089886697,-0.9940486732021603));
#13134=STYLED_ITEM('',(#25),#13135);
#13135=FACE_SURFACE('',(#13140),#13136,.T.);
#13136=PLANE('',#13137);
#13137=AXIS2_PLACEMENT_3D('',#10082,#13138,#13139);
#13138=DIRECTION('',(-1,0,0));
#13139=DIRECTION('',(0,0.10893684089886697,0.9940486732021603));
#13140=FACE_BOUND('',#13141,.T.);
#13141=EDGE_LOOP('',(#13142,#13143,#13144));
#13142=ORIENTED_EDGE('',*,*,#13145,.T.);
#13143=ORIENTED_EDGE('',*,*,#13146,.T.);
#13144=ORIENTED_EDGE('',*,*,#13147,.T.);
#13145=EDGE_CURVE('',#10083,#10047,#13148,.F.);
#13146=EDGE_CURVE('',#10047,#10085,#13149,.T.);
#13147=EDGE_CURVE('',#10085,#10083,#13150,.T.);
#13148=LINE('',#10082,#13151);
#13149=LINE('',#10046,#13152);
#13150=LINE('',#10084,#13153);
#13151=VECTOR('',#13154,1.0);
#13152=VECTOR('',#13155,1.0);
#13153=VECTOR('',#13156,1.0);
#13154=DIRECTION('',(0,0.10893684089886697,0.9940486732021603));
#13155=DIRECTION('',(0,0,-1));
#13156=DIRECTION('',(0,-1,0));
#13157=STYLED_ITEM('',(#25),#13158);
#13158=FACE_SURFACE('',(#13163),#13159,.T.);
#13159=PLANE('',#13160);
#13160=AXIS2_PLACEMENT_3D('',#10080,#13161,#13162);
#13161=DIRECTION('',(0,-1,0));
#13162=DIRECTION('',(1,0,0));
#13163=FACE_BOUND('',#13164,.T.);
#13164=EDGE_LOOP('',(#13165,#13166,#13167));
#13165=ORIENTED_EDGE('',*,*,#13168,.T.);
#13166=ORIENTED_EDGE('',*,*,#13169,.T.);
#13167=ORIENTED_EDGE('',*,*,#13170,.T.);
#13168=EDGE_CURVE('',#10081,#10069,#13171,.F.);
#13169=EDGE_CURVE('',#10069,#10087,#13172,.T.);
#13170=EDGE_CURVE('',#10087,#10081,#13173,.T.);
#13171=LINE('',#10080,#13174);
#13172=LINE('',#10068,#13175);
#13173=LINE('',#10086,#13176);
#13174=VECTOR('',#13177,1.0);
#13175=VECTOR('',#13178,1.0);
#13176=VECTOR('',#13179,1.0);
#13177=DIRECTION('',(1,0,0));
#13178=DIRECTION('',(-0.21983912974654354,0,0.9755361382502866));
#13179=DIRECTION('',(0,0,-1));
#13180=STYLED_ITEM('',(#25),#13181);
#13181=FACE_SURFACE('',(#13186),#13182,.T.);
#13182=PLANE('',#13183);
#13183=AXIS2_PLACEMENT_3D('',#10074,#13184,#13185);
#13184=DIRECTION('',(-0,-1,-0));
#13185=DIRECTION('',(-1,0,0));
#13186=FACE_BOUND('',#13187,.T.);
#13187=EDGE_LOOP('',(#13188,#13189,#13190));
#13188=ORIENTED_EDGE('',*,*,#13191,.T.);
#13189=ORIENTED_EDGE('',*,*,#13192,.T.);
#13190=ORIENTED_EDGE('',*,*,#13193,.T.);
#13191=EDGE_CURVE('',#10075,#10087,#13194,.F.);
#13192=EDGE_CURVE('',#10087,#10069,#13195,.T.);
#13193=EDGE_CURVE('',#10069,#10075,#13196,.T.);
#13194=LINE('',#10074,#13197);
#13195=LINE('',#10086,#13198);
#13196=LINE('',#10068,#13199);
#13197=VECTOR('',#13200,1.0);
#13198=VECTOR('',#13201,1.0);
#13199=VECTOR('',#13202,1.0);
#13200=DIRECTION('',(-1,0,0));
#13201=DIRECTION('',(0.21983912974654354,0,-0.9755361382502866));
#13202=DIRECTION('',(0,0,1));
#13203=STYLED_ITEM('',(#25),#13204);
#13204=FACE_SURFACE('',(#13209),#13205,.T.);
#13205=PLANE('',#13206);
#13206=AXIS2_PLACEMENT_3D('',#10084,#13207,#13208);
#13207=DIRECTION('',(-0.7071067811865472,0,-0.7071067811865478));
#13208=DIRECTION('',(0.577350269189626,-0.577350269189626,-0.5773502691896254));
#13209=FACE_BOUND('',#13210,.T.);
#13210=EDGE_LOOP('',(#13211,#13212,#13213));
#13211=ORIENTED_EDGE('',*,*,#13214,.T.);
#13212=ORIENTED_EDGE('',*,*,#13215,.T.);
#13213=ORIENTED_EDGE('',*,*,#13216,.T.);
#13214=EDGE_CURVE('',#10085,#10089,#13217,.F.);
#13215=EDGE_CURVE('',#10089,#10091,#13218,.T.);
#13216=EDGE_CURVE('',#10091,#10085,#13219,.T.);
#13217=LINE('',#10084,#13220);
#13218=LINE('',#10088,#13221);
#13219=LINE('',#10090,#13222);
#13220=VECTOR('',#13223,1.0);
#13221=VECTOR('',#13224,1.0);
#13222=VECTOR('',#13225,1.0);
#13223=DIRECTION('',(0.577350269189626,-0.577350269189626,-0.5773502691896254));
#13224=DIRECTION('',(0,-1,0));
#13225=DIRECTION('',(-0.30151134457776363,0.9045340337332909,0.30151134457776335));
#13226=STYLED_ITEM('',(#25),#13227);
#13227=FACE_SURFACE('',(#13232),#13228,.T.);
#13228=PLANE('',#13229);
#13229=AXIS2_PLACEMENT_3D('',#10084,#13230,#13231);
#13230=DIRECTION('',(-0.7071067811865471,-0,-0.7071067811865478));
#13231=DIRECTION('',(0.30151134457776363,-0.9045340337332909,-0.30151134457776335));
#13232=FACE_BOUND('',#13233,.T.);
#13233=EDGE_LOOP('',(#13234,#13235,#13236));
#13234=ORIENTED_EDGE('',*,*,#13237,.T.);
#13235=ORIENTED_EDGE('',*,*,#13238,.T.);
#13236=ORIENTED_EDGE('',*,*,#13239,.T.);
#13237=EDGE_CURVE('',#10085,#10091,#13240,.F.);
#13238=EDGE_CURVE('',#10091,#10083,#13241,.T.);
#13239=EDGE_CURVE('',#10083,#10085,#13242,.T.);
#13240=LINE('',#10084,#13243);
#13241=LINE('',#10090,#13244);
#13242=LINE('',#10082,#13245);
#13243=VECTOR('',#13246,1.0);
#13244=VECTOR('',#13247,1.0);
#13245=VECTOR('',#13248,1.0);
#13246=DIRECTION('',(0.30151134457776363,-0.9045340337332909,-0.30151134457776335));
#13247=DIRECTION('',(-0.577350269189626,-0.577350269189626,0.5773502691896254));
#13248=DIRECTION('',(0,1,0));
#13249=STYLED_ITEM('',(#25),#13250);
#13250=FACE_SURFACE('',(#13255),#13251,.T.);
#13251=PLANE('',#13252);
#13252=AXIS2_PLACEMENT_3D('',#10020,#13253,#13254);
#13253=DIRECTION('',(0,0,1));
#13254=DIRECTION('',(-0.9476810187845454,-0.31921886948532074,0));
#13255=FACE_BOUND('',#13256,.T.);
#13256=EDGE_LOOP('',(#13257,#13258,#13259));
#13257=ORIENTED_EDGE('',*,*,#13260,.T.);
#13258=ORIENTED_EDGE('',*,*,#13261,.T.);
#13259=ORIENTED_EDGE('',*,*,#13262,.T.);
#13260=EDGE_CURVE('',#10021,#10093,#13263,.F.);
#13261=EDGE_CURVE('',#10093,#10081,#13264,.T.);
#13262=EDGE_CURVE('',#10081,#10021,#13265,.T.);
#13263=LINE('',#10020,#13266);
#13264=LINE('',#10092,#13267);
#13265=LINE('',#10080,#13268);
#13266=VECTOR('',#13269,1.0);
#13267=VECTOR('',#13270,1.0);
#13268=VECTOR('',#13271,1.0);
#13269=DIRECTION('',(-0.9476810187845454,-0.31921886948532074,0));
#13270=DIRECTION('',(1,0,0));
#13271=DIRECTION('',(0,1,0));
#13272=STYLED_ITEM('',(#25),#13273);
#13273=FACE_SURFACE('',(#13278),#13274,.T.);
#13274=PLANE('',#13275);
#13275=AXIS2_PLACEMENT_3D('',#10024,#13276,#13277);
#13276=DIRECTION('',(0,0,1));
#13277=DIRECTION('',(-1,0,0));
#13278=FACE_BOUND('',#13279,.T.);
#13279=EDGE_LOOP('',(#13280,#13281,#13282));
#13280=ORIENTED_EDGE('',*,*,#13283,.T.);
#13281=ORIENTED_EDGE('',*,*,#13284,.T.);
#13282=ORIENTED_EDGE('',*,*,#13285,.T.);
#13283=EDGE_CURVE('',#10025,#10095,#13286,.F.);
#13284=EDGE_CURVE('',#10095,#10021,#13287,.T.);
#13285=EDGE_CURVE('',#10021,#10025,#13288,.T.);
#13286=LINE('',#10024,#13289);
#13287=LINE('',#10094,#13290);
#13288=LINE('',#10020,#13291);
#13289=VECTOR('',#13292,1.0);
#13290=VECTOR('',#13293,1.0);
#13291=VECTOR('',#13294,1.0);
#13292=DIRECTION('',(-1,0,0));
#13293=DIRECTION('',(0.5909954814448436,-0.8066748669146558,0));
#13294=DIRECTION('',(0.8149681286956484,0.5795057801353781,0));
#13295=STYLED_ITEM('',(#25),#13296);
#13296=FACE_SURFACE('',(#13301),#13297,.T.);
#13297=PLANE('',#13298);
#13298=AXIS2_PLACEMENT_3D('',#10084,#13299,#13300);
#13299=DIRECTION('',(0,0.7071067811865472,-0.7071067811865478));
#13300=DIRECTION('',(0.9045340337332909,-0.30151134457776363,-0.30151134457776335));
#13301=FACE_BOUND('',#13302,.T.);
#13302=EDGE_LOOP('',(#13303,#13304,#13305));
#13303=ORIENTED_EDGE('',*,*,#13306,.T.);
#13304=ORIENTED_EDGE('',*,*,#13307,.T.);
#13305=ORIENTED_EDGE('',*,*,#13308,.T.);
#13306=EDGE_CURVE('',#10085,#10097,#13309,.F.);
#13307=EDGE_CURVE('',#10097,#10089,#13310,.T.);
#13308=EDGE_CURVE('',#10089,#10085,#13311,.T.);
#13309=LINE('',#10084,#13312);
#13310=LINE('',#10096,#13313);
#13311=LINE('',#10088,#13314);
#13312=VECTOR('',#13315,1.0);
#13313=VECTOR('',#13316,1.0);
#13314=VECTOR('',#13317,1.0);
#13315=DIRECTION('',(0.9045340337332909,-0.30151134457776363,-0.30151134457776335));
#13316=DIRECTION('',(-1,0,0));
#13317=DIRECTION('',(-0.577350269189626,0.577350269189626,0.5773502691896254));
#13318=STYLED_ITEM('',(#25),#13319);
#13319=FACE_SURFACE('',(#13324),#13320,.T.);
#13320=PLANE('',#13321);
#13321=AXIS2_PLACEMENT_3D('',#10040,#13322,#13323);
#13322=DIRECTION('',(0,1,-0));
#13323=DIRECTION('',(-1,0,0));
#13324=FACE_BOUND('',#13325,.T.);
#13325=EDGE_LOOP('',(#13326,#13327,#13328));
#13326=ORIENTED_EDGE('',*,*,#13329,.T.);
#13327=ORIENTED_EDGE('',*,*,#13330,.T.);
#13328=ORIENTED_EDGE('',*,*,#13331,.T.);
#13329=EDGE_CURVE('',#10041,#10099,#13332,.F.);
#13330=EDGE_CURVE('',#10099,#10025,#13333,.T.);
#13331=EDGE_CURVE('',#10025,#10041,#13334,.T.);
#13332=LINE('',#10040,#13335);
#13333=LINE('',#10098,#13336);
#13334=LINE('',#10024,#13337);
#13335=VECTOR('',#13338,1.0);
#13336=VECTOR('',#13339,1.0);
#13337=VECTOR('',#13340,1.0);
#13338=DIRECTION('',(-1,0,0));
#13339=DIRECTION('',(0.6246950475544245,0,0.78086880944303));
#13340=DIRECTION('',(0,0,-1));
#13341=STYLED_ITEM('',(#25),#13342);
#13342=FACE_SURFACE('',(#13347),#13343,.T.);
#13343=PLANE('',#13344);
#13344=AXIS2_PLACEMENT_3D('',#10094,#13345,#13346);
#13345=DIRECTION('',(-0,1,0));
#13346=DIRECTION('',(1,0,0));
#13347=FACE_BOUND('',#13348,.T.);
#13348=EDGE_LOOP('',(#13349,#13350,#13351));
#13349=ORIENTED_EDGE('',*,*,#13352,.T.);
#13350=ORIENTED_EDGE('',*,*,#13353,.T.);
#13351=ORIENTED_EDGE('',*,*,#13354,.T.);
#13352=EDGE_CURVE('',#10095,#10025,#13355,.F.);
#13353=EDGE_CURVE('',#10025,#10099,#13356,.T.);
#13354=EDGE_CURVE('',#10099,#10095,#13357,.T.);
#13355=LINE('',#10094,#13358);
#13356=LINE('',#10024,#13359);
#13357=LINE('',#10098,#13360);
#13358=VECTOR('',#13361,1.0);
#13359=VECTOR('',#13362,1.0);
#13360=VECTOR('',#13363,1.0);
#13361=DIRECTION('',(1,0,0));
#13362=DIRECTION('',(-0.6246950475544245,0,-0.78086880944303));
#13363=DIRECTION('',(0,0,1));
#13364=STYLED_ITEM('',(#25),#13365);
#13365=FACE_SURFACE('',(#13370),#13366,.T.);
#13366=PLANE('',#13367);
#13367=AXIS2_PLACEMENT_3D('',#10020,#13368,#13369);
#13368=DIRECTION('',(-1,0,0));
#13369=DIRECTION('',(0,-1,0));
#13370=FACE_BOUND('',#13371,.T.);
#13371=EDGE_LOOP('',(#13372,#13373,#13374));
#13372=ORIENTED_EDGE('',*,*,#13375,.T.);
#13373=ORIENTED_EDGE('',*,*,#13376,.T.);
#13374=ORIENTED_EDGE('',*,*,#13377,.T.);
#13375=EDGE_CURVE('',#10021,#10081,#13378,.F.);
#13376=EDGE_CURVE('',#10081,#10087,#13379,.T.);
#13377=EDGE_CURVE('',#10087,#10021,#13380,.T.);
#13378=LINE('',#10020,#13381);
#13379=LINE('',#10080,#13382);
#13380=LINE('',#10086,#13383);
#13381=VECTOR('',#13384,1.0);
#13382=VECTOR('',#13385,1.0);
#13383=VECTOR('',#13386,1.0);
#13384=DIRECTION('',(0,-1,0));
#13385=DIRECTION('',(0,0,1));
#13386=DIRECTION('',(0,0.21983912974654354,-0.9755361382502866));
#13387=STYLED_ITEM('',(#25),#13388);
#13388=FACE_SURFACE('',(#13393),#13389,.T.);
#13389=PLANE('',#13390);
#13390=AXIS2_PLACEMENT_3D('',#9892,#13391,#13392);
#13391=DIRECTION('',(0,0,-1));
#13392=DIRECTION('',(0.590995481444843,0.8066748669146562,0));
#13393=FACE_BOUND('',#13394,.T.);
#13394=EDGE_LOOP('',(#13395,#13396,#13397));
#13395=ORIENTED_EDGE('',*,*,#13398,.T.);
#13396=ORIENTED_EDGE('',*,*,#13399,.T.);
#13397=ORIENTED_EDGE('',*,*,#13400,.T.);
#13398=EDGE_CURVE('',#9893,#10049,#13401,.F.);
#13399=EDGE_CURVE('',#10049,#9895,#13402,.T.);
#13400=EDGE_CURVE('',#9895,#9893,#13403,.T.);
#13401=LINE('',#9892,#13404);
#13402=LINE('',#10048,#13405);
#13403=LINE('',#9894,#13406);
#13404=VECTOR('',#13407,1.0);
#13405=VECTOR('',#13408,1.0);
#13406=VECTOR('',#13409,1.0);
#13407=DIRECTION('',(0.590995481444843,0.8066748669146562,0));
#13408=DIRECTION('',(1,0,0));
#13409=DIRECTION('',(-0.8149681286956479,-0.5795057801353787,0));
#13410=STYLED_ITEM('',(#25),#13411);
#13411=FACE_SURFACE('',(#13416),#13412,.T.);
#13412=PLANE('',#13413);
#13413=AXIS2_PLACEMENT_3D('',#9962,#13414,#13415);
#13414=DIRECTION('',(0,0,1));
#13415=DIRECTION('',(-0.8149681286956482,0.5795057801353783,0));
#13416=FACE_BOUND('',#13417,.T.);
#13417=EDGE_LOOP('',(#13418,#13419,#13420));
#13418=ORIENTED_EDGE('',*,*,#13421,.T.);
#13419=ORIENTED_EDGE('',*,*,#13422,.T.);
#13420=ORIENTED_EDGE('',*,*,#13423,.T.);
#13421=EDGE_CURVE('',#9963,#10079,#13424,.F.);
#13422=EDGE_CURVE('',#10079,#10101,#13425,.T.);
#13423=EDGE_CURVE('',#10101,#9963,#13426,.T.);
#13424=LINE('',#9962,#13427);
#13425=LINE('',#10078,#13428);
#13426=LINE('',#10100,#13429);
#13427=VECTOR('',#13430,1.0);
#13428=VECTOR('',#13431,1.0);
#13429=VECTOR('',#13432,1.0);
#13430=DIRECTION('',(-0.8149681286956482,0.5795057801353783,0));
#13431=DIRECTION('',(-0.5909954814448433,-0.806674866914656,0));
#13432=DIRECTION('',(1,0,0));
#13433=STYLED_ITEM('',(#25),#13434);
#13434=FACE_SURFACE('',(#13439),#13435,.T.);
#13435=PLANE('',#13436);
#13436=AXIS2_PLACEMENT_3D('',#10102,#13437,#13438);
#13437=DIRECTION('',(-0,0,1));
#13438=DIRECTION('',(0.7071067811865481,-0.7071067811865468,0));
#13439=FACE_BOUND('',#13440,.T.);
#13440=EDGE_LOOP('',(#13441,#13442,#13443));
#13441=ORIENTED_EDGE('',*,*,#13444,.T.);
#13442=ORIENTED_EDGE('',*,*,#13445,.T.);
#13443=ORIENTED_EDGE('',*,*,#13446,.T.);
#13444=EDGE_CURVE('',#10103,#10101,#13447,.F.);
#13445=EDGE_CURVE('',#10101,#10079,#13448,.T.);
#13446=EDGE_CURVE('',#10079,#10103,#13449,.T.);
#13447=LINE('',#10102,#13450);
#13448=LINE('',#10100,#13451);
#13449=LINE('',#10078,#13452);
#13450=VECTOR('',#13453,1.0);
#13451=VECTOR('',#13454,1.0);
#13452=VECTOR('',#13455,1.0);
#13453=DIRECTION('',(0.7071067811865481,-0.7071067811865468,0));
#13454=DIRECTION('',(0.5909954814448433,0.806674866914656,0));
#13455=DIRECTION('',(-0.8066748669146564,-0.5909954814448427,0));
#13456=STYLED_ITEM('',(#25),#13457);
#13457=FACE_SURFACE('',(#13462),#13458,.T.);
#13458=PLANE('',#13459);
#13459=AXIS2_PLACEMENT_3D('',#10104,#13460,#13461);
#13460=DIRECTION('',(0,-0,1));
#13461=DIRECTION('',(0.7071067811865488,0.7071067811865462,0));
#13462=FACE_BOUND('',#13463,.T.);
#13463=EDGE_LOOP('',(#13464,#13465,#13466));
#13464=ORIENTED_EDGE('',*,*,#13467,.T.);
#13465=ORIENTED_EDGE('',*,*,#13468,.T.);
#13466=ORIENTED_EDGE('',*,*,#13469,.T.);
#13467=EDGE_CURVE('',#10105,#10107,#13470,.F.);
#13468=EDGE_CURVE('',#10107,#10093,#13471,.T.);
#13469=EDGE_CURVE('',#10093,#10105,#13472,.T.);
#13470=LINE('',#10104,#13473);
#13471=LINE('',#10106,#13474);
#13472=LINE('',#10092,#13475);
#13473=VECTOR('',#13476,1.0);
#13474=VECTOR('',#13477,1.0);
#13475=VECTOR('',#13478,1.0);
#13476=DIRECTION('',(0.7071067811865488,0.7071067811865462,0));
#13477=DIRECTION('',(-0.8066748669146564,0.5909954814448427,0));
#13478=DIRECTION('',(0.590995481444843,-0.8066748669146562,0));
#13479=STYLED_ITEM('',(#25),#13480);
#13480=FACE_SURFACE('',(#13485),#13481,.T.);
#13481=PLANE('',#13482);
#13482=AXIS2_PLACEMENT_3D('',#10082,#13483,#13484);
#13483=DIRECTION('',(0,-1,0));
#13484=DIRECTION('',(0.10893684089886668,0,0.9940486732021603));
#13485=FACE_BOUND('',#13486,.T.);
#13486=EDGE_LOOP('',(#13487,#13488,#13489));
#13487=ORIENTED_EDGE('',*,*,#13490,.T.);
#13488=ORIENTED_EDGE('',*,*,#13491,.T.);
#13489=ORIENTED_EDGE('',*,*,#13492,.T.);
#13490=EDGE_CURVE('',#10083,#9895,#13493,.F.);
#13491=EDGE_CURVE('',#9895,#10049,#13494,.T.);
#13492=EDGE_CURVE('',#10049,#10083,#13495,.T.);
#13493=LINE('',#10082,#13496);
#13494=LINE('',#9894,#13497);
#13495=LINE('',#10048,#13498);
#13496=VECTOR('',#13499,1.0);
#13497=VECTOR('',#13500,1.0);
#13498=VECTOR('',#13501,1.0);
#13499=DIRECTION('',(0.10893684089886668,0,0.9940486732021603));
#13500=DIRECTION('',(-1,0,0));
#13501=DIRECTION('',(0,0,-1));
#13502=STYLED_ITEM('',(#25),#13503);
#13503=FACE_SURFACE('',(#13508),#13504,.T.);
#13504=PLANE('',#13505);
#13505=AXIS2_PLACEMENT_3D('',#10108,#13506,#13507);
#13506=DIRECTION('',(-0,-0.7071067811865471,-0.7071067811865478));
#13507=DIRECTION('',(-0.9045340337332909,-0.30151134457776363,0.30151134457776335));
#13508=FACE_BOUND('',#13509,.T.);
#13509=EDGE_LOOP('',(#13510,#13511,#13512));
#13510=ORIENTED_EDGE('',*,*,#13513,.T.);
#13511=ORIENTED_EDGE('',*,*,#13514,.T.);
#13512=ORIENTED_EDGE('',*,*,#13515,.T.);
#13513=EDGE_CURVE('',#10109,#10083,#13516,.F.);
#13514=EDGE_CURVE('',#10083,#10091,#13517,.T.);
#13515=EDGE_CURVE('',#10091,#10109,#13518,.T.);
#13516=LINE('',#10108,#13519);
#13517=LINE('',#10082,#13520);
#13518=LINE('',#10090,#13521);
#13519=VECTOR('',#13522,1.0);
#13520=VECTOR('',#13523,1.0);
#13521=VECTOR('',#13524,1.0);
#13522=DIRECTION('',(-0.9045340337332909,-0.30151134457776363,0.30151134457776335));
#13523=DIRECTION('',(0.577350269189626,0.577350269189626,-0.5773502691896254));
#13524=DIRECTION('',(1,0,0));
#13525=STYLED_ITEM('',(#25),#13526);
#13526=FACE_SURFACE('',(#13531),#13527,.T.);
#13527=PLANE('',#13528);
#13528=AXIS2_PLACEMENT_3D('',#9984,#13529,#13530);
#13529=DIRECTION('',(0.7071067811865469,-0.7071067811865482,0));
#13530=DIRECTION('',(0.7071067811865481,0.7071067811865468,0));
#13531=FACE_BOUND('',#13532,.T.);
#13532=EDGE_LOOP('',(#13533,#13534,#13535));
#13533=ORIENTED_EDGE('',*,*,#13536,.T.);
#13534=ORIENTED_EDGE('',*,*,#13537,.T.);
#13535=ORIENTED_EDGE('',*,*,#13538,.T.);
#13536=EDGE_CURVE('',#9985,#9947,#13539,.F.);
#13537=EDGE_CURVE('',#9947,#10111,#13540,.T.);
#13538=EDGE_CURVE('',#10111,#9985,#13541,.T.);
#13539=LINE('',#9984,#13542);
#13540=LINE('',#9946,#13543);
#13541=LINE('',#10110,#13544);
#13542=VECTOR('',#13545,1.0);
#13543=VECTOR('',#13546,1.0);
#13544=VECTOR('',#13547,1.0);
#13545=DIRECTION('',(0.7071067811865481,0.7071067811865468,0));
#13546=DIRECTION('',(-0.09901475429766747,-0.09901475429766729,0.9901475429766744));
#13547=DIRECTION('',(0,0,-1));
#13548=STYLED_ITEM('',(#25),#13549);
#13549=FACE_SURFACE('',(#13554),#13550,.T.);
#13550=PLANE('',#13551);
#13551=AXIS2_PLACEMENT_3D('',#10102,#13552,#13553);
#13552=DIRECTION('',(0.7071067811865469,-0.7071067811865482,0));
#13553=DIRECTION('',(-0.7071067811865481,-0.7071067811865468,0));
#13554=FACE_BOUND('',#13555,.T.);
#13555=EDGE_LOOP('',(#13556,#13557,#13558));
#13556=ORIENTED_EDGE('',*,*,#13559,.T.);
#13557=ORIENTED_EDGE('',*,*,#13560,.T.);
#13558=ORIENTED_EDGE('',*,*,#13561,.T.);
#13559=EDGE_CURVE('',#10103,#10111,#13562,.F.);
#13560=EDGE_CURVE('',#10111,#9947,#13563,.T.);
#13561=EDGE_CURVE('',#9947,#10103,#13564,.T.);
#13562=LINE('',#10102,#13565);
#13563=LINE('',#10110,#13566);
#13564=LINE('',#9946,#13567);
#13565=VECTOR('',#13568,1.0);
#13566=VECTOR('',#13569,1.0);
#13567=VECTOR('',#13570,1.0);
#13568=DIRECTION('',(-0.7071067811865481,-0.7071067811865468,0));
#13569=DIRECTION('',(0.09901475429766747,0.09901475429766729,-0.9901475429766744));
#13570=DIRECTION('',(0,0,1));
#13571=STYLED_ITEM('',(#25),#13572);
#13572=FACE_SURFACE('',(#13577),#13573,.T.);
#13573=PLANE('',#13574);
#13574=AXIS2_PLACEMENT_3D('',#10112,#13575,#13576);
#13575=DIRECTION('',(0,0,1));
#13576=DIRECTION('',(0.8066748669146564,0.5909954814448427,0));
#13577=FACE_BOUND('',#13578,.T.);
#13578=EDGE_LOOP('',(#13579,#13580,#13581));
#13579=ORIENTED_EDGE('',*,*,#13582,.T.);
#13580=ORIENTED_EDGE('',*,*,#13583,.T.);
#13581=ORIENTED_EDGE('',*,*,#13584,.T.);
#13582=EDGE_CURVE('',#10113,#10115,#13585,.F.);
#13583=EDGE_CURVE('',#10115,#10117,#13586,.T.);
#13584=EDGE_CURVE('',#10117,#10113,#13587,.T.);
#13585=LINE('',#10112,#13588);
#13586=LINE('',#10114,#13589);
#13587=LINE('',#10116,#13590);
#13588=VECTOR('',#13591,1.0);
#13589=VECTOR('',#13592,1.0);
#13590=VECTOR('',#13593,1.0);
#13591=DIRECTION('',(0.8066748669146564,0.5909954814448427,0));
#13592=DIRECTION('',(-0.7071067811865488,0.7071067811865462,0));
#13593=DIRECTION('',(-0.590995481444843,-0.8066748669146562,0));
#13594=STYLED_ITEM('',(#25),#13595);
#13595=FACE_SURFACE('',(#13600),#13596,.T.);
#13596=PLANE('',#13597);
#13597=AXIS2_PLACEMENT_3D('',#9998,#13598,#13599);
#13598=DIRECTION('',(1,0,0));
#13599=DIRECTION('',(0,-0.10893684089886697,0.9940486732021603));
#13600=FACE_BOUND('',#13601,.T.);
#13601=EDGE_LOOP('',(#13602,#13603,#13604));
#13602=ORIENTED_EDGE('',*,*,#13605,.T.);
#13603=ORIENTED_EDGE('',*,*,#13606,.T.);
#13604=ORIENTED_EDGE('',*,*,#13607,.T.);
#13605=EDGE_CURVE('',#9999,#10003,#13608,.F.);
#13606=EDGE_CURVE('',#10003,#10119,#13609,.T.);
#13607=EDGE_CURVE('',#10119,#9999,#13610,.T.);
#13608=LINE('',#9998,#13611);
#13609=LINE('',#10002,#13612);
#13610=LINE('',#10118,#13613);
#13611=VECTOR('',#13614,1.0);
#13612=VECTOR('',#13615,1.0);
#13613=VECTOR('',#13616,1.0);
#13614=DIRECTION('',(0,-0.10893684089886697,0.9940486732021603));
#13615=DIRECTION('',(0,0,-1));
#13616=DIRECTION('',(0,1,0));
#13617=STYLED_ITEM('',(#25),#13618);
#13618=FACE_SURFACE('',(#13623),#13619,.T.);
#13619=PLANE('',#13620);
#13620=AXIS2_PLACEMENT_3D('',#9948,#13621,#13622);
#13621=DIRECTION('',(-0.7071067811865469,-0.7071067811865482,0));
#13622=DIRECTION('',(0,0,1));
#13623=FACE_BOUND('',#13624,.T.);
#13624=EDGE_LOOP('',(#13625,#13626,#13627));
#13625=ORIENTED_EDGE('',*,*,#13628,.T.);
#13626=ORIENTED_EDGE('',*,*,#13629,.T.);
#13627=ORIENTED_EDGE('',*,*,#13630,.T.);
#13628=EDGE_CURVE('',#9949,#10101,#13631,.F.);
#13629=EDGE_CURVE('',#10101,#9947,#13632,.T.);
#13630=EDGE_CURVE('',#9947,#9949,#13633,.T.);
#13631=LINE('',#9948,#13634);
#13632=LINE('',#10100,#13635);
#13633=LINE('',#9946,#13636);
#13634=VECTOR('',#13637,1.0);
#13635=VECTOR('',#13638,1.0);
#13636=VECTOR('',#13639,1.0);
#13637=DIRECTION('',(0,0,1));
#13638=DIRECTION('',(-0.09901475429766747,0.09901475429766729,-0.9901475429766744));
#13639=DIRECTION('',(0.7071067811865481,-0.7071067811865468,0));
#13640=STYLED_ITEM('',(#25),#13641);
#13641=FACE_SURFACE('',(#13646),#13642,.T.);
#13642=PLANE('',#13643);
#13643=AXIS2_PLACEMENT_3D('',#10102,#13644,#13645);
#13644=DIRECTION('',(-0.7071067811865469,-0.7071067811865482,-0));
#13645=DIRECTION('',(0,0,-1));
#13646=FACE_BOUND('',#13647,.T.);
#13647=EDGE_LOOP('',(#13648,#13649,#13650));
#13648=ORIENTED_EDGE('',*,*,#13651,.T.);
#13649=ORIENTED_EDGE('',*,*,#13652,.T.);
#13650=ORIENTED_EDGE('',*,*,#13653,.T.);
#13651=EDGE_CURVE('',#10103,#9947,#13654,.F.);
#13652=EDGE_CURVE('',#9947,#10101,#13655,.T.);
#13653=EDGE_CURVE('',#10101,#10103,#13656,.T.);
#13654=LINE('',#10102,#13657);
#13655=LINE('',#9946,#13658);
#13656=LINE('',#10100,#13659);
#13657=VECTOR('',#13660,1.0);
#13658=VECTOR('',#13661,1.0);
#13659=VECTOR('',#13662,1.0);
#13660=DIRECTION('',(0,0,-1));
#13661=DIRECTION('',(0.09901475429766747,-0.09901475429766729,0.9901475429766744));
#13662=DIRECTION('',(-0.7071067811865481,0.7071067811865468,0));
#13663=STYLED_ITEM('',(#25),#13664);
#13664=FACE_SURFACE('',(#13669),#13665,.T.);
#13665=PLANE('',#13666);
#13666=AXIS2_PLACEMENT_3D('',#10044,#13667,#13668);
#13667=DIRECTION('',(-0,0,-1));
#13668=DIRECTION('',(-0.8066748669146562,-0.590995481444843,0));
#13669=FACE_BOUND('',#13670,.T.);
#13670=EDGE_LOOP('',(#13671,#13672,#13673));
#13671=ORIENTED_EDGE('',*,*,#13674,.T.);
#13672=ORIENTED_EDGE('',*,*,#13675,.T.);
#13673=ORIENTED_EDGE('',*,*,#13676,.T.);
#13674=EDGE_CURVE('',#10045,#10001,#13677,.F.);
#13675=EDGE_CURVE('',#10001,#9937,#13678,.T.);
#13676=EDGE_CURVE('',#9937,#10045,#13679,.T.);
#13677=LINE('',#10044,#13680);
#13678=LINE('',#10000,#13681);
#13679=LINE('',#9936,#13682);
#13680=VECTOR('',#13683,1.0);
#13681=VECTOR('',#13684,1.0);
#13682=VECTOR('',#13685,1.0);
#13683=DIRECTION('',(-0.8066748669146562,-0.590995481444843,0));
#13684=DIRECTION('',(0.590995481444843,0.8066748669146562,0));
#13685=DIRECTION('',(0.7071067811865475,-0.7071067811865475,0));
#13686=STYLED_ITEM('',(#25),#13687);
#13687=FACE_SURFACE('',(#13692),#13688,.T.);
#13688=PLANE('',#13689);
#13689=AXIS2_PLACEMENT_3D('',#9932,#13690,#13691);
#13690=DIRECTION('',(0,0,-1));
#13691=DIRECTION('',(1,0,0));
#13692=FACE_BOUND('',#13693,.T.);
#13693=EDGE_LOOP('',(#13694,#13695,#13696));
#13694=ORIENTED_EDGE('',*,*,#13697,.T.);
#13695=ORIENTED_EDGE('',*,*,#13698,.T.);
#13696=ORIENTED_EDGE('',*,*,#13699,.T.);
#13697=EDGE_CURVE('',#9933,#9937,#13700,.F.);
#13698=EDGE_CURVE('',#9937,#10001,#13701,.T.);
#13699=EDGE_CURVE('',#10001,#9933,#13702,.T.);
#13700=LINE('',#9932,#13703);
#13701=LINE('',#9936,#13704);
#13702=LINE('',#10000,#13705);
#13703=VECTOR('',#13706,1.0);
#13704=VECTOR('',#13707,1.0);
#13705=VECTOR('',#13708,1.0);
#13706=DIRECTION('',(1,0,0));
#13707=DIRECTION('',(-0.590995481444843,-0.8066748669146562,0));
#13708=DIRECTION('',(-0.8149681286956484,0.5795057801353781,0));
#13709=STYLED_ITEM('',(#25),#13710);
#13710=FACE_SURFACE('',(#13715),#13711,.T.);
#13711=PLANE('',#13712);
#13712=AXIS2_PLACEMENT_3D('',#10042,#13713,#13714);
#13713=DIRECTION('',(0,0,-1));
#13714=DIRECTION('',(-0.5795057801353781,0.8149681286956484,0));
#13715=FACE_BOUND('',#13716,.T.);
#13716=EDGE_LOOP('',(#13717,#13718,#13719));
#13717=ORIENTED_EDGE('',*,*,#13720,.T.);
#13718=ORIENTED_EDGE('',*,*,#13721,.T.);
#13719=ORIENTED_EDGE('',*,*,#13722,.T.);
#13720=EDGE_CURVE('',#10043,#10001,#13723,.F.);
#13721=EDGE_CURVE('',#10001,#10045,#13724,.T.);
#13722=EDGE_CURVE('',#10045,#10043,#13725,.T.);
#13723=LINE('',#10042,#13726);
#13724=LINE('',#10000,#13727);
#13725=LINE('',#10044,#13728);
#13726=VECTOR('',#13729,1.0);
#13727=VECTOR('',#13730,1.0);
#13728=VECTOR('',#13731,1.0);
#13729=DIRECTION('',(-0.5795057801353781,0.8149681286956484,0));
#13730=DIRECTION('',(0.8066748669146562,0.590995481444843,0));
#13731=DIRECTION('',(0,-1,0));
#13732=STYLED_ITEM('',(#25),#13733);
#13733=FACE_SURFACE('',(#13738),#13734,.T.);
#13734=PLANE('',#13735);
#13735=AXIS2_PLACEMENT_3D('',#10000,#13736,#13737);
#13736=DIRECTION('',(0,0,-1));
#13737=DIRECTION('',(-1,0,0));
#13738=FACE_BOUND('',#13739,.T.);
#13739=EDGE_LOOP('',(#13740,#13741,#13742));
#13740=ORIENTED_EDGE('',*,*,#13743,.T.);
#13741=ORIENTED_EDGE('',*,*,#13744,.T.);
#13742=ORIENTED_EDGE('',*,*,#13745,.T.);
#13743=EDGE_CURVE('',#10001,#10121,#13746,.F.);
#13744=EDGE_CURVE('',#10121,#9933,#13747,.T.);
#13745=EDGE_CURVE('',#9933,#10001,#13748,.T.);
#13746=LINE('',#10000,#13749);
#13747=LINE('',#10120,#13750);
#13748=LINE('',#9932,#13751);
#13749=VECTOR('',#13752,1.0);
#13750=VECTOR('',#13753,1.0);
#13751=VECTOR('',#13754,1.0);
#13752=DIRECTION('',(-1,0,0));
#13753=DIRECTION('',(-0.590995481444843,0.8066748669146562,0));
#13754=DIRECTION('',(0.8149681286956484,-0.5795057801353781,0));
#13755=STYLED_ITEM('',(#25),#13756);
#13756=FACE_SURFACE('',(#13761),#13757,.T.);
#13757=PLANE('',#13758);
#13758=AXIS2_PLACEMENT_3D('',#10122,#13759,#13760);
#13759=DIRECTION('',(0,0,-1));
#13760=DIRECTION('',(0.7071067811865475,0.7071067811865475,0));
#13761=FACE_BOUND('',#13762,.T.);
#13762=EDGE_LOOP('',(#13763,#13764,#13765));
#13763=ORIENTED_EDGE('',*,*,#13766,.T.);
#13764=ORIENTED_EDGE('',*,*,#13767,.T.);
#13765=ORIENTED_EDGE('',*,*,#13768,.T.);
#13766=EDGE_CURVE('',#10123,#9933,#13769,.F.);
#13767=EDGE_CURVE('',#9933,#10121,#13770,.T.);
#13768=EDGE_CURVE('',#10121,#10123,#13771,.T.);
#13769=LINE('',#10122,#13772);
#13770=LINE('',#9932,#13773);
#13771=LINE('',#10120,#13774);
#13772=VECTOR('',#13775,1.0);
#13773=VECTOR('',#13776,1.0);
#13774=VECTOR('',#13777,1.0);
#13775=DIRECTION('',(0.7071067811865475,0.7071067811865475,0));
#13776=DIRECTION('',(0.590995481444843,-0.8066748669146562,0));
#13777=DIRECTION('',(-0.8066748669146562,0.590995481444843,0));
#13778=STYLED_ITEM('',(#25),#13779);
#13779=FACE_SURFACE('',(#13784),#13780,.T.);
#13780=PLANE('',#13781);
#13781=AXIS2_PLACEMENT_3D('',#9940,#13782,#13783);
#13782=DIRECTION('',(0,0,1));
#13783=DIRECTION('',(-1,0,0));
#13784=FACE_BOUND('',#13785,.T.);
#13785=EDGE_LOOP('',(#13786,#13787,#13788));
#13786=ORIENTED_EDGE('',*,*,#13789,.T.);
#13787=ORIENTED_EDGE('',*,*,#13790,.T.);
#13788=ORIENTED_EDGE('',*,*,#13791,.T.);
#13789=EDGE_CURVE('',#9941,#9945,#13792,.F.);
#13790=EDGE_CURVE('',#9945,#10033,#13793,.T.);
#13791=EDGE_CURVE('',#10033,#9941,#13794,.T.);
#13792=LINE('',#9940,#13795);
#13793=LINE('',#9944,#13796);
#13794=LINE('',#10032,#13797);
#13795=VECTOR('',#13798,1.0);
#13796=VECTOR('',#13799,1.0);
#13797=VECTOR('',#13800,1.0);
#13798=DIRECTION('',(-1,0,0));
#13799=DIRECTION('',(0.590995481444843,-0.8066748669146562,0));
#13800=DIRECTION('',(0.8149681286956484,0.5795057801353781,0));
#13801=STYLED_ITEM('',(#25),#13802);
#13802=FACE_SURFACE('',(#13807),#13803,.T.);
#13803=PLANE('',#13804);
#13804=AXIS2_PLACEMENT_3D('',#10114,#13805,#13806);
#13805=DIRECTION('',(-0,0,1));
#13806=DIRECTION('',(0.8066748669146564,-0.5909954814448427,0));
#13807=FACE_BOUND('',#13808,.T.);
#13808=EDGE_LOOP('',(#13809,#13810,#13811));
#13809=ORIENTED_EDGE('',*,*,#13812,.T.);
#13810=ORIENTED_EDGE('',*,*,#13813,.T.);
#13811=ORIENTED_EDGE('',*,*,#13814,.T.);
#13812=EDGE_CURVE('',#10115,#10021,#13815,.F.);
#13813=EDGE_CURVE('',#10021,#10095,#13816,.T.);
#13814=EDGE_CURVE('',#10095,#10115,#13817,.T.);
#13815=LINE('',#10114,#13818);
#13816=LINE('',#10020,#13819);
#13817=LINE('',#10094,#13820);
#13818=VECTOR('',#13821,1.0);
#13819=VECTOR('',#13822,1.0);
#13820=VECTOR('',#13823,1.0);
#13821=DIRECTION('',(0.8066748669146564,-0.5909954814448427,0));
#13822=DIRECTION('',(-0.5909954814448436,0.8066748669146558,0));
#13823=DIRECTION('',(-0.7071067811865475,-0.7071067811865475,0));
#13824=STYLED_ITEM('',(#25),#13825);
#13825=FACE_SURFACE('',(#13830),#13826,.T.);
#13826=PLANE('',#13827);
#13827=AXIS2_PLACEMENT_3D('',#10092,#13828,#13829);
#13828=DIRECTION('',(0,0,1));
#13829=DIRECTION('',(0.9476810187845454,0.31921886948532074,0));
#13830=FACE_BOUND('',#13831,.T.);
#13831=EDGE_LOOP('',(#13832,#13833,#13834));
#13832=ORIENTED_EDGE('',*,*,#13835,.T.);
#13833=ORIENTED_EDGE('',*,*,#13836,.T.);
#13834=ORIENTED_EDGE('',*,*,#13837,.T.);
#13835=EDGE_CURVE('',#10093,#10021,#13838,.F.);
#13836=EDGE_CURVE('',#10021,#10113,#13839,.T.);
#13837=EDGE_CURVE('',#10113,#10093,#13840,.T.);
#13838=LINE('',#10092,#13841);
#13839=LINE('',#10020,#13842);
#13840=LINE('',#10112,#13843);
#13841=VECTOR('',#13844,1.0);
#13842=VECTOR('',#13845,1.0);
#13843=VECTOR('',#13846,1.0);
#13844=DIRECTION('',(0.9476810187845454,0.31921886948532074,0));
#13845=DIRECTION('',(-1,0,0));
#13846=DIRECTION('',(0,-1,0));
#13847=STYLED_ITEM('',(#25),#13848);
#13848=FACE_SURFACE('',(#13853),#13849,.T.);
#13849=PLANE('',#13850);
#13850=AXIS2_PLACEMENT_3D('',#10106,#13851,#13852);
#13851=DIRECTION('',(0,-0,1));
#13852=DIRECTION('',(0.8066748669146564,0.5909954814448427,0));
#13853=FACE_BOUND('',#13854,.T.);
#13854=EDGE_LOOP('',(#13855,#13856,#13857));
#13855=ORIENTED_EDGE('',*,*,#13858,.T.);
#13856=ORIENTED_EDGE('',*,*,#13859,.T.);
#13857=ORIENTED_EDGE('',*,*,#13860,.T.);
#13858=EDGE_CURVE('',#10107,#10081,#13861,.F.);
#13859=EDGE_CURVE('',#10081,#10093,#13862,.T.);
#13860=EDGE_CURVE('',#10093,#10107,#13863,.T.);
#13861=LINE('',#10106,#13864);
#13862=LINE('',#10080,#13865);
#13863=LINE('',#10092,#13866);
#13864=VECTOR('',#13867,1.0);
#13865=VECTOR('',#13868,1.0);
#13866=VECTOR('',#13869,1.0);
#13867=DIRECTION('',(0.8066748669146564,0.5909954814448427,0));
#13868=DIRECTION('',(-1,0,0));
#13869=DIRECTION('',(0.8066748669146564,-0.5909954814448427,0));
#13870=STYLED_ITEM('',(#25),#13871);
#13871=FACE_SURFACE('',(#13876),#13872,.T.);
#13872=PLANE('',#13873);
#13873=AXIS2_PLACEMENT_3D('',#10114,#13874,#13875);
#13874=DIRECTION('',(0,0,1));
#13875=DIRECTION('',(-0.8066748669146564,-0.5909954814448427,0));
#13876=FACE_BOUND('',#13877,.T.);
#13877=EDGE_LOOP('',(#13878,#13879,#13880));
#13878=ORIENTED_EDGE('',*,*,#13881,.T.);
#13879=ORIENTED_EDGE('',*,*,#13882,.T.);
#13880=ORIENTED_EDGE('',*,*,#13883,.T.);
#13881=EDGE_CURVE('',#10115,#10113,#13884,.F.);
#13882=EDGE_CURVE('',#10113,#10021,#13885,.T.);
#13883=EDGE_CURVE('',#10021,#10115,#13886,.T.);
#13884=LINE('',#10114,#13887);
#13885=LINE('',#10112,#13888);
#13886=LINE('',#10020,#13889);
#13887=VECTOR('',#13890,1.0);
#13888=VECTOR('',#13891,1.0);
#13889=VECTOR('',#13892,1.0);
#13890=DIRECTION('',(-0.8066748669146564,-0.5909954814448427,0));
#13891=DIRECTION('',(1,0,0));
#13892=DIRECTION('',(-0.8066748669146564,0.5909954814448427,0));
#13893=STYLED_ITEM('',(#25),#13894);
#13894=FACE_SURFACE('',(#13899),#13895,.T.);
#13895=PLANE('',#13896);
#13896=AXIS2_PLACEMENT_3D('',#10070,#13897,#13898);
#13897=DIRECTION('',(0,0,1));
#13898=DIRECTION('',(-0.8149681286956484,0.5795057801353781,0));
#13899=FACE_BOUND('',#13900,.T.);
#13900=EDGE_LOOP('',(#13901,#13902,#13903));
#13901=ORIENTED_EDGE('',*,*,#13904,.T.);
#13902=ORIENTED_EDGE('',*,*,#13905,.T.);
#13903=ORIENTED_EDGE('',*,*,#13906,.T.);
#13904=EDGE_CURVE('',#10071,#10081,#13907,.F.);
#13905=EDGE_CURVE('',#10081,#10125,#13908,.T.);
#13906=EDGE_CURVE('',#10125,#10071,#13909,.T.);
#13907=LINE('',#10070,#13910);
#13908=LINE('',#10080,#13911);
#13909=LINE('',#10124,#13912);
#13910=VECTOR('',#13913,1.0);
#13911=VECTOR('',#13914,1.0);
#13912=VECTOR('',#13915,1.0);
#13913=DIRECTION('',(-0.8149681286956484,0.5795057801353781,0));
#13914=DIRECTION('',(-0.5909954814448436,-0.8066748669146558,0));
#13915=DIRECTION('',(1,0,0));
#13916=STYLED_ITEM('',(#25),#13917);
#13917=FACE_SURFACE('',(#13922),#13918,.T.);
#13918=PLANE('',#13919);
#13919=AXIS2_PLACEMENT_3D('',#10106,#13920,#13921);
#13920=DIRECTION('',(-0,0,1));
#13921=DIRECTION('',(0.7071067811865475,-0.7071067811865475,0));
#13922=FACE_BOUND('',#13923,.T.);
#13923=EDGE_LOOP('',(#13924,#13925,#13926));
#13924=ORIENTED_EDGE('',*,*,#13927,.T.);
#13925=ORIENTED_EDGE('',*,*,#13928,.T.);
#13926=ORIENTED_EDGE('',*,*,#13929,.T.);
#13927=EDGE_CURVE('',#10107,#10125,#13930,.F.);
#13928=EDGE_CURVE('',#10125,#10081,#13931,.T.);
#13929=EDGE_CURVE('',#10081,#10107,#13932,.T.);
#13930=LINE('',#10106,#13933);
#13931=LINE('',#10124,#13934);
#13932=LINE('',#10080,#13935);
#13933=VECTOR('',#13936,1.0);
#13934=VECTOR('',#13937,1.0);
#13935=VECTOR('',#13938,1.0);
#13936=DIRECTION('',(0.7071067811865475,-0.7071067811865475,0));
#13937=DIRECTION('',(0.5909954814448436,0.8066748669146558,0));
#13938=DIRECTION('',(-0.8066748669146564,-0.5909954814448427,0));
#13939=STYLED_ITEM('',(#25),#13940);
#13940=FACE_SURFACE('',(#13945),#13941,.T.);
#13941=PLANE('',#13942);
#13942=AXIS2_PLACEMENT_3D('',#10122,#13943,#13944);
#13943=DIRECTION('',(-0.7071067811865476,0.7071067811865476,0));
#13944=DIRECTION('',(0,0,1));
#13945=FACE_BOUND('',#13946,.T.);
#13946=EDGE_LOOP('',(#13947,#13948,#13949));
#13947=ORIENTED_EDGE('',*,*,#13950,.T.);
#13948=ORIENTED_EDGE('',*,*,#13951,.T.);
#13949=ORIENTED_EDGE('',*,*,#13952,.T.);
#13950=EDGE_CURVE('',#10123,#10027,#13953,.F.);
#13951=EDGE_CURVE('',#10027,#9933,#13954,.T.);
#13952=EDGE_CURVE('',#9933,#10123,#13955,.T.);
#13953=LINE('',#10122,#13956);
#13954=LINE('',#10026,#13957);
#13955=LINE('',#9932,#13958);
#13956=VECTOR('',#13959,1.0);
#13957=VECTOR('',#13960,1.0);
#13958=VECTOR('',#13961,1.0);
#13959=DIRECTION('',(0,0,1));
#13960=DIRECTION('',(0.09901475429766729,0.09901475429766729,-0.9901475429766744));
#13961=DIRECTION('',(-0.7071067811865475,-0.7071067811865475,0));
#13962=STYLED_ITEM('',(#25),#13963);
#13963=FACE_SURFACE('',(#13968),#13964,.T.);
#13964=PLANE('',#13965);
#13965=AXIS2_PLACEMENT_3D('',#10126,#13966,#13967);
#13966=DIRECTION('',(0,1,0));
#13967=DIRECTION('',(-1,0,0));
#13968=FACE_BOUND('',#13969,.T.);
#13969=EDGE_LOOP('',(#13970,#13971,#13972));
#13970=ORIENTED_EDGE('',*,*,#13973,.T.);
#13971=ORIENTED_EDGE('',*,*,#13974,.T.);
#13972=ORIENTED_EDGE('',*,*,#13975,.T.);
#13973=EDGE_CURVE('',#10127,#10129,#13976,.F.);
#13974=EDGE_CURVE('',#10129,#10131,#13977,.T.);
#13975=EDGE_CURVE('',#10131,#10127,#13978,.T.);
#13976=LINE('',#10126,#13979);
#13977=LINE('',#10128,#13980);
#13978=LINE('',#10130,#13981);
#13979=VECTOR('',#13982,1.0);
#13980=VECTOR('',#13983,1.0);
#13981=VECTOR('',#13984,1.0);
#13982=DIRECTION('',(-1,0,0));
#13983=DIRECTION('',(0,0,1));
#13984=DIRECTION('',(0.6246950475544244,0,-0.7808688094430302));
#13985=STYLED_ITEM('',(#25),#13986);
#13986=FACE_SURFACE('',(#13991),#13987,.T.);
#13987=PLANE('',#13988);
#13988=AXIS2_PLACEMENT_3D('',#10130,#13989,#13990);
#13989=DIRECTION('',(-0,1,0));
#13990=DIRECTION('',(1,0,0));
#13991=FACE_BOUND('',#13992,.T.);
#13992=EDGE_LOOP('',(#13993,#13994,#13995));
#13993=ORIENTED_EDGE('',*,*,#13996,.T.);
#13994=ORIENTED_EDGE('',*,*,#13997,.T.);
#13995=ORIENTED_EDGE('',*,*,#13998,.T.);
#13996=EDGE_CURVE('',#10131,#10117,#13999,.F.);
#13997=EDGE_CURVE('',#10117,#10127,#14000,.T.);
#13998=EDGE_CURVE('',#10127,#10131,#14001,.T.);
#13999=LINE('',#10130,#14002);
#14000=LINE('',#10116,#14003);
#14001=LINE('',#10126,#14004);
#14002=VECTOR('',#14005,1.0);
#14003=VECTOR('',#14006,1.0);
#14004=VECTOR('',#14007,1.0);
#14005=DIRECTION('',(1,0,0));
#14006=DIRECTION('',(0,0,-1));
#14007=DIRECTION('',(-0.6246950475544244,0,0.7808688094430302));
#14008=STYLED_ITEM('',(#25),#14009);
#14009=FACE_SURFACE('',(#14014),#14010,.T.);
#14010=PLANE('',#14011);
#14011=AXIS2_PLACEMENT_3D('',#9928,#14012,#14013);
#14012=DIRECTION('',(0,1,-0));
#14013=DIRECTION('',(-1,0,0));
#14014=FACE_BOUND('',#14015,.T.);
#14015=EDGE_LOOP('',(#14016,#14017,#14018));
#14016=ORIENTED_EDGE('',*,*,#14019,.T.);
#14017=ORIENTED_EDGE('',*,*,#14020,.T.);
#14018=ORIENTED_EDGE('',*,*,#14021,.T.);
#14019=EDGE_CURVE('',#9929,#10033,#14022,.F.);
#14020=EDGE_CURVE('',#10033,#9923,#14023,.T.);
#14021=EDGE_CURVE('',#9923,#9929,#14024,.T.);
#14022=LINE('',#9928,#14025);
#14023=LINE('',#10032,#14026);
#14024=LINE('',#9922,#14027);
#14025=VECTOR('',#14028,1.0);
#14026=VECTOR('',#14029,1.0);
#14027=VECTOR('',#14030,1.0);
#14028=DIRECTION('',(-1,0,0));
#14029=DIRECTION('',(0.21983912974654296,0,0.9755361382502867));
#14030=DIRECTION('',(0,0,-1));
#14031=STYLED_ITEM('',(#25),#14032);
#14032=FACE_SURFACE('',(#14037),#14033,.T.);
#14033=PLANE('',#14034);
#14034=AXIS2_PLACEMENT_3D('',#10132,#14035,#14036);
#14035=DIRECTION('',(0.7071067811865462,-0.7071067811865488,0));
#14036=DIRECTION('',(0.09901475429766764,0.09901475429766729,0.9901475429766744));
#14037=FACE_BOUND('',#14038,.T.);
#14038=EDGE_LOOP('',(#14039,#14040,#14041));
#14039=ORIENTED_EDGE('',*,*,#14042,.T.);
#14040=ORIENTED_EDGE('',*,*,#14043,.T.);
#14041=ORIENTED_EDGE('',*,*,#14044,.T.);
#14042=EDGE_CURVE('',#10133,#10107,#14045,.F.);
#14043=EDGE_CURVE('',#10107,#10105,#14046,.T.);
#14044=EDGE_CURVE('',#10105,#10133,#14047,.T.);
#14045=LINE('',#10132,#14048);
#14046=LINE('',#10106,#14049);
#14047=LINE('',#10104,#14050);
#14048=VECTOR('',#14051,1.0);
#14049=VECTOR('',#14052,1.0);
#14050=VECTOR('',#14053,1.0);
#14051=DIRECTION('',(0.09901475429766764,0.09901475429766729,0.9901475429766744));
#14052=DIRECTION('',(-0.7071067811865488,-0.7071067811865462,0));
#14053=DIRECTION('',(0,0,-1));
#14054=STYLED_ITEM('',(#25),#14055);
#14055=FACE_SURFACE('',(#14060),#14056,.T.);
#14056=PLANE('',#14057);
#14057=AXIS2_PLACEMENT_3D('',#10134,#14058,#14059);
#14058=DIRECTION('',(0,1,0));
#14059=DIRECTION('',(0,0,1));
#14060=FACE_BOUND('',#14061,.T.);
#14061=EDGE_LOOP('',(#14062,#14063,#14064));
#14062=ORIENTED_EDGE('',*,*,#14065,.T.);
#14063=ORIENTED_EDGE('',*,*,#14066,.T.);
#14064=ORIENTED_EDGE('',*,*,#14067,.T.);
#14065=EDGE_CURVE('',#10135,#10121,#14068,.F.);
#14066=EDGE_CURVE('',#10121,#10001,#14069,.T.);
#14067=EDGE_CURVE('',#10001,#10135,#14070,.T.);
#14068=LINE('',#10134,#14071);
#14069=LINE('',#10120,#14072);
#14070=LINE('',#10000,#14073);
#14071=VECTOR('',#14074,1.0);
#14072=VECTOR('',#14075,1.0);
#14073=VECTOR('',#14076,1.0);
#14074=DIRECTION('',(0,0,1));
#14075=DIRECTION('',(1,0,0));
#14076=DIRECTION('',(-0.10893684089886697,0,-0.9940486732021603));
#14077=STYLED_ITEM('',(#25),#14078);
#14078=FACE_SURFACE('',(#14083),#14079,.T.);
#14079=PLANE('',#14080);
#14080=AXIS2_PLACEMENT_3D('',#10134,#14081,#14082);
#14081=DIRECTION('',(0,1,0));
#14082=DIRECTION('',(0.10893684089886697,0,0.9940486732021603));
#14083=FACE_BOUND('',#14084,.T.);
#14084=EDGE_LOOP('',(#14085,#14086,#14087));
#14085=ORIENTED_EDGE('',*,*,#14088,.T.);
#14086=ORIENTED_EDGE('',*,*,#14089,.T.);
#14087=ORIENTED_EDGE('',*,*,#14090,.T.);
#14088=EDGE_CURVE('',#10135,#10001,#14091,.F.);
#14089=EDGE_CURVE('',#10001,#9999,#14092,.T.);
#14090=EDGE_CURVE('',#9999,#10135,#14093,.T.);
#14091=LINE('',#10134,#14094);
#14092=LINE('',#10000,#14095);
#14093=LINE('',#9998,#14096);
#14094=VECTOR('',#14097,1.0);
#14095=VECTOR('',#14098,1.0);
#14096=VECTOR('',#14099,1.0);
#14097=DIRECTION('',(0.10893684089886697,0,0.9940486732021603));
#14098=DIRECTION('',(0,0,-1));
#14099=DIRECTION('',(-1,0,0));
#14100=STYLED_ITEM('',(#25),#14101);
#14101=FACE_SURFACE('',(#14106),#14102,.T.);
#14102=PLANE('',#14103);
#14103=AXIS2_PLACEMENT_3D('',#9850,#14104,#14105);
#14104=DIRECTION('',(0,0,1));
#14105=DIRECTION('',(-0.8149681286956484,0.5795057801353781,0));
#14106=FACE_BOUND('',#14107,.T.);
#14107=EDGE_LOOP('',(#14108,#14109,#14110));
#14108=ORIENTED_EDGE('',*,*,#14111,.T.);
#14109=ORIENTED_EDGE('',*,*,#14112,.T.);
#14110=ORIENTED_EDGE('',*,*,#14113,.T.);
#14111=EDGE_CURVE('',#9851,#10039,#14114,.F.);
#14112=EDGE_CURVE('',#10039,#10029,#14115,.T.);
#14113=EDGE_CURVE('',#10029,#9851,#14116,.T.);
#14114=LINE('',#9850,#14117);
#14115=LINE('',#10038,#14118);
#14116=LINE('',#10028,#14119);
#14117=VECTOR('',#14120,1.0);
#14118=VECTOR('',#14121,1.0);
#14119=VECTOR('',#14122,1.0);
#14120=DIRECTION('',(-0.8149681286956484,0.5795057801353781,0));
#14121=DIRECTION('',(-0.590995481444843,-0.8066748669146562,0));
#14122=DIRECTION('',(1,0,0));
#14123=STYLED_ITEM('',(#25),#14124);
#14124=FACE_SURFACE('',(#14129),#14125,.T.);
#14125=PLANE('',#14126);
#14126=AXIS2_PLACEMENT_3D('',#10136,#14127,#14128);
#14127=DIRECTION('',(-0.7071067811865476,-0.7071067811865476,0));
#14128=DIRECTION('',(0,0,1));
#14129=FACE_BOUND('',#14130,.T.);
#14130=EDGE_LOOP('',(#14131,#14132,#14133));
#14131=ORIENTED_EDGE('',*,*,#14134,.T.);
#14132=ORIENTED_EDGE('',*,*,#14135,.T.);
#14133=ORIENTED_EDGE('',*,*,#14136,.T.);
#14134=EDGE_CURVE('',#10137,#10125,#14137,.F.);
#14135=EDGE_CURVE('',#10125,#10107,#14138,.T.);
#14136=EDGE_CURVE('',#10107,#10137,#14139,.T.);
#14137=LINE('',#10136,#14140);
#14138=LINE('',#10124,#14141);
#14139=LINE('',#10106,#14142);
#14140=VECTOR('',#14143,1.0);
#14141=VECTOR('',#14144,1.0);
#14142=VECTOR('',#14145,1.0);
#14143=DIRECTION('',(0,0,1));
#14144=DIRECTION('',(-0.7071067811865475,0.7071067811865475,0));
#14145=DIRECTION('',(0.09901475429766729,-0.09901475429766729,-0.9901475429766744));
#14146=STYLED_ITEM('',(#25),#14147);
#14147=FACE_SURFACE('',(#14152),#14148,.T.);
#14148=PLANE('',#14149);
#14149=AXIS2_PLACEMENT_3D('',#10138,#14150,#14151);
#14150=DIRECTION('',(0,0,1));
#14151=DIRECTION('',(-0.8066748669146564,-0.5909954814448428,0));
#14152=FACE_BOUND('',#14153,.T.);
#14153=EDGE_LOOP('',(#14154,#14155,#14156));
#14154=ORIENTED_EDGE('',*,*,#14157,.T.);
#14155=ORIENTED_EDGE('',*,*,#14158,.T.);
#14156=ORIENTED_EDGE('',*,*,#14159,.T.);
#14157=EDGE_CURVE('',#10139,#10141,#14160,.F.);
#14158=EDGE_CURVE('',#10141,#10143,#14161,.T.);
#14159=EDGE_CURVE('',#10143,#10139,#14162,.T.);
#14160=LINE('',#10138,#14163);
#14161=LINE('',#10140,#14164);
#14162=LINE('',#10142,#14165);
#14163=VECTOR('',#14166,1.0);
#14164=VECTOR('',#14167,1.0);
#14165=VECTOR('',#14168,1.0);
#14166=DIRECTION('',(-0.8066748669146564,-0.5909954814448428,0));
#14167=DIRECTION('',(1,0,0));
#14168=DIRECTION('',(-0.8066748669146564,0.5909954814448427,0));
#14169=STYLED_ITEM('',(#25),#14170);
#14170=FACE_SURFACE('',(#14175),#14171,.T.);
#14171=PLANE('',#14172);
#14172=AXIS2_PLACEMENT_3D('',#10140,#14173,#14174);
#14173=DIRECTION('',(0,0,1));
#14174=DIRECTION('',(0,-1,0));
#14175=FACE_BOUND('',#14176,.T.);
#14176=EDGE_LOOP('',(#14177,#14178,#14179));
#14177=ORIENTED_EDGE('',*,*,#14180,.T.);
#14178=ORIENTED_EDGE('',*,*,#14181,.T.);
#14179=ORIENTED_EDGE('',*,*,#14182,.T.);
#14180=EDGE_CURVE('',#10141,#10145,#14183,.F.);
#14181=EDGE_CURVE('',#10145,#10079,#14184,.T.);
#14182=EDGE_CURVE('',#10079,#10141,#14185,.T.);
#14183=LINE('',#10140,#14186);
#14184=LINE('',#10144,#14187);
#14185=LINE('',#10078,#14188);
#14186=VECTOR('',#14189,1.0);
#14187=VECTOR('',#14190,1.0);
#14188=VECTOR('',#14191,1.0);
#14189=DIRECTION('',(0,-1,0));
#14190=DIRECTION('',(1,0,0));
#14191=DIRECTION('',(-0.9476810187845452,0.31921886948532074,0));
#14192=STYLED_ITEM('',(#25),#14193);
#14193=FACE_SURFACE('',(#14198),#14194,.T.);
#14194=PLANE('',#14195);
#14195=AXIS2_PLACEMENT_3D('',#10078,#14196,#14197);
#14196=DIRECTION('',(0,-0,1));
#14197=DIRECTION('',(0,1,0));
#14198=FACE_BOUND('',#14199,.T.);
#14199=EDGE_LOOP('',(#14200,#14201,#14202));
#14200=ORIENTED_EDGE('',*,*,#14203,.T.);
#14201=ORIENTED_EDGE('',*,*,#14204,.T.);
#14202=ORIENTED_EDGE('',*,*,#14205,.T.);
#14203=EDGE_CURVE('',#10079,#10143,#14206,.F.);
#14204=EDGE_CURVE('',#10143,#10141,#14207,.T.);
#14205=EDGE_CURVE('',#10141,#10079,#14208,.T.);
#14206=LINE('',#10078,#14209);
#14207=LINE('',#10142,#14210);
#14208=LINE('',#10140,#14211);
#14209=VECTOR('',#14212,1.0);
#14210=VECTOR('',#14213,1.0);
#14211=VECTOR('',#14214,1.0);
#14212=DIRECTION('',(0,1,0));
#14213=DIRECTION('',(-1,0,0));
#14214=DIRECTION('',(0.9476810187845452,-0.31921886948532074,0));
#14215=STYLED_ITEM('',(#25),#14216);
#14216=FACE_SURFACE('',(#14221),#14217,.T.);
#14217=PLANE('',#14218);
#14218=AXIS2_PLACEMENT_3D('',#10004,#14219,#14220);
#14219=DIRECTION('',(0,0,1));
#14220=DIRECTION('',(-0.7071067811865481,-0.7071067811865468,0));
#14221=FACE_BOUND('',#14222,.T.);
#14222=EDGE_LOOP('',(#14223,#14224,#14225));
#14223=ORIENTED_EDGE('',*,*,#14226,.T.);
#14224=ORIENTED_EDGE('',*,*,#14227,.T.);
#14225=ORIENTED_EDGE('',*,*,#14228,.T.);
#14226=EDGE_CURVE('',#10005,#10139,#14229,.F.);
#14227=EDGE_CURVE('',#10139,#10143,#14230,.T.);
#14228=EDGE_CURVE('',#10143,#10005,#14231,.T.);
#14229=LINE('',#10004,#14232);
#14230=LINE('',#10138,#14233);
#14231=LINE('',#10142,#14234);
#14232=VECTOR('',#14235,1.0);
#14233=VECTOR('',#14236,1.0);
#14234=VECTOR('',#14237,1.0);
#14235=DIRECTION('',(-0.7071067811865481,-0.7071067811865468,0));
#14236=DIRECTION('',(0.8066748669146564,-0.5909954814448427,0));
#14237=DIRECTION('',(-0.5909954814448433,0.806674866914656,0));
#14238=STYLED_ITEM('',(#25),#14239);
#14239=FACE_SURFACE('',(#14244),#14240,.T.);
#14240=PLANE('',#14241);
#14241=AXIS2_PLACEMENT_3D('',#10002,#14242,#14243);
#14242=DIRECTION('',(0,-1,-0));
#14243=DIRECTION('',(-0.10893684089886697,0,-0.9940486732021603));
#14244=FACE_BOUND('',#14245,.T.);
#14245=EDGE_LOOP('',(#14246,#14247,#14248));
#14246=ORIENTED_EDGE('',*,*,#14249,.T.);
#14247=ORIENTED_EDGE('',*,*,#14250,.T.);
#14248=ORIENTED_EDGE('',*,*,#14251,.T.);
#14249=EDGE_CURVE('',#10003,#10147,#14252,.F.);
#14250=EDGE_CURVE('',#10147,#10119,#14253,.T.);
#14251=EDGE_CURVE('',#10119,#10003,#14254,.T.);
#14252=LINE('',#10002,#14255);
#14253=LINE('',#10146,#14256);
#14254=LINE('',#10118,#14257);
#14255=VECTOR('',#14258,1.0);
#14256=VECTOR('',#14259,1.0);
#14257=VECTOR('',#14260,1.0);
#14258=DIRECTION('',(-0.10893684089886697,0,-0.9940486732021603));
#14259=DIRECTION('',(1,0,0));
#14260=DIRECTION('',(0,0,1));
#14261=STYLED_ITEM('',(#25),#14262);
#14262=FACE_SURFACE('',(#14267),#14263,.T.);
#14263=PLANE('',#14264);
#14264=AXIS2_PLACEMENT_3D('',#10138,#14265,#14266);
#14265=DIRECTION('',(0.7071067811865469,0.7071067811865482,0));
#14266=DIRECTION('',(0,0,-1));
#14267=FACE_BOUND('',#14268,.T.);
#14268=EDGE_LOOP('',(#14269,#14270,#14271));
#14269=ORIENTED_EDGE('',*,*,#14272,.T.);
#14270=ORIENTED_EDGE('',*,*,#14273,.T.);
#14271=ORIENTED_EDGE('',*,*,#14274,.T.);
#14272=EDGE_CURVE('',#10139,#9991,#14275,.F.);
#14273=EDGE_CURVE('',#9991,#10149,#14276,.T.);
#14274=EDGE_CURVE('',#10149,#10139,#14277,.T.);
#14275=LINE('',#10138,#14278);
#14276=LINE('',#9990,#14279);
#14277=LINE('',#10148,#14280);
#14278=VECTOR('',#14281,1.0);
#14279=VECTOR('',#14282,1.0);
#14280=VECTOR('',#14283,1.0);
#14281=DIRECTION('',(0,0,-1));
#14282=DIRECTION('',(-0.09901475429766747,0.09901475429766729,0.9901475429766744));
#14283=DIRECTION('',(0.7071067811865481,-0.7071067811865468,0));
#14284=STYLED_ITEM('',(#25),#14285);
#14285=FACE_SURFACE('',(#14290),#14286,.T.);
#14286=PLANE('',#14287);
#14287=AXIS2_PLACEMENT_3D('',#10150,#14288,#14289);
#14288=DIRECTION('',(0.7071067811865469,0.7071067811865482,-0));
#14289=DIRECTION('',(0,0,1));
#14290=FACE_BOUND('',#14291,.T.);
#14291=EDGE_LOOP('',(#14292,#14293,#14294));
#14292=ORIENTED_EDGE('',*,*,#14295,.T.);
#14293=ORIENTED_EDGE('',*,*,#14296,.T.);
#14294=ORIENTED_EDGE('',*,*,#14297,.T.);
#14295=EDGE_CURVE('',#10151,#10149,#14298,.F.);
#14296=EDGE_CURVE('',#10149,#9991,#14299,.T.);
#14297=EDGE_CURVE('',#9991,#10151,#14300,.T.);
#14298=LINE('',#10150,#14301);
#14299=LINE('',#10148,#14302);
#14300=LINE('',#9990,#14303);
#14301=VECTOR('',#14304,1.0);
#14302=VECTOR('',#14305,1.0);
#14303=VECTOR('',#14306,1.0);
#14304=DIRECTION('',(0,0,1));
#14305=DIRECTION('',(0.09901475429766747,-0.09901475429766729,-0.9901475429766744));
#14306=DIRECTION('',(-0.7071067811865481,0.7071067811865468,0));
#14307=STYLED_ITEM('',(#25),#14308);
#14308=FACE_SURFACE('',(#14313),#14309,.T.);
#14309=PLANE('',#14310);
#14310=AXIS2_PLACEMENT_3D('',#10042,#14311,#14312);
#14311=DIRECTION('',(-0,0,-1));
#14312=DIRECTION('',(-0.7071067811865475,-0.7071067811865475,0));
#14313=FACE_BOUND('',#14314,.T.);
#14314=EDGE_LOOP('',(#14315,#14316,#14317));
#14315=ORIENTED_EDGE('',*,*,#14318,.T.);
#14316=ORIENTED_EDGE('',*,*,#14319,.T.);
#14317=ORIENTED_EDGE('',*,*,#14320,.T.);
#14318=EDGE_CURVE('',#10043,#10055,#14321,.F.);
#14319=EDGE_CURVE('',#10055,#10003,#14322,.T.);
#14320=EDGE_CURVE('',#10003,#10043,#14323,.T.);
#14321=LINE('',#10042,#14324);
#14322=LINE('',#10054,#14325);
#14323=LINE('',#10002,#14326);
#14324=VECTOR('',#14327,1.0);
#14325=VECTOR('',#14328,1.0);
#14326=VECTOR('',#14329,1.0);
#14327=DIRECTION('',(-0.7071067811865475,-0.7071067811865475,0));
#14328=DIRECTION('',(-0.590995481444843,0.8066748669146562,0));
#14329=DIRECTION('',(0.8066748669146562,-0.590995481444843,0));
#14330=STYLED_ITEM('',(#25),#14331);
#14331=FACE_SURFACE('',(#14336),#14332,.T.);
#14332=PLANE('',#14333);
#14333=AXIS2_PLACEMENT_3D('',#10000,#14334,#14335);
#14334=DIRECTION('',(0,0,-1));
#14335=DIRECTION('',(0.5795057801353781,-0.8149681286956484,0));
#14336=FACE_BOUND('',#14337,.T.);
#14337=EDGE_LOOP('',(#14338,#14339,#14340));
#14338=ORIENTED_EDGE('',*,*,#14341,.T.);
#14339=ORIENTED_EDGE('',*,*,#14342,.T.);
#14340=ORIENTED_EDGE('',*,*,#14343,.T.);
#14341=EDGE_CURVE('',#10001,#10043,#14344,.F.);
#14342=EDGE_CURVE('',#10043,#10003,#14345,.T.);
#14343=EDGE_CURVE('',#10003,#10001,#14346,.T.);
#14344=LINE('',#10000,#14347);
#14345=LINE('',#10042,#14348);
#14346=LINE('',#10002,#14349);
#14347=VECTOR('',#14350,1.0);
#14348=VECTOR('',#14351,1.0);
#14349=VECTOR('',#14352,1.0);
#14350=DIRECTION('',(0.5795057801353781,-0.8149681286956484,0));
#14351=DIRECTION('',(-0.8066748669146562,0.590995481444843,0));
#14352=DIRECTION('',(0,1,0));
#14353=STYLED_ITEM('',(#25),#14354);
#14354=FACE_SURFACE('',(#14359),#14355,.T.);
#14355=PLANE('',#14356);
#14356=AXIS2_PLACEMENT_3D('',#10052,#14357,#14358);
#14357=DIRECTION('',(0,0,-1));
#14358=DIRECTION('',(0.8149681286956484,0.5795057801353781,0));
#14359=FACE_BOUND('',#14360,.T.);
#14360=EDGE_LOOP('',(#14361,#14362,#14363));
#14361=ORIENTED_EDGE('',*,*,#14364,.T.);
#14362=ORIENTED_EDGE('',*,*,#14365,.T.);
#14363=ORIENTED_EDGE('',*,*,#14366,.T.);
#14364=EDGE_CURVE('',#10053,#10003,#14367,.F.);
#14365=EDGE_CURVE('',#10003,#10055,#14368,.T.);
#14366=EDGE_CURVE('',#10055,#10053,#14369,.T.);
#14367=LINE('',#10052,#14370);
#14368=LINE('',#10002,#14371);
#14369=LINE('',#10054,#14372);
#14370=VECTOR('',#14373,1.0);
#14371=VECTOR('',#14374,1.0);
#14372=VECTOR('',#14375,1.0);
#14373=DIRECTION('',(0.8149681286956484,0.5795057801353781,0));
#14374=DIRECTION('',(0.590995481444843,-0.8066748669146562,0));
#14375=DIRECTION('',(-1,0,0));
#14376=STYLED_ITEM('',(#25),#14377);
#14377=FACE_SURFACE('',(#14382),#14378,.T.);
#14378=PLANE('',#14379);
#14379=AXIS2_PLACEMENT_3D('',#10072,#14380,#14381);
#14380=DIRECTION('',(0,-1,0));
#14381=DIRECTION('',(0,0,1));
#14382=FACE_BOUND('',#14383,.T.);
#14383=EDGE_LOOP('',(#14384,#14385,#14386));
#14384=ORIENTED_EDGE('',*,*,#14387,.T.);
#14385=ORIENTED_EDGE('',*,*,#14388,.T.);
#14386=ORIENTED_EDGE('',*,*,#14389,.T.);
#14387=EDGE_CURVE('',#10073,#10071,#14390,.F.);
#14388=EDGE_CURVE('',#10071,#10125,#14391,.T.);
#14389=EDGE_CURVE('',#10125,#10073,#14392,.T.);
#14390=LINE('',#10072,#14393);
#14391=LINE('',#10070,#14394);
#14392=LINE('',#10124,#14395);
#14393=VECTOR('',#14396,1.0);
#14394=VECTOR('',#14397,1.0);
#14395=VECTOR('',#14398,1.0);
#14396=DIRECTION('',(0,0,1));
#14397=DIRECTION('',(-1,0,0));
#14398=DIRECTION('',(0.6246950475544245,0,-0.78086880944303));
#14399=STYLED_ITEM('',(#25),#14400);
#14400=FACE_SURFACE('',(#14405),#14401,.T.);
#14401=PLANE('',#14402);
#14402=AXIS2_PLACEMENT_3D('',#10072,#14403,#14404);
#14403=DIRECTION('',(0,-1,0));
#14404=DIRECTION('',(-0.6246950475544245,0,0.78086880944303));
#14405=FACE_BOUND('',#14406,.T.);
#14406=EDGE_LOOP('',(#14407,#14408,#14409));
#14407=ORIENTED_EDGE('',*,*,#14410,.T.);
#14408=ORIENTED_EDGE('',*,*,#14411,.T.);
#14409=ORIENTED_EDGE('',*,*,#14412,.T.);
#14410=EDGE_CURVE('',#10073,#10125,#14413,.F.);
#14411=EDGE_CURVE('',#10125,#10137,#14414,.T.);
#14412=EDGE_CURVE('',#10137,#10073,#14415,.T.);
#14413=LINE('',#10072,#14416);
#14414=LINE('',#10124,#14417);
#14415=LINE('',#10136,#14418);
#14416=VECTOR('',#14419,1.0);
#14417=VECTOR('',#14420,1.0);
#14418=VECTOR('',#14421,1.0);
#14419=DIRECTION('',(-0.6246950475544245,0,0.78086880944303));
#14420=DIRECTION('',(0,0,-1));
#14421=DIRECTION('',(1,0,0));
#14422=STYLED_ITEM('',(#25),#14423);
#14423=FACE_SURFACE('',(#14428),#14424,.T.);
#14424=PLANE('',#14425);
#14425=AXIS2_PLACEMENT_3D('',#10004,#14426,#14427);
#14426=DIRECTION('',(-0.7071067811865469,0.7071067811865482,0));
#14427=DIRECTION('',(-0.09901475429766747,-0.09901475429766729,-0.9901475429766744));
#14428=FACE_BOUND('',#14429,.T.);
#14429=EDGE_LOOP('',(#14430,#14431,#14432));
#14430=ORIENTED_EDGE('',*,*,#14433,.T.);
#14431=ORIENTED_EDGE('',*,*,#14434,.T.);
#14432=ORIENTED_EDGE('',*,*,#14435,.T.);
#14433=EDGE_CURVE('',#10005,#9991,#14436,.F.);
#14434=EDGE_CURVE('',#9991,#10139,#14437,.T.);
#14435=EDGE_CURVE('',#10139,#10005,#14438,.T.);
#14436=LINE('',#10004,#14439);
#14437=LINE('',#9990,#14440);
#14438=LINE('',#10138,#14441);
#14439=VECTOR('',#14442,1.0);
#14440=VECTOR('',#14443,1.0);
#14441=VECTOR('',#14444,1.0);
#14442=DIRECTION('',(-0.09901475429766747,-0.09901475429766729,-0.9901475429766744));
#14443=DIRECTION('',(0,0,1));
#14444=DIRECTION('',(0.7071067811865481,0.7071067811865468,0));
#14445=STYLED_ITEM('',(#25),#14446);
#14446=FACE_SURFACE('',(#14451),#14447,.T.);
#14447=PLANE('',#14448);
#14448=AXIS2_PLACEMENT_3D('',#9998,#14449,#14450);
#14449=DIRECTION('',(0,0.7071067811865471,-0.7071067811865478));
#14450=DIRECTION('',(-0.577350269189626,-0.577350269189626,-0.5773502691896254));
#14451=FACE_BOUND('',#14452,.T.);
#14452=EDGE_LOOP('',(#14453,#14454,#14455));
#14453=ORIENTED_EDGE('',*,*,#14456,.T.);
#14454=ORIENTED_EDGE('',*,*,#14457,.T.);
#14455=ORIENTED_EDGE('',*,*,#14458,.T.);
#14456=EDGE_CURVE('',#9999,#10153,#14459,.F.);
#14457=EDGE_CURVE('',#10153,#10135,#14460,.T.);
#14458=EDGE_CURVE('',#10135,#9999,#14461,.T.);
#14459=LINE('',#9998,#14462);
#14460=LINE('',#10152,#14463);
#14461=LINE('',#10134,#14464);
#14462=VECTOR('',#14465,1.0);
#14463=VECTOR('',#14466,1.0);
#14464=VECTOR('',#14467,1.0);
#14465=DIRECTION('',(-0.577350269189626,-0.577350269189626,-0.5773502691896254));
#14466=DIRECTION('',(-0.9045340337332909,0.30151134457776363,0.30151134457776335));
#14467=DIRECTION('',(1,0,0));
#14468=STYLED_ITEM('',(#25),#14469);
#14469=FACE_SURFACE('',(#14474),#14470,.T.);
#14470=PLANE('',#14471);
#14471=AXIS2_PLACEMENT_3D('',#10154,#14472,#14473);
#14472=DIRECTION('',(0,0.7071067811865471,-0.7071067811865478));
#14473=DIRECTION('',(-0.577350269189626,0.577350269189626,0.5773502691896254));
#14474=FACE_BOUND('',#14475,.T.);
#14475=EDGE_LOOP('',(#14476,#14477,#14478));
#14476=ORIENTED_EDGE('',*,*,#14479,.T.);
#14477=ORIENTED_EDGE('',*,*,#14480,.T.);
#14478=ORIENTED_EDGE('',*,*,#14481,.T.);
#14479=EDGE_CURVE('',#10155,#10135,#14482,.F.);
#14480=EDGE_CURVE('',#10135,#10153,#14483,.T.);
#14481=EDGE_CURVE('',#10153,#10155,#14484,.T.);
#14482=LINE('',#10154,#14485);
#14483=LINE('',#10134,#14486);
#14484=LINE('',#10152,#14487);
#14485=VECTOR('',#14488,1.0);
#14486=VECTOR('',#14489,1.0);
#14487=VECTOR('',#14490,1.0);
#14488=DIRECTION('',(-0.577350269189626,0.577350269189626,0.5773502691896254));
#14489=DIRECTION('',(0.9045340337332909,-0.30151134457776363,-0.30151134457776335));
#14490=DIRECTION('',(-1,0,0));
#14491=STYLED_ITEM('',(#25),#14492);
#14492=FACE_SURFACE('',(#14497),#14493,.T.);
#14493=PLANE('',#14494);
#14494=AXIS2_PLACEMENT_3D('',#9976,#14495,#14496);
#14495=DIRECTION('',(0,-1,0));
#14496=DIRECTION('',(0.6246950475544244,0,-0.7808688094430302));
#14497=FACE_BOUND('',#14498,.T.);
#14498=EDGE_LOOP('',(#14499,#14500,#14501));
#14499=ORIENTED_EDGE('',*,*,#14502,.T.);
#14500=ORIENTED_EDGE('',*,*,#14503,.T.);
#14501=ORIENTED_EDGE('',*,*,#14504,.T.);
#14502=EDGE_CURVE('',#9977,#10133,#14505,.F.);
#14503=EDGE_CURVE('',#10133,#10105,#14506,.T.);
#14504=EDGE_CURVE('',#10105,#9977,#14507,.T.);
#14505=LINE('',#9976,#14508);
#14506=LINE('',#10132,#14509);
#14507=LINE('',#10104,#14510);
#14508=VECTOR('',#14511,1.0);
#14509=VECTOR('',#14512,1.0);
#14510=VECTOR('',#14513,1.0);
#14511=DIRECTION('',(0.6246950475544244,0,-0.7808688094430302));
#14512=DIRECTION('',(0,0,1));
#14513=DIRECTION('',(-1,0,0));
#14514=STYLED_ITEM('',(#25),#14515);
#14515=FACE_SURFACE('',(#14520),#14516,.T.);
#14516=PLANE('',#14517);
#14517=AXIS2_PLACEMENT_3D('',#9954,#14518,#14519);
#14518=DIRECTION('',(-1,0,-0));
#14519=DIRECTION('',(0,0,-1));
#14520=FACE_BOUND('',#14521,.T.);
#14521=EDGE_LOOP('',(#14522,#14523,#14524));
#14522=ORIENTED_EDGE('',*,*,#14525,.T.);
#14523=ORIENTED_EDGE('',*,*,#14526,.T.);
#14524=ORIENTED_EDGE('',*,*,#14527,.T.);
#14525=EDGE_CURVE('',#9955,#10143,#14528,.F.);
#14526=EDGE_CURVE('',#10143,#10079,#14529,.T.);
#14527=EDGE_CURVE('',#10079,#9955,#14530,.T.);
#14528=LINE('',#9954,#14531);
#14529=LINE('',#10142,#14532);
#14530=LINE('',#10078,#14533);
#14531=VECTOR('',#14534,1.0);
#14532=VECTOR('',#14535,1.0);
#14533=VECTOR('',#14536,1.0);
#14534=DIRECTION('',(0,0,-1));
#14535=DIRECTION('',(0,-1,0));
#14536=DIRECTION('',(0,0.21983912974654354,0.9755361382502866));
#14537=STYLED_ITEM('',(#25),#14538);
#14538=FACE_SURFACE('',(#14543),#14539,.T.);
#14539=PLANE('',#14540);
#14540=AXIS2_PLACEMENT_3D('',#9998,#14541,#14542);
#14541=DIRECTION('',(0.7071067811865471,0,-0.7071067811865478));
#14542=DIRECTION('',(0,-1,0));
#14543=FACE_BOUND('',#14544,.T.);
#14544=EDGE_LOOP('',(#14545,#14546,#14547));
#14545=ORIENTED_EDGE('',*,*,#14548,.T.);
#14546=ORIENTED_EDGE('',*,*,#14549,.T.);
#14547=ORIENTED_EDGE('',*,*,#14550,.T.);
#14548=EDGE_CURVE('',#9999,#10119,#14551,.F.);
#14549=EDGE_CURVE('',#10119,#10157,#14552,.T.);
#14550=EDGE_CURVE('',#10157,#9999,#14553,.T.);
#14551=LINE('',#9998,#14554);
#14552=LINE('',#10118,#14555);
#14553=LINE('',#10156,#14556);
#14554=VECTOR('',#14557,1.0);
#14555=VECTOR('',#14558,1.0);
#14556=VECTOR('',#14559,1.0);
#14557=DIRECTION('',(0,-1,0));
#14558=DIRECTION('',(-0.577350269189626,0.577350269189626,-0.5773502691896254));
#14559=DIRECTION('',(0.30151134457776363,0.9045340337332909,0.30151134457776335));
#14560=STYLED_ITEM('',(#25),#14561);
#14561=FACE_SURFACE('',(#14566),#14562,.T.);
#14562=PLANE('',#14563);
#14563=AXIS2_PLACEMENT_3D('',#9998,#14564,#14565);
#14564=DIRECTION('',(0.7071067811865472,0,-0.7071067811865478));
#14565=DIRECTION('',(-0.30151134457776363,-0.9045340337332909,-0.30151134457776335));
#14566=FACE_BOUND('',#14567,.T.);
#14567=EDGE_LOOP('',(#14568,#14569,#14570));
#14568=ORIENTED_EDGE('',*,*,#14571,.T.);
#14569=ORIENTED_EDGE('',*,*,#14572,.T.);
#14570=ORIENTED_EDGE('',*,*,#14573,.T.);
#14571=EDGE_CURVE('',#9999,#10157,#14574,.F.);
#14572=EDGE_CURVE('',#10157,#10153,#14575,.T.);
#14573=EDGE_CURVE('',#10153,#9999,#14576,.T.);
#14574=LINE('',#9998,#14577);
#14575=LINE('',#10156,#14578);
#14576=LINE('',#10152,#14579);
#14577=VECTOR('',#14580,1.0);
#14578=VECTOR('',#14581,1.0);
#14579=VECTOR('',#14582,1.0);
#14580=DIRECTION('',(-0.30151134457776363,-0.9045340337332909,-0.30151134457776335));
#14581=DIRECTION('',(0,1,0));
#14582=DIRECTION('',(0.577350269189626,0.577350269189626,0.5773502691896254));
#14583=STYLED_ITEM('',(#25),#14584);
#14584=FACE_SURFACE('',(#14589),#14585,.T.);
#14585=PLANE('',#14586);
#14586=AXIS2_PLACEMENT_3D('',#10052,#14587,#14588);
#14587=DIRECTION('',(0,0,-1));
#14588=DIRECTION('',(-0.7071067811865475,0.7071067811865475,0));
#14589=FACE_BOUND('',#14590,.T.);
#14590=EDGE_LOOP('',(#14591,#14592,#14593));
#14591=ORIENTED_EDGE('',*,*,#14594,.T.);
#14592=ORIENTED_EDGE('',*,*,#14595,.T.);
#14593=ORIENTED_EDGE('',*,*,#14596,.T.);
#14594=EDGE_CURVE('',#10053,#10159,#14597,.F.);
#14595=EDGE_CURVE('',#10159,#10161,#14598,.T.);
#14596=EDGE_CURVE('',#10161,#10053,#14599,.T.);
#14597=LINE('',#10052,#14600);
#14598=LINE('',#10158,#14601);
#14599=LINE('',#10160,#14602);
#14600=VECTOR('',#14603,1.0);
#14601=VECTOR('',#14604,1.0);
#14602=VECTOR('',#14605,1.0);
#14603=DIRECTION('',(-0.7071067811865475,0.7071067811865475,0));
#14604=DIRECTION('',(0.8066748669146562,0.590995481444843,0));
#14605=DIRECTION('',(-0.590995481444843,-0.8066748669146562,0));
#14606=STYLED_ITEM('',(#25),#14607);
#14607=FACE_SURFACE('',(#14612),#14608,.T.);
#14608=PLANE('',#14609);
#14609=AXIS2_PLACEMENT_3D('',#10052,#14610,#14611);
#14610=DIRECTION('',(0,0,-1));
#14611=DIRECTION('',(0.590995481444843,0.8066748669146562,0));
#14612=FACE_BOUND('',#14613,.T.);
#14613=EDGE_LOOP('',(#14614,#14615,#14616));
#14614=ORIENTED_EDGE('',*,*,#14617,.T.);
#14615=ORIENTED_EDGE('',*,*,#14618,.T.);
#14616=ORIENTED_EDGE('',*,*,#14619,.T.);
#14617=EDGE_CURVE('',#10053,#10161,#14620,.F.);
#14618=EDGE_CURVE('',#10161,#10003,#14621,.T.);
#14619=EDGE_CURVE('',#10003,#10053,#14622,.T.);
#14620=LINE('',#10052,#14623);
#14621=LINE('',#10160,#14624);
#14622=LINE('',#10002,#14625);
#14623=VECTOR('',#14626,1.0);
#14624=VECTOR('',#14627,1.0);
#14625=VECTOR('',#14628,1.0);
#14626=DIRECTION('',(0.590995481444843,0.8066748669146562,0));
#14627=DIRECTION('',(1,0,0));
#14628=DIRECTION('',(-0.8149681286956484,-0.5795057801353781,0));
#14629=STYLED_ITEM('',(#25),#14630);
#14630=FACE_SURFACE('',(#14635),#14631,.T.);
#14631=PLANE('',#14632);
#14632=AXIS2_PLACEMENT_3D('',#10060,#14633,#14634);
#14633=DIRECTION('',(0,1,0));
#14634=DIRECTION('',(-0.6246950475544244,0,-0.7808688094430303));
#14635=FACE_BOUND('',#14636,.T.);
#14636=EDGE_LOOP('',(#14637,#14638,#14639));
#14637=ORIENTED_EDGE('',*,*,#14640,.T.);
#14638=ORIENTED_EDGE('',*,*,#14641,.T.);
#14639=ORIENTED_EDGE('',*,*,#14642,.T.);
#14640=EDGE_CURVE('',#10061,#9867,#14643,.F.);
#14641=EDGE_CURVE('',#9867,#10005,#14644,.T.);
#14642=EDGE_CURVE('',#10005,#10061,#14645,.T.);
#14643=LINE('',#10060,#14646);
#14644=LINE('',#9866,#14647);
#14645=LINE('',#10004,#14648);
#14646=VECTOR('',#14649,1.0);
#14647=VECTOR('',#14650,1.0);
#14648=VECTOR('',#14651,1.0);
#14649=DIRECTION('',(-0.6246950475544244,0,-0.7808688094430303));
#14650=DIRECTION('',(0,0,1));
#14651=DIRECTION('',(1,0,0));
#14652=STYLED_ITEM('',(#25),#14653);
#14653=FACE_SURFACE('',(#14658),#14654,.T.);
#14654=PLANE('',#14655);
#14655=AXIS2_PLACEMENT_3D('',#10162,#14656,#14657);
#14656=DIRECTION('',(0,-0.7071067811865471,-0.7071067811865478));
#14657=DIRECTION('',(1,0,0));
#14658=FACE_BOUND('',#14659,.T.);
#14659=EDGE_LOOP('',(#14660,#14661,#14662));
#14660=ORIENTED_EDGE('',*,*,#14663,.T.);
#14661=ORIENTED_EDGE('',*,*,#14664,.T.);
#14662=ORIENTED_EDGE('',*,*,#14665,.T.);
#14663=EDGE_CURVE('',#10163,#10157,#14666,.F.);
#14664=EDGE_CURVE('',#10157,#10147,#14667,.T.);
#14665=EDGE_CURVE('',#10147,#10163,#14668,.T.);
#14666=LINE('',#10162,#14669);
#14667=LINE('',#10156,#14670);
#14668=LINE('',#10146,#14671);
#14669=VECTOR('',#14672,1.0);
#14670=VECTOR('',#14673,1.0);
#14671=VECTOR('',#14674,1.0);
#14672=DIRECTION('',(1,0,0));
#14673=DIRECTION('',(-0.9045340337332909,-0.30151134457776363,0.30151134457776335));
#14674=DIRECTION('',(0.577350269189626,0.577350269189626,-0.5773502691896254));
#14675=STYLED_ITEM('',(#25),#14676);
#14676=FACE_SURFACE('',(#14681),#14677,.T.);
#14677=PLANE('',#14678);
#14678=AXIS2_PLACEMENT_3D('',#10118,#14679,#14680);
#14679=DIRECTION('',(-0,-0.7071067811865471,-0.7071067811865478));
#14680=DIRECTION('',(-1,0,0));
#14681=FACE_BOUND('',#14682,.T.);
#14682=EDGE_LOOP('',(#14683,#14684,#14685));
#14683=ORIENTED_EDGE('',*,*,#14686,.T.);
#14684=ORIENTED_EDGE('',*,*,#14687,.T.);
#14685=ORIENTED_EDGE('',*,*,#14688,.T.);
#14686=EDGE_CURVE('',#10119,#10147,#14689,.F.);
#14687=EDGE_CURVE('',#10147,#10157,#14690,.T.);
#14688=EDGE_CURVE('',#10157,#10119,#14691,.T.);
#14689=LINE('',#10118,#14692);
#14690=LINE('',#10146,#14693);
#14691=LINE('',#10156,#14694);
#14692=VECTOR('',#14695,1.0);
#14693=VECTOR('',#14696,1.0);
#14694=VECTOR('',#14697,1.0);
#14695=DIRECTION('',(-1,0,0));
#14696=DIRECTION('',(0.9045340337332909,0.30151134457776363,-0.30151134457776335));
#14697=DIRECTION('',(0.577350269189626,-0.577350269189626,0.5773502691896254));
#14698=STYLED_ITEM('',(#25),#14699);
#14699=FACE_SURFACE('',(#14704),#14700,.T.);
#14700=PLANE('',#14701);
#14701=AXIS2_PLACEMENT_3D('',#10060,#14702,#14703);
#14702=DIRECTION('',(0,0,1));
#14703=DIRECTION('',(-1,0,0));
#14704=FACE_BOUND('',#14705,.T.);
#14705=EDGE_LOOP('',(#14706,#14707,#14708));
#14706=ORIENTED_EDGE('',*,*,#14709,.T.);
#14707=ORIENTED_EDGE('',*,*,#14710,.T.);
#14708=ORIENTED_EDGE('',*,*,#14711,.T.);
#14709=EDGE_CURVE('',#10061,#10005,#14712,.F.);
#14710=EDGE_CURVE('',#10005,#10143,#14713,.T.);
#14711=EDGE_CURVE('',#10143,#10061,#14714,.T.);
#14712=LINE('',#10060,#14715);
#14713=LINE('',#10004,#14716);
#14714=LINE('',#10142,#14717);
#14715=VECTOR('',#14718,1.0);
#14716=VECTOR('',#14719,1.0);
#14717=VECTOR('',#14720,1.0);
#14718=DIRECTION('',(-1,0,0));
#14719=DIRECTION('',(0.5909954814448433,-0.806674866914656,0));
#14720=DIRECTION('',(0.8149681286956482,0.5795057801353783,0));
#14721=STYLED_ITEM('',(#25),#14722);
#14722=FACE_SURFACE('',(#14727),#14723,.T.);
#14723=PLANE('',#14724);
#14724=AXIS2_PLACEMENT_3D('',#10060,#14725,#14726);
#14725=DIRECTION('',(0,0,1));
#14726=DIRECTION('',(-0.8149681286956482,-0.5795057801353783,0));
#14727=FACE_BOUND('',#14728,.T.);
#14728=EDGE_LOOP('',(#14729,#14730,#14731));
#14729=ORIENTED_EDGE('',*,*,#14732,.T.);
#14730=ORIENTED_EDGE('',*,*,#14733,.T.);
#14731=ORIENTED_EDGE('',*,*,#14734,.T.);
#14732=EDGE_CURVE('',#10061,#10143,#14735,.F.);
#14733=EDGE_CURVE('',#10143,#9959,#14736,.T.);
#14734=EDGE_CURVE('',#9959,#10061,#14737,.T.);
#14735=LINE('',#10060,#14738);
#14736=LINE('',#10142,#14739);
#14737=LINE('',#9958,#14740);
#14738=VECTOR('',#14741,1.0);
#14739=VECTOR('',#14742,1.0);
#14740=VECTOR('',#14743,1.0);
#14741=DIRECTION('',(-0.8149681286956482,-0.5795057801353783,0));
#14742=DIRECTION('',(1,0,0));
#14743=DIRECTION('',(0.590995481444843,0.8066748669146562,0));
#14744=STYLED_ITEM('',(#25),#14745);
#14745=FACE_SURFACE('',(#14750),#14746,.T.);
#14746=PLANE('',#14747);
#14747=AXIS2_PLACEMENT_3D('',#9882,#14748,#14749);
#14748=DIRECTION('',(0,-1,0));
#14749=DIRECTION('',(1,0,0));
#14750=FACE_BOUND('',#14751,.T.);
#14751=EDGE_LOOP('',(#14752,#14753,#14754));
#14752=ORIENTED_EDGE('',*,*,#14755,.T.);
#14753=ORIENTED_EDGE('',*,*,#14756,.T.);
#14754=ORIENTED_EDGE('',*,*,#14757,.T.);
#14755=EDGE_CURVE('',#9883,#10133,#14758,.F.);
#14756=EDGE_CURVE('',#10133,#9977,#14759,.T.);
#14757=EDGE_CURVE('',#9977,#9883,#14760,.T.);
#14758=LINE('',#9882,#14761);
#14759=LINE('',#10132,#14762);
#14760=LINE('',#9976,#14763);
#14761=VECTOR('',#14764,1.0);
#14762=VECTOR('',#14765,1.0);
#14763=VECTOR('',#14766,1.0);
#14764=DIRECTION('',(1,0,0));
#14765=DIRECTION('',(-0.6246950475544244,0,0.7808688094430302));
#14766=DIRECTION('',(0,0,-1));
#14767=STYLED_ITEM('',(#25),#14768);
#14768=FACE_SURFACE('',(#14773),#14769,.T.);
#14769=PLANE('',#14770);
#14770=AXIS2_PLACEMENT_3D('',#10164,#14771,#14772);
#14771=DIRECTION('',(-0.7071067811865472,0,-0.7071067811865478));
#14772=DIRECTION('',(-0.577350269189626,-0.577350269189626,0.5773502691896254));
#14773=FACE_BOUND('',#14774,.T.);
#14774=EDGE_LOOP('',(#14775,#14776,#14777));
#14775=ORIENTED_EDGE('',*,*,#14778,.T.);
#14776=ORIENTED_EDGE('',*,*,#14779,.T.);
#14777=ORIENTED_EDGE('',*,*,#14780,.T.);
#14778=EDGE_CURVE('',#10165,#10167,#14781,.F.);
#14779=EDGE_CURVE('',#10167,#10169,#14782,.T.);
#14780=EDGE_CURVE('',#10169,#10165,#14783,.T.);
#14781=LINE('',#10164,#14784);
#14782=LINE('',#10166,#14785);
#14783=LINE('',#10168,#14786);
#14784=VECTOR('',#14787,1.0);
#14785=VECTOR('',#14788,1.0);
#14786=VECTOR('',#14789,1.0);
#14787=DIRECTION('',(-0.577350269189626,-0.577350269189626,0.5773502691896254));
#14788=DIRECTION('',(0,1,0));
#14789=DIRECTION('',(0.30151134457776363,-0.9045340337332909,-0.30151134457776335));
#14790=STYLED_ITEM('',(#25),#14791);
#14791=FACE_SURFACE('',(#14796),#14792,.T.);
#14792=PLANE('',#14793);
#14793=AXIS2_PLACEMENT_3D('',#10164,#14794,#14795);
#14794=DIRECTION('',(-0.7071067811865471,0,-0.7071067811865478));
#14795=DIRECTION('',(-0.30151134457776363,0.9045340337332909,0.30151134457776335));
#14796=FACE_BOUND('',#14797,.T.);
#14797=EDGE_LOOP('',(#14798,#14799,#14800));
#14798=ORIENTED_EDGE('',*,*,#14801,.T.);
#14799=ORIENTED_EDGE('',*,*,#14802,.T.);
#14800=ORIENTED_EDGE('',*,*,#14803,.T.);
#14801=EDGE_CURVE('',#10165,#10169,#14804,.F.);
#14802=EDGE_CURVE('',#10169,#10171,#14805,.T.);
#14803=EDGE_CURVE('',#10171,#10165,#14806,.T.);
#14804=LINE('',#10164,#14807);
#14805=LINE('',#10168,#14808);
#14806=LINE('',#10170,#14809);
#14807=VECTOR('',#14810,1.0);
#14808=VECTOR('',#14811,1.0);
#14809=VECTOR('',#14812,1.0);
#14810=DIRECTION('',(-0.30151134457776363,0.9045340337332909,0.30151134457776335));
#14811=DIRECTION('',(0.577350269189626,-0.577350269189626,-0.5773502691896254));
#14812=DIRECTION('',(0,-1,0));
#14813=STYLED_ITEM('',(#25),#14814);
#14814=FACE_SURFACE('',(#14819),#14815,.T.);
#14815=PLANE('',#14816);
#14816=AXIS2_PLACEMENT_3D('',#10052,#14817,#14818);
#14817=DIRECTION('',(-0.7071067811865476,-0.7071067811865476,0));
#14818=DIRECTION('',(-0.09901475429766729,0.09901475429766729,0.9901475429766744));
#14819=FACE_BOUND('',#14820,.T.);
#14820=EDGE_LOOP('',(#14821,#14822,#14823));
#14821=ORIENTED_EDGE('',*,*,#14824,.T.);
#14822=ORIENTED_EDGE('',*,*,#14825,.T.);
#14823=ORIENTED_EDGE('',*,*,#14826,.T.);
#14824=EDGE_CURVE('',#10053,#10065,#14827,.F.);
#14825=EDGE_CURVE('',#10065,#10159,#14828,.T.);
#14826=EDGE_CURVE('',#10159,#10053,#14829,.T.);
#14827=LINE('',#10052,#14830);
#14828=LINE('',#10064,#14831);
#14829=LINE('',#10158,#14832);
#14830=VECTOR('',#14833,1.0);
#14831=VECTOR('',#14834,1.0);
#14832=VECTOR('',#14835,1.0);
#14833=DIRECTION('',(-0.09901475429766729,0.09901475429766729,0.9901475429766744));
#14834=DIRECTION('',(0,0,-1));
#14835=DIRECTION('',(0.7071067811865475,-0.7071067811865475,0));
#14836=STYLED_ITEM('',(#25),#14837);
#14837=FACE_SURFACE('',(#14842),#14838,.T.);
#14838=PLANE('',#14839);
#14839=AXIS2_PLACEMENT_3D('',#10146,#14840,#14841);
#14840=DIRECTION('',(-0.7071067811865471,0,-0.7071067811865478));
#14841=DIRECTION('',(0,1,0));
#14842=FACE_BOUND('',#14843,.T.);
#14843=EDGE_LOOP('',(#14844,#14845,#14846));
#14844=ORIENTED_EDGE('',*,*,#14847,.T.);
#14845=ORIENTED_EDGE('',*,*,#14848,.T.);
#14846=ORIENTED_EDGE('',*,*,#14849,.T.);
#14847=EDGE_CURVE('',#10147,#10135,#14850,.F.);
#14848=EDGE_CURVE('',#10135,#10155,#14851,.T.);
#14849=EDGE_CURVE('',#10155,#10147,#14852,.T.);
#14850=LINE('',#10146,#14853);
#14851=LINE('',#10134,#14854);
#14852=LINE('',#10154,#14855);
#14853=VECTOR('',#14856,1.0);
#14854=VECTOR('',#14857,1.0);
#14855=VECTOR('',#14858,1.0);
#14856=DIRECTION('',(0,1,0));
#14857=DIRECTION('',(0.577350269189626,-0.577350269189626,-0.5773502691896254));
#14858=DIRECTION('',(-0.30151134457776363,-0.9045340337332909,0.30151134457776335));
#14859=STYLED_ITEM('',(#25),#14860);
#14860=FACE_SURFACE('',(#14865),#14861,.T.);
#14861=PLANE('',#14862);
#14862=AXIS2_PLACEMENT_3D('',#10146,#14863,#14864);
#14863=DIRECTION('',(-0.7071067811865472,0,-0.7071067811865478));
#14864=DIRECTION('',(0.30151134457776363,0.9045340337332909,-0.30151134457776335));
#14865=FACE_BOUND('',#14866,.T.);
#14866=EDGE_LOOP('',(#14867,#14868,#14869));
#14867=ORIENTED_EDGE('',*,*,#14870,.T.);
#14868=ORIENTED_EDGE('',*,*,#14871,.T.);
#14869=ORIENTED_EDGE('',*,*,#14872,.T.);
#14870=EDGE_CURVE('',#10147,#10155,#14873,.F.);
#14871=EDGE_CURVE('',#10155,#10163,#14874,.T.);
#14872=EDGE_CURVE('',#10163,#10147,#14875,.T.);
#14873=LINE('',#10146,#14876);
#14874=LINE('',#10154,#14877);
#14875=LINE('',#10162,#14878);
#14876=VECTOR('',#14879,1.0);
#14877=VECTOR('',#14880,1.0);
#14878=VECTOR('',#14881,1.0);
#14879=DIRECTION('',(0.30151134457776363,0.9045340337332909,-0.30151134457776335));
#14880=DIRECTION('',(0,-1,0));
#14881=DIRECTION('',(-0.577350269189626,-0.577350269189626,0.5773502691896254));
#14882=STYLED_ITEM('',(#25),#14883);
#14883=FACE_SURFACE('',(#14888),#14884,.T.);
#14884=PLANE('',#14885);
#14885=AXIS2_PLACEMENT_3D('',#9958,#14886,#14887);
#14886=DIRECTION('',(0,1,0));
#14887=DIRECTION('',(-1,0,0));
#14888=FACE_BOUND('',#14889,.T.);
#14889=EDGE_LOOP('',(#14890,#14891,#14892));
#14890=ORIENTED_EDGE('',*,*,#14893,.T.);
#14891=ORIENTED_EDGE('',*,*,#14894,.T.);
#14892=ORIENTED_EDGE('',*,*,#14895,.T.);
#14893=EDGE_CURVE('',#9959,#10143,#14896,.F.);
#14894=EDGE_CURVE('',#10143,#9955,#14897,.T.);
#14895=EDGE_CURVE('',#9955,#9959,#14898,.T.);
#14896=LINE('',#9958,#14899);
#14897=LINE('',#10142,#14900);
#14898=LINE('',#9954,#14901);
#14899=VECTOR('',#14902,1.0);
#14900=VECTOR('',#14903,1.0);
#14901=VECTOR('',#14904,1.0);
#14902=DIRECTION('',(-1,0,0));
#14903=DIRECTION('',(0,0,1));
#14904=DIRECTION('',(0.21983912974654327,0,-0.9755361382502867));
#14905=STYLED_ITEM('',(#25),#14906);
#14906=FACE_SURFACE('',(#14911),#14907,.T.);
#14907=PLANE('',#14908);
#14908=AXIS2_PLACEMENT_3D('',#10168,#14909,#14910);
#14909=DIRECTION('',(0,0.7071067811865472,-0.7071067811865479));
#14910=DIRECTION('',(1,0,0));
#14911=FACE_BOUND('',#14912,.T.);
#14912=EDGE_LOOP('',(#14913,#14914,#14915));
#14913=ORIENTED_EDGE('',*,*,#14916,.T.);
#14914=ORIENTED_EDGE('',*,*,#14917,.T.);
#14915=ORIENTED_EDGE('',*,*,#14918,.T.);
#14916=EDGE_CURVE('',#10169,#10173,#14919,.F.);
#14917=EDGE_CURVE('',#10173,#10175,#14920,.T.);
#14918=EDGE_CURVE('',#10175,#10169,#14921,.T.);
#14919=LINE('',#10168,#14922);
#14920=LINE('',#10172,#14923);
#14921=LINE('',#10174,#14924);
#14922=VECTOR('',#14925,1.0);
#14923=VECTOR('',#14926,1.0);
#14924=VECTOR('',#14927,1.0);
#14925=DIRECTION('',(1,0,0));
#14926=DIRECTION('',(-0.577350269189626,-0.577350269189626,-0.5773502691896254));
#14927=DIRECTION('',(-0.9045340337332907,0.30151134457776385,0.3015113445777636));
#14928=STYLED_ITEM('',(#25),#14929);
#14929=FACE_SURFACE('',(#14934),#14930,.T.);
#14930=PLANE('',#14931);
#14931=AXIS2_PLACEMENT_3D('',#10168,#14932,#14933);
#14932=DIRECTION('',(0,0.7071067811865472,-0.7071067811865479));
#14933=DIRECTION('',(0.9045340337332907,-0.30151134457776385,-0.3015113445777636));
#14934=FACE_BOUND('',#14935,.T.);
#14935=EDGE_LOOP('',(#14936,#14937,#14938));
#14936=ORIENTED_EDGE('',*,*,#14939,.T.);
#14937=ORIENTED_EDGE('',*,*,#14940,.T.);
#14938=ORIENTED_EDGE('',*,*,#14941,.T.);
#14939=EDGE_CURVE('',#10169,#10175,#14942,.F.);
#14940=EDGE_CURVE('',#10175,#10171,#14943,.T.);
#14941=EDGE_CURVE('',#10171,#10169,#14944,.T.);
#14942=LINE('',#10168,#14945);
#14943=LINE('',#10174,#14946);
#14944=LINE('',#10170,#14947);
#14945=VECTOR('',#14948,1.0);
#14946=VECTOR('',#14949,1.0);
#14947=VECTOR('',#14950,1.0);
#14948=DIRECTION('',(0.9045340337332907,-0.30151134457776385,-0.3015113445777636));
#14949=DIRECTION('',(-1,0,0));
#14950=DIRECTION('',(-0.577350269189626,0.577350269189626,0.5773502691896254));
#14951=STYLED_ITEM('',(#25),#14952);
#14952=FACE_SURFACE('',(#14957),#14953,.T.);
#14953=PLANE('',#14954);
#14954=AXIS2_PLACEMENT_3D('',#10150,#14955,#14956);
#14955=DIRECTION('',(0,1,-0));
#14956=DIRECTION('',(-1,0,0));
#14957=FACE_BOUND('',#14958,.T.);
#14958=EDGE_LOOP('',(#14959,#14960,#14961));
#14959=ORIENTED_EDGE('',*,*,#14962,.T.);
#14960=ORIENTED_EDGE('',*,*,#14963,.T.);
#14961=ORIENTED_EDGE('',*,*,#14964,.T.);
#14962=EDGE_CURVE('',#10151,#10177,#14965,.F.);
#14963=EDGE_CURVE('',#10177,#10149,#14966,.T.);
#14964=EDGE_CURVE('',#10149,#10151,#14967,.T.);
#14965=LINE('',#10150,#14968);
#14966=LINE('',#10176,#14969);
#14967=LINE('',#10148,#14970);
#14968=VECTOR('',#14971,1.0);
#14969=VECTOR('',#14972,1.0);
#14970=VECTOR('',#14973,1.0);
#14971=DIRECTION('',(-1,0,0));
#14972=DIRECTION('',(0.6246950475544244,0,0.7808688094430302));
#14973=DIRECTION('',(0,0,-1));
#14974=STYLED_ITEM('',(#25),#14975);
#14975=FACE_SURFACE('',(#14980),#14976,.T.);
#14976=PLANE('',#14977);
#14977=AXIS2_PLACEMENT_3D('',#10002,#14978,#14979);
#14978=DIRECTION('',(-0,-1,0));
#14979=DIRECTION('',(-1,0,0));
#14980=FACE_BOUND('',#14981,.T.);
#14981=EDGE_LOOP('',(#14982,#14983,#14984));
#14982=ORIENTED_EDGE('',*,*,#14985,.T.);
#14983=ORIENTED_EDGE('',*,*,#14986,.T.);
#14984=ORIENTED_EDGE('',*,*,#14987,.T.);
#14985=EDGE_CURVE('',#10003,#10161,#14988,.F.);
#14986=EDGE_CURVE('',#10161,#10147,#14989,.T.);
#14987=EDGE_CURVE('',#10147,#10003,#14990,.T.);
#14988=LINE('',#10002,#14991);
#14989=LINE('',#10160,#14992);
#14990=LINE('',#10146,#14993);
#14991=VECTOR('',#14994,1.0);
#14992=VECTOR('',#14995,1.0);
#14993=VECTOR('',#14996,1.0);
#14994=DIRECTION('',(-1,0,0));
#14995=DIRECTION('',(0,0,-1));
#14996=DIRECTION('',(0.10893684089886697,0,0.9940486732021603));
#14997=STYLED_ITEM('',(#25),#14998);
#14998=FACE_SURFACE('',(#15003),#14999,.T.);
#14999=PLANE('',#15000);
#15000=AXIS2_PLACEMENT_3D('',#10172,#15001,#15002);
#15001=DIRECTION('',(0.7071067811865471,0,-0.7071067811865478));
#15002=DIRECTION('',(0,-1,0));
#15003=FACE_BOUND('',#15004,.T.);
#15004=EDGE_LOOP('',(#15005,#15006,#15007));
#15005=ORIENTED_EDGE('',*,*,#15008,.T.);
#15006=ORIENTED_EDGE('',*,*,#15009,.T.);
#15007=ORIENTED_EDGE('',*,*,#15010,.T.);
#15008=EDGE_CURVE('',#10173,#10179,#15011,.F.);
#15009=EDGE_CURVE('',#10179,#10181,#15012,.T.);
#15010=EDGE_CURVE('',#10181,#10173,#15013,.T.);
#15011=LINE('',#10172,#15014);
#15012=LINE('',#10178,#15015);
#15013=LINE('',#10180,#15016);
#15014=VECTOR('',#15017,1.0);
#15015=VECTOR('',#15018,1.0);
#15016=VECTOR('',#15019,1.0);
#15017=DIRECTION('',(0,-1,0));
#15018=DIRECTION('',(-0.577350269189626,0.577350269189626,-0.5773502691896254));
#15019=DIRECTION('',(0.30151134457776363,0.9045340337332909,0.30151134457776335));
#15020=STYLED_ITEM('',(#25),#15021);
#15021=FACE_SURFACE('',(#15026),#15022,.T.);
#15022=PLANE('',#15023);
#15023=AXIS2_PLACEMENT_3D('',#10172,#15024,#15025);
#15024=DIRECTION('',(0.7071067811865472,0,-0.7071067811865478));
#15025=DIRECTION('',(-0.30151134457776363,-0.9045340337332909,-0.30151134457776335));
#15026=FACE_BOUND('',#15027,.T.);
#15027=EDGE_LOOP('',(#15028,#15029,#15030));
#15028=ORIENTED_EDGE('',*,*,#15031,.T.);
#15029=ORIENTED_EDGE('',*,*,#15032,.T.);
#15030=ORIENTED_EDGE('',*,*,#15033,.T.);
#15031=EDGE_CURVE('',#10173,#10181,#15034,.F.);
#15032=EDGE_CURVE('',#10181,#10175,#15035,.T.);
#15033=EDGE_CURVE('',#10175,#10173,#15036,.T.);
#15034=LINE('',#10172,#15037);
#15035=LINE('',#10180,#15038);
#15036=LINE('',#10174,#15039);
#15037=VECTOR('',#15040,1.0);
#15038=VECTOR('',#15041,1.0);
#15039=VECTOR('',#15042,1.0);
#15040=DIRECTION('',(-0.30151134457776363,-0.9045340337332909,-0.30151134457776335));
#15041=DIRECTION('',(0,1,0));
#15042=DIRECTION('',(0.577350269189626,0.577350269189626,0.5773502691896254));
#15043=STYLED_ITEM('',(#25),#15044);
#15044=FACE_SURFACE('',(#15049),#15045,.T.);
#15045=PLANE('',#15046);
#15046=AXIS2_PLACEMENT_3D('',#9926,#15047,#15048);
#15047=DIRECTION('',(0,-1,0));
#15048=DIRECTION('',(0,0,1));
#15049=FACE_BOUND('',#15050,.T.);
#15050=EDGE_LOOP('',(#15051,#15052,#15053));
#15051=ORIENTED_EDGE('',*,*,#15054,.T.);
#15052=ORIENTED_EDGE('',*,*,#15055,.T.);
#15053=ORIENTED_EDGE('',*,*,#15056,.T.);
#15054=EDGE_CURVE('',#9927,#9925,#15057,.F.);
#15055=EDGE_CURVE('',#9925,#10039,#15058,.T.);
#15056=EDGE_CURVE('',#10039,#9927,#15059,.T.);
#15057=LINE('',#9926,#15060);
#15058=LINE('',#9924,#15061);
#15059=LINE('',#10038,#15062);
#15060=VECTOR('',#15063,1.0);
#15061=VECTOR('',#15064,1.0);
#15062=VECTOR('',#15065,1.0);
#15063=DIRECTION('',(0,0,1));
#15064=DIRECTION('',(-0.21983912974654296,0,-0.9755361382502867));
#15065=DIRECTION('',(1,0,0));
#15066=STYLED_ITEM('',(#25),#15067);
#15067=FACE_SURFACE('',(#15072),#15068,.T.);
#15068=PLANE('',#15069);
#15069=AXIS2_PLACEMENT_3D('',#10114,#15070,#15071);
#15070=DIRECTION('',(0.7071067811865462,0.7071067811865488,0));
#15071=DIRECTION('',(-0.09901475429766764,0.09901475429766729,-0.9901475429766744));
#15072=FACE_BOUND('',#15073,.T.);
#15073=EDGE_LOOP('',(#15074,#15075,#15076));
#15074=ORIENTED_EDGE('',*,*,#15077,.T.);
#15075=ORIENTED_EDGE('',*,*,#15078,.T.);
#15076=ORIENTED_EDGE('',*,*,#15079,.T.);
#15077=EDGE_CURVE('',#10115,#10127,#15080,.F.);
#15078=EDGE_CURVE('',#10127,#10117,#15081,.T.);
#15079=EDGE_CURVE('',#10117,#10115,#15082,.T.);
#15080=LINE('',#10114,#15083);
#15081=LINE('',#10126,#15084);
#15082=LINE('',#10116,#15085);
#15083=VECTOR('',#15086,1.0);
#15084=VECTOR('',#15087,1.0);
#15085=VECTOR('',#15088,1.0);
#15086=DIRECTION('',(-0.09901475429766764,0.09901475429766729,-0.9901475429766744));
#15087=DIRECTION('',(0,0,1));
#15088=DIRECTION('',(0.7071067811865488,-0.7071067811865462,0));
#15089=STYLED_ITEM('',(#25),#15090);
#15090=FACE_SURFACE('',(#15095),#15091,.T.);
#15091=PLANE('',#15092);
#15092=AXIS2_PLACEMENT_3D('',#10178,#15093,#15094);
#15093=DIRECTION('',(-0,-0.7071067811865472,-0.7071067811865479));
#15094=DIRECTION('',(-1,0,0));
#15095=FACE_BOUND('',#15096,.T.);
#15096=EDGE_LOOP('',(#15097,#15098,#15099));
#15097=ORIENTED_EDGE('',*,*,#15100,.T.);
#15098=ORIENTED_EDGE('',*,*,#15101,.T.);
#15099=ORIENTED_EDGE('',*,*,#15102,.T.);
#15100=EDGE_CURVE('',#10179,#10167,#15103,.F.);
#15101=EDGE_CURVE('',#10167,#10165,#15104,.T.);
#15102=EDGE_CURVE('',#10165,#10179,#15105,.T.);
#15103=LINE('',#10178,#15106);
#15104=LINE('',#10166,#15107);
#15105=LINE('',#10164,#15108);
#15106=VECTOR('',#15109,1.0);
#15107=VECTOR('',#15110,1.0);
#15108=VECTOR('',#15111,1.0);
#15109=DIRECTION('',(-1,0,0));
#15110=DIRECTION('',(0.577350269189626,0.577350269189626,-0.5773502691896254));
#15111=DIRECTION('',(0.9045340337332907,-0.30151134457776385,0.3015113445777636));
#15112=STYLED_ITEM('',(#25),#15113);
#15113=FACE_SURFACE('',(#15118),#15114,.T.);
#15114=PLANE('',#15115);
#15115=AXIS2_PLACEMENT_3D('',#10178,#15116,#15117);
#15116=DIRECTION('',(0,-0.7071067811865472,-0.7071067811865479));
#15117=DIRECTION('',(-0.9045340337332907,0.30151134457776385,-0.3015113445777636));
#15118=FACE_BOUND('',#15119,.T.);
#15119=EDGE_LOOP('',(#15120,#15121,#15122));
#15120=ORIENTED_EDGE('',*,*,#15123,.T.);
#15121=ORIENTED_EDGE('',*,*,#15124,.T.);
#15122=ORIENTED_EDGE('',*,*,#15125,.T.);
#15123=EDGE_CURVE('',#10179,#10165,#15126,.F.);
#15124=EDGE_CURVE('',#10165,#10181,#15127,.T.);
#15125=EDGE_CURVE('',#10181,#10179,#15128,.T.);
#15126=LINE('',#10178,#15129);
#15127=LINE('',#10164,#15130);
#15128=LINE('',#10180,#15131);
#15129=VECTOR('',#15132,1.0);
#15130=VECTOR('',#15133,1.0);
#15131=VECTOR('',#15134,1.0);
#15132=DIRECTION('',(-0.9045340337332907,0.30151134457776385,-0.3015113445777636));
#15133=DIRECTION('',(1,0,0));
#15134=DIRECTION('',(0.577350269189626,-0.577350269189626,0.5773502691896254));
#15135=STYLED_ITEM('',(#25),#15136);
#15136=FACE_SURFACE('',(#15141),#15137,.T.);
#15137=PLANE('',#15138);
#15138=AXIS2_PLACEMENT_3D('',#10062,#15139,#15140);
#15139=DIRECTION('',(-1,0,0));
#15140=DIRECTION('',(0,-1,0));
#15141=FACE_BOUND('',#15142,.T.);
#15142=EDGE_LOOP('',(#15143,#15144,#15145));
#15143=ORIENTED_EDGE('',*,*,#15146,.T.);
#15144=ORIENTED_EDGE('',*,*,#15147,.T.);
#15145=ORIENTED_EDGE('',*,*,#15148,.T.);
#15146=EDGE_CURVE('',#10063,#9979,#15149,.F.);
#15147=EDGE_CURVE('',#9979,#10183,#15150,.T.);
#15148=EDGE_CURVE('',#10183,#10063,#15151,.T.);
#15149=LINE('',#10062,#15152);
#15150=LINE('',#9978,#15153);
#15151=LINE('',#10182,#15154);
#15152=VECTOR('',#15155,1.0);
#15153=VECTOR('',#15156,1.0);
#15154=VECTOR('',#15157,1.0);
#15155=DIRECTION('',(0,-1,0));
#15156=DIRECTION('',(0,0.21983912974654354,0.9755361382502866));
#15157=DIRECTION('',(0,0,-1));
#15158=STYLED_ITEM('',(#25),#15159);
#15159=FACE_SURFACE('',(#15164),#15160,.T.);
#15160=PLANE('',#15161);
#15161=AXIS2_PLACEMENT_3D('',#10184,#15162,#15163);
#15162=DIRECTION('',(-1,0,0));
#15163=DIRECTION('',(0,1,0));
#15164=FACE_BOUND('',#15165,.T.);
#15165=EDGE_LOOP('',(#15166,#15167,#15168));
#15166=ORIENTED_EDGE('',*,*,#15169,.T.);
#15167=ORIENTED_EDGE('',*,*,#15170,.T.);
#15168=ORIENTED_EDGE('',*,*,#15171,.T.);
#15169=EDGE_CURVE('',#10185,#10183,#15172,.F.);
#15170=EDGE_CURVE('',#10183,#9979,#15173,.T.);
#15171=EDGE_CURVE('',#9979,#10185,#15174,.T.);
#15172=LINE('',#10184,#15175);
#15173=LINE('',#10182,#15176);
#15174=LINE('',#9978,#15177);
#15175=VECTOR('',#15178,1.0);
#15176=VECTOR('',#15179,1.0);
#15177=VECTOR('',#15180,1.0);
#15178=DIRECTION('',(0,1,0));
#15179=DIRECTION('',(0,-0.21983912974654354,-0.9755361382502866));
#15180=DIRECTION('',(0,0,1));
#15181=STYLED_ITEM('',(#25),#15182);
#15182=FACE_SURFACE('',(#15187),#15183,.T.);
#15183=PLANE('',#15184);
#15184=AXIS2_PLACEMENT_3D('',#10094,#15185,#15186);
#15185=DIRECTION('',(-0.7071067811865476,0.7071067811865476,0));
#15186=DIRECTION('',(0,0,-1));
#15187=FACE_BOUND('',#15188,.T.);
#15188=EDGE_LOOP('',(#15189,#15190,#15191));
#15189=ORIENTED_EDGE('',*,*,#15192,.T.);
#15190=ORIENTED_EDGE('',*,*,#15193,.T.);
#15191=ORIENTED_EDGE('',*,*,#15194,.T.);
#15192=EDGE_CURVE('',#10095,#10099,#15195,.F.);
#15193=EDGE_CURVE('',#10099,#10115,#15196,.T.);
#15194=EDGE_CURVE('',#10115,#10095,#15197,.T.);
#15195=LINE('',#10094,#15198);
#15196=LINE('',#10098,#15199);
#15197=LINE('',#10114,#15200);
#15198=VECTOR('',#15201,1.0);
#15199=VECTOR('',#15202,1.0);
#15200=VECTOR('',#15203,1.0);
#15201=DIRECTION('',(0,0,-1));
#15202=DIRECTION('',(-0.09901475429766729,-0.09901475429766729,0.9901475429766744));
#15203=DIRECTION('',(0.7071067811865475,0.7071067811865475,0));
#15204=STYLED_ITEM('',(#25),#15205);
#15205=FACE_SURFACE('',(#15210),#15206,.T.);
#15206=PLANE('',#15207);
#15207=AXIS2_PLACEMENT_3D('',#10026,#15208,#15209);
#15208=DIRECTION('',(-0,0,1));
#15209=DIRECTION('',(0.8066748669146562,-0.590995481444843,0));
#15210=FACE_BOUND('',#15211,.T.);
#15211=EDGE_LOOP('',(#15212,#15213,#15214));
#15212=ORIENTED_EDGE('',*,*,#15215,.T.);
#15213=ORIENTED_EDGE('',*,*,#15216,.T.);
#15214=ORIENTED_EDGE('',*,*,#15217,.T.);
#15215=EDGE_CURVE('',#10027,#10187,#15218,.F.);
#15216=EDGE_CURVE('',#10187,#9983,#15219,.T.);
#15217=EDGE_CURVE('',#9983,#10027,#15220,.T.);
#15218=LINE('',#10026,#15221);
#15219=LINE('',#10186,#15222);
#15220=LINE('',#9982,#15223);
#15221=VECTOR('',#15224,1.0);
#15222=VECTOR('',#15225,1.0);
#15223=VECTOR('',#15226,1.0);
#15224=DIRECTION('',(0.8066748669146562,-0.590995481444843,0));
#15225=DIRECTION('',(-0.590995481444843,0.8066748669146562,0));
#15226=DIRECTION('',(-0.7071067811865475,-0.7071067811865475,0));
#15227=STYLED_ITEM('',(#25),#15228);
#15228=FACE_SURFACE('',(#15233),#15229,.T.);
#15229=PLANE('',#15230);
#15230=AXIS2_PLACEMENT_3D('',#9934,#15231,#15232);
#15231=DIRECTION('',(0,0,1));
#15232=DIRECTION('',(-1,0,0));
#15233=FACE_BOUND('',#15234,.T.);
#15234=EDGE_LOOP('',(#15235,#15236,#15237));
#15235=ORIENTED_EDGE('',*,*,#15238,.T.);
#15236=ORIENTED_EDGE('',*,*,#15239,.T.);
#15237=ORIENTED_EDGE('',*,*,#15240,.T.);
#15238=EDGE_CURVE('',#9935,#9983,#15241,.F.);
#15239=EDGE_CURVE('',#9983,#10187,#15242,.T.);
#15240=EDGE_CURVE('',#10187,#9935,#15243,.T.);
#15241=LINE('',#9934,#15244);
#15242=LINE('',#9982,#15245);
#15243=LINE('',#10186,#15246);
#15244=VECTOR('',#15247,1.0);
#15245=VECTOR('',#15248,1.0);
#15246=VECTOR('',#15249,1.0);
#15247=DIRECTION('',(-1,0,0));
#15248=DIRECTION('',(0.590995481444843,-0.8066748669146562,0));
#15249=DIRECTION('',(0.8149681286956484,0.5795057801353781,0));
#15250=STYLED_ITEM('',(#25),#15251);
#15251=FACE_SURFACE('',(#15256),#15252,.T.);
#15252=PLANE('',#15253);
#15253=AXIS2_PLACEMENT_3D('',#9934,#15254,#15255);
#15254=DIRECTION('',(0,0,1));
#15255=DIRECTION('',(-0.8149681286956484,-0.5795057801353781,0));
#15256=FACE_BOUND('',#15257,.T.);
#15257=EDGE_LOOP('',(#15258,#15259,#15260));
#15258=ORIENTED_EDGE('',*,*,#15261,.T.);
#15259=ORIENTED_EDGE('',*,*,#15262,.T.);
#15260=ORIENTED_EDGE('',*,*,#15263,.T.);
#15261=EDGE_CURVE('',#9935,#10187,#15264,.F.);
#15262=EDGE_CURVE('',#10187,#10035,#15265,.T.);
#15263=EDGE_CURVE('',#10035,#9935,#15266,.T.);
#15264=LINE('',#9934,#15267);
#15265=LINE('',#10186,#15268);
#15266=LINE('',#10034,#15269);
#15267=VECTOR('',#15270,1.0);
#15268=VECTOR('',#15271,1.0);
#15269=VECTOR('',#15272,1.0);
#15270=DIRECTION('',(-0.8149681286956484,-0.5795057801353781,0));
#15271=DIRECTION('',(1,0,0));
#15272=DIRECTION('',(0.590995481444843,0.8066748669146562,0));
#15273=STYLED_ITEM('',(#25),#15274);
#15274=FACE_SURFACE('',(#15279),#15275,.T.);
#15275=PLANE('',#15276);
#15276=AXIS2_PLACEMENT_3D('',#10034,#15277,#15278);
#15277=DIRECTION('',(0,0,1));
#15278=DIRECTION('',(0,-1,0));
#15279=FACE_BOUND('',#15280,.T.);
#15280=EDGE_LOOP('',(#15281,#15282,#15283));
#15281=ORIENTED_EDGE('',*,*,#15284,.T.);
#15282=ORIENTED_EDGE('',*,*,#15285,.T.);
#15283=ORIENTED_EDGE('',*,*,#15286,.T.);
#15284=EDGE_CURVE('',#10035,#10189,#15287,.F.);
#15285=EDGE_CURVE('',#10189,#10037,#15288,.T.);
#15286=EDGE_CURVE('',#10037,#10035,#15289,.T.);
#15287=LINE('',#10034,#15290);
#15288=LINE('',#10188,#15291);
#15289=LINE('',#10036,#15292);
#15290=VECTOR('',#15293,1.0);
#15291=VECTOR('',#15294,1.0);
#15292=VECTOR('',#15295,1.0);
#15293=DIRECTION('',(0,-1,0));
#15294=DIRECTION('',(0.8066748669146562,-0.590995481444843,0));
#15295=DIRECTION('',(-0.5795057801353781,0.8149681286956484,0));
#15296=STYLED_ITEM('',(#25),#15297);
#15297=FACE_SURFACE('',(#15302),#15298,.T.);
#15298=PLANE('',#15299);
#15299=AXIS2_PLACEMENT_3D('',#10030,#15300,#15301);
#15300=DIRECTION('',(0,0,1));
#15301=DIRECTION('',(-0.7071067811865475,0.7071067811865475,0));
#15302=FACE_BOUND('',#15303,.T.);
#15303=EDGE_LOOP('',(#15304,#15305,#15306));
#15304=ORIENTED_EDGE('',*,*,#15307,.T.);
#15305=ORIENTED_EDGE('',*,*,#15308,.T.);
#15306=ORIENTED_EDGE('',*,*,#15309,.T.);
#15307=EDGE_CURVE('',#10031,#9935,#15310,.F.);
#15308=EDGE_CURVE('',#9935,#10035,#15311,.T.);
#15309=EDGE_CURVE('',#10035,#10031,#15312,.T.);
#15310=LINE('',#10030,#15313);
#15311=LINE('',#9934,#15314);
#15312=LINE('',#10034,#15315);
#15313=VECTOR('',#15316,1.0);
#15314=VECTOR('',#15317,1.0);
#15315=VECTOR('',#15318,1.0);
#15316=DIRECTION('',(-0.7071067811865475,0.7071067811865475,0));
#15317=DIRECTION('',(-0.590995481444843,-0.8066748669146562,0));
#15318=DIRECTION('',(0.8066748669146562,0.590995481444843,0));
#15319=STYLED_ITEM('',(#25),#15320);
#15320=FACE_SURFACE('',(#15325),#15321,.T.);
#15321=PLANE('',#15322);
#15322=AXIS2_PLACEMENT_3D('',#10160,#15323,#15324);
#15323=DIRECTION('',(-1,0,0));
#15324=DIRECTION('',(0,1,0));
#15325=FACE_BOUND('',#15326,.T.);
#15326=EDGE_LOOP('',(#15327,#15328,#15329));
#15327=ORIENTED_EDGE('',*,*,#15330,.T.);
#15328=ORIENTED_EDGE('',*,*,#15331,.T.);
#15329=ORIENTED_EDGE('',*,*,#15332,.T.);
#15330=EDGE_CURVE('',#10161,#10121,#15333,.F.);
#15331=EDGE_CURVE('',#10121,#10147,#15334,.T.);
#15332=EDGE_CURVE('',#10147,#10161,#15335,.T.);
#15333=LINE('',#10160,#15336);
#15334=LINE('',#10120,#15337);
#15335=LINE('',#10146,#15338);
#15336=VECTOR('',#15339,1.0);
#15337=VECTOR('',#15340,1.0);
#15338=VECTOR('',#15341,1.0);
#15339=DIRECTION('',(0,1,0));
#15340=DIRECTION('',(0,-0.10893684089886697,-0.9940486732021603));
#15341=DIRECTION('',(0,0,1));
#15342=STYLED_ITEM('',(#25),#15343);
#15343=FACE_SURFACE('',(#15348),#15344,.T.);
#15344=PLANE('',#15345);
#15345=AXIS2_PLACEMENT_3D('',#10134,#15346,#15347);
#15346=DIRECTION('',(-1,0,0));
#15347=DIRECTION('',(0,-1,0));
#15348=FACE_BOUND('',#15349,.T.);
#15349=EDGE_LOOP('',(#15350,#15351,#15352));
#15350=ORIENTED_EDGE('',*,*,#15353,.T.);
#15351=ORIENTED_EDGE('',*,*,#15354,.T.);
#15352=ORIENTED_EDGE('',*,*,#15355,.T.);
#15353=EDGE_CURVE('',#10135,#10147,#15356,.F.);
#15354=EDGE_CURVE('',#10147,#10121,#15357,.T.);
#15355=EDGE_CURVE('',#10121,#10135,#15358,.T.);
#15356=LINE('',#10134,#15359);
#15357=LINE('',#10146,#15360);
#15358=LINE('',#10120,#15361);
#15359=VECTOR('',#15362,1.0);
#15360=VECTOR('',#15363,1.0);
#15361=VECTOR('',#15364,1.0);
#15362=DIRECTION('',(0,-1,0));
#15363=DIRECTION('',(0,0.10893684089886697,0.9940486732021603));
#15364=DIRECTION('',(0,0,-1));
#15365=STYLED_ITEM('',(#25),#15366);
#15366=FACE_SURFACE('',(#15371),#15367,.T.);
#15367=PLANE('',#15368);
#15368=AXIS2_PLACEMENT_3D('',#9874,#15369,#15370);
#15369=DIRECTION('',(0,-1,0));
#15370=DIRECTION('',(0,0,1));
#15371=FACE_BOUND('',#15372,.T.);
#15372=EDGE_LOOP('',(#15373,#15374,#15375));
#15373=ORIENTED_EDGE('',*,*,#15376,.T.);
#15374=ORIENTED_EDGE('',*,*,#15377,.T.);
#15375=ORIENTED_EDGE('',*,*,#15378,.T.);
#15376=EDGE_CURVE('',#9875,#9963,#15379,.F.);
#15377=EDGE_CURVE('',#9963,#10101,#15380,.T.);
#15378=EDGE_CURVE('',#10101,#9875,#15381,.T.);
#15379=LINE('',#9874,#15382);
#15380=LINE('',#9962,#15383);
#15381=LINE('',#10100,#15384);
#15382=VECTOR('',#15385,1.0);
#15383=VECTOR('',#15386,1.0);
#15384=VECTOR('',#15387,1.0);
#15385=DIRECTION('',(0,0,1));
#15386=DIRECTION('',(-1,0,0));
#15387=DIRECTION('',(0.6246950475544244,0,-0.7808688094430303));
#15388=STYLED_ITEM('',(#25),#15389);
#15389=FACE_SURFACE('',(#15394),#15390,.T.);
#15390=PLANE('',#15391);
#15391=AXIS2_PLACEMENT_3D('',#9874,#15392,#15393);
#15392=DIRECTION('',(0,-1,0));
#15393=DIRECTION('',(-0.6246950475544244,0,0.7808688094430303));
#15394=FACE_BOUND('',#15395,.T.);
#15395=EDGE_LOOP('',(#15396,#15397,#15398));
#15396=ORIENTED_EDGE('',*,*,#15399,.T.);
#15397=ORIENTED_EDGE('',*,*,#15400,.T.);
#15398=ORIENTED_EDGE('',*,*,#15401,.T.);
#15399=EDGE_CURVE('',#9875,#10101,#15402,.F.);
#15400=EDGE_CURVE('',#10101,#9949,#15403,.T.);
#15401=EDGE_CURVE('',#9949,#9875,#15404,.T.);
#15402=LINE('',#9874,#15405);
#15403=LINE('',#10100,#15406);
#15404=LINE('',#9948,#15407);
#15405=VECTOR('',#15408,1.0);
#15406=VECTOR('',#15409,1.0);
#15407=VECTOR('',#15410,1.0);
#15408=DIRECTION('',(-0.6246950475544244,0,0.7808688094430303));
#15409=DIRECTION('',(0,0,-1));
#15410=DIRECTION('',(1,0,0));
#15411=STYLED_ITEM('',(#25),#15412);
#15412=FACE_SURFACE('',(#15417),#15413,.T.);
#15413=PLANE('',#15414);
#15414=AXIS2_PLACEMENT_3D('',#10112,#15415,#15416);
#15415=DIRECTION('',(1,0,-0));
#15416=DIRECTION('',(0,0,1));
#15417=FACE_BOUND('',#15418,.T.);
#15418=EDGE_LOOP('',(#15419,#15420,#15421));
#15419=ORIENTED_EDGE('',*,*,#15422,.T.);
#15420=ORIENTED_EDGE('',*,*,#15423,.T.);
#15421=ORIENTED_EDGE('',*,*,#15424,.T.);
#15422=EDGE_CURVE('',#10113,#10191,#15425,.F.);
#15423=EDGE_CURVE('',#10191,#10093,#15426,.T.);
#15424=EDGE_CURVE('',#10093,#10113,#15427,.T.);
#15425=LINE('',#10112,#15428);
#15426=LINE('',#10190,#15429);
#15427=LINE('',#10092,#15430);
#15428=VECTOR('',#15431,1.0);
#15429=VECTOR('',#15432,1.0);
#15430=VECTOR('',#15433,1.0);
#15431=DIRECTION('',(0,0,1));
#15432=DIRECTION('',(0,-0.21983912974654354,-0.9755361382502866));
#15433=DIRECTION('',(0,1,0));
#15434=STYLED_ITEM('',(#25),#15435);
#15435=FACE_SURFACE('',(#15440),#15436,.T.);
#15436=PLANE('',#15437);
#15437=AXIS2_PLACEMENT_3D('',#10192,#15438,#15439);
#15438=DIRECTION('',(1,-0,0));
#15439=DIRECTION('',(0,0,-1));
#15440=FACE_BOUND('',#15441,.T.);
#15441=EDGE_LOOP('',(#15442,#15443,#15444));
#15442=ORIENTED_EDGE('',*,*,#15445,.T.);
#15443=ORIENTED_EDGE('',*,*,#15446,.T.);
#15444=ORIENTED_EDGE('',*,*,#15447,.T.);
#15445=EDGE_CURVE('',#10193,#10093,#15448,.F.);
#15446=EDGE_CURVE('',#10093,#10191,#15449,.T.);
#15447=EDGE_CURVE('',#10191,#10193,#15450,.T.);
#15448=LINE('',#10192,#15451);
#15449=LINE('',#10092,#15452);
#15450=LINE('',#10190,#15453);
#15451=VECTOR('',#15454,1.0);
#15452=VECTOR('',#15455,1.0);
#15453=VECTOR('',#15456,1.0);
#15454=DIRECTION('',(0,0,-1));
#15455=DIRECTION('',(0,0.21983912974654354,0.9755361382502866));
#15456=DIRECTION('',(0,-1,0));
#15457=STYLED_ITEM('',(#25),#15458);
#15458=FACE_SURFACE('',(#15463),#15459,.T.);
#15459=PLANE('',#15460);
#15460=AXIS2_PLACEMENT_3D('',#9996,#15461,#15462);
#15461=DIRECTION('',(0,-0,1));
#15462=DIRECTION('',(0.7071067811865499,0.707106781186545,0));
#15463=FACE_BOUND('',#15464,.T.);
#15464=EDGE_LOOP('',(#15465,#15466,#15467));
#15465=ORIENTED_EDGE('',*,*,#15468,.T.);
#15466=ORIENTED_EDGE('',*,*,#15469,.T.);
#15467=ORIENTED_EDGE('',*,*,#15470,.T.);
#15468=EDGE_CURVE('',#9997,#10195,#15471,.F.);
#15469=EDGE_CURVE('',#10195,#10197,#15472,.T.);
#15470=EDGE_CURVE('',#10197,#9997,#15473,.T.);
#15471=LINE('',#9996,#15474);
#15472=LINE('',#10194,#15475);
#15473=LINE('',#10196,#15476);
#15474=VECTOR('',#15477,1.0);
#15475=VECTOR('',#15478,1.0);
#15476=VECTOR('',#15479,1.0);
#15477=DIRECTION('',(0.7071067811865499,0.707106781186545,0));
#15478=DIRECTION('',(-0.8066748669146572,0.5909954814448416,0));
#15479=DIRECTION('',(0.5909954814448439,-0.8066748669146554,0));
#15480=STYLED_ITEM('',(#25),#15481);
#15481=FACE_SURFACE('',(#15486),#15482,.T.);
#15482=PLANE('',#15483);
#15483=AXIS2_PLACEMENT_3D('',#9982,#15484,#15485);
#15484=DIRECTION('',(-0.7071067811865476,0.7071067811865476,0));
#15485=DIRECTION('',(0,0,-1));
#15486=FACE_BOUND('',#15487,.T.);
#15487=EDGE_LOOP('',(#15488,#15489,#15490));
#15488=ORIENTED_EDGE('',*,*,#15491,.T.);
#15489=ORIENTED_EDGE('',*,*,#15492,.T.);
#15490=ORIENTED_EDGE('',*,*,#15493,.T.);
#15491=EDGE_CURVE('',#9983,#9933,#15494,.F.);
#15492=EDGE_CURVE('',#9933,#10027,#15495,.T.);
#15493=EDGE_CURVE('',#10027,#9983,#15496,.T.);
#15494=LINE('',#9982,#15497);
#15495=LINE('',#9932,#15498);
#15496=LINE('',#10026,#15499);
#15497=VECTOR('',#15500,1.0);
#15498=VECTOR('',#15501,1.0);
#15499=VECTOR('',#15502,1.0);
#15500=DIRECTION('',(0,0,-1));
#15501=DIRECTION('',(-0.09901475429766729,-0.09901475429766729,0.9901475429766744));
#15502=DIRECTION('',(0.7071067811865475,0.7071067811865475,0));
#15503=STYLED_ITEM('',(#25),#15504);
#15504=FACE_SURFACE('',(#15509),#15505,.T.);
#15505=PLANE('',#15506);
#15506=AXIS2_PLACEMENT_3D('',#10104,#15507,#15508);
#15507=DIRECTION('',(0,0,1));
#15508=DIRECTION('',(-0.590995481444843,0.8066748669146562,0));
#15509=FACE_BOUND('',#15510,.T.);
#15510=EDGE_LOOP('',(#15511,#15512,#15513));
#15511=ORIENTED_EDGE('',*,*,#15514,.T.);
#15512=ORIENTED_EDGE('',*,*,#15515,.T.);
#15513=ORIENTED_EDGE('',*,*,#15516,.T.);
#15514=EDGE_CURVE('',#10105,#10093,#15517,.F.);
#15515=EDGE_CURVE('',#10093,#9977,#15518,.T.);
#15516=EDGE_CURVE('',#9977,#10105,#15519,.T.);
#15517=LINE('',#10104,#15520);
#15518=LINE('',#10092,#15521);
#15519=LINE('',#9976,#15522);
#15520=VECTOR('',#15523,1.0);
#15521=VECTOR('',#15524,1.0);
#15522=VECTOR('',#15525,1.0);
#15523=DIRECTION('',(-0.590995481444843,0.8066748669146562,0));
#15524=DIRECTION('',(-0.8149681286956484,-0.5795057801353781,0));
#15525=DIRECTION('',(1,0,0));
#15526=STYLED_ITEM('',(#25),#15527);
#15527=FACE_SURFACE('',(#15532),#15528,.T.);
#15528=PLANE('',#15529);
#15529=AXIS2_PLACEMENT_3D('',#9978,#15530,#15531);
#15530=DIRECTION('',(-0,0,1));
#15531=DIRECTION('',(-0.5909954814448436,-0.8066748669146558,0));
#15532=FACE_BOUND('',#15533,.T.);
#15533=EDGE_LOOP('',(#15534,#15535,#15536));
#15534=ORIENTED_EDGE('',*,*,#15537,.T.);
#15535=ORIENTED_EDGE('',*,*,#15538,.T.);
#15536=ORIENTED_EDGE('',*,*,#15539,.T.);
#15537=EDGE_CURVE('',#9979,#9977,#15540,.F.);
#15538=EDGE_CURVE('',#9977,#10093,#15541,.T.);
#15539=EDGE_CURVE('',#10093,#9979,#15542,.T.);
#15540=LINE('',#9978,#15543);
#15541=LINE('',#9976,#15544);
#15542=LINE('',#10092,#15545);
#15543=VECTOR('',#15546,1.0);
#15544=VECTOR('',#15547,1.0);
#15545=VECTOR('',#15548,1.0);
#15546=DIRECTION('',(-0.5909954814448436,-0.8066748669146558,0));
#15547=DIRECTION('',(0.8149681286956484,0.5795057801353781,0));
#15548=DIRECTION('',(-1,0,0));
#15549=STYLED_ITEM('',(#25),#15550);
#15550=FACE_SURFACE('',(#15555),#15551,.T.);
#15551=PLANE('',#15552);
#15552=AXIS2_PLACEMENT_3D('',#10198,#15553,#15554);
#15553=DIRECTION('',(0,0,1));
#15554=DIRECTION('',(-0.5909954814448439,-0.8066748669146554,0));
#15555=FACE_BOUND('',#15556,.T.);
#15556=EDGE_LOOP('',(#15557,#15558,#15559));
#15557=ORIENTED_EDGE('',*,*,#15560,.T.);
#15558=ORIENTED_EDGE('',*,*,#15561,.T.);
#15559=ORIENTED_EDGE('',*,*,#15562,.T.);
#15560=EDGE_CURVE('',#10199,#10201,#15563,.F.);
#15561=EDGE_CURVE('',#10201,#10203,#15564,.T.);
#15562=EDGE_CURVE('',#10203,#10199,#15565,.T.);
#15563=LINE('',#10198,#15566);
#15564=LINE('',#10200,#15567);
#15565=LINE('',#10202,#15568);
#15566=VECTOR('',#15569,1.0);
#15567=VECTOR('',#15570,1.0);
#15568=VECTOR('',#15571,1.0);
#15569=DIRECTION('',(-0.5909954814448439,-0.8066748669146554,0));
#15570=DIRECTION('',(0.8066748669146572,0.5909954814448416,0));
#15571=DIRECTION('',(-0.7071067811865499,0.707106781186545,0));
#15572=STYLED_ITEM('',(#25),#15573);
#15573=FACE_SURFACE('',(#15578),#15574,.T.);
#15574=PLANE('',#15575);
#15575=AXIS2_PLACEMENT_3D('',#10034,#15576,#15577);
#15576=DIRECTION('',(0,1,0));
#15577=DIRECTION('',(-1,0,0));
#15578=FACE_BOUND('',#15579,.T.);
#15579=EDGE_LOOP('',(#15580,#15581,#15582));
#15580=ORIENTED_EDGE('',*,*,#15583,.T.);
#15581=ORIENTED_EDGE('',*,*,#15584,.T.);
#15582=ORIENTED_EDGE('',*,*,#15585,.T.);
#15583=EDGE_CURVE('',#10035,#10187,#15586,.F.);
#15584=EDGE_CURVE('',#10187,#10205,#15587,.T.);
#15585=EDGE_CURVE('',#10205,#10035,#15588,.T.);
#15586=LINE('',#10034,#15589);
#15587=LINE('',#10186,#15590);
#15588=LINE('',#10204,#15591);
#15589=VECTOR('',#15592,1.0);
#15590=VECTOR('',#15593,1.0);
#15591=VECTOR('',#15594,1.0);
#15592=DIRECTION('',(-1,0,0));
#15593=DIRECTION('',(0,0,1));
#15594=DIRECTION('',(0.21983912974654354,0,-0.9755361382502866));
#15595=STYLED_ITEM('',(#25),#15596);
#15596=FACE_SURFACE('',(#15601),#15597,.T.);
#15597=PLANE('',#15598);
#15598=AXIS2_PLACEMENT_3D('',#10092,#15599,#15600);
#15599=DIRECTION('',(0,-1,0));
#15600=DIRECTION('',(0,0,1));
#15601=FACE_BOUND('',#15602,.T.);
#15602=EDGE_LOOP('',(#15603,#15604,#15605));
#15603=ORIENTED_EDGE('',*,*,#15606,.T.);
#15604=ORIENTED_EDGE('',*,*,#15607,.T.);
#15605=ORIENTED_EDGE('',*,*,#15608,.T.);
#15606=EDGE_CURVE('',#10093,#10193,#15609,.F.);
#15607=EDGE_CURVE('',#10193,#9979,#15610,.T.);
#15608=EDGE_CURVE('',#9979,#10093,#15611,.T.);
#15609=LINE('',#10092,#15612);
#15610=LINE('',#10192,#15613);
#15611=LINE('',#9978,#15614);
#15612=VECTOR('',#15615,1.0);
#15613=VECTOR('',#15616,1.0);
#15614=VECTOR('',#15617,1.0);
#15615=DIRECTION('',(0,0,1));
#15616=DIRECTION('',(-0.21983912974654327,0,-0.9755361382502867));
#15617=DIRECTION('',(1,0,0));
#15618=STYLED_ITEM('',(#25),#15619);
#15619=FACE_SURFACE('',(#15624),#15620,.T.);
#15620=PLANE('',#15621);
#15621=AXIS2_PLACEMENT_3D('',#10184,#15622,#15623);
#15622=DIRECTION('',(0,-1,0));
#15623=DIRECTION('',(0,0,-1));
#15624=FACE_BOUND('',#15625,.T.);
#15625=EDGE_LOOP('',(#15626,#15627,#15628));
#15626=ORIENTED_EDGE('',*,*,#15629,.T.);
#15627=ORIENTED_EDGE('',*,*,#15630,.T.);
#15628=ORIENTED_EDGE('',*,*,#15631,.T.);
#15629=EDGE_CURVE('',#10185,#9979,#15632,.F.);
#15630=EDGE_CURVE('',#9979,#10193,#15633,.T.);
#15631=EDGE_CURVE('',#10193,#10185,#15634,.T.);
#15632=LINE('',#10184,#15635);
#15633=LINE('',#9978,#15636);
#15634=LINE('',#10192,#15637);
#15635=VECTOR('',#15638,1.0);
#15636=VECTOR('',#15639,1.0);
#15637=VECTOR('',#15640,1.0);
#15638=DIRECTION('',(0,0,-1));
#15639=DIRECTION('',(0.21983912974654327,0,0.9755361382502867));
#15640=DIRECTION('',(-1,0,0));
#15641=STYLED_ITEM('',(#25),#15642);
#15642=FACE_SURFACE('',(#15647),#15643,.T.);
#15643=PLANE('',#15644);
#15644=AXIS2_PLACEMENT_3D('',#10206,#15645,#15646);
#15645=DIRECTION('',(-1,0,-0));
#15646=DIRECTION('',(0,0,-1));
#15647=FACE_BOUND('',#15648,.T.);
#15648=EDGE_LOOP('',(#15649,#15650,#15651));
#15649=ORIENTED_EDGE('',*,*,#15652,.T.);
#15650=ORIENTED_EDGE('',*,*,#15653,.T.);
#15651=ORIENTED_EDGE('',*,*,#15654,.T.);
#15652=EDGE_CURVE('',#10207,#10209,#15655,.F.);
#15653=EDGE_CURVE('',#10209,#10211,#15656,.T.);
#15654=EDGE_CURVE('',#10211,#10207,#15657,.T.);
#15655=LINE('',#10206,#15658);
#15656=LINE('',#10208,#15659);
#15657=LINE('',#10210,#15660);
#15658=VECTOR('',#15661,1.0);
#15659=VECTOR('',#15662,1.0);
#15660=VECTOR('',#15663,1.0);
#15661=DIRECTION('',(0,0,-1));
#15662=DIRECTION('',(0,-1,0));
#15663=DIRECTION('',(0,0.10893684089886697,0.9940486732021603));
#15664=STYLED_ITEM('',(#25),#15665);
#15665=FACE_SURFACE('',(#15670),#15666,.T.);
#15666=PLANE('',#15667);
#15667=AXIS2_PLACEMENT_3D('',#10212,#15668,#15669);
#15668=DIRECTION('',(-0.7071067811865437,0,0.7071067811865515));
#15669=DIRECTION('',(-0.5773502691896278,0.5773502691896278,-0.5773502691896215));
#15670=FACE_BOUND('',#15671,.T.);
#15671=EDGE_LOOP('',(#15672,#15673,#15674));
#15672=ORIENTED_EDGE('',*,*,#15675,.T.);
#15673=ORIENTED_EDGE('',*,*,#15676,.T.);
#15674=ORIENTED_EDGE('',*,*,#15677,.T.);
#15675=EDGE_CURVE('',#10213,#10183,#15678,.F.);
#15676=EDGE_CURVE('',#10183,#10185,#15679,.T.);
#15677=EDGE_CURVE('',#10185,#10213,#15680,.T.);
#15678=LINE('',#10212,#15681);
#15679=LINE('',#10182,#15682);
#15680=LINE('',#10184,#15683);
#15681=VECTOR('',#15684,1.0);
#15682=VECTOR('',#15685,1.0);
#15683=VECTOR('',#15686,1.0);
#15684=DIRECTION('',(-0.5773502691896278,0.5773502691896278,-0.5773502691896215));
#15685=DIRECTION('',(0,-1,0));
#15686=DIRECTION('',(0.30151134457776396,0.9045340337332919,0.30151134457776063));
#15687=STYLED_ITEM('',(#25),#15688);
#15688=FACE_SURFACE('',(#15693),#15689,.T.);
#15689=PLANE('',#15690);
#15690=AXIS2_PLACEMENT_3D('',#10062,#15691,#15692);
#15691=DIRECTION('',(0,-0,1));
#15692=DIRECTION('',(1,0,0));
#15693=FACE_BOUND('',#15694,.T.);
#15694=EDGE_LOOP('',(#15695,#15696,#15697));
#15695=ORIENTED_EDGE('',*,*,#15698,.T.);
#15696=ORIENTED_EDGE('',*,*,#15699,.T.);
#15697=ORIENTED_EDGE('',*,*,#15700,.T.);
#15698=EDGE_CURVE('',#10063,#10113,#15701,.F.);
#15699=EDGE_CURVE('',#10113,#10131,#15702,.T.);
#15700=EDGE_CURVE('',#10131,#10063,#15703,.T.);
#15701=LINE('',#10062,#15704);
#15702=LINE('',#10112,#15705);
#15703=LINE('',#10130,#15706);
#15704=VECTOR('',#15707,1.0);
#15705=VECTOR('',#15708,1.0);
#15706=VECTOR('',#15709,1.0);
#15707=DIRECTION('',(1,0,0));
#15708=DIRECTION('',(-0.8149681286956484,0.5795057801353781,0));
#15709=DIRECTION('',(0.5909954814448436,-0.8066748669146558,0));
#15710=STYLED_ITEM('',(#25),#15711);
#15711=FACE_SURFACE('',(#15716),#15712,.T.);
#15712=PLANE('',#15713);
#15713=AXIS2_PLACEMENT_3D('',#10116,#15714,#15715);
#15714=DIRECTION('',(0,0,1));
#15715=DIRECTION('',(-1,0,0));
#15716=FACE_BOUND('',#15717,.T.);
#15717=EDGE_LOOP('',(#15718,#15719,#15720));
#15718=ORIENTED_EDGE('',*,*,#15721,.T.);
#15719=ORIENTED_EDGE('',*,*,#15722,.T.);
#15720=ORIENTED_EDGE('',*,*,#15723,.T.);
#15721=EDGE_CURVE('',#10117,#10131,#15724,.F.);
#15722=EDGE_CURVE('',#10131,#10113,#15725,.T.);
#15723=EDGE_CURVE('',#10113,#10117,#15726,.T.);
#15724=LINE('',#10116,#15727);
#15725=LINE('',#10130,#15728);
#15726=LINE('',#10112,#15729);
#15727=VECTOR('',#15730,1.0);
#15728=VECTOR('',#15731,1.0);
#15729=VECTOR('',#15732,1.0);
#15730=DIRECTION('',(-1,0,0));
#15731=DIRECTION('',(0.8149681286956484,-0.5795057801353781,0));
#15732=DIRECTION('',(0.590995481444843,0.8066748669146562,0));
#15733=STYLED_ITEM('',(#25),#15734);
#15734=FACE_SURFACE('',(#15739),#15735,.T.);
#15735=PLANE('',#15736);
#15736=AXIS2_PLACEMENT_3D('',#10058,#15737,#15738);
#15737=DIRECTION('',(0,-0,1));
#15738=DIRECTION('',(0.7071067811865475,0.7071067811865475,0));
#15739=FACE_BOUND('',#15740,.T.);
#15740=EDGE_LOOP('',(#15741,#15742,#15743));
#15741=ORIENTED_EDGE('',*,*,#15744,.T.);
#15742=ORIENTED_EDGE('',*,*,#15745,.T.);
#15743=ORIENTED_EDGE('',*,*,#15746,.T.);
#15744=EDGE_CURVE('',#10059,#10037,#15747,.F.);
#15745=EDGE_CURVE('',#10037,#10189,#15748,.T.);
#15746=EDGE_CURVE('',#10189,#10059,#15749,.T.);
#15747=LINE('',#10058,#15750);
#15748=LINE('',#10036,#15751);
#15749=LINE('',#10188,#15752);
#15750=VECTOR('',#15753,1.0);
#15751=VECTOR('',#15754,1.0);
#15752=VECTOR('',#15755,1.0);
#15753=DIRECTION('',(0.7071067811865475,0.7071067811865475,0));
#15754=DIRECTION('',(-0.8066748669146562,0.590995481444843,0));
#15755=DIRECTION('',(0.590995481444843,-0.8066748669146562,0));
#15756=STYLED_ITEM('',(#25),#15757);
#15757=FACE_SURFACE('',(#15762),#15758,.T.);
#15758=PLANE('',#15759);
#15759=AXIS2_PLACEMENT_3D('',#10056,#15760,#15761);
#15760=DIRECTION('',(0,0,1));
#15761=DIRECTION('',(1,0,0));
#15762=FACE_BOUND('',#15763,.T.);
#15763=EDGE_LOOP('',(#15764,#15765,#15766));
#15764=ORIENTED_EDGE('',*,*,#15767,.T.);
#15765=ORIENTED_EDGE('',*,*,#15768,.T.);
#15766=ORIENTED_EDGE('',*,*,#15769,.T.);
#15767=EDGE_CURVE('',#10057,#10059,#15770,.F.);
#15768=EDGE_CURVE('',#10059,#10189,#15771,.T.);
#15769=EDGE_CURVE('',#10189,#10057,#15772,.T.);
#15770=LINE('',#10056,#15773);
#15771=LINE('',#10058,#15774);
#15772=LINE('',#10188,#15775);
#15773=VECTOR('',#15776,1.0);
#15774=VECTOR('',#15777,1.0);
#15775=VECTOR('',#15778,1.0);
#15776=DIRECTION('',(1,0,0));
#15777=DIRECTION('',(-0.590995481444843,0.8066748669146562,0));
#15778=DIRECTION('',(-0.8149681286956484,-0.5795057801353781,0));
#15779=STYLED_ITEM('',(#25),#15780);
#15780=FACE_SURFACE('',(#15785),#15781,.T.);
#15781=PLANE('',#15782);
#15782=AXIS2_PLACEMENT_3D('',#9908,#15783,#15784);
#15783=DIRECTION('',(1,0,-0));
#15784=DIRECTION('',(0,0,1));
#15785=FACE_BOUND('',#15786,.T.);
#15786=EDGE_LOOP('',(#15787,#15788,#15789));
#15787=ORIENTED_EDGE('',*,*,#15790,.T.);
#15788=ORIENTED_EDGE('',*,*,#15791,.T.);
#15789=ORIENTED_EDGE('',*,*,#15792,.T.);
#15790=EDGE_CURVE('',#9909,#10215,#15793,.F.);
#15791=EDGE_CURVE('',#10215,#9903,#15794,.T.);
#15792=EDGE_CURVE('',#9903,#9909,#15795,.T.);
#15793=LINE('',#9908,#15796);
#15794=LINE('',#10214,#15797);
#15795=LINE('',#9902,#15798);
#15796=VECTOR('',#15799,1.0);
#15797=VECTOR('',#15800,1.0);
#15798=VECTOR('',#15801,1.0);
#15799=DIRECTION('',(0,0,1));
#15800=DIRECTION('',(0,-0.10893684089886697,-0.9940486732021603));
#15801=DIRECTION('',(0,1,0));
#15802=STYLED_ITEM('',(#25),#15803);
#15803=FACE_SURFACE('',(#15808),#15804,.T.);
#15804=PLANE('',#15805);
#15805=AXIS2_PLACEMENT_3D('',#10182,#15806,#15807);
#15806=DIRECTION('',(-0,1,0));
#15807=DIRECTION('',(1,0,0));
#15808=FACE_BOUND('',#15809,.T.);
#15809=EDGE_LOOP('',(#15810,#15811,#15812));
#15810=ORIENTED_EDGE('',*,*,#15813,.T.);
#15811=ORIENTED_EDGE('',*,*,#15814,.T.);
#15812=ORIENTED_EDGE('',*,*,#15815,.T.);
#15813=EDGE_CURVE('',#10183,#10191,#15816,.F.);
#15814=EDGE_CURVE('',#10191,#10063,#15817,.T.);
#15815=EDGE_CURVE('',#10063,#10183,#15818,.T.);
#15816=LINE('',#10182,#15819);
#15817=LINE('',#10190,#15820);
#15818=LINE('',#10062,#15821);
#15819=VECTOR('',#15822,1.0);
#15820=VECTOR('',#15823,1.0);
#15821=VECTOR('',#15824,1.0);
#15822=DIRECTION('',(1,0,0));
#15823=DIRECTION('',(-0.21983912974654327,0,-0.9755361382502867));
#15824=DIRECTION('',(0,0,1));
#15825=STYLED_ITEM('',(#25),#15826);
#15826=FACE_SURFACE('',(#15831),#15827,.T.);
#15827=PLANE('',#15828);
#15828=AXIS2_PLACEMENT_3D('',#10112,#15829,#15830);
#15829=DIRECTION('',(0,1,-0));
#15830=DIRECTION('',(-1,0,0));
#15831=FACE_BOUND('',#15832,.T.);
#15832=EDGE_LOOP('',(#15833,#15834,#15835));
#15833=ORIENTED_EDGE('',*,*,#15836,.T.);
#15834=ORIENTED_EDGE('',*,*,#15837,.T.);
#15835=ORIENTED_EDGE('',*,*,#15838,.T.);
#15836=EDGE_CURVE('',#10113,#10063,#15839,.F.);
#15837=EDGE_CURVE('',#10063,#10191,#15840,.T.);
#15838=EDGE_CURVE('',#10191,#10113,#15841,.T.);
#15839=LINE('',#10112,#15842);
#15840=LINE('',#10062,#15843);
#15841=LINE('',#10190,#15844);
#15842=VECTOR('',#15845,1.0);
#15843=VECTOR('',#15846,1.0);
#15844=VECTOR('',#15847,1.0);
#15845=DIRECTION('',(-1,0,0));
#15846=DIRECTION('',(0.21983912974654327,0,0.9755361382502867));
#15847=DIRECTION('',(0,0,-1));
#15848=STYLED_ITEM('',(#25),#15849);
#15849=FACE_SURFACE('',(#15854),#15850,.T.);
#15850=PLANE('',#15851);
#15851=AXIS2_PLACEMENT_3D('',#10196,#15852,#15853);
#15852=DIRECTION('',(-0,0,1));
#15853=DIRECTION('',(0.8066748669146572,-0.5909954814448416,0));
#15854=FACE_BOUND('',#15855,.T.);
#15855=EDGE_LOOP('',(#15856,#15857,#15858));
#15856=ORIENTED_EDGE('',*,*,#15859,.T.);
#15857=ORIENTED_EDGE('',*,*,#15860,.T.);
#15858=ORIENTED_EDGE('',*,*,#15861,.T.);
#15859=EDGE_CURVE('',#10197,#10195,#15862,.F.);
#15860=EDGE_CURVE('',#10195,#10201,#15863,.T.);
#15861=EDGE_CURVE('',#10201,#10197,#15864,.T.);
#15862=LINE('',#10196,#15865);
#15863=LINE('',#10194,#15866);
#15864=LINE('',#10200,#15867);
#15865=VECTOR('',#15868,1.0);
#15866=VECTOR('',#15869,1.0);
#15867=VECTOR('',#15870,1.0);
#15868=DIRECTION('',(0.8066748669146572,-0.5909954814448416,0));
#15869=DIRECTION('',(-0.5795057801353796,0.8149681286956474,0));
#15870=DIRECTION('',(0,-1,0));
#15871=STYLED_ITEM('',(#25),#15872);
#15872=FACE_SURFACE('',(#15877),#15873,.T.);
#15873=PLANE('',#15874);
#15874=AXIS2_PLACEMENT_3D('',#10202,#15875,#15876);
#15875=DIRECTION('',(0,0,1));
#15876=DIRECTION('',(-0.8066748669146572,-0.5909954814448416,0));
#15877=FACE_BOUND('',#15878,.T.);
#15878=EDGE_LOOP('',(#15879,#15880,#15881));
#15879=ORIENTED_EDGE('',*,*,#15882,.T.);
#15880=ORIENTED_EDGE('',*,*,#15883,.T.);
#15881=ORIENTED_EDGE('',*,*,#15884,.T.);
#15882=EDGE_CURVE('',#10203,#10201,#15885,.F.);
#15883=EDGE_CURVE('',#10201,#10195,#15886,.T.);
#15884=EDGE_CURVE('',#10195,#10203,#15887,.T.);
#15885=LINE('',#10202,#15888);
#15886=LINE('',#10200,#15889);
#15887=LINE('',#10194,#15890);
#15888=VECTOR('',#15891,1.0);
#15889=VECTOR('',#15892,1.0);
#15890=VECTOR('',#15893,1.0);
#15891=DIRECTION('',(-0.8066748669146572,-0.5909954814448416,0));
#15892=DIRECTION('',(0.5795057801353796,-0.8149681286956474,0));
#15893=DIRECTION('',(0,1,0));
#15894=STYLED_ITEM('',(#25),#15895);
#15895=FACE_SURFACE('',(#15900),#15896,.T.);
#15896=PLANE('',#15897);
#15897=AXIS2_PLACEMENT_3D('',#9918,#15898,#15899);
#15898=DIRECTION('',(0,-0,1));
#15899=DIRECTION('',(0.5909954814448439,0.8066748669146554,0));
#15900=FACE_BOUND('',#15901,.T.);
#15901=EDGE_LOOP('',(#15902,#15903,#15904));
#15902=ORIENTED_EDGE('',*,*,#15905,.T.);
#15903=ORIENTED_EDGE('',*,*,#15906,.T.);
#15904=ORIENTED_EDGE('',*,*,#15907,.T.);
#15905=EDGE_CURVE('',#9919,#10217,#15908,.F.);
#15906=EDGE_CURVE('',#10217,#10195,#15909,.T.);
#15907=EDGE_CURVE('',#10195,#9919,#15910,.T.);
#15908=LINE('',#9918,#15911);
#15909=LINE('',#10216,#15912);
#15910=LINE('',#10194,#15913);
#15911=VECTOR('',#15914,1.0);
#15912=VECTOR('',#15915,1.0);
#15913=VECTOR('',#15916,1.0);
#15914=DIRECTION('',(0.5909954814448439,0.8066748669146554,0));
#15915=DIRECTION('',(-0.8066748669146562,-0.590995481444843,0));
#15916=DIRECTION('',(0.707106781186545,-0.70710678118655,0));
#15917=STYLED_ITEM('',(#25),#15918);
#15918=FACE_SURFACE('',(#15923),#15919,.T.);
#15919=PLANE('',#15920);
#15920=AXIS2_PLACEMENT_3D('',#10202,#15921,#15922);
#15921=DIRECTION('',(0,0,1));
#15922=DIRECTION('',(0,-1,0));
#15923=FACE_BOUND('',#15924,.T.);
#15924=EDGE_LOOP('',(#15925,#15926,#15927));
#15925=ORIENTED_EDGE('',*,*,#15928,.T.);
#15926=ORIENTED_EDGE('',*,*,#15929,.T.);
#15927=ORIENTED_EDGE('',*,*,#15930,.T.);
#15928=EDGE_CURVE('',#10203,#10195,#15931,.F.);
#15929=EDGE_CURVE('',#10195,#10219,#15932,.T.);
#15930=EDGE_CURVE('',#10219,#10203,#15933,.T.);
#15931=LINE('',#10202,#15934);
#15932=LINE('',#10194,#15935);
#15933=LINE('',#10218,#15936);
#15934=VECTOR('',#15937,1.0);
#15935=VECTOR('',#15938,1.0);
#15936=VECTOR('',#15939,1.0);
#15937=DIRECTION('',(0,-1,0));
#15938=DIRECTION('',(0.5795057801353781,0.8149681286956484,0));
#15939=DIRECTION('',(-0.8066748669146562,0.590995481444843,0));
#15940=STYLED_ITEM('',(#25),#15941);
#15941=FACE_SURFACE('',(#15946),#15942,.T.);
#15942=PLANE('',#15943);
#15943=AXIS2_PLACEMENT_3D('',#10220,#15944,#15945);
#15944=DIRECTION('',(0,0,1));
#15945=DIRECTION('',(-0.707106781186545,-0.70710678118655,0));
#15946=FACE_BOUND('',#15947,.T.);
#15947=EDGE_LOOP('',(#15948,#15949,#15950));
#15948=ORIENTED_EDGE('',*,*,#15951,.T.);
#15949=ORIENTED_EDGE('',*,*,#15952,.T.);
#15950=ORIENTED_EDGE('',*,*,#15953,.T.);
#15951=EDGE_CURVE('',#10221,#10203,#15954,.F.);
#15952=EDGE_CURVE('',#10203,#10219,#15955,.T.);
#15953=EDGE_CURVE('',#10219,#10221,#15956,.T.);
#15954=LINE('',#10220,#15957);
#15955=LINE('',#10202,#15958);
#15956=LINE('',#10218,#15959);
#15957=VECTOR('',#15960,1.0);
#15958=VECTOR('',#15961,1.0);
#15959=VECTOR('',#15962,1.0);
#15960=DIRECTION('',(-0.707106781186545,-0.70710678118655,0));
#15961=DIRECTION('',(0.8066748669146562,-0.590995481444843,0));
#15962=DIRECTION('',(-0.5909954814448439,0.8066748669146554,0));
#15963=STYLED_ITEM('',(#25),#15964);
#15964=FACE_SURFACE('',(#15969),#15965,.T.);
#15965=PLANE('',#15966);
#15966=AXIS2_PLACEMENT_3D('',#10222,#15967,#15968);
#15967=DIRECTION('',(1,-0,0));
#15968=DIRECTION('',(0,0,-1));
#15969=FACE_BOUND('',#15970,.T.);
#15970=EDGE_LOOP('',(#15971,#15972,#15973));
#15971=ORIENTED_EDGE('',*,*,#15974,.T.);
#15972=ORIENTED_EDGE('',*,*,#15975,.T.);
#15973=ORIENTED_EDGE('',*,*,#15976,.T.);
#15974=EDGE_CURVE('',#10223,#9961,#15977,.F.);
#15975=EDGE_CURVE('',#9961,#9957,#15978,.T.);
#15976=EDGE_CURVE('',#9957,#10223,#15979,.T.);
#15977=LINE('',#10222,#15980);
#15978=LINE('',#9960,#15981);
#15979=LINE('',#9956,#15982);
#15980=VECTOR('',#15983,1.0);
#15981=VECTOR('',#15984,1.0);
#15982=VECTOR('',#15985,1.0);
#15983=DIRECTION('',(0,0,-1));
#15984=DIRECTION('',(0,0.21983912974654354,0.9755361382502866));
#15985=DIRECTION('',(0,-1,0));
#15986=STYLED_ITEM('',(#25),#15987);
#15987=FACE_SURFACE('',(#15992),#15988,.T.);
#15988=PLANE('',#15989);
#15989=AXIS2_PLACEMENT_3D('',#9958,#15990,#15991);
#15990=DIRECTION('',(1,0,-0));
#15991=DIRECTION('',(0,0,1));
#15992=FACE_BOUND('',#15993,.T.);
#15993=EDGE_LOOP('',(#15994,#15995,#15996));
#15994=ORIENTED_EDGE('',*,*,#15997,.T.);
#15995=ORIENTED_EDGE('',*,*,#15998,.T.);
#15996=ORIENTED_EDGE('',*,*,#15999,.T.);
#15997=EDGE_CURVE('',#9959,#9957,#16000,.F.);
#15998=EDGE_CURVE('',#9957,#9961,#16001,.T.);
#15999=EDGE_CURVE('',#9961,#9959,#16002,.T.);
#16000=LINE('',#9958,#16003);
#16001=LINE('',#9956,#16004);
#16002=LINE('',#9960,#16005);
#16003=VECTOR('',#16006,1.0);
#16004=VECTOR('',#16007,1.0);
#16005=VECTOR('',#16008,1.0);
#16006=DIRECTION('',(0,0,1));
#16007=DIRECTION('',(0,-0.21983912974654354,-0.9755361382502866));
#16008=DIRECTION('',(0,1,0));
#16009=STYLED_ITEM('',(#25),#16010);
#16010=FACE_SURFACE('',(#16015),#16011,.T.);
#16011=PLANE('',#16012);
#16012=AXIS2_PLACEMENT_3D('',#10224,#16013,#16014);
#16013=DIRECTION('',(0,1,0));
#16014=DIRECTION('',(0,0,-1));
#16015=FACE_BOUND('',#16016,.T.);
#16016=EDGE_LOOP('',(#16017,#16018,#16019));
#16017=ORIENTED_EDGE('',*,*,#16020,.T.);
#16018=ORIENTED_EDGE('',*,*,#16021,.T.);
#16019=ORIENTED_EDGE('',*,*,#16022,.T.);
#16020=EDGE_CURVE('',#10225,#10023,#16023,.F.);
#16021=EDGE_CURVE('',#10023,#10227,#16024,.T.);
#16022=EDGE_CURVE('',#10227,#10225,#16025,.T.);
#16023=LINE('',#10224,#16026);
#16024=LINE('',#10022,#16027);
#16025=LINE('',#10226,#16028);
#16026=VECTOR('',#16029,1.0);
#16027=VECTOR('',#16030,1.0);
#16028=VECTOR('',#16031,1.0);
#16029=DIRECTION('',(0,0,-1));
#16030=DIRECTION('',(-0.21983912974654354,0,0.9755361382502866));
#16031=DIRECTION('',(1,0,0));
#16032=STYLED_ITEM('',(#25),#16033);
#16033=FACE_SURFACE('',(#16038),#16034,.T.);
#16034=PLANE('',#16035);
#16035=AXIS2_PLACEMENT_3D('',#10020,#16036,#16037);
#16036=DIRECTION('',(0,1,0));
#16037=DIRECTION('',(0,0,1));
#16038=FACE_BOUND('',#16039,.T.);
#16039=EDGE_LOOP('',(#16040,#16041,#16042));
#16040=ORIENTED_EDGE('',*,*,#16043,.T.);
#16041=ORIENTED_EDGE('',*,*,#16044,.T.);
#16042=ORIENTED_EDGE('',*,*,#16045,.T.);
#16043=EDGE_CURVE('',#10021,#10227,#16046,.F.);
#16044=EDGE_CURVE('',#10227,#10023,#16047,.T.);
#16045=EDGE_CURVE('',#10023,#10021,#16048,.T.);
#16046=LINE('',#10020,#16049);
#16047=LINE('',#10226,#16050);
#16048=LINE('',#10022,#16051);
#16049=VECTOR('',#16052,1.0);
#16050=VECTOR('',#16053,1.0);
#16051=VECTOR('',#16054,1.0);
#16052=DIRECTION('',(0,0,1));
#16053=DIRECTION('',(0.21983912974654354,0,-0.9755361382502866));
#16054=DIRECTION('',(-1,0,0));
#16055=STYLED_ITEM('',(#25),#16056);
#16056=FACE_SURFACE('',(#16061),#16057,.T.);
#16057=PLANE('',#16058);
#16058=AXIS2_PLACEMENT_3D('',#9880,#16059,#16060);
#16059=DIRECTION('',(0,-1,0));
#16060=DIRECTION('',(0,0,-1));
#16061=FACE_BOUND('',#16062,.T.);
#16062=EDGE_LOOP('',(#16063,#16064,#16065));
#16063=ORIENTED_EDGE('',*,*,#16066,.T.);
#16064=ORIENTED_EDGE('',*,*,#16067,.T.);
#16065=ORIENTED_EDGE('',*,*,#16068,.T.);
#16066=EDGE_CURVE('',#9881,#9951,#16069,.F.);
#16067=EDGE_CURVE('',#9951,#9903,#16070,.T.);
#16068=EDGE_CURVE('',#9903,#9881,#16071,.T.);
#16069=LINE('',#9880,#16072);
#16070=LINE('',#9950,#16073);
#16071=LINE('',#9902,#16074);
#16072=VECTOR('',#16075,1.0);
#16073=VECTOR('',#16076,1.0);
#16074=VECTOR('',#16077,1.0);
#16075=DIRECTION('',(0,0,-1));
#16076=DIRECTION('',(1,0,0));
#16077=DIRECTION('',(-0.10893684089886684,0,0.9940486732021603));
#16078=STYLED_ITEM('',(#25),#16079);
#16079=FACE_SURFACE('',(#16084),#16080,.T.);
#16080=PLANE('',#16081);
#16081=AXIS2_PLACEMENT_3D('',#10228,#16082,#16083);
#16082=DIRECTION('',(0,-1,0));
#16083=DIRECTION('',(1,0,0));
#16084=FACE_BOUND('',#16085,.T.);
#16085=EDGE_LOOP('',(#16086,#16087,#16088));
#16086=ORIENTED_EDGE('',*,*,#16089,.T.);
#16087=ORIENTED_EDGE('',*,*,#16090,.T.);
#16088=ORIENTED_EDGE('',*,*,#16091,.T.);
#16089=EDGE_CURVE('',#10229,#9985,#16092,.F.);
#16090=EDGE_CURVE('',#9985,#10231,#16093,.T.);
#16091=EDGE_CURVE('',#10231,#10229,#16094,.T.);
#16092=LINE('',#10228,#16095);
#16093=LINE('',#9984,#16096);
#16094=LINE('',#10230,#16097);
#16095=VECTOR('',#16098,1.0);
#16096=VECTOR('',#16099,1.0);
#16097=VECTOR('',#16100,1.0);
#16098=DIRECTION('',(1,0,0));
#16099=DIRECTION('',(-0.6246950475544244,0,0.7808688094430302));
#16100=DIRECTION('',(0,0,-1));
#16101=STYLED_ITEM('',(#25),#16102);
#16102=FACE_SURFACE('',(#16107),#16103,.T.);
#16103=PLANE('',#16104);
#16104=AXIS2_PLACEMENT_3D('',#10230,#16105,#16106);
#16105=DIRECTION('',(0,-1,0));
#16106=DIRECTION('',(0.6246950475544244,0,-0.7808688094430302));
#16107=FACE_BOUND('',#16108,.T.);
#16108=EDGE_LOOP('',(#16109,#16110,#16111));
#16109=ORIENTED_EDGE('',*,*,#16112,.T.);
#16110=ORIENTED_EDGE('',*,*,#16113,.T.);
#16111=ORIENTED_EDGE('',*,*,#16114,.T.);
#16112=EDGE_CURVE('',#10231,#9985,#16115,.F.);
#16113=EDGE_CURVE('',#9985,#10111,#16116,.T.);
#16114=EDGE_CURVE('',#10111,#10231,#16117,.T.);
#16115=LINE('',#10230,#16118);
#16116=LINE('',#9984,#16119);
#16117=LINE('',#10110,#16120);
#16118=VECTOR('',#16121,1.0);
#16119=VECTOR('',#16122,1.0);
#16120=VECTOR('',#16123,1.0);
#16121=DIRECTION('',(0.6246950475544244,0,-0.7808688094430302));
#16122=DIRECTION('',(0,0,1));
#16123=DIRECTION('',(-1,0,0));
#16124=STYLED_ITEM('',(#25),#16125);
#16125=FACE_SURFACE('',(#16130),#16126,.T.);
#16126=PLANE('',#16127);
#16127=AXIS2_PLACEMENT_3D('',#9994,#16128,#16129);
#16128=DIRECTION('',(0.707106781186545,-0.70710678118655,0));
#16129=DIRECTION('',(0.7071067811865499,0.707106781186545,0));
#16130=FACE_BOUND('',#16131,.T.);
#16131=EDGE_LOOP('',(#16132,#16133,#16134));
#16132=ORIENTED_EDGE('',*,*,#16135,.T.);
#16133=ORIENTED_EDGE('',*,*,#16136,.T.);
#16134=ORIENTED_EDGE('',*,*,#16137,.T.);
#16135=EDGE_CURVE('',#9995,#10233,#16138,.F.);
#16136=EDGE_CURVE('',#10233,#9997,#16139,.T.);
#16137=EDGE_CURVE('',#9997,#9995,#16140,.T.);
#16138=LINE('',#9994,#16141);
#16139=LINE('',#10232,#16142);
#16140=LINE('',#9996,#16143);
#16141=VECTOR('',#16144,1.0);
#16142=VECTOR('',#16145,1.0);
#16143=VECTOR('',#16146,1.0);
#16144=DIRECTION('',(0.7071067811865499,0.707106781186545,0));
#16145=DIRECTION('',(-0.09901475429766798,-0.09901475429766729,0.9901475429766744));
#16146=DIRECTION('',(0,0,-1));
#16147=STYLED_ITEM('',(#25),#16148);
#16148=FACE_SURFACE('',(#16153),#16149,.T.);
#16149=PLANE('',#16150);
#16150=AXIS2_PLACEMENT_3D('',#10194,#16151,#16152);
#16151=DIRECTION('',(0.707106781186545,-0.70710678118655,0));
#16152=DIRECTION('',(-0.7071067811865499,-0.707106781186545,0));
#16153=FACE_BOUND('',#16154,.T.);
#16154=EDGE_LOOP('',(#16155,#16156,#16157));
#16155=ORIENTED_EDGE('',*,*,#16158,.T.);
#16156=ORIENTED_EDGE('',*,*,#16159,.T.);
#16157=ORIENTED_EDGE('',*,*,#16160,.T.);
#16158=EDGE_CURVE('',#10195,#9997,#16161,.F.);
#16159=EDGE_CURVE('',#9997,#10233,#16162,.T.);
#16160=EDGE_CURVE('',#10233,#10195,#16163,.T.);
#16161=LINE('',#10194,#16164);
#16162=LINE('',#9996,#16165);
#16163=LINE('',#10232,#16166);
#16164=VECTOR('',#16167,1.0);
#16165=VECTOR('',#16168,1.0);
#16166=VECTOR('',#16169,1.0);
#16167=DIRECTION('',(-0.7071067811865499,-0.707106781186545,0));
#16168=DIRECTION('',(0.09901475429766798,0.09901475429766729,-0.9901475429766744));
#16169=DIRECTION('',(0,0,1));
#16170=STYLED_ITEM('',(#25),#16171);
#16171=FACE_SURFACE('',(#16176),#16172,.T.);
#16172=PLANE('',#16173);
#16173=AXIS2_PLACEMENT_3D('',#10148,#16174,#16175);
#16174=DIRECTION('',(0,1,0));
#16175=DIRECTION('',(-0.6246950475544244,0,-0.7808688094430302));
#16176=FACE_BOUND('',#16177,.T.);
#16177=EDGE_LOOP('',(#16178,#16179,#16180));
#16178=ORIENTED_EDGE('',*,*,#16181,.T.);
#16179=ORIENTED_EDGE('',*,*,#16182,.T.);
#16180=ORIENTED_EDGE('',*,*,#16183,.T.);
#16181=EDGE_CURVE('',#10149,#10177,#16184,.F.);
#16182=EDGE_CURVE('',#10177,#10235,#16185,.T.);
#16183=EDGE_CURVE('',#10235,#10149,#16186,.T.);
#16184=LINE('',#10148,#16187);
#16185=LINE('',#10176,#16188);
#16186=LINE('',#10234,#16189);
#16187=VECTOR('',#16190,1.0);
#16188=VECTOR('',#16191,1.0);
#16189=VECTOR('',#16192,1.0);
#16190=DIRECTION('',(-0.6246950475544244,0,-0.7808688094430302));
#16191=DIRECTION('',(0,0,1));
#16192=DIRECTION('',(1,0,0));
#16193=STYLED_ITEM('',(#25),#16194);
#16194=FACE_SURFACE('',(#16199),#16195,.T.);
#16195=PLANE('',#16196);
#16196=AXIS2_PLACEMENT_3D('',#10224,#16197,#16198);
#16197=DIRECTION('',(1,0,0));
#16198=DIRECTION('',(0,-1,0));
#16199=FACE_BOUND('',#16200,.T.);
#16200=EDGE_LOOP('',(#16201,#16202,#16203));
#16201=ORIENTED_EDGE('',*,*,#16204,.T.);
#16202=ORIENTED_EDGE('',*,*,#16205,.T.);
#16203=ORIENTED_EDGE('',*,*,#16206,.T.);
#16204=EDGE_CURVE('',#10225,#10075,#16207,.F.);
#16205=EDGE_CURVE('',#10075,#10023,#16208,.T.);
#16206=EDGE_CURVE('',#10023,#10225,#16209,.T.);
#16207=LINE('',#10224,#16210);
#16208=LINE('',#10074,#16211);
#16209=LINE('',#10022,#16212);
#16210=VECTOR('',#16213,1.0);
#16211=VECTOR('',#16214,1.0);
#16212=VECTOR('',#16215,1.0);
#16213=DIRECTION('',(0,-1,0));
#16214=DIRECTION('',(0,0.21983912974654354,-0.9755361382502866));
#16215=DIRECTION('',(0,0,1));
#16216=STYLED_ITEM('',(#25),#16217);
#16217=FACE_SURFACE('',(#16222),#16218,.T.);
#16218=PLANE('',#16219);
#16219=AXIS2_PLACEMENT_3D('',#10078,#16220,#16221);
#16220=DIRECTION('',(0,-1,0));
#16221=DIRECTION('',(1,0,0));
#16222=FACE_BOUND('',#16223,.T.);
#16223=EDGE_LOOP('',(#16224,#16225,#16226));
#16224=ORIENTED_EDGE('',*,*,#16227,.T.);
#16225=ORIENTED_EDGE('',*,*,#16228,.T.);
#16226=ORIENTED_EDGE('',*,*,#16229,.T.);
#16227=EDGE_CURVE('',#10079,#9961,#16230,.F.);
#16228=EDGE_CURVE('',#9961,#10237,#16231,.T.);
#16229=EDGE_CURVE('',#10237,#10079,#16232,.T.);
#16230=LINE('',#10078,#16233);
#16231=LINE('',#9960,#16234);
#16232=LINE('',#10236,#16235);
#16233=VECTOR('',#16236,1.0);
#16234=VECTOR('',#16237,1.0);
#16235=VECTOR('',#16238,1.0);
#16236=DIRECTION('',(1,0,0));
#16237=DIRECTION('',(-0.21983912974654327,0,0.9755361382502867));
#16238=DIRECTION('',(0,0,-1));
#16239=STYLED_ITEM('',(#25),#16240);
#16240=FACE_SURFACE('',(#16245),#16241,.T.);
#16241=PLANE('',#16242);
#16242=AXIS2_PLACEMENT_3D('',#10222,#16243,#16244);
#16243=DIRECTION('',(-0,-1,-0));
#16244=DIRECTION('',(-1,0,0));
#16245=FACE_BOUND('',#16246,.T.);
#16246=EDGE_LOOP('',(#16247,#16248,#16249));
#16247=ORIENTED_EDGE('',*,*,#16250,.T.);
#16248=ORIENTED_EDGE('',*,*,#16251,.T.);
#16249=ORIENTED_EDGE('',*,*,#16252,.T.);
#16250=EDGE_CURVE('',#10223,#10237,#16253,.F.);
#16251=EDGE_CURVE('',#10237,#9961,#16254,.T.);
#16252=EDGE_CURVE('',#9961,#10223,#16255,.T.);
#16253=LINE('',#10222,#16256);
#16254=LINE('',#10236,#16257);
#16255=LINE('',#9960,#16258);
#16256=VECTOR('',#16259,1.0);
#16257=VECTOR('',#16260,1.0);
#16258=VECTOR('',#16261,1.0);
#16259=DIRECTION('',(-1,0,0));
#16260=DIRECTION('',(0.21983912974654327,0,-0.9755361382502867));
#16261=DIRECTION('',(0,0,1));
#16262=STYLED_ITEM('',(#25),#16263);
#16263=FACE_SURFACE('',(#16268),#16264,.T.);
#16264=PLANE('',#16265);
#16265=AXIS2_PLACEMENT_3D('',#9918,#16266,#16267);
#16266=DIRECTION('',(-0.70710678118655,-0.7071067811865451,0));
#16267=DIRECTION('',(-0.707106781186545,0.70710678118655,0));
#16268=FACE_BOUND('',#16269,.T.);
#16269=EDGE_LOOP('',(#16270,#16271,#16272));
#16270=ORIENTED_EDGE('',*,*,#16273,.T.);
#16271=ORIENTED_EDGE('',*,*,#16274,.T.);
#16272=ORIENTED_EDGE('',*,*,#16275,.T.);
#16273=EDGE_CURVE('',#9919,#10195,#16276,.F.);
#16274=EDGE_CURVE('',#10195,#10233,#16277,.T.);
#16275=EDGE_CURVE('',#10233,#9919,#16278,.T.);
#16276=LINE('',#9918,#16279);
#16277=LINE('',#10194,#16280);
#16278=LINE('',#10232,#16281);
#16279=VECTOR('',#16282,1.0);
#16280=VECTOR('',#16283,1.0);
#16281=VECTOR('',#16284,1.0);
#16282=DIRECTION('',(-0.707106781186545,0.70710678118655,0));
#16283=DIRECTION('',(0,0,-1));
#16284=DIRECTION('',(0.09901475429766661,-0.09901475429766729,0.9901475429766744));
#16285=STYLED_ITEM('',(#25),#16286);
#16286=FACE_SURFACE('',(#16291),#16287,.T.);
#16287=PLANE('',#16288);
#16288=AXIS2_PLACEMENT_3D('',#9952,#16289,#16290);
#16289=DIRECTION('',(0,1,0));
#16290=DIRECTION('',(0,0,1));
#16291=FACE_BOUND('',#16292,.T.);
#16292=EDGE_LOOP('',(#16293,#16294,#16295));
#16293=ORIENTED_EDGE('',*,*,#16296,.T.);
#16294=ORIENTED_EDGE('',*,*,#16297,.T.);
#16295=ORIENTED_EDGE('',*,*,#16298,.T.);
#16296=EDGE_CURVE('',#9953,#10239,#16299,.F.);
#16297=EDGE_CURVE('',#10239,#9909,#16300,.T.);
#16298=EDGE_CURVE('',#9909,#9953,#16301,.T.);
#16299=LINE('',#9952,#16302);
#16300=LINE('',#10238,#16303);
#16301=LINE('',#9908,#16304);
#16302=VECTOR('',#16305,1.0);
#16303=VECTOR('',#16306,1.0);
#16304=VECTOR('',#16307,1.0);
#16305=DIRECTION('',(0,0,1));
#16306=DIRECTION('',(0.10893684089886684,0,-0.9940486732021603));
#16307=DIRECTION('',(-1,0,0));
#16308=STYLED_ITEM('',(#25),#16309);
#16309=FACE_SURFACE('',(#16314),#16310,.T.);
#16310=PLANE('',#16311);
#16311=AXIS2_PLACEMENT_3D('',#10236,#16312,#16313);
#16312=DIRECTION('',(-1,0,0));
#16313=DIRECTION('',(0,1,0));
#16314=FACE_BOUND('',#16315,.T.);
#16315=EDGE_LOOP('',(#16316,#16317,#16318));
#16316=ORIENTED_EDGE('',*,*,#16319,.T.);
#16317=ORIENTED_EDGE('',*,*,#16320,.T.);
#16318=ORIENTED_EDGE('',*,*,#16321,.T.);
#16319=EDGE_CURVE('',#10237,#9955,#16322,.F.);
#16320=EDGE_CURVE('',#9955,#10079,#16323,.T.);
#16321=EDGE_CURVE('',#10079,#10237,#16324,.T.);
#16322=LINE('',#10236,#16325);
#16323=LINE('',#9954,#16326);
#16324=LINE('',#10078,#16327);
#16325=VECTOR('',#16328,1.0);
#16326=VECTOR('',#16329,1.0);
#16327=VECTOR('',#16330,1.0);
#16328=DIRECTION('',(0,1,0));
#16329=DIRECTION('',(0,-0.21983912974654354,-0.9755361382502866));
#16330=DIRECTION('',(0,0,1));
#16331=STYLED_ITEM('',(#25),#16332);
#16332=FACE_SURFACE('',(#16337),#16333,.T.);
#16333=PLANE('',#16334);
#16334=AXIS2_PLACEMENT_3D('',#10202,#16335,#16336);
#16335=DIRECTION('',(0.707106781186545,0.70710678118655,0));
#16336=DIRECTION('',(-0.09901475429766798,0.09901475429766729,-0.9901475429766744));
#16337=FACE_BOUND('',#16338,.T.);
#16338=EDGE_LOOP('',(#16339,#16340,#16341));
#16339=ORIENTED_EDGE('',*,*,#16342,.T.);
#16340=ORIENTED_EDGE('',*,*,#16343,.T.);
#16341=ORIENTED_EDGE('',*,*,#16344,.T.);
#16342=EDGE_CURVE('',#10203,#10241,#16345,.F.);
#16343=EDGE_CURVE('',#10241,#10199,#16346,.T.);
#16344=EDGE_CURVE('',#10199,#10203,#16347,.T.);
#16345=LINE('',#10202,#16348);
#16346=LINE('',#10240,#16349);
#16347=LINE('',#10198,#16350);
#16348=VECTOR('',#16351,1.0);
#16349=VECTOR('',#16352,1.0);
#16350=VECTOR('',#16353,1.0);
#16351=DIRECTION('',(-0.09901475429766798,0.09901475429766729,-0.9901475429766744));
#16352=DIRECTION('',(0,0,1));
#16353=DIRECTION('',(0.7071067811865499,-0.707106781186545,0));
#16354=STYLED_ITEM('',(#25),#16355);
#16355=FACE_SURFACE('',(#16360),#16356,.T.);
#16356=PLANE('',#16357);
#16357=AXIS2_PLACEMENT_3D('',#10242,#16358,#16359);
#16358=DIRECTION('',(-1,0,0));
#16359=DIRECTION('',(0,-1,0));
#16360=FACE_BOUND('',#16361,.T.);
#16361=EDGE_LOOP('',(#16362,#16363,#16364));
#16362=ORIENTED_EDGE('',*,*,#16365,.T.);
#16363=ORIENTED_EDGE('',*,*,#16366,.T.);
#16364=ORIENTED_EDGE('',*,*,#16367,.T.);
#16365=EDGE_CURVE('',#10243,#10245,#16368,.F.);
#16366=EDGE_CURVE('',#10245,#10247,#16369,.T.);
#16367=EDGE_CURVE('',#10247,#10243,#16370,.T.);
#16368=LINE('',#10242,#16371);
#16369=LINE('',#10244,#16372);
#16370=LINE('',#10246,#16373);
#16371=VECTOR('',#16374,1.0);
#16372=VECTOR('',#16375,1.0);
#16373=VECTOR('',#16376,1.0);
#16374=DIRECTION('',(0,-1,0));
#16375=DIRECTION('',(0,0,1));
#16376=DIRECTION('',(0,0.6246950475544244,-0.7808688094430302));
#16377=STYLED_ITEM('',(#25),#16378);
#16378=FACE_SURFACE('',(#16383),#16379,.T.);
#16379=PLANE('',#16380);
#16380=AXIS2_PLACEMENT_3D('',#10020,#16381,#16382);
#16381=DIRECTION('',(-1,0,0));
#16382=DIRECTION('',(0,-0.21983912974654354,0.9755361382502866));
#16383=FACE_BOUND('',#16384,.T.);
#16384=EDGE_LOOP('',(#16385,#16386,#16387));
#16385=ORIENTED_EDGE('',*,*,#16388,.T.);
#16386=ORIENTED_EDGE('',*,*,#16389,.T.);
#16387=ORIENTED_EDGE('',*,*,#16390,.T.);
#16388=EDGE_CURVE('',#10021,#10087,#16391,.F.);
#16389=EDGE_CURVE('',#10087,#10227,#16392,.T.);
#16390=EDGE_CURVE('',#10227,#10021,#16393,.T.);
#16391=LINE('',#10020,#16394);
#16392=LINE('',#10086,#16395);
#16393=LINE('',#10226,#16396);
#16394=VECTOR('',#16397,1.0);
#16395=VECTOR('',#16398,1.0);
#16396=VECTOR('',#16399,1.0);
#16397=DIRECTION('',(0,-0.21983912974654354,0.9755361382502866));
#16398=DIRECTION('',(0,1,0));
#16399=DIRECTION('',(0,0,-1));
#16400=STYLED_ITEM('',(#25),#16401);
#16401=FACE_SURFACE('',(#16406),#16402,.T.);
#16402=PLANE('',#16403);
#16403=AXIS2_PLACEMENT_3D('',#10120,#16404,#16405);
#16404=DIRECTION('',(0,0,-1));
#16405=DIRECTION('',(-1,0,0));
#16406=FACE_BOUND('',#16407,.T.);
#16407=EDGE_LOOP('',(#16408,#16409,#16410));
#16408=ORIENTED_EDGE('',*,*,#16411,.T.);
#16409=ORIENTED_EDGE('',*,*,#16412,.T.);
#16410=ORIENTED_EDGE('',*,*,#16413,.T.);
#16411=EDGE_CURVE('',#10121,#10249,#16414,.F.);
#16412=EDGE_CURVE('',#10249,#10123,#16415,.T.);
#16413=EDGE_CURVE('',#10123,#10121,#16416,.T.);
#16414=LINE('',#10120,#16417);
#16415=LINE('',#10248,#16418);
#16416=LINE('',#10122,#16419);
#16417=VECTOR('',#16420,1.0);
#16418=VECTOR('',#16421,1.0);
#16419=VECTOR('',#16422,1.0);
#16420=DIRECTION('',(-1,0,0));
#16421=DIRECTION('',(0.8066748669146562,0.590995481444843,0));
#16422=DIRECTION('',(0.8066748669146562,-0.590995481444843,0));
#16423=STYLED_ITEM('',(#25),#16424);
#16424=FACE_SURFACE('',(#16429),#16425,.T.);
#16425=PLANE('',#16426);
#16426=AXIS2_PLACEMENT_3D('',#10040,#16427,#16428);
#16427=DIRECTION('',(0,-0,-1));
#16428=DIRECTION('',(0.7071067811865475,-0.7071067811865475,0));
#16429=FACE_BOUND('',#16430,.T.);
#16430=EDGE_LOOP('',(#16431,#16432,#16433));
#16431=ORIENTED_EDGE('',*,*,#16434,.T.);
#16432=ORIENTED_EDGE('',*,*,#16435,.T.);
#16433=ORIENTED_EDGE('',*,*,#16436,.T.);
#16434=EDGE_CURVE('',#10041,#10123,#16437,.F.);
#16435=EDGE_CURVE('',#10123,#10249,#16438,.T.);
#16436=EDGE_CURVE('',#10249,#10041,#16439,.T.);
#16437=LINE('',#10040,#16440);
#16438=LINE('',#10122,#16441);
#16439=LINE('',#10248,#16442);
#16440=VECTOR('',#16443,1.0);
#16441=VECTOR('',#16444,1.0);
#16442=VECTOR('',#16445,1.0);
#16443=DIRECTION('',(0.7071067811865475,-0.7071067811865475,0));
#16444=DIRECTION('',(-0.8066748669146562,-0.590995481444843,0));
#16445=DIRECTION('',(0.590995481444843,0.8066748669146562,0));
#16446=STYLED_ITEM('',(#25),#16447);
#16447=FACE_SURFACE('',(#16452),#16448,.T.);
#16448=PLANE('',#16449);
#16449=AXIS2_PLACEMENT_3D('',#10040,#16450,#16451);
#16450=DIRECTION('',(0,0,-1));
#16451=DIRECTION('',(-0.590995481444843,-0.8066748669146562,0));
#16452=FACE_BOUND('',#16453,.T.);
#16453=EDGE_LOOP('',(#16454,#16455,#16456));
#16454=ORIENTED_EDGE('',*,*,#16457,.T.);
#16455=ORIENTED_EDGE('',*,*,#16458,.T.);
#16456=ORIENTED_EDGE('',*,*,#16459,.T.);
#16457=EDGE_CURVE('',#10041,#10249,#16460,.F.);
#16458=EDGE_CURVE('',#10249,#10207,#16461,.T.);
#16459=EDGE_CURVE('',#10207,#10041,#16462,.T.);
#16460=LINE('',#10040,#16463);
#16461=LINE('',#10248,#16464);
#16462=LINE('',#10206,#16465);
#16463=VECTOR('',#16466,1.0);
#16464=VECTOR('',#16467,1.0);
#16465=VECTOR('',#16468,1.0);
#16466=DIRECTION('',(-0.590995481444843,-0.8066748669146562,0));
#16467=DIRECTION('',(-1,0,0));
#16468=DIRECTION('',(0.8149681286956484,0.5795057801353781,0));
#16469=STYLED_ITEM('',(#25),#16470);
#16470=FACE_SURFACE('',(#16475),#16471,.T.);
#16471=PLANE('',#16472);
#16472=AXIS2_PLACEMENT_3D('',#10226,#16473,#16474);
#16473=DIRECTION('',(-0,0.7071067811865437,0.7071067811865515));
#16474=DIRECTION('',(0.5773502691896278,-0.5773502691896278,0.5773502691896215));
#16475=FACE_BOUND('',#16476,.T.);
#16476=EDGE_LOOP('',(#16477,#16478,#16479));
#16477=ORIENTED_EDGE('',*,*,#16480,.T.);
#16478=ORIENTED_EDGE('',*,*,#16481,.T.);
#16479=ORIENTED_EDGE('',*,*,#16482,.T.);
#16480=EDGE_CURVE('',#10227,#10251,#16483,.F.);
#16481=EDGE_CURVE('',#10251,#10225,#16484,.T.);
#16482=EDGE_CURVE('',#10225,#10227,#16485,.T.);
#16483=LINE('',#10226,#16486);
#16484=LINE('',#10250,#16487);
#16485=LINE('',#10224,#16488);
#16486=VECTOR('',#16489,1.0);
#16487=VECTOR('',#16490,1.0);
#16488=VECTOR('',#16491,1.0);
#16489=DIRECTION('',(0.5773502691896278,-0.5773502691896278,0.5773502691896215));
#16490=DIRECTION('',(0.9045340337332919,0.30151134457776396,-0.30151134457776063));
#16491=DIRECTION('',(-1,0,0));
#16492=STYLED_ITEM('',(#25),#16493);
#16493=FACE_SURFACE('',(#16498),#16494,.T.);
#16494=PLANE('',#16495);
#16495=AXIS2_PLACEMENT_3D('',#10252,#16496,#16497);
#16496=DIRECTION('',(0,0.7071067811865437,0.7071067811865515));
#16497=DIRECTION('',(0.5773502691896278,0.5773502691896278,-0.5773502691896215));
#16498=FACE_BOUND('',#16499,.T.);
#16499=EDGE_LOOP('',(#16500,#16501,#16502));
#16500=ORIENTED_EDGE('',*,*,#16503,.T.);
#16501=ORIENTED_EDGE('',*,*,#16504,.T.);
#16502=ORIENTED_EDGE('',*,*,#16505,.T.);
#16503=EDGE_CURVE('',#10253,#10225,#16506,.F.);
#16504=EDGE_CURVE('',#10225,#10251,#16507,.T.);
#16505=EDGE_CURVE('',#10251,#10253,#16508,.T.);
#16506=LINE('',#10252,#16509);
#16507=LINE('',#10224,#16510);
#16508=LINE('',#10250,#16511);
#16509=VECTOR('',#16512,1.0);
#16510=VECTOR('',#16513,1.0);
#16511=VECTOR('',#16514,1.0);
#16512=DIRECTION('',(0.5773502691896278,0.5773502691896278,-0.5773502691896215));
#16513=DIRECTION('',(-0.9045340337332919,-0.30151134457776396,0.30151134457776063));
#16514=DIRECTION('',(1,0,0));
#16515=STYLED_ITEM('',(#25),#16516);
#16516=FACE_SURFACE('',(#16521),#16517,.T.);
#16517=PLANE('',#16518);
#16518=AXIS2_PLACEMENT_3D('',#10254,#16519,#16520);
#16519=DIRECTION('',(0.7071067811865446,0,0.7071067811865505));
#16520=DIRECTION('',(0.5773502691896268,-0.5773502691896285,-0.5773502691896221));
#16521=FACE_BOUND('',#16522,.T.);
#16522=EDGE_LOOP('',(#16523,#16524,#16525));
#16523=ORIENTED_EDGE('',*,*,#16526,.T.);
#16524=ORIENTED_EDGE('',*,*,#16527,.T.);
#16525=ORIENTED_EDGE('',*,*,#16528,.T.);
#16526=EDGE_CURVE('',#10255,#10223,#16529,.F.);
#16527=EDGE_CURVE('',#10223,#9957,#16530,.T.);
#16528=EDGE_CURVE('',#9957,#10255,#16531,.T.);
#16529=LINE('',#10254,#16532);
#16530=LINE('',#10222,#16533);
#16531=LINE('',#9956,#16534);
#16532=VECTOR('',#16535,1.0);
#16533=VECTOR('',#16536,1.0);
#16534=VECTOR('',#16537,1.0);
#16535=DIRECTION('',(0.5773502691896268,-0.5773502691896285,-0.5773502691896221));
#16536=DIRECTION('',(0,1,0));
#16537=DIRECTION('',(-0.3015113445777632,-0.904534033733292,0.3015113445777607));
#16538=STYLED_ITEM('',(#25),#16539);
#16539=FACE_SURFACE('',(#16544),#16540,.T.);
#16540=PLANE('',#16541);
#16541=AXIS2_PLACEMENT_3D('',#10254,#16542,#16543);
#16542=DIRECTION('',(0.7071067811865446,-0,0.7071067811865505));
#16543=DIRECTION('',(0.3015113445777632,0.904534033733292,-0.3015113445777607));
#16544=FACE_BOUND('',#16545,.T.);
#16545=EDGE_LOOP('',(#16546,#16547,#16548));
#16546=ORIENTED_EDGE('',*,*,#16549,.T.);
#16547=ORIENTED_EDGE('',*,*,#16550,.T.);
#16548=ORIENTED_EDGE('',*,*,#16551,.T.);
#16549=EDGE_CURVE('',#10255,#9957,#16552,.F.);
#16550=EDGE_CURVE('',#9957,#10257,#16553,.T.);
#16551=EDGE_CURVE('',#10257,#10255,#16554,.T.);
#16552=LINE('',#10254,#16555);
#16553=LINE('',#9956,#16556);
#16554=LINE('',#10256,#16557);
#16555=VECTOR('',#16558,1.0);
#16556=VECTOR('',#16559,1.0);
#16557=VECTOR('',#16560,1.0);
#16558=DIRECTION('',(0.3015113445777632,0.904534033733292,-0.3015113445777607));
#16559=DIRECTION('',(-0.5773502691896268,-0.5773502691896285,0.5773502691896221));
#16560=DIRECTION('',(0,-1,0));
#16561=STYLED_ITEM('',(#25),#16562);
#16562=FACE_SURFACE('',(#16567),#16563,.T.);
#16563=PLANE('',#16564);
#16564=AXIS2_PLACEMENT_3D('',#10040,#16565,#16566);
#16565=DIRECTION('',(0.7071067811865476,0.7071067811865476,0));
#16566=DIRECTION('',(0.09901475429766729,-0.09901475429766729,0.9901475429766744));
#16567=FACE_BOUND('',#16568,.T.);
#16568=EDGE_LOOP('',(#16569,#16570,#16571));
#16569=ORIENTED_EDGE('',*,*,#16572,.T.);
#16570=ORIENTED_EDGE('',*,*,#16573,.T.);
#16571=ORIENTED_EDGE('',*,*,#16574,.T.);
#16572=EDGE_CURVE('',#10041,#10027,#16575,.F.);
#16573=EDGE_CURVE('',#10027,#10123,#16576,.T.);
#16574=EDGE_CURVE('',#10123,#10041,#16577,.T.);
#16575=LINE('',#10040,#16578);
#16576=LINE('',#10026,#16579);
#16577=LINE('',#10122,#16580);
#16578=VECTOR('',#16581,1.0);
#16579=VECTOR('',#16582,1.0);
#16580=VECTOR('',#16583,1.0);
#16581=DIRECTION('',(0.09901475429766729,-0.09901475429766729,0.9901475429766744));
#16582=DIRECTION('',(0,0,-1));
#16583=DIRECTION('',(-0.7071067811865475,0.7071067811865475,0));
#16584=STYLED_ITEM('',(#25),#16585);
#16585=FACE_SURFACE('',(#16590),#16586,.T.);
#16586=PLANE('',#16587);
#16587=AXIS2_PLACEMENT_3D('',#10258,#16588,#16589);
#16588=DIRECTION('',(1,-0,0));
#16589=DIRECTION('',(0,0,-1));
#16590=FACE_BOUND('',#16591,.T.);
#16591=EDGE_LOOP('',(#16592,#16593,#16594));
#16592=ORIENTED_EDGE('',*,*,#16595,.T.);
#16593=ORIENTED_EDGE('',*,*,#16596,.T.);
#16594=ORIENTED_EDGE('',*,*,#16597,.T.);
#16595=EDGE_CURVE('',#10259,#10261,#16598,.F.);
#16596=EDGE_CURVE('',#10261,#10263,#16599,.T.);
#16597=EDGE_CURVE('',#10263,#10259,#16600,.T.);
#16598=LINE('',#10258,#16601);
#16599=LINE('',#10260,#16602);
#16600=LINE('',#10262,#16603);
#16601=VECTOR('',#16604,1.0);
#16602=VECTOR('',#16605,1.0);
#16603=VECTOR('',#16606,1.0);
#16604=DIRECTION('',(0,0,-1));
#16605=DIRECTION('',(0,0.6246950475544244,0.7808688094430302));
#16606=DIRECTION('',(0,-1,0));
#16607=STYLED_ITEM('',(#25),#16608);
#16608=FACE_SURFACE('',(#16613),#16609,.T.);
#16609=PLANE('',#16610);
#16610=AXIS2_PLACEMENT_3D('',#10264,#16611,#16612);
#16611=DIRECTION('',(1,0,-0));
#16612=DIRECTION('',(0,0,1));
#16613=FACE_BOUND('',#16614,.T.);
#16614=EDGE_LOOP('',(#16615,#16616,#16617));
#16615=ORIENTED_EDGE('',*,*,#16618,.T.);
#16616=ORIENTED_EDGE('',*,*,#16619,.T.);
#16617=ORIENTED_EDGE('',*,*,#16620,.T.);
#16618=EDGE_CURVE('',#10265,#10263,#16621,.F.);
#16619=EDGE_CURVE('',#10263,#10261,#16622,.T.);
#16620=EDGE_CURVE('',#10261,#10265,#16623,.T.);
#16621=LINE('',#10264,#16624);
#16622=LINE('',#10262,#16625);
#16623=LINE('',#10260,#16626);
#16624=VECTOR('',#16627,1.0);
#16625=VECTOR('',#16628,1.0);
#16626=VECTOR('',#16629,1.0);
#16627=DIRECTION('',(0,0,1));
#16628=DIRECTION('',(0,-0.6246950475544244,-0.7808688094430302));
#16629=DIRECTION('',(0,1,0));
#16630=STYLED_ITEM('',(#25),#16631);
#16631=FACE_SURFACE('',(#16636),#16632,.T.);
#16632=PLANE('',#16633);
#16633=AXIS2_PLACEMENT_3D('',#10266,#16634,#16635);
#16634=DIRECTION('',(0.7071067811865437,0,0.7071067811865515));
#16635=DIRECTION('',(0.5773502691896278,-0.5773502691896278,-0.5773502691896215));
#16636=FACE_BOUND('',#16637,.T.);
#16637=EDGE_LOOP('',(#16638,#16639,#16640));
#16638=ORIENTED_EDGE('',*,*,#16641,.T.);
#16639=ORIENTED_EDGE('',*,*,#16642,.T.);
#16640=ORIENTED_EDGE('',*,*,#16643,.T.);
#16641=EDGE_CURVE('',#10267,#10075,#16644,.F.);
#16642=EDGE_CURVE('',#10075,#10225,#16645,.T.);
#16643=EDGE_CURVE('',#10225,#10267,#16646,.T.);
#16644=LINE('',#10266,#16647);
#16645=LINE('',#10074,#16648);
#16646=LINE('',#10224,#16649);
#16647=VECTOR('',#16650,1.0);
#16648=VECTOR('',#16651,1.0);
#16649=VECTOR('',#16652,1.0);
#16650=DIRECTION('',(0.5773502691896278,-0.5773502691896278,-0.5773502691896215));
#16651=DIRECTION('',(0,1,0));
#16652=DIRECTION('',(-0.30151134457776396,-0.9045340337332919,0.30151134457776063));
#16653=STYLED_ITEM('',(#25),#16654);
#16654=FACE_SURFACE('',(#16659),#16655,.T.);
#16655=PLANE('',#16656);
#16656=AXIS2_PLACEMENT_3D('',#10266,#16657,#16658);
#16657=DIRECTION('',(0.7071067811865437,-0,0.7071067811865515));
#16658=DIRECTION('',(0.30151134457776396,0.9045340337332919,-0.30151134457776063));
#16659=FACE_BOUND('',#16660,.T.);
#16660=EDGE_LOOP('',(#16661,#16662,#16663));
#16661=ORIENTED_EDGE('',*,*,#16664,.T.);
#16662=ORIENTED_EDGE('',*,*,#16665,.T.);
#16663=ORIENTED_EDGE('',*,*,#16666,.T.);
#16664=EDGE_CURVE('',#10267,#10225,#16667,.F.);
#16665=EDGE_CURVE('',#10225,#10253,#16668,.T.);
#16666=EDGE_CURVE('',#10253,#10267,#16669,.T.);
#16667=LINE('',#10266,#16670);
#16668=LINE('',#10224,#16671);
#16669=LINE('',#10252,#16672);
#16670=VECTOR('',#16673,1.0);
#16671=VECTOR('',#16674,1.0);
#16672=VECTOR('',#16675,1.0);
#16673=DIRECTION('',(0.30151134457776396,0.9045340337332919,-0.30151134457776063));
#16674=DIRECTION('',(-0.5773502691896278,-0.5773502691896278,0.5773502691896215));
#16675=DIRECTION('',(0,-1,0));
#16676=STYLED_ITEM('',(#25),#16677);
#16677=FACE_SURFACE('',(#16682),#16678,.T.);
#16678=PLANE('',#16679);
#16679=AXIS2_PLACEMENT_3D('',#10268,#16680,#16681);
#16680=DIRECTION('',(-1,-0,-0));
#16681=DIRECTION('',(0,0,-1));
#16682=FACE_BOUND('',#16683,.T.);
#16683=EDGE_LOOP('',(#16684,#16685,#16686));
#16684=ORIENTED_EDGE('',*,*,#16687,.T.);
#16685=ORIENTED_EDGE('',*,*,#16688,.T.);
#16686=ORIENTED_EDGE('',*,*,#16689,.T.);
#16687=EDGE_CURVE('',#10269,#10243,#16690,.F.);
#16688=EDGE_CURVE('',#10243,#10247,#16691,.T.);
#16689=EDGE_CURVE('',#10247,#10269,#16692,.T.);
#16690=LINE('',#10268,#16693);
#16691=LINE('',#10242,#16694);
#16692=LINE('',#10246,#16695);
#16693=VECTOR('',#16696,1.0);
#16694=VECTOR('',#16697,1.0);
#16695=VECTOR('',#16698,1.0);
#16696=DIRECTION('',(0,0,-1));
#16697=DIRECTION('',(0,-0.6246950475544244,0.7808688094430302));
#16698=DIRECTION('',(0,1,0));
#16699=STYLED_ITEM('',(#25),#16700);
#16700=FACE_SURFACE('',(#16705),#16701,.T.);
#16701=PLANE('',#16702);
#16702=AXIS2_PLACEMENT_3D('',#10270,#16703,#16704);
#16703=DIRECTION('',(0,-0.7071067811865436,0.7071067811865513));
#16704=DIRECTION('',(-0.5773502691896268,-0.5773502691896285,-0.5773502691896221));
#16705=FACE_BOUND('',#16706,.T.);
#16706=EDGE_LOOP('',(#16707,#16708,#16709));
#16707=ORIENTED_EDGE('',*,*,#16710,.T.);
#16708=ORIENTED_EDGE('',*,*,#16711,.T.);
#16709=ORIENTED_EDGE('',*,*,#16712,.T.);
#16710=EDGE_CURVE('',#10271,#10237,#16713,.F.);
#16711=EDGE_CURVE('',#10237,#10223,#16714,.T.);
#16712=EDGE_CURVE('',#10223,#10271,#16715,.T.);
#16713=LINE('',#10270,#16716);
#16714=LINE('',#10236,#16717);
#16715=LINE('',#10222,#16718);
#16716=VECTOR('',#16719,1.0);
#16717=VECTOR('',#16720,1.0);
#16718=VECTOR('',#16721,1.0);
#16719=DIRECTION('',(-0.5773502691896268,-0.5773502691896285,-0.5773502691896221));
#16720=DIRECTION('',(1,0,0));
#16721=DIRECTION('',(-0.9045340337332916,0.30151134457776413,0.3015113445777608));
#16722=STYLED_ITEM('',(#25),#16723);
#16723=FACE_SURFACE('',(#16728),#16724,.T.);
#16724=PLANE('',#16725);
#16725=AXIS2_PLACEMENT_3D('',#10270,#16726,#16727);
#16726=DIRECTION('',(0,-0.7071067811865437,0.7071067811865515));
#16727=DIRECTION('',(0.9045340337332916,-0.30151134457776413,-0.3015113445777608));
#16728=FACE_BOUND('',#16729,.T.);
#16729=EDGE_LOOP('',(#16730,#16731,#16732));
#16730=ORIENTED_EDGE('',*,*,#16733,.T.);
#16731=ORIENTED_EDGE('',*,*,#16734,.T.);
#16732=ORIENTED_EDGE('',*,*,#16735,.T.);
#16733=EDGE_CURVE('',#10271,#10223,#16736,.F.);
#16734=EDGE_CURVE('',#10223,#10255,#16737,.T.);
#16735=EDGE_CURVE('',#10255,#10271,#16738,.T.);
#16736=LINE('',#10270,#16739);
#16737=LINE('',#10222,#16740);
#16738=LINE('',#10254,#16741);
#16739=VECTOR('',#16742,1.0);
#16740=VECTOR('',#16743,1.0);
#16741=VECTOR('',#16744,1.0);
#16742=DIRECTION('',(0.9045340337332916,-0.30151134457776413,-0.3015113445777608));
#16743=DIRECTION('',(-0.5773502691896268,0.5773502691896285,0.5773502691896221));
#16744=DIRECTION('',(-1,0,0));
#16745=STYLED_ITEM('',(#25),#16746);
#16746=FACE_SURFACE('',(#16751),#16747,.T.);
#16747=PLANE('',#16748);
#16748=AXIS2_PLACEMENT_3D('',#9910,#16749,#16750);
#16749=DIRECTION('',(1,0,0));
#16750=DIRECTION('',(0,0,-1));
#16751=FACE_BOUND('',#16752,.T.);
#16752=EDGE_LOOP('',(#16753,#16754,#16755));
#16753=ORIENTED_EDGE('',*,*,#16756,.T.);
#16754=ORIENTED_EDGE('',*,*,#16757,.T.);
#16755=ORIENTED_EDGE('',*,*,#16758,.T.);
#16756=EDGE_CURVE('',#9911,#10197,#16759,.F.);
#16757=EDGE_CURVE('',#10197,#10201,#16760,.T.);
#16758=EDGE_CURVE('',#10201,#9911,#16761,.T.);
#16759=LINE('',#9910,#16762);
#16760=LINE('',#10196,#16763);
#16761=LINE('',#10200,#16764);
#16762=VECTOR('',#16765,1.0);
#16763=VECTOR('',#16766,1.0);
#16764=VECTOR('',#16767,1.0);
#16765=DIRECTION('',(0,0,-1));
#16766=DIRECTION('',(0,1,0));
#16767=DIRECTION('',(0,-0.21983912974654354,0.9755361382502866));
#16768=STYLED_ITEM('',(#25),#16769);
#16769=FACE_SURFACE('',(#16774),#16770,.T.);
#16770=PLANE('',#16771);
#16771=AXIS2_PLACEMENT_3D('',#9910,#16772,#16773);
#16772=DIRECTION('',(1,-0,0));
#16773=DIRECTION('',(0,0.21983912974654354,-0.9755361382502866));
#16774=FACE_BOUND('',#16775,.T.);
#16775=EDGE_LOOP('',(#16776,#16777,#16778));
#16776=ORIENTED_EDGE('',*,*,#16779,.T.);
#16777=ORIENTED_EDGE('',*,*,#16780,.T.);
#16778=ORIENTED_EDGE('',*,*,#16781,.T.);
#16779=EDGE_CURVE('',#9911,#10201,#16782,.F.);
#16780=EDGE_CURVE('',#10201,#9967,#16783,.T.);
#16781=EDGE_CURVE('',#9967,#9911,#16784,.T.);
#16782=LINE('',#9910,#16785);
#16783=LINE('',#10200,#16786);
#16784=LINE('',#9966,#16787);
#16785=VECTOR('',#16788,1.0);
#16786=VECTOR('',#16789,1.0);
#16787=VECTOR('',#16790,1.0);
#16788=DIRECTION('',(0,0.21983912974654354,-0.9755361382502866));
#16789=DIRECTION('',(0,0,1));
#16790=DIRECTION('',(0,-1,0));
#16791=STYLED_ITEM('',(#25),#16792);
#16792=FACE_SURFACE('',(#16797),#16793,.T.);
#16793=PLANE('',#16794);
#16794=AXIS2_PLACEMENT_3D('',#10272,#16795,#16796);
#16795=DIRECTION('',(0,0,-1));
#16796=DIRECTION('',(0,1,0));
#16797=FACE_BOUND('',#16798,.T.);
#16798=EDGE_LOOP('',(#16799,#16800,#16801));
#16799=ORIENTED_EDGE('',*,*,#16802,.T.);
#16800=ORIENTED_EDGE('',*,*,#16803,.T.);
#16801=ORIENTED_EDGE('',*,*,#16804,.T.);
#16802=EDGE_CURVE('',#10273,#10275,#16805,.F.);
#16803=EDGE_CURVE('',#10275,#10277,#16806,.T.);
#16804=EDGE_CURVE('',#10277,#10273,#16807,.T.);
#16805=LINE('',#10272,#16808);
#16806=LINE('',#10274,#16809);
#16807=LINE('',#10276,#16810);
#16808=VECTOR('',#16811,1.0);
#16809=VECTOR('',#16812,1.0);
#16810=VECTOR('',#16813,1.0);
#16811=DIRECTION('',(0,1,0));
#16812=DIRECTION('',(1,0,0));
#16813=DIRECTION('',(-0.7071067811865476,-0.7071067811865476,0));
#16814=STYLED_ITEM('',(#25),#16815);
#16815=FACE_SURFACE('',(#16820),#16816,.T.);
#16816=PLANE('',#16817);
#16817=AXIS2_PLACEMENT_3D('',#10272,#16818,#16819);
#16818=DIRECTION('',(0,0,-1));
#16819=DIRECTION('',(0.7071067811865476,0.7071067811865476,0));
#16820=FACE_BOUND('',#16821,.T.);
#16821=EDGE_LOOP('',(#16822,#16823,#16824));
#16822=ORIENTED_EDGE('',*,*,#16825,.T.);
#16823=ORIENTED_EDGE('',*,*,#16826,.T.);
#16824=ORIENTED_EDGE('',*,*,#16827,.T.);
#16825=EDGE_CURVE('',#10273,#10277,#16828,.F.);
#16826=EDGE_CURVE('',#10277,#10279,#16829,.T.);
#16827=EDGE_CURVE('',#10279,#10273,#16830,.T.);
#16828=LINE('',#10272,#16831);
#16829=LINE('',#10276,#16832);
#16830=LINE('',#10278,#16833);
#16831=VECTOR('',#16834,1.0);
#16832=VECTOR('',#16835,1.0);
#16833=VECTOR('',#16836,1.0);
#16834=DIRECTION('',(0.7071067811865476,0.7071067811865476,0));
#16835=DIRECTION('',(0,-1,0));
#16836=DIRECTION('',(-1,0,0));
#16837=STYLED_ITEM('',(#25),#16838);
#16838=FACE_SURFACE('',(#16843),#16839,.T.);
#16839=PLANE('',#16840);
#16840=AXIS2_PLACEMENT_3D('',#10280,#16841,#16842);
#16841=DIRECTION('',(0,-0.7071067811865437,0.7071067811865515));
#16842=DIRECTION('',(-0.5773502691896278,-0.5773502691896278,-0.5773502691896215));
#16843=FACE_BOUND('',#16844,.T.);
#16844=EDGE_LOOP('',(#16845,#16846,#16847));
#16845=ORIENTED_EDGE('',*,*,#16848,.T.);
#16846=ORIENTED_EDGE('',*,*,#16849,.T.);
#16847=ORIENTED_EDGE('',*,*,#16850,.T.);
#16848=EDGE_CURVE('',#10281,#10087,#16851,.F.);
#16849=EDGE_CURVE('',#10087,#10075,#16852,.T.);
#16850=EDGE_CURVE('',#10075,#10281,#16853,.T.);
#16851=LINE('',#10280,#16854);
#16852=LINE('',#10086,#16855);
#16853=LINE('',#10074,#16856);
#16854=VECTOR('',#16857,1.0);
#16855=VECTOR('',#16858,1.0);
#16856=VECTOR('',#16859,1.0);
#16857=DIRECTION('',(-0.5773502691896278,-0.5773502691896278,-0.5773502691896215));
#16858=DIRECTION('',(1,0,0));
#16859=DIRECTION('',(-0.9045340337332919,0.30151134457776396,0.30151134457776063));
#16860=STYLED_ITEM('',(#25),#16861);
#16861=FACE_SURFACE('',(#16866),#16862,.T.);
#16862=PLANE('',#16863);
#16863=AXIS2_PLACEMENT_3D('',#10280,#16864,#16865);
#16864=DIRECTION('',(0,-0.7071067811865437,0.7071067811865515));
#16865=DIRECTION('',(0.9045340337332919,-0.30151134457776396,-0.30151134457776063));
#16866=FACE_BOUND('',#16867,.T.);
#16867=EDGE_LOOP('',(#16868,#16869,#16870));
#16868=ORIENTED_EDGE('',*,*,#16871,.T.);
#16869=ORIENTED_EDGE('',*,*,#16872,.T.);
#16870=ORIENTED_EDGE('',*,*,#16873,.T.);
#16871=EDGE_CURVE('',#10281,#10075,#16874,.F.);
#16872=EDGE_CURVE('',#10075,#10267,#16875,.T.);
#16873=EDGE_CURVE('',#10267,#10281,#16876,.T.);
#16874=LINE('',#10280,#16877);
#16875=LINE('',#10074,#16878);
#16876=LINE('',#10266,#16879);
#16877=VECTOR('',#16880,1.0);
#16878=VECTOR('',#16881,1.0);
#16879=VECTOR('',#16882,1.0);
#16880=DIRECTION('',(0.9045340337332919,-0.30151134457776396,-0.30151134457776063));
#16881=DIRECTION('',(-0.5773502691896278,0.5773502691896278,0.5773502691896215));
#16882=DIRECTION('',(-1,0,0));
#16883=STYLED_ITEM('',(#25),#16884);
#16884=FACE_SURFACE('',(#16889),#16885,.T.);
#16885=PLANE('',#16886);
#16886=AXIS2_PLACEMENT_3D('',#10282,#16887,#16888);
#16887=DIRECTION('',(-0.7071067811865446,0,0.7071067811865505));
#16888=DIRECTION('',(-0.5773502691896268,0.5773502691896285,-0.5773502691896221));
#16889=FACE_BOUND('',#16890,.T.);
#16890=EDGE_LOOP('',(#16891,#16892,#16893));
#16891=ORIENTED_EDGE('',*,*,#16894,.T.);
#16892=ORIENTED_EDGE('',*,*,#16895,.T.);
#16893=ORIENTED_EDGE('',*,*,#16896,.T.);
#16894=EDGE_CURVE('',#10283,#9955,#16897,.F.);
#16895=EDGE_CURVE('',#9955,#10237,#16898,.T.);
#16896=EDGE_CURVE('',#10237,#10283,#16899,.T.);
#16897=LINE('',#10282,#16900);
#16898=LINE('',#9954,#16901);
#16899=LINE('',#10236,#16902);
#16900=VECTOR('',#16903,1.0);
#16901=VECTOR('',#16904,1.0);
#16902=VECTOR('',#16905,1.0);
#16903=DIRECTION('',(-0.5773502691896268,0.5773502691896285,-0.5773502691896221));
#16904=DIRECTION('',(0,-1,0));
#16905=DIRECTION('',(0.3015113445777632,0.904534033733292,0.3015113445777607));
#16906=STYLED_ITEM('',(#25),#16907);
#16907=FACE_SURFACE('',(#16912),#16908,.T.);
#16908=PLANE('',#16909);
#16909=AXIS2_PLACEMENT_3D('',#10282,#16910,#16911);
#16910=DIRECTION('',(-0.7071067811865446,0,0.7071067811865505));
#16911=DIRECTION('',(-0.3015113445777632,-0.904534033733292,-0.3015113445777607));
#16912=FACE_BOUND('',#16913,.T.);
#16913=EDGE_LOOP('',(#16914,#16915,#16916));
#16914=ORIENTED_EDGE('',*,*,#16917,.T.);
#16915=ORIENTED_EDGE('',*,*,#16918,.T.);
#16916=ORIENTED_EDGE('',*,*,#16919,.T.);
#16917=EDGE_CURVE('',#10283,#10237,#16920,.F.);
#16918=EDGE_CURVE('',#10237,#10271,#16921,.T.);
#16919=EDGE_CURVE('',#10271,#10283,#16922,.T.);
#16920=LINE('',#10282,#16923);
#16921=LINE('',#10236,#16924);
#16922=LINE('',#10270,#16925);
#16923=VECTOR('',#16926,1.0);
#16924=VECTOR('',#16927,1.0);
#16925=VECTOR('',#16928,1.0);
#16926=DIRECTION('',(-0.3015113445777632,-0.904534033733292,-0.3015113445777607));
#16927=DIRECTION('',(0.5773502691896268,0.5773502691896285,0.5773502691896221));
#16928=DIRECTION('',(0,1,0));
#16929=STYLED_ITEM('',(#25),#16930);
#16930=FACE_SURFACE('',(#16935),#16931,.T.);
#16931=PLANE('',#16932);
#16932=AXIS2_PLACEMENT_3D('',#10196,#16933,#16934);
#16933=DIRECTION('',(0,0,1));
#16934=DIRECTION('',(-1,0,0));
#16935=FACE_BOUND('',#16936,.T.);
#16936=EDGE_LOOP('',(#16937,#16938,#16939));
#16937=ORIENTED_EDGE('',*,*,#16940,.T.);
#16938=ORIENTED_EDGE('',*,*,#16941,.T.);
#16939=ORIENTED_EDGE('',*,*,#16942,.T.);
#16940=EDGE_CURVE('',#10197,#9839,#16943,.F.);
#16941=EDGE_CURVE('',#9839,#9837,#16944,.T.);
#16942=EDGE_CURVE('',#9837,#10197,#16945,.T.);
#16943=LINE('',#10196,#16946);
#16944=LINE('',#9838,#16947);
#16945=LINE('',#9836,#16948);
#16946=VECTOR('',#16949,1.0);
#16947=VECTOR('',#16950,1.0);
#16948=VECTOR('',#16951,1.0);
#16949=DIRECTION('',(-1,0,0));
#16950=DIRECTION('',(-0.5909954814448439,-0.8066748669146554,0));
#16951=DIRECTION('',(0.8149681286956479,0.5795057801353787,0));
#16952=STYLED_ITEM('',(#25),#16953);
#16953=FACE_SURFACE('',(#16958),#16954,.T.);
#16954=PLANE('',#16955);
#16955=AXIS2_PLACEMENT_3D('',#9836,#16956,#16957);
#16956=DIRECTION('',(0,0,1));
#16957=DIRECTION('',(1,0,0));
#16958=FACE_BOUND('',#16959,.T.);
#16959=EDGE_LOOP('',(#16960,#16961,#16962));
#16960=ORIENTED_EDGE('',*,*,#16963,.T.);
#16961=ORIENTED_EDGE('',*,*,#16964,.T.);
#16962=ORIENTED_EDGE('',*,*,#16965,.T.);
#16963=EDGE_CURVE('',#9837,#9997,#16966,.F.);
#16964=EDGE_CURVE('',#9997,#10197,#16967,.T.);
#16965=EDGE_CURVE('',#10197,#9837,#16968,.T.);
#16966=LINE('',#9836,#16969);
#16967=LINE('',#9996,#16970);
#16968=LINE('',#10196,#16971);
#16969=VECTOR('',#16972,1.0);
#16970=VECTOR('',#16973,1.0);
#16971=VECTOR('',#16974,1.0);
#16972=DIRECTION('',(1,0,0));
#16973=DIRECTION('',(-0.5909954814448439,0.8066748669146554,0));
#16974=DIRECTION('',(-0.8149681286956479,-0.5795057801353787,0));
#16975=STYLED_ITEM('',(#25),#16976);
#16976=FACE_SURFACE('',(#16981),#16977,.T.);
#16977=PLANE('',#16978);
#16978=AXIS2_PLACEMENT_3D('',#10284,#16979,#16980);
#16979=DIRECTION('',(0,0,1));
#16980=DIRECTION('',(0,-1,0));
#16981=FACE_BOUND('',#16982,.T.);
#16982=EDGE_LOOP('',(#16983,#16984,#16985));
#16983=ORIENTED_EDGE('',*,*,#16986,.T.);
#16984=ORIENTED_EDGE('',*,*,#16987,.T.);
#16985=ORIENTED_EDGE('',*,*,#16988,.T.);
#16986=EDGE_CURVE('',#10285,#10287,#16989,.F.);
#16987=EDGE_CURVE('',#10287,#10289,#16990,.T.);
#16988=EDGE_CURVE('',#10289,#10285,#16991,.T.);
#16989=LINE('',#10284,#16992);
#16990=LINE('',#10286,#16993);
#16991=LINE('',#10288,#16994);
#16992=VECTOR('',#16995,1.0);
#16993=VECTOR('',#16996,1.0);
#16994=VECTOR('',#16997,1.0);
#16995=DIRECTION('',(0,-1,0));
#16996=DIRECTION('',(1,0,0));
#16997=DIRECTION('',(-0.7071067811865476,0.7071067811865476,0));
#16998=STYLED_ITEM('',(#25),#16999);
#16999=FACE_SURFACE('',(#17004),#17000,.T.);
#17000=PLANE('',#17001);
#17001=AXIS2_PLACEMENT_3D('',#10284,#17002,#17003);
#17002=DIRECTION('',(-0,0,1));
#17003=DIRECTION('',(0.7071067811865476,-0.7071067811865476,0));
#17004=FACE_BOUND('',#17005,.T.);
#17005=EDGE_LOOP('',(#17006,#17007,#17008));
#17006=ORIENTED_EDGE('',*,*,#17009,.T.);
#17007=ORIENTED_EDGE('',*,*,#17010,.T.);
#17008=ORIENTED_EDGE('',*,*,#17011,.T.);
#17009=EDGE_CURVE('',#10285,#10289,#17012,.F.);
#17010=EDGE_CURVE('',#10289,#10291,#17013,.T.);
#17011=EDGE_CURVE('',#10291,#10285,#17014,.T.);
#17012=LINE('',#10284,#17015);
#17013=LINE('',#10288,#17016);
#17014=LINE('',#10290,#17017);
#17015=VECTOR('',#17018,1.0);
#17016=VECTOR('',#17019,1.0);
#17017=VECTOR('',#17020,1.0);
#17018=DIRECTION('',(0.7071067811865476,-0.7071067811865476,0));
#17019=DIRECTION('',(0,1,0));
#17020=DIRECTION('',(-1,0,0));
#17021=STYLED_ITEM('',(#25),#17022);
#17022=FACE_SURFACE('',(#17027),#17023,.T.);
#17023=PLANE('',#17024);
#17024=AXIS2_PLACEMENT_3D('',#9856,#17025,#17026);
#17025=DIRECTION('',(0,0,-1));
#17026=DIRECTION('',(0,1,0));
#17027=FACE_BOUND('',#17028,.T.);
#17028=EDGE_LOOP('',(#17029,#17030,#17031));
#17029=ORIENTED_EDGE('',*,*,#17032,.T.);
#17030=ORIENTED_EDGE('',*,*,#17033,.T.);
#17031=ORIENTED_EDGE('',*,*,#17034,.T.);
#17032=EDGE_CURVE('',#9857,#9899,#17035,.F.);
#17033=EDGE_CURVE('',#9899,#9843,#17036,.T.);
#17034=EDGE_CURVE('',#9843,#9857,#17037,.T.);
#17035=LINE('',#9856,#17038);
#17036=LINE('',#9898,#17039);
#17037=LINE('',#9842,#17040);
#17038=VECTOR('',#17041,1.0);
#17039=VECTOR('',#17042,1.0);
#17040=VECTOR('',#17043,1.0);
#17041=DIRECTION('',(0,1,0));
#17042=DIRECTION('',(1,0,0));
#17043=DIRECTION('',(-0.7071067811865476,-0.7071067811865476,0));
#17044=STYLED_ITEM('',(#25),#17045);
#17045=FACE_SURFACE('',(#17050),#17046,.T.);
#17046=PLANE('',#17047);
#17047=AXIS2_PLACEMENT_3D('',#9856,#17048,#17049);
#17048=DIRECTION('',(0,0,-1));
#17049=DIRECTION('',(0.7071067811865476,0.7071067811865476,0));
#17050=FACE_BOUND('',#17051,.T.);
#17051=EDGE_LOOP('',(#17052,#17053,#17054));
#17052=ORIENTED_EDGE('',*,*,#17055,.T.);
#17053=ORIENTED_EDGE('',*,*,#17056,.T.);
#17054=ORIENTED_EDGE('',*,*,#17057,.T.);
#17055=EDGE_CURVE('',#9857,#9843,#17058,.F.);
#17056=EDGE_CURVE('',#9843,#9849,#17059,.T.);
#17057=EDGE_CURVE('',#9849,#9857,#17060,.T.);
#17058=LINE('',#9856,#17061);
#17059=LINE('',#9842,#17062);
#17060=LINE('',#9848,#17063);
#17061=VECTOR('',#17064,1.0);
#17062=VECTOR('',#17065,1.0);
#17063=VECTOR('',#17066,1.0);
#17064=DIRECTION('',(0.7071067811865476,0.7071067811865476,0));
#17065=DIRECTION('',(0,-1,0));
#17066=DIRECTION('',(-1,0,0));
#17067=STYLED_ITEM('',(#25),#17068);
#17068=FACE_SURFACE('',(#17073),#17069,.T.);
#17069=PLANE('',#17070);
#17070=AXIS2_PLACEMENT_3D('',#10226,#17071,#17072);
#17071=DIRECTION('',(-0.7071067811865437,0,0.7071067811865515));
#17072=DIRECTION('',(0,-1,0));
#17073=FACE_BOUND('',#17074,.T.);
#17074=EDGE_LOOP('',(#17075,#17076,#17077));
#17075=ORIENTED_EDGE('',*,*,#17078,.T.);
#17076=ORIENTED_EDGE('',*,*,#17079,.T.);
#17077=ORIENTED_EDGE('',*,*,#17080,.T.);
#17078=EDGE_CURVE('',#10227,#10087,#17081,.F.);
#17079=EDGE_CURVE('',#10087,#10281,#17082,.T.);
#17080=EDGE_CURVE('',#10281,#10227,#17083,.T.);
#17081=LINE('',#10226,#17084);
#17082=LINE('',#10086,#17085);
#17083=LINE('',#10280,#17086);
#17084=VECTOR('',#17087,1.0);
#17085=VECTOR('',#17088,1.0);
#17086=VECTOR('',#17089,1.0);
#17087=DIRECTION('',(0,-1,0));
#17088=DIRECTION('',(0.5773502691896278,0.5773502691896278,0.5773502691896215));
#17089=DIRECTION('',(-0.30151134457776396,0.9045340337332919,-0.30151134457776063));
#17090=STYLED_ITEM('',(#25),#17091);
#17091=FACE_SURFACE('',(#17096),#17092,.T.);
#17092=PLANE('',#17093);
#17093=AXIS2_PLACEMENT_3D('',#10226,#17094,#17095);
#17094=DIRECTION('',(-0.7071067811865437,0,0.7071067811865515));
#17095=DIRECTION('',(0.30151134457776396,-0.9045340337332919,0.30151134457776063));
#17096=FACE_BOUND('',#17097,.T.);
#17097=EDGE_LOOP('',(#17098,#17099,#17100));
#17098=ORIENTED_EDGE('',*,*,#17101,.T.);
#17099=ORIENTED_EDGE('',*,*,#17102,.T.);
#17100=ORIENTED_EDGE('',*,*,#17103,.T.);
#17101=EDGE_CURVE('',#10227,#10281,#17104,.F.);
#17102=EDGE_CURVE('',#10281,#10251,#17105,.T.);
#17103=EDGE_CURVE('',#10251,#10227,#17106,.T.);
#17104=LINE('',#10226,#17107);
#17105=LINE('',#10280,#17108);
#17106=LINE('',#10250,#17109);
#17107=VECTOR('',#17110,1.0);
#17108=VECTOR('',#17111,1.0);
#17109=VECTOR('',#17112,1.0);
#17110=DIRECTION('',(0.30151134457776396,-0.9045340337332919,0.30151134457776063));
#17111=DIRECTION('',(0,1,0));
#17112=DIRECTION('',(-0.5773502691896278,0.5773502691896278,-0.5773502691896215));
#17113=STYLED_ITEM('',(#25),#17114);
#17114=FACE_SURFACE('',(#17119),#17115,.T.);
#17115=PLANE('',#17116);
#17116=AXIS2_PLACEMENT_3D('',#9956,#17117,#17118);
#17117=DIRECTION('',(0,0.7071067811865436,0.7071067811865515));
#17118=DIRECTION('',(-1,0,0));
#17119=FACE_BOUND('',#17120,.T.);
#17120=EDGE_LOOP('',(#17121,#17122,#17123));
#17121=ORIENTED_EDGE('',*,*,#17124,.T.);
#17122=ORIENTED_EDGE('',*,*,#17125,.T.);
#17123=ORIENTED_EDGE('',*,*,#17126,.T.);
#17124=EDGE_CURVE('',#9957,#9955,#17127,.F.);
#17125=EDGE_CURVE('',#9955,#10283,#17128,.T.);
#17126=EDGE_CURVE('',#10283,#9957,#17129,.T.);
#17127=LINE('',#9956,#17130);
#17128=LINE('',#9954,#17131);
#17129=LINE('',#10282,#17132);
#17130=VECTOR('',#17133,1.0);
#17131=VECTOR('',#17134,1.0);
#17132=VECTOR('',#17135,1.0);
#17133=DIRECTION('',(-1,0,0));
#17134=DIRECTION('',(0.5773502691896268,-0.5773502691896285,0.5773502691896221));
#17135=DIRECTION('',(0.9045340337332916,0.30151134457776413,-0.3015113445777608));
#17136=STYLED_ITEM('',(#25),#17137);
#17137=FACE_SURFACE('',(#17142),#17138,.T.);
#17138=PLANE('',#17139);
#17139=AXIS2_PLACEMENT_3D('',#9956,#17140,#17141);
#17140=DIRECTION('',(0,0.7071067811865437,0.7071067811865515));
#17141=DIRECTION('',(-0.9045340337332916,-0.30151134457776413,0.3015113445777608));
#17142=FACE_BOUND('',#17143,.T.);
#17143=EDGE_LOOP('',(#17144,#17145,#17146));
#17144=ORIENTED_EDGE('',*,*,#17147,.T.);
#17145=ORIENTED_EDGE('',*,*,#17148,.T.);
#17146=ORIENTED_EDGE('',*,*,#17149,.T.);
#17147=EDGE_CURVE('',#9957,#10283,#17150,.F.);
#17148=EDGE_CURVE('',#10283,#10257,#17151,.T.);
#17149=EDGE_CURVE('',#10257,#9957,#17152,.T.);
#17150=LINE('',#9956,#17153);
#17151=LINE('',#10282,#17154);
#17152=LINE('',#10256,#17155);
#17153=VECTOR('',#17156,1.0);
#17154=VECTOR('',#17157,1.0);
#17155=VECTOR('',#17158,1.0);
#17156=DIRECTION('',(-0.9045340337332916,-0.30151134457776413,0.3015113445777608));
#17157=DIRECTION('',(1,0,0));
#17158=DIRECTION('',(0.5773502691896268,0.5773502691896285,-0.5773502691896221));
#17159=STYLED_ITEM('',(#25),#17160);
#17160=FACE_SURFACE('',(#17165),#17161,.T.);
#17161=PLANE('',#17162);
#17162=AXIS2_PLACEMENT_3D('',#10136,#17163,#17164);
#17163=DIRECTION('',(0,0,-1));
#17164=DIRECTION('',(0.8149681286956485,0.5795057801353778,0));
#17165=FACE_BOUND('',#17166,.T.);
#17166=EDGE_LOOP('',(#17167,#17168,#17169));
#17167=ORIENTED_EDGE('',*,*,#17170,.T.);
#17168=ORIENTED_EDGE('',*,*,#17171,.T.);
#17169=ORIENTED_EDGE('',*,*,#17172,.T.);
#17170=EDGE_CURVE('',#10137,#10293,#17173,.F.);
#17171=EDGE_CURVE('',#10293,#10073,#17174,.T.);
#17172=EDGE_CURVE('',#10073,#10137,#17175,.T.);
#17173=LINE('',#10136,#17176);
#17174=LINE('',#10292,#17177);
#17175=LINE('',#10072,#17178);
#17176=VECTOR('',#17179,1.0);
#17177=VECTOR('',#17180,1.0);
#17178=VECTOR('',#17181,1.0);
#17179=DIRECTION('',(0.8149681286956485,0.5795057801353778,0));
#17180=DIRECTION('',(0.590995481444843,-0.8066748669146562,0));
#17181=DIRECTION('',(-1,0,0));
#17182=STYLED_ITEM('',(#25),#17183);
#17183=FACE_SURFACE('',(#17188),#17184,.T.);
#17184=PLANE('',#17185);
#17185=AXIS2_PLACEMENT_3D('',#10158,#17186,#17187);
#17186=DIRECTION('',(-0,0,-1));
#17187=DIRECTION('',(-0.7071067811865475,-0.7071067811865475,0));
#17188=FACE_BOUND('',#17189,.T.);
#17189=EDGE_LOOP('',(#17190,#17191,#17192));
#17190=ORIENTED_EDGE('',*,*,#17193,.T.);
#17191=ORIENTED_EDGE('',*,*,#17194,.T.);
#17192=ORIENTED_EDGE('',*,*,#17195,.T.);
#17193=EDGE_CURVE('',#10159,#10073,#17196,.F.);
#17194=EDGE_CURVE('',#10073,#10293,#17197,.T.);
#17195=EDGE_CURVE('',#10293,#10159,#17198,.T.);
#17196=LINE('',#10158,#17199);
#17197=LINE('',#10072,#17200);
#17198=LINE('',#10292,#17201);
#17199=VECTOR('',#17202,1.0);
#17200=VECTOR('',#17203,1.0);
#17201=VECTOR('',#17204,1.0);
#17202=DIRECTION('',(-0.7071067811865475,-0.7071067811865475,0));
#17203=DIRECTION('',(-0.590995481444843,0.8066748669146562,0));
#17204=DIRECTION('',(0.8066748669146562,-0.590995481444843,0));
#17205=STYLED_ITEM('',(#25),#17206);
#17206=FACE_SURFACE('',(#17211),#17207,.T.);
#17207=PLANE('',#17208);
#17208=AXIS2_PLACEMENT_3D('',#10120,#17209,#17210);
#17209=DIRECTION('',(-0,-0,-1));
#17210=DIRECTION('',(0,-1,0));
#17211=FACE_BOUND('',#17212,.T.);
#17212=EDGE_LOOP('',(#17213,#17214,#17215));
#17213=ORIENTED_EDGE('',*,*,#17216,.T.);
#17214=ORIENTED_EDGE('',*,*,#17217,.T.);
#17215=ORIENTED_EDGE('',*,*,#17218,.T.);
#17216=EDGE_CURVE('',#10121,#10161,#17219,.F.);
#17217=EDGE_CURVE('',#10161,#10249,#17220,.T.);
#17218=EDGE_CURVE('',#10249,#10121,#17221,.T.);
#17219=LINE('',#10120,#17222);
#17220=LINE('',#10160,#17223);
#17221=LINE('',#10248,#17224);
#17222=VECTOR('',#17225,1.0);
#17223=VECTOR('',#17226,1.0);
#17224=VECTOR('',#17227,1.0);
#17225=DIRECTION('',(0,-1,0));
#17226=DIRECTION('',(-0.9476810187845452,0.319218869485321,0));
#17227=DIRECTION('',(1,0,0));
#17228=STYLED_ITEM('',(#25),#17229);
#17229=FACE_SURFACE('',(#17234),#17230,.T.);
#17230=PLANE('',#17231);
#17231=AXIS2_PLACEMENT_3D('',#10292,#17232,#17233);
#17232=DIRECTION('',(0,0,-1));
#17233=DIRECTION('',(0,1,0));
#17234=FACE_BOUND('',#17235,.T.);
#17235=EDGE_LOOP('',(#17236,#17237,#17238));
#17236=ORIENTED_EDGE('',*,*,#17239,.T.);
#17237=ORIENTED_EDGE('',*,*,#17240,.T.);
#17238=ORIENTED_EDGE('',*,*,#17241,.T.);
#17239=EDGE_CURVE('',#10293,#10249,#17242,.F.);
#17240=EDGE_CURVE('',#10249,#10161,#17243,.T.);
#17241=EDGE_CURVE('',#10161,#10293,#17244,.T.);
#17242=LINE('',#10292,#17245);
#17243=LINE('',#10248,#17246);
#17244=LINE('',#10160,#17247);
#17245=VECTOR('',#17248,1.0);
#17246=VECTOR('',#17249,1.0);
#17247=VECTOR('',#17250,1.0);
#17248=DIRECTION('',(0,1,0));
#17249=DIRECTION('',(0.9476810187845452,-0.319218869485321,0));
#17250=DIRECTION('',(-1,0,0));
#17251=STYLED_ITEM('',(#25),#17252);
#17252=FACE_SURFACE('',(#17257),#17253,.T.);
#17253=PLANE('',#17254);
#17254=AXIS2_PLACEMENT_3D('',#10158,#17255,#17256);
#17255=DIRECTION('',(0,0,-1));
#17256=DIRECTION('',(-0.8066748669146562,0.590995481444843,0));
#17257=FACE_BOUND('',#17258,.T.);
#17258=EDGE_LOOP('',(#17259,#17260,#17261));
#17259=ORIENTED_EDGE('',*,*,#17262,.T.);
#17260=ORIENTED_EDGE('',*,*,#17263,.T.);
#17261=ORIENTED_EDGE('',*,*,#17264,.T.);
#17262=EDGE_CURVE('',#10159,#10293,#17265,.F.);
#17263=EDGE_CURVE('',#10293,#10161,#17266,.T.);
#17264=EDGE_CURVE('',#10161,#10159,#17267,.T.);
#17265=LINE('',#10158,#17268);
#17266=LINE('',#10292,#17269);
#17267=LINE('',#10160,#17270);
#17268=VECTOR('',#17271,1.0);
#17269=VECTOR('',#17272,1.0);
#17270=VECTOR('',#17273,1.0);
#17271=DIRECTION('',(-0.8066748669146562,0.590995481444843,0));
#17272=DIRECTION('',(1,0,0));
#17273=DIRECTION('',(-0.8066748669146562,-0.590995481444843,0));
#17274=STYLED_ITEM('',(#25),#17275);
#17275=FACE_SURFACE('',(#17280),#17276,.T.);
#17276=PLANE('',#17277);
#17277=AXIS2_PLACEMENT_3D('',#9838,#17278,#17279);
#17278=DIRECTION('',(0,-1,0));
#17279=DIRECTION('',(1,0,0));
#17280=FACE_BOUND('',#17281,.T.);
#17281=EDGE_LOOP('',(#17282,#17283,#17284));
#17282=ORIENTED_EDGE('',*,*,#17285,.T.);
#17283=ORIENTED_EDGE('',*,*,#17286,.T.);
#17284=ORIENTED_EDGE('',*,*,#17287,.T.);
#17285=EDGE_CURVE('',#9839,#10197,#17288,.F.);
#17286=EDGE_CURVE('',#10197,#9911,#17289,.T.);
#17287=EDGE_CURVE('',#9911,#9839,#17290,.T.);
#17288=LINE('',#9838,#17291);
#17289=LINE('',#10196,#17292);
#17290=LINE('',#9910,#17293);
#17291=VECTOR('',#17294,1.0);
#17292=VECTOR('',#17295,1.0);
#17293=VECTOR('',#17296,1.0);
#17294=DIRECTION('',(1,0,0));
#17295=DIRECTION('',(0,0,1));
#17296=DIRECTION('',(-0.21983912974654238,0,-0.975536138250287));
#17297=STYLED_ITEM('',(#25),#17298);
#17298=FACE_SURFACE('',(#17303),#17299,.T.);
#17299=PLANE('',#17300);
#17300=AXIS2_PLACEMENT_3D('',#10096,#17301,#17302);
#17301=DIRECTION('',(0,-0,-1));
#17302=DIRECTION('',(0,-1,0));
#17303=FACE_BOUND('',#17304,.T.);
#17304=EDGE_LOOP('',(#17305,#17306,#17307));
#17305=ORIENTED_EDGE('',*,*,#17308,.T.);
#17306=ORIENTED_EDGE('',*,*,#17309,.T.);
#17307=ORIENTED_EDGE('',*,*,#17310,.T.);
#17308=EDGE_CURVE('',#10097,#10109,#17311,.F.);
#17309=EDGE_CURVE('',#10109,#10091,#17312,.T.);
#17310=EDGE_CURVE('',#10091,#10097,#17313,.T.);
#17311=LINE('',#10096,#17314);
#17312=LINE('',#10108,#17315);
#17313=LINE('',#10090,#17316);
#17314=VECTOR('',#17317,1.0);
#17315=VECTOR('',#17318,1.0);
#17316=VECTOR('',#17319,1.0);
#17317=DIRECTION('',(0,-1,0));
#17318=DIRECTION('',(-1,0,0));
#17319=DIRECTION('',(0.7071067811865476,0.7071067811865476,0));
#17320=STYLED_ITEM('',(#25),#17321);
#17321=FACE_SURFACE('',(#17326),#17322,.T.);
#17322=PLANE('',#17323);
#17323=AXIS2_PLACEMENT_3D('',#10096,#17324,#17325);
#17324=DIRECTION('',(-0,0,-1));
#17325=DIRECTION('',(-0.7071067811865476,-0.7071067811865476,0));
#17326=FACE_BOUND('',#17327,.T.);
#17327=EDGE_LOOP('',(#17328,#17329,#17330));
#17328=ORIENTED_EDGE('',*,*,#17331,.T.);
#17329=ORIENTED_EDGE('',*,*,#17332,.T.);
#17330=ORIENTED_EDGE('',*,*,#17333,.T.);
#17331=EDGE_CURVE('',#10097,#10091,#17334,.F.);
#17332=EDGE_CURVE('',#10091,#10089,#17335,.T.);
#17333=EDGE_CURVE('',#10089,#10097,#17336,.T.);
#17334=LINE('',#10096,#17337);
#17335=LINE('',#10090,#17338);
#17336=LINE('',#10088,#17339);
#17337=VECTOR('',#17340,1.0);
#17338=VECTOR('',#17341,1.0);
#17339=VECTOR('',#17342,1.0);
#17340=DIRECTION('',(-0.7071067811865476,-0.7071067811865476,0));
#17341=DIRECTION('',(0,1,0));
#17342=DIRECTION('',(1,0,0));
#17343=STYLED_ITEM('',(#25),#17344);
#17344=FACE_SURFACE('',(#17349),#17345,.T.);
#17345=PLANE('',#17346);
#17346=AXIS2_PLACEMENT_3D('',#9968,#17347,#17348);
#17347=DIRECTION('',(0,0,1));
#17348=DIRECTION('',(-1,0,0));
#17349=FACE_BOUND('',#17350,.T.);
#17350=EDGE_LOOP('',(#17351,#17352,#17353));
#17351=ORIENTED_EDGE('',*,*,#17354,.T.);
#17352=ORIENTED_EDGE('',*,*,#17355,.T.);
#17353=ORIENTED_EDGE('',*,*,#17356,.T.);
#17354=EDGE_CURVE('',#9969,#10013,#17357,.F.);
#17355=EDGE_CURVE('',#10013,#9981,#17358,.T.);
#17356=EDGE_CURVE('',#9981,#9969,#17359,.T.);
#17357=LINE('',#9968,#17360);
#17358=LINE('',#10012,#17361);
#17359=LINE('',#9980,#17362);
#17360=VECTOR('',#17363,1.0);
#17361=VECTOR('',#17364,1.0);
#17362=VECTOR('',#17365,1.0);
#17363=DIRECTION('',(-1,0,0));
#17364=DIRECTION('',(0,-1,0));
#17365=DIRECTION('',(0.7071067811865476,0.7071067811865476,0));
#17366=STYLED_ITEM('',(#25),#17367);
#17367=FACE_SURFACE('',(#17372),#17368,.T.);
#17368=PLANE('',#17369);
#17369=AXIS2_PLACEMENT_3D('',#9968,#17370,#17371);
#17370=DIRECTION('',(0,0,1));
#17371=DIRECTION('',(-0.7071067811865476,-0.7071067811865476,0));
#17372=FACE_BOUND('',#17373,.T.);
#17373=EDGE_LOOP('',(#17374,#17375,#17376));
#17374=ORIENTED_EDGE('',*,*,#17377,.T.);
#17375=ORIENTED_EDGE('',*,*,#17378,.T.);
#17376=ORIENTED_EDGE('',*,*,#17379,.T.);
#17377=EDGE_CURVE('',#9969,#9981,#17380,.F.);
#17378=EDGE_CURVE('',#9981,#9971,#17381,.T.);
#17379=EDGE_CURVE('',#9971,#9969,#17382,.T.);
#17380=LINE('',#9968,#17383);
#17381=LINE('',#9980,#17384);
#17382=LINE('',#9970,#17385);
#17383=VECTOR('',#17386,1.0);
#17384=VECTOR('',#17387,1.0);
#17385=VECTOR('',#17388,1.0);
#17386=DIRECTION('',(-0.7071067811865476,-0.7071067811865476,0));
#17387=DIRECTION('',(1,0,0));
#17388=DIRECTION('',(0,1,0));
#17389=STYLED_ITEM('',(#25),#17390);
#17390=FACE_SURFACE('',(#17395),#17391,.T.);
#17391=PLANE('',#17392);
#17392=AXIS2_PLACEMENT_3D('',#10156,#17393,#17394);
#17393=DIRECTION('',(0,0,-1));
#17394=DIRECTION('',(-1,0,0));
#17395=FACE_BOUND('',#17396,.T.);
#17396=EDGE_LOOP('',(#17397,#17398,#17399));
#17397=ORIENTED_EDGE('',*,*,#17400,.T.);
#17398=ORIENTED_EDGE('',*,*,#17401,.T.);
#17399=ORIENTED_EDGE('',*,*,#17402,.T.);
#17400=EDGE_CURVE('',#10157,#10163,#17403,.F.);
#17401=EDGE_CURVE('',#10163,#10155,#17404,.T.);
#17402=EDGE_CURVE('',#10155,#10157,#17405,.T.);
#17403=LINE('',#10156,#17406);
#17404=LINE('',#10162,#17407);
#17405=LINE('',#10154,#17408);
#17406=VECTOR('',#17409,1.0);
#17407=VECTOR('',#17410,1.0);
#17408=VECTOR('',#17411,1.0);
#17409=DIRECTION('',(-1,0,0));
#17410=DIRECTION('',(0,1,0));
#17411=DIRECTION('',(0.7071067811865476,-0.7071067811865476,0));
#17412=STYLED_ITEM('',(#25),#17413);
#17413=FACE_SURFACE('',(#17418),#17414,.T.);
#17414=PLANE('',#17415);
#17415=AXIS2_PLACEMENT_3D('',#10156,#17416,#17417);
#17416=DIRECTION('',(0,0,-1));
#17417=DIRECTION('',(-0.7071067811865476,0.7071067811865476,0));
#17418=FACE_BOUND('',#17419,.T.);
#17419=EDGE_LOOP('',(#17420,#17421,#17422));
#17420=ORIENTED_EDGE('',*,*,#17423,.T.);
#17421=ORIENTED_EDGE('',*,*,#17424,.T.);
#17422=ORIENTED_EDGE('',*,*,#17425,.T.);
#17423=EDGE_CURVE('',#10157,#10155,#17426,.F.);
#17424=EDGE_CURVE('',#10155,#10153,#17427,.T.);
#17425=EDGE_CURVE('',#10153,#10157,#17428,.T.);
#17426=LINE('',#10156,#17429);
#17427=LINE('',#10154,#17430);
#17428=LINE('',#10152,#17431);
#17429=VECTOR('',#17432,1.0);
#17430=VECTOR('',#17433,1.0);
#17431=VECTOR('',#17434,1.0);
#17432=DIRECTION('',(-0.7071067811865476,0.7071067811865476,0));
#17433=DIRECTION('',(1,0,0));
#17434=DIRECTION('',(0,-1,0));
#17435=STYLED_ITEM('',(#25),#17436);
#17436=FACE_SURFACE('',(#17441),#17437,.T.);
#17437=PLANE('',#17438);
#17438=AXIS2_PLACEMENT_3D('',#10158,#17439,#17440);
#17439=DIRECTION('',(0.7071067811865476,-0.7071067811865476,0));
#17440=DIRECTION('',(0,0,1));
#17441=FACE_BOUND('',#17442,.T.);
#17442=EDGE_LOOP('',(#17443,#17444,#17445));
#17443=ORIENTED_EDGE('',*,*,#17446,.T.);
#17444=ORIENTED_EDGE('',*,*,#17447,.T.);
#17445=ORIENTED_EDGE('',*,*,#17448,.T.);
#17446=EDGE_CURVE('',#10159,#10065,#17449,.F.);
#17447=EDGE_CURVE('',#10065,#10073,#17450,.T.);
#17448=EDGE_CURVE('',#10073,#10159,#17451,.T.);
#17449=LINE('',#10158,#17452);
#17450=LINE('',#10064,#17453);
#17451=LINE('',#10072,#17454);
#17452=VECTOR('',#17455,1.0);
#17453=VECTOR('',#17456,1.0);
#17454=VECTOR('',#17457,1.0);
#17455=DIRECTION('',(0,0,1));
#17456=DIRECTION('',(-0.09901475429766729,-0.09901475429766729,-0.9901475429766744));
#17457=DIRECTION('',(0.7071067811865475,0.7071067811865475,0));
#17458=STYLED_ITEM('',(#25),#17459);
#17459=FACE_SURFACE('',(#17464),#17460,.T.);
#17460=PLANE('',#17461);
#17461=AXIS2_PLACEMENT_3D('',#10242,#17462,#17463);
#17462=DIRECTION('',(0,0,-1));
#17463=DIRECTION('',(0.8066748669146564,-0.5909954814448428,0));
#17464=FACE_BOUND('',#17465,.T.);
#17465=EDGE_LOOP('',(#17466,#17467,#17468));
#17466=ORIENTED_EDGE('',*,*,#17469,.T.);
#17467=ORIENTED_EDGE('',*,*,#17470,.T.);
#17468=ORIENTED_EDGE('',*,*,#17471,.T.);
#17469=EDGE_CURVE('',#10243,#10295,#17472,.F.);
#17470=EDGE_CURVE('',#10295,#10245,#17473,.T.);
#17471=EDGE_CURVE('',#10245,#10243,#17474,.T.);
#17472=LINE('',#10242,#17475);
#17473=LINE('',#10294,#17476);
#17474=LINE('',#10244,#17477);
#17475=VECTOR('',#17478,1.0);
#17476=VECTOR('',#17479,1.0);
#17477=VECTOR('',#17480,1.0);
#17478=DIRECTION('',(0.8066748669146564,-0.5909954814448428,0));
#17479=DIRECTION('',(-0.5795057801353785,-0.8149681286956482,0));
#17480=DIRECTION('',(0,1,0));
#17481=STYLED_ITEM('',(#25),#17482);
#17482=FACE_SURFACE('',(#17487),#17483,.T.);
#17483=PLANE('',#17484);
#17484=AXIS2_PLACEMENT_3D('',#10176,#17485,#17486);
#17485=DIRECTION('',(0,-0,-1));
#17486=DIRECTION('',(0.5909954814448432,-0.8066748669146562,0));
#17487=FACE_BOUND('',#17488,.T.);
#17488=EDGE_LOOP('',(#17489,#17490,#17491));
#17489=ORIENTED_EDGE('',*,*,#17492,.T.);
#17490=ORIENTED_EDGE('',*,*,#17493,.T.);
#17491=ORIENTED_EDGE('',*,*,#17494,.T.);
#17492=EDGE_CURVE('',#10177,#10295,#17495,.F.);
#17493=EDGE_CURVE('',#10295,#10243,#17496,.T.);
#17494=EDGE_CURVE('',#10243,#10177,#17497,.T.);
#17495=LINE('',#10176,#17498);
#17496=LINE('',#10294,#17499);
#17497=LINE('',#10242,#17500);
#17498=VECTOR('',#17501,1.0);
#17499=VECTOR('',#17502,1.0);
#17500=VECTOR('',#17503,1.0);
#17501=DIRECTION('',(0.5909954814448432,-0.8066748669146562,0));
#17502=DIRECTION('',(-0.8066748669146564,0.5909954814448428,0));
#17503=DIRECTION('',(0.7071067811865481,0.7071067811865468,0));
#17504=STYLED_ITEM('',(#25),#17505);
#17505=FACE_SURFACE('',(#17510),#17506,.T.);
#17506=PLANE('',#17507);
#17507=AXIS2_PLACEMENT_3D('',#10294,#17508,#17509);
#17508=DIRECTION('',(0,-0,-1));
#17509=DIRECTION('',(0,-1,0));
#17510=FACE_BOUND('',#17511,.T.);
#17511=EDGE_LOOP('',(#17512,#17513,#17514));
#17512=ORIENTED_EDGE('',*,*,#17515,.T.);
#17513=ORIENTED_EDGE('',*,*,#17516,.T.);
#17514=ORIENTED_EDGE('',*,*,#17517,.T.);
#17515=EDGE_CURVE('',#10295,#10297,#17518,.F.);
#17516=EDGE_CURVE('',#10297,#10245,#17519,.T.);
#17517=EDGE_CURVE('',#10245,#10295,#17520,.T.);
#17518=LINE('',#10294,#17521);
#17519=LINE('',#10296,#17522);
#17520=LINE('',#10244,#17523);
#17521=VECTOR('',#17524,1.0);
#17522=VECTOR('',#17525,1.0);
#17523=VECTOR('',#17526,1.0);
#17524=DIRECTION('',(0,-1,0));
#17525=DIRECTION('',(-0.8066748669146564,-0.5909954814448428,0));
#17526=DIRECTION('',(0.5795057801353785,0.8149681286956482,0));
#17527=STYLED_ITEM('',(#25),#17528);
#17528=FACE_SURFACE('',(#17533),#17529,.T.);
#17529=PLANE('',#17530);
#17530=AXIS2_PLACEMENT_3D('',#10228,#17531,#17532);
#17531=DIRECTION('',(0,0,-1));
#17532=DIRECTION('',(-0.7071067811865481,0.7071067811865468,0));
#17533=FACE_BOUND('',#17534,.T.);
#17534=EDGE_LOOP('',(#17535,#17536,#17537));
#17535=ORIENTED_EDGE('',*,*,#17538,.T.);
#17536=ORIENTED_EDGE('',*,*,#17539,.T.);
#17537=ORIENTED_EDGE('',*,*,#17540,.T.);
#17538=EDGE_CURVE('',#10229,#10245,#17541,.F.);
#17539=EDGE_CURVE('',#10245,#10297,#17542,.T.);
#17540=EDGE_CURVE('',#10297,#10229,#17543,.T.);
#17541=LINE('',#10228,#17544);
#17542=LINE('',#10244,#17545);
#17543=LINE('',#10296,#17546);
#17544=VECTOR('',#17547,1.0);
#17545=VECTOR('',#17548,1.0);
#17546=VECTOR('',#17549,1.0);
#17547=DIRECTION('',(-0.7071067811865481,0.7071067811865468,0));
#17548=DIRECTION('',(0.8066748669146564,0.5909954814448428,0));
#17549=DIRECTION('',(-0.5909954814448432,-0.8066748669146562,0));
#17550=STYLED_ITEM('',(#25),#17551);
#17551=FACE_SURFACE('',(#17556),#17552,.T.);
#17552=PLANE('',#17553);
#17553=AXIS2_PLACEMENT_3D('',#10298,#17554,#17555);
#17554=DIRECTION('',(0,0,1));
#17555=DIRECTION('',(1,0,0));
#17556=FACE_BOUND('',#17557,.T.);
#17557=EDGE_LOOP('',(#17558,#17559,#17560));
#17558=ORIENTED_EDGE('',*,*,#17561,.T.);
#17559=ORIENTED_EDGE('',*,*,#17562,.T.);
#17560=ORIENTED_EDGE('',*,*,#17563,.T.);
#17561=EDGE_CURVE('',#10299,#10301,#17564,.F.);
#17562=EDGE_CURVE('',#10301,#10303,#17565,.T.);
#17563=EDGE_CURVE('',#10303,#10299,#17566,.T.);
#17564=LINE('',#10298,#17567);
#17565=LINE('',#10300,#17568);
#17566=LINE('',#10302,#17569);
#17567=VECTOR('',#17570,1.0);
#17568=VECTOR('',#17571,1.0);
#17569=VECTOR('',#17572,1.0);
#17570=DIRECTION('',(1,0,0));
#17571=DIRECTION('',(0,1,0));
#17572=DIRECTION('',(-0.7071067811865476,-0.7071067811865476,0));
#17573=STYLED_ITEM('',(#25),#17574);
#17574=FACE_SURFACE('',(#17579),#17575,.T.);
#17575=PLANE('',#17576);
#17576=AXIS2_PLACEMENT_3D('',#10298,#17577,#17578);
#17577=DIRECTION('',(0,0,1));
#17578=DIRECTION('',(0.7071067811865476,0.7071067811865476,0));
#17579=FACE_BOUND('',#17580,.T.);
#17580=EDGE_LOOP('',(#17581,#17582,#17583));
#17581=ORIENTED_EDGE('',*,*,#17584,.T.);
#17582=ORIENTED_EDGE('',*,*,#17585,.T.);
#17583=ORIENTED_EDGE('',*,*,#17586,.T.);
#17584=EDGE_CURVE('',#10299,#10303,#17587,.F.);
#17585=EDGE_CURVE('',#10303,#10305,#17588,.T.);
#17586=EDGE_CURVE('',#10305,#10299,#17589,.T.);
#17587=LINE('',#10298,#17590);
#17588=LINE('',#10302,#17591);
#17589=LINE('',#10304,#17592);
#17590=VECTOR('',#17593,1.0);
#17591=VECTOR('',#17594,1.0);
#17592=VECTOR('',#17595,1.0);
#17593=DIRECTION('',(0.7071067811865476,0.7071067811865476,0));
#17594=DIRECTION('',(-1,0,0));
#17595=DIRECTION('',(0,-1,0));
#17596=STYLED_ITEM('',(#25),#17597);
#17597=FACE_SURFACE('',(#17602),#17598,.T.);
#17598=PLANE('',#17599);
#17599=AXIS2_PLACEMENT_3D('',#10306,#17600,#17601);
#17600=DIRECTION('',(0,0,-1));
#17601=DIRECTION('',(-1,0,0));
#17602=FACE_BOUND('',#17603,.T.);
#17603=EDGE_LOOP('',(#17604,#17605,#17606));
#17604=ORIENTED_EDGE('',*,*,#17607,.T.);
#17605=ORIENTED_EDGE('',*,*,#17608,.T.);
#17606=ORIENTED_EDGE('',*,*,#17609,.T.);
#17607=EDGE_CURVE('',#10307,#10309,#17610,.F.);
#17608=EDGE_CURVE('',#10309,#10311,#17611,.T.);
#17609=EDGE_CURVE('',#10311,#10307,#17612,.T.);
#17610=LINE('',#10306,#17613);
#17611=LINE('',#10308,#17614);
#17612=LINE('',#10310,#17615);
#17613=VECTOR('',#17616,1.0);
#17614=VECTOR('',#17617,1.0);
#17615=VECTOR('',#17618,1.0);
#17616=DIRECTION('',(-1,0,0));
#17617=DIRECTION('',(0,1,0));
#17618=DIRECTION('',(0.7071067811865476,-0.7071067811865476,0));
#17619=STYLED_ITEM('',(#25),#17620);
#17620=FACE_SURFACE('',(#17625),#17621,.T.);
#17621=PLANE('',#17622);
#17622=AXIS2_PLACEMENT_3D('',#10306,#17623,#17624);
#17623=DIRECTION('',(0,0,-1));
#17624=DIRECTION('',(-0.7071067811865476,0.7071067811865476,0));
#17625=FACE_BOUND('',#17626,.T.);
#17626=EDGE_LOOP('',(#17627,#17628,#17629));
#17627=ORIENTED_EDGE('',*,*,#17630,.T.);
#17628=ORIENTED_EDGE('',*,*,#17631,.T.);
#17629=ORIENTED_EDGE('',*,*,#17632,.T.);
#17630=EDGE_CURVE('',#10307,#10311,#17633,.F.);
#17631=EDGE_CURVE('',#10311,#10313,#17634,.T.);
#17632=EDGE_CURVE('',#10313,#10307,#17635,.T.);
#17633=LINE('',#10306,#17636);
#17634=LINE('',#10310,#17637);
#17635=LINE('',#10312,#17638);
#17636=VECTOR('',#17639,1.0);
#17637=VECTOR('',#17640,1.0);
#17638=VECTOR('',#17641,1.0);
#17639=DIRECTION('',(-0.7071067811865476,0.7071067811865476,0));
#17640=DIRECTION('',(1,0,0));
#17641=DIRECTION('',(0,-1,0));
#17642=STYLED_ITEM('',(#25),#17643);
#17643=FACE_SURFACE('',(#17648),#17644,.T.);
#17644=PLANE('',#17645);
#17645=AXIS2_PLACEMENT_3D('',#10228,#17646,#17647);
#17646=DIRECTION('',(-0.7071067811865469,-0.7071067811865482,0));
#17647=DIRECTION('',(-0.09901475429766747,0.09901475429766729,0.9901475429766744));
#17648=FACE_BOUND('',#17649,.T.);
#17649=EDGE_LOOP('',(#17650,#17651,#17652));
#17650=ORIENTED_EDGE('',*,*,#17653,.T.);
#17651=ORIENTED_EDGE('',*,*,#17654,.T.);
#17652=ORIENTED_EDGE('',*,*,#17655,.T.);
#17653=EDGE_CURVE('',#10229,#10247,#17656,.F.);
#17654=EDGE_CURVE('',#10247,#10245,#17657,.T.);
#17655=EDGE_CURVE('',#10245,#10229,#17658,.T.);
#17656=LINE('',#10228,#17659);
#17657=LINE('',#10246,#17660);
#17658=LINE('',#10244,#17661);
#17659=VECTOR('',#17662,1.0);
#17660=VECTOR('',#17663,1.0);
#17661=VECTOR('',#17664,1.0);
#17662=DIRECTION('',(-0.09901475429766747,0.09901475429766729,0.9901475429766744));
#17663=DIRECTION('',(0,0,-1));
#17664=DIRECTION('',(0.7071067811865481,-0.7071067811865468,0));
#17665=STYLED_ITEM('',(#25),#17666);
#17666=FACE_SURFACE('',(#17671),#17667,.T.);
#17667=PLANE('',#17668);
#17668=AXIS2_PLACEMENT_3D('',#10314,#17669,#17670);
#17669=DIRECTION('',(0,0,1));
#17670=DIRECTION('',(0,-1,0));
#17671=FACE_BOUND('',#17672,.T.);
#17672=EDGE_LOOP('',(#17673,#17674,#17675));
#17673=ORIENTED_EDGE('',*,*,#17676,.T.);
#17674=ORIENTED_EDGE('',*,*,#17677,.T.);
#17675=ORIENTED_EDGE('',*,*,#17678,.T.);
#17676=EDGE_CURVE('',#10315,#10317,#17679,.F.);
#17677=EDGE_CURVE('',#10317,#10319,#17680,.T.);
#17678=EDGE_CURVE('',#10319,#10315,#17681,.T.);
#17679=LINE('',#10314,#17682);
#17680=LINE('',#10316,#17683);
#17681=LINE('',#10318,#17684);
#17682=VECTOR('',#17685,1.0);
#17683=VECTOR('',#17686,1.0);
#17684=VECTOR('',#17687,1.0);
#17685=DIRECTION('',(0,-1,0));
#17686=DIRECTION('',(1,0,0));
#17687=DIRECTION('',(-0.7071067811865476,0.7071067811865476,0));
#17688=STYLED_ITEM('',(#25),#17689);
#17689=FACE_SURFACE('',(#17694),#17690,.T.);
#17690=PLANE('',#17691);
#17691=AXIS2_PLACEMENT_3D('',#10314,#17692,#17693);
#17692=DIRECTION('',(-0,0,1));
#17693=DIRECTION('',(0.7071067811865476,-0.7071067811865476,0));
#17694=FACE_BOUND('',#17695,.T.);
#17695=EDGE_LOOP('',(#17696,#17697,#17698));
#17696=ORIENTED_EDGE('',*,*,#17699,.T.);
#17697=ORIENTED_EDGE('',*,*,#17700,.T.);
#17698=ORIENTED_EDGE('',*,*,#17701,.T.);
#17699=EDGE_CURVE('',#10315,#10319,#17702,.F.);
#17700=EDGE_CURVE('',#10319,#10321,#17703,.T.);
#17701=EDGE_CURVE('',#10321,#10315,#17704,.T.);
#17702=LINE('',#10314,#17705);
#17703=LINE('',#10318,#17706);
#17704=LINE('',#10320,#17707);
#17705=VECTOR('',#17708,1.0);
#17706=VECTOR('',#17709,1.0);
#17707=VECTOR('',#17710,1.0);
#17708=DIRECTION('',(0.7071067811865476,-0.7071067811865476,0));
#17709=DIRECTION('',(0,1,0));
#17710=DIRECTION('',(-1,0,0));
#17711=STYLED_ITEM('',(#25),#17712);
#17712=FACE_SURFACE('',(#17717),#17713,.T.);
#17713=PLANE('',#17714);
#17714=AXIS2_PLACEMENT_3D('',#9912,#17715,#17716);
#17715=DIRECTION('',(0,0,-1));
#17716=DIRECTION('',(0,1,0));
#17717=FACE_BOUND('',#17718,.T.);
#17718=EDGE_LOOP('',(#17719,#17720,#17721));
#17719=ORIENTED_EDGE('',*,*,#17722,.T.);
#17720=ORIENTED_EDGE('',*,*,#17723,.T.);
#17721=ORIENTED_EDGE('',*,*,#17724,.T.);
#17722=EDGE_CURVE('',#9913,#9931,#17725,.F.);
#17723=EDGE_CURVE('',#9931,#9907,#17726,.T.);
#17724=EDGE_CURVE('',#9907,#9913,#17727,.T.);
#17725=LINE('',#9912,#17728);
#17726=LINE('',#9930,#17729);
#17727=LINE('',#9906,#17730);
#17728=VECTOR('',#17731,1.0);
#17729=VECTOR('',#17732,1.0);
#17730=VECTOR('',#17733,1.0);
#17731=DIRECTION('',(0,1,0));
#17732=DIRECTION('',(1,0,0));
#17733=DIRECTION('',(-0.7071067811865466,-0.7071067811865485,0));
#17734=STYLED_ITEM('',(#25),#17735);
#17735=FACE_SURFACE('',(#17740),#17736,.T.);
#17736=PLANE('',#17737);
#17737=AXIS2_PLACEMENT_3D('',#9912,#17738,#17739);
#17738=DIRECTION('',(0,0,-1));
#17739=DIRECTION('',(0.7071067811865466,0.7071067811865485,0));
#17740=FACE_BOUND('',#17741,.T.);
#17741=EDGE_LOOP('',(#17742,#17743,#17744));
#17742=ORIENTED_EDGE('',*,*,#17745,.T.);
#17743=ORIENTED_EDGE('',*,*,#17746,.T.);
#17744=ORIENTED_EDGE('',*,*,#17747,.T.);
#17745=EDGE_CURVE('',#9913,#9907,#17748,.F.);
#17746=EDGE_CURVE('',#9907,#9905,#17749,.T.);
#17747=EDGE_CURVE('',#9905,#9913,#17750,.T.);
#17748=LINE('',#9912,#17751);
#17749=LINE('',#9906,#17752);
#17750=LINE('',#9904,#17753);
#17751=VECTOR('',#17754,1.0);
#17752=VECTOR('',#17755,1.0);
#17753=VECTOR('',#17756,1.0);
#17754=DIRECTION('',(0.7071067811865466,0.7071067811865485,0));
#17755=DIRECTION('',(0,-1,0));
#17756=DIRECTION('',(-1,0,0));
#17757=STYLED_ITEM('',(#25),#17758);
#17758=FACE_SURFACE('',(#17763),#17759,.T.);
#17759=PLANE('',#17760);
#17760=AXIS2_PLACEMENT_3D('',#10264,#17761,#17762);
#17761=DIRECTION('',(-0,0,-1));
#17762=DIRECTION('',(-0.8066748669146562,-0.590995481444843,0));
#17763=FACE_BOUND('',#17764,.T.);
#17764=EDGE_LOOP('',(#17765,#17766,#17767));
#17765=ORIENTED_EDGE('',*,*,#17768,.T.);
#17766=ORIENTED_EDGE('',*,*,#17769,.T.);
#17767=ORIENTED_EDGE('',*,*,#17770,.T.);
#17768=EDGE_CURVE('',#10265,#10323,#17771,.F.);
#17769=EDGE_CURVE('',#10323,#10325,#17772,.T.);
#17770=EDGE_CURVE('',#10325,#10265,#17773,.T.);
#17771=LINE('',#10264,#17774);
#17772=LINE('',#10322,#17775);
#17773=LINE('',#10324,#17776);
#17774=VECTOR('',#17777,1.0);
#17775=VECTOR('',#17778,1.0);
#17776=VECTOR('',#17779,1.0);
#17777=DIRECTION('',(-0.8066748669146562,-0.590995481444843,0));
#17778=DIRECTION('',(0.590995481444842,0.8066748669146568,0));
#17779=DIRECTION('',(0.7071067811865499,-0.707106781186545,0));
#17780=STYLED_ITEM('',(#25),#17781);
#17781=FACE_SURFACE('',(#17786),#17782,.T.);
#17782=PLANE('',#17783);
#17783=AXIS2_PLACEMENT_3D('',#10326,#17784,#17785);
#17784=DIRECTION('',(0,0,-1));
#17785=DIRECTION('',(-0.5909954814448439,0.8066748669146554,0));
#17786=FACE_BOUND('',#17787,.T.);
#17787=EDGE_LOOP('',(#17788,#17789,#17790));
#17788=ORIENTED_EDGE('',*,*,#17791,.T.);
#17789=ORIENTED_EDGE('',*,*,#17792,.T.);
#17790=ORIENTED_EDGE('',*,*,#17793,.T.);
#17791=EDGE_CURVE('',#10327,#10329,#17794,.F.);
#17792=EDGE_CURVE('',#10329,#10323,#17795,.T.);
#17793=EDGE_CURVE('',#10323,#10327,#17796,.T.);
#17794=LINE('',#10326,#17797);
#17795=LINE('',#10328,#17798);
#17796=LINE('',#10322,#17799);
#17797=VECTOR('',#17800,1.0);
#17798=VECTOR('',#17801,1.0);
#17799=VECTOR('',#17802,1.0);
#17800=DIRECTION('',(-0.5909954814448439,0.8066748669146554,0));
#17801=DIRECTION('',(0.8149681286956487,-0.5795057801353776,0));
#17802=DIRECTION('',(-1,0,0));
#17803=STYLED_ITEM('',(#25),#17804);
#17804=FACE_SURFACE('',(#17809),#17805,.T.);
#17805=PLANE('',#17806);
#17806=AXIS2_PLACEMENT_3D('',#9890,#17807,#17808);
#17807=DIRECTION('',(-0,1,0));
#17808=DIRECTION('',(1,0,0));
#17809=FACE_BOUND('',#17810,.T.);
#17810=EDGE_LOOP('',(#17811,#17812,#17813));
#17811=ORIENTED_EDGE('',*,*,#17814,.T.);
#17812=ORIENTED_EDGE('',*,*,#17815,.T.);
#17813=ORIENTED_EDGE('',*,*,#17816,.T.);
#17814=EDGE_CURVE('',#9891,#9967,#17817,.F.);
#17815=EDGE_CURVE('',#9967,#10201,#17818,.T.);
#17816=EDGE_CURVE('',#10201,#9891,#17819,.T.);
#17817=LINE('',#9890,#17820);
#17818=LINE('',#9966,#17821);
#17819=LINE('',#10200,#17822);
#17820=VECTOR('',#17823,1.0);
#17821=VECTOR('',#17824,1.0);
#17822=VECTOR('',#17825,1.0);
#17823=DIRECTION('',(1,0,0));
#17824=DIRECTION('',(0,0,-1));
#17825=DIRECTION('',(-0.21983912974654238,0,0.975536138250287));
#17826=STYLED_ITEM('',(#25),#17827);
#17827=FACE_SURFACE('',(#17832),#17828,.T.);
#17828=PLANE('',#17829);
#17829=AXIS2_PLACEMENT_3D('',#10250,#17830,#17831);
#17830=DIRECTION('',(0,0,1));
#17831=DIRECTION('',(0,-1,0));
#17832=FACE_BOUND('',#17833,.T.);
#17833=EDGE_LOOP('',(#17834,#17835,#17836));
#17834=ORIENTED_EDGE('',*,*,#17837,.T.);
#17835=ORIENTED_EDGE('',*,*,#17838,.T.);
#17836=ORIENTED_EDGE('',*,*,#17839,.T.);
#17837=EDGE_CURVE('',#10251,#10281,#17840,.F.);
#17838=EDGE_CURVE('',#10281,#10267,#17841,.T.);
#17839=EDGE_CURVE('',#10267,#10251,#17842,.T.);
#17840=LINE('',#10250,#17843);
#17841=LINE('',#10280,#17844);
#17842=LINE('',#10266,#17845);
#17843=VECTOR('',#17846,1.0);
#17844=VECTOR('',#17847,1.0);
#17845=VECTOR('',#17848,1.0);
#17846=DIRECTION('',(0,-1,0));
#17847=DIRECTION('',(1,0,0));
#17848=DIRECTION('',(-0.7071067811865476,0.7071067811865476,0));
#17849=STYLED_ITEM('',(#25),#17850);
#17850=FACE_SURFACE('',(#17855),#17851,.T.);
#17851=PLANE('',#17852);
#17852=AXIS2_PLACEMENT_3D('',#10250,#17853,#17854);
#17853=DIRECTION('',(-0,0,1));
#17854=DIRECTION('',(0.7071067811865476,-0.7071067811865476,0));
#17855=FACE_BOUND('',#17856,.T.);
#17856=EDGE_LOOP('',(#17857,#17858,#17859));
#17857=ORIENTED_EDGE('',*,*,#17860,.T.);
#17858=ORIENTED_EDGE('',*,*,#17861,.T.);
#17859=ORIENTED_EDGE('',*,*,#17862,.T.);
#17860=EDGE_CURVE('',#10251,#10267,#17863,.F.);
#17861=EDGE_CURVE('',#10267,#10253,#17864,.T.);
#17862=EDGE_CURVE('',#10253,#10251,#17865,.T.);
#17863=LINE('',#10250,#17866);
#17864=LINE('',#10266,#17867);
#17865=LINE('',#10252,#17868);
#17866=VECTOR('',#17869,1.0);
#17867=VECTOR('',#17870,1.0);
#17868=VECTOR('',#17871,1.0);
#17869=DIRECTION('',(0.7071067811865476,-0.7071067811865476,0));
#17870=DIRECTION('',(0,1,0));
#17871=DIRECTION('',(-1,0,0));
#17872=STYLED_ITEM('',(#25),#17873);
#17873=FACE_SURFACE('',(#17878),#17874,.T.);
#17874=PLANE('',#17875);
#17875=AXIS2_PLACEMENT_3D('',#10136,#17876,#17877);
#17876=DIRECTION('',(0,0,-1));
#17877=DIRECTION('',(0.5909954814448436,0.8066748669146558,0));
#17878=FACE_BOUND('',#17879,.T.);
#17879=EDGE_LOOP('',(#17880,#17881,#17882));
#17880=ORIENTED_EDGE('',*,*,#17883,.T.);
#17881=ORIENTED_EDGE('',*,*,#17884,.T.);
#17882=ORIENTED_EDGE('',*,*,#17885,.T.);
#17883=EDGE_CURVE('',#10137,#10331,#17886,.F.);
#17884=EDGE_CURVE('',#10331,#10293,#17887,.T.);
#17885=EDGE_CURVE('',#10293,#10137,#17888,.T.);
#17886=LINE('',#10136,#17889);
#17887=LINE('',#10330,#17890);
#17888=LINE('',#10292,#17891);
#17889=VECTOR('',#17892,1.0);
#17890=VECTOR('',#17893,1.0);
#17891=VECTOR('',#17894,1.0);
#17892=DIRECTION('',(0.5909954814448436,0.8066748669146558,0));
#17893=DIRECTION('',(1,0,0));
#17894=DIRECTION('',(-0.8149681286956485,-0.5795057801353778,0));
#17895=STYLED_ITEM('',(#25),#17896);
#17896=FACE_SURFACE('',(#17901),#17897,.T.);
#17897=PLANE('',#17898);
#17898=AXIS2_PLACEMENT_3D('',#10234,#17899,#17900);
#17899=DIRECTION('',(-0.7071067811865469,0.7071067811865482,0));
#17900=DIRECTION('',(0,0,-1));
#17901=FACE_BOUND('',#17902,.T.);
#17902=EDGE_LOOP('',(#17903,#17904,#17905));
#17903=ORIENTED_EDGE('',*,*,#17906,.T.);
#17904=ORIENTED_EDGE('',*,*,#17907,.T.);
#17905=ORIENTED_EDGE('',*,*,#17908,.T.);
#17906=EDGE_CURVE('',#10235,#10177,#17909,.F.);
#17907=EDGE_CURVE('',#10177,#10243,#17910,.T.);
#17908=EDGE_CURVE('',#10243,#10235,#17911,.T.);
#17909=LINE('',#10234,#17912);
#17910=LINE('',#10176,#17913);
#17911=LINE('',#10242,#17914);
#17912=VECTOR('',#17915,1.0);
#17913=VECTOR('',#17916,1.0);
#17914=VECTOR('',#17917,1.0);
#17915=DIRECTION('',(0,0,-1));
#17916=DIRECTION('',(-0.7071067811865481,-0.7071067811865468,0));
#17917=DIRECTION('',(0.09901475429766747,0.09901475429766729,0.9901475429766744));
#17918=STYLED_ITEM('',(#25),#17919);
#17919=FACE_SURFACE('',(#17924),#17920,.T.);
#17920=PLANE('',#17921);
#17921=AXIS2_PLACEMENT_3D('',#10324,#17922,#17923);
#17922=DIRECTION('',(0.707106781186545,0.70710678118655,-0));
#17923=DIRECTION('',(0,0,1));
#17924=FACE_BOUND('',#17925,.T.);
#17925=EDGE_LOOP('',(#17926,#17927,#17928));
#17926=ORIENTED_EDGE('',*,*,#17929,.T.);
#17927=ORIENTED_EDGE('',*,*,#17930,.T.);
#17928=ORIENTED_EDGE('',*,*,#17931,.T.);
#17929=EDGE_CURVE('',#10325,#10333,#17932,.F.);
#17930=EDGE_CURVE('',#10333,#10265,#17933,.T.);
#17931=EDGE_CURVE('',#10265,#10325,#17934,.T.);
#17932=LINE('',#10324,#17935);
#17933=LINE('',#10332,#17936);
#17934=LINE('',#10264,#17937);
#17935=VECTOR('',#17938,1.0);
#17936=VECTOR('',#17939,1.0);
#17937=VECTOR('',#17940,1.0);
#17938=DIRECTION('',(0,0,1));
#17939=DIRECTION('',(0.09901475429766798,-0.09901475429766729,-0.9901475429766744));
#17940=DIRECTION('',(-0.7071067811865499,0.707106781186545,0));
#17941=STYLED_ITEM('',(#25),#17942);
#17942=FACE_SURFACE('',(#17947),#17943,.T.);
#17943=PLANE('',#17944);
#17944=AXIS2_PLACEMENT_3D('',#10016,#17945,#17946);
#17945=DIRECTION('',(0,0,-1));
#17946=DIRECTION('',(0,1,0));
#17947=FACE_BOUND('',#17948,.T.);
#17948=EDGE_LOOP('',(#17949,#17950,#17951));
#17949=ORIENTED_EDGE('',*,*,#17952,.T.);
#17950=ORIENTED_EDGE('',*,*,#17953,.T.);
#17951=ORIENTED_EDGE('',*,*,#17954,.T.);
#17952=EDGE_CURVE('',#10017,#10019,#17955,.F.);
#17953=EDGE_CURVE('',#10019,#10007,#17956,.T.);
#17954=EDGE_CURVE('',#10007,#10017,#17957,.T.);
#17955=LINE('',#10016,#17958);
#17956=LINE('',#10018,#17959);
#17957=LINE('',#10006,#17960);
#17958=VECTOR('',#17961,1.0);
#17959=VECTOR('',#17962,1.0);
#17960=VECTOR('',#17963,1.0);
#17961=DIRECTION('',(0,1,0));
#17962=DIRECTION('',(1,0,0));
#17963=DIRECTION('',(-0.7071067811865476,-0.7071067811865476,0));
#17964=STYLED_ITEM('',(#25),#17965);
#17965=FACE_SURFACE('',(#17970),#17966,.T.);
#17966=PLANE('',#17967);
#17967=AXIS2_PLACEMENT_3D('',#10016,#17968,#17969);
#17968=DIRECTION('',(0,0,-1));
#17969=DIRECTION('',(0.7071067811865476,0.7071067811865476,0));
#17970=FACE_BOUND('',#17971,.T.);
#17971=EDGE_LOOP('',(#17972,#17973,#17974));
#17972=ORIENTED_EDGE('',*,*,#17975,.T.);
#17973=ORIENTED_EDGE('',*,*,#17976,.T.);
#17974=ORIENTED_EDGE('',*,*,#17977,.T.);
#17975=EDGE_CURVE('',#10017,#10007,#17978,.F.);
#17976=EDGE_CURVE('',#10007,#10011,#17979,.T.);
#17977=EDGE_CURVE('',#10011,#10017,#17980,.T.);
#17978=LINE('',#10016,#17981);
#17979=LINE('',#10006,#17982);
#17980=LINE('',#10010,#17983);
#17981=VECTOR('',#17984,1.0);
#17982=VECTOR('',#17985,1.0);
#17983=VECTOR('',#17986,1.0);
#17984=DIRECTION('',(0.7071067811865476,0.7071067811865476,0));
#17985=DIRECTION('',(0,-1,0));
#17986=DIRECTION('',(-1,0,0));
#17987=STYLED_ITEM('',(#25),#17988);
#17988=FACE_SURFACE('',(#17993),#17989,.T.);
#17989=PLANE('',#17990);
#17990=AXIS2_PLACEMENT_3D('',#10334,#17991,#17992);
#17991=DIRECTION('',(0,0,1));
#17992=DIRECTION('',(-1,0,0));
#17993=FACE_BOUND('',#17994,.T.);
#17994=EDGE_LOOP('',(#17995,#17996,#17997));
#17995=ORIENTED_EDGE('',*,*,#17998,.T.);
#17996=ORIENTED_EDGE('',*,*,#17999,.T.);
#17997=ORIENTED_EDGE('',*,*,#18000,.T.);
#17998=EDGE_CURVE('',#10335,#10213,#18001,.F.);
#17999=EDGE_CURVE('',#10213,#10337,#18002,.T.);
#18000=EDGE_CURVE('',#10337,#10335,#18003,.T.);
#18001=LINE('',#10334,#18004);
#18002=LINE('',#10212,#18005);
#18003=LINE('',#10336,#18006);
#18004=VECTOR('',#18007,1.0);
#18005=VECTOR('',#18008,1.0);
#18006=VECTOR('',#18009,1.0);
#18007=DIRECTION('',(-1,0,0));
#18008=DIRECTION('',(0,-1,0));
#18009=DIRECTION('',(0.7071067811865466,0.7071067811865485,0));
#18010=STYLED_ITEM('',(#25),#18011);
#18011=FACE_SURFACE('',(#18016),#18012,.T.);
#18012=PLANE('',#18013);
#18013=AXIS2_PLACEMENT_3D('',#10334,#18014,#18015);
#18014=DIRECTION('',(0,0,1));
#18015=DIRECTION('',(-0.7071067811865466,-0.7071067811865485,0));
#18016=FACE_BOUND('',#18017,.T.);
#18017=EDGE_LOOP('',(#18018,#18019,#18020));
#18018=ORIENTED_EDGE('',*,*,#18021,.T.);
#18019=ORIENTED_EDGE('',*,*,#18022,.T.);
#18020=ORIENTED_EDGE('',*,*,#18023,.T.);
#18021=EDGE_CURVE('',#10335,#10337,#18024,.F.);
#18022=EDGE_CURVE('',#10337,#10339,#18025,.T.);
#18023=EDGE_CURVE('',#10339,#10335,#18026,.T.);
#18024=LINE('',#10334,#18027);
#18025=LINE('',#10336,#18028);
#18026=LINE('',#10338,#18029);
#18027=VECTOR('',#18030,1.0);
#18028=VECTOR('',#18031,1.0);
#18029=VECTOR('',#18032,1.0);
#18030=DIRECTION('',(-0.7071067811865466,-0.7071067811865485,0));
#18031=DIRECTION('',(1,0,0));
#18032=DIRECTION('',(0,1,0));
#18033=STYLED_ITEM('',(#25),#18034);
#18034=FACE_SURFACE('',(#18039),#18035,.T.);
#18035=PLANE('',#18036);
#18036=AXIS2_PLACEMENT_3D('',#10032,#18037,#18038);
#18037=DIRECTION('',(0,0,1));
#18038=DIRECTION('',(1,0,0));
#18039=FACE_BOUND('',#18040,.T.);
#18040=EDGE_LOOP('',(#18041,#18042,#18043));
#18041=ORIENTED_EDGE('',*,*,#18044,.T.);
#18042=ORIENTED_EDGE('',*,*,#18045,.T.);
#18043=ORIENTED_EDGE('',*,*,#18046,.T.);
#18044=EDGE_CURVE('',#10033,#9929,#18047,.F.);
#18045=EDGE_CURVE('',#9929,#9941,#18048,.T.);
#18046=EDGE_CURVE('',#9941,#10033,#18049,.T.);
#18047=LINE('',#10032,#18050);
#18048=LINE('',#9928,#18051);
#18049=LINE('',#9940,#18052);
#18050=VECTOR('',#18053,1.0);
#18051=VECTOR('',#18054,1.0);
#18052=VECTOR('',#18055,1.0);
#18053=DIRECTION('',(1,0,0));
#18054=DIRECTION('',(0.5909954814448439,0.8066748669146554,0));
#18055=DIRECTION('',(-0.8149681286956484,-0.5795057801353781,0));
#18056=STYLED_ITEM('',(#25),#18057);
#18057=FACE_SURFACE('',(#18062),#18058,.T.);
#18058=PLANE('',#18059);
#18059=AXIS2_PLACEMENT_3D('',#9878,#18060,#18061);
#18060=DIRECTION('',(0,0,1));
#18061=DIRECTION('',(-0.7071067811865475,0.7071067811865475,0));
#18062=FACE_BOUND('',#18063,.T.);
#18063=EDGE_LOOP('',(#18064,#18065,#18066));
#18064=ORIENTED_EDGE('',*,*,#18067,.T.);
#18065=ORIENTED_EDGE('',*,*,#18068,.T.);
#18066=ORIENTED_EDGE('',*,*,#18069,.T.);
#18067=EDGE_CURVE('',#9879,#9941,#18070,.F.);
#18068=EDGE_CURVE('',#9941,#9929,#18071,.T.);
#18069=EDGE_CURVE('',#9929,#9879,#18072,.T.);
#18070=LINE('',#9878,#18073);
#18071=LINE('',#9940,#18074);
#18072=LINE('',#9928,#18075);
#18073=VECTOR('',#18076,1.0);
#18074=VECTOR('',#18077,1.0);
#18075=VECTOR('',#18078,1.0);
#18076=DIRECTION('',(-0.7071067811865475,0.7071067811865475,0));
#18077=DIRECTION('',(-0.5909954814448439,-0.8066748669146554,0));
#18078=DIRECTION('',(0.8066748669146567,0.5909954814448424,0));
#18079=STYLED_ITEM('',(#25),#18080);
#18080=FACE_SURFACE('',(#18085),#18081,.T.);
#18081=PLANE('',#18082);
#18082=AXIS2_PLACEMENT_3D('',#10180,#18083,#18084);
#18083=DIRECTION('',(0,0,-1));
#18084=DIRECTION('',(-1,0,0));
#18085=FACE_BOUND('',#18086,.T.);
#18086=EDGE_LOOP('',(#18087,#18088,#18089));
#18087=ORIENTED_EDGE('',*,*,#18090,.T.);
#18088=ORIENTED_EDGE('',*,*,#18091,.T.);
#18089=ORIENTED_EDGE('',*,*,#18092,.T.);
#18090=EDGE_CURVE('',#10181,#10165,#18093,.F.);
#18091=EDGE_CURVE('',#10165,#10171,#18094,.T.);
#18092=EDGE_CURVE('',#10171,#10181,#18095,.T.);
#18093=LINE('',#10180,#18096);
#18094=LINE('',#10164,#18097);
#18095=LINE('',#10170,#18098);
#18096=VECTOR('',#18099,1.0);
#18097=VECTOR('',#18100,1.0);
#18098=VECTOR('',#18101,1.0);
#18099=DIRECTION('',(-1,0,0));
#18100=DIRECTION('',(0,1,0));
#18101=DIRECTION('',(0.707106781186547,-0.707106781186548,0));
#18102=STYLED_ITEM('',(#25),#18103);
#18103=FACE_SURFACE('',(#18108),#18104,.T.);
#18104=PLANE('',#18105);
#18105=AXIS2_PLACEMENT_3D('',#10180,#18106,#18107);
#18106=DIRECTION('',(0,0,-1));
#18107=DIRECTION('',(-0.707106781186547,0.707106781186548,0));
#18108=FACE_BOUND('',#18109,.T.);
#18109=EDGE_LOOP('',(#18110,#18111,#18112));
#18110=ORIENTED_EDGE('',*,*,#18113,.T.);
#18111=ORIENTED_EDGE('',*,*,#18114,.T.);
#18112=ORIENTED_EDGE('',*,*,#18115,.T.);
#18113=EDGE_CURVE('',#10181,#10171,#18116,.F.);
#18114=EDGE_CURVE('',#10171,#10175,#18117,.T.);
#18115=EDGE_CURVE('',#10175,#10181,#18118,.T.);
#18116=LINE('',#10180,#18119);
#18117=LINE('',#10170,#18120);
#18118=LINE('',#10174,#18121);
#18119=VECTOR('',#18122,1.0);
#18120=VECTOR('',#18123,1.0);
#18121=VECTOR('',#18124,1.0);
#18122=DIRECTION('',(-0.707106781186547,0.707106781186548,0));
#18123=DIRECTION('',(1,0,0));
#18124=DIRECTION('',(0,-1,0));
#18125=STYLED_ITEM('',(#25),#18126);
#18126=FACE_SURFACE('',(#18131),#18127,.T.);
#18127=PLANE('',#18128);
#18128=AXIS2_PLACEMENT_3D('',#10294,#18129,#18130);
#18129=DIRECTION('',(-1,-0,-0));
#18130=DIRECTION('',(0,0,-1));
#18131=FACE_BOUND('',#18132,.T.);
#18132=EDGE_LOOP('',(#18133,#18134,#18135));
#18133=ORIENTED_EDGE('',*,*,#18136,.T.);
#18134=ORIENTED_EDGE('',*,*,#18137,.T.);
#18135=ORIENTED_EDGE('',*,*,#18138,.T.);
#18136=EDGE_CURVE('',#10295,#10169,#18139,.F.);
#18137=EDGE_CURVE('',#10169,#10297,#18140,.T.);
#18138=EDGE_CURVE('',#10297,#10295,#18141,.T.);
#18139=LINE('',#10294,#18142);
#18140=LINE('',#10168,#18143);
#18141=LINE('',#10296,#18144);
#18142=VECTOR('',#18145,1.0);
#18143=VECTOR('',#18146,1.0);
#18144=VECTOR('',#18147,1.0);
#18145=DIRECTION('',(0,0,-1));
#18146=DIRECTION('',(0,-0.10893684089886697,0.9940486732021603));
#18147=DIRECTION('',(0,1,0));
#18148=STYLED_ITEM('',(#25),#18149);
#18149=FACE_SURFACE('',(#18154),#18150,.T.);
#18150=PLANE('',#18151);
#18151=AXIS2_PLACEMENT_3D('',#10166,#18152,#18153);
#18152=DIRECTION('',(-1,0,0));
#18153=DIRECTION('',(0,0,1));
#18154=FACE_BOUND('',#18155,.T.);
#18155=EDGE_LOOP('',(#18156,#18157,#18158));
#18156=ORIENTED_EDGE('',*,*,#18159,.T.);
#18157=ORIENTED_EDGE('',*,*,#18160,.T.);
#18158=ORIENTED_EDGE('',*,*,#18161,.T.);
#18159=EDGE_CURVE('',#10167,#10297,#18162,.F.);
#18160=EDGE_CURVE('',#10297,#10169,#18163,.T.);
#18161=EDGE_CURVE('',#10169,#10167,#18164,.T.);
#18162=LINE('',#10166,#18165);
#18163=LINE('',#10296,#18166);
#18164=LINE('',#10168,#18167);
#18165=VECTOR('',#18168,1.0);
#18166=VECTOR('',#18169,1.0);
#18167=VECTOR('',#18170,1.0);
#18168=DIRECTION('',(0,0,1));
#18169=DIRECTION('',(0,0.10893684089886697,-0.9940486732021603));
#18170=DIRECTION('',(0,-1,0));
#18171=STYLED_ITEM('',(#25),#18172);
#18172=FACE_SURFACE('',(#18177),#18173,.T.);
#18173=PLANE('',#18174);
#18174=AXIS2_PLACEMENT_3D('',#10256,#18175,#18176);
#18175=DIRECTION('',(0,0,1));
#18176=DIRECTION('',(-1,0,0));
#18177=FACE_BOUND('',#18178,.T.);
#18178=EDGE_LOOP('',(#18179,#18180,#18181));
#18179=ORIENTED_EDGE('',*,*,#18182,.T.);
#18180=ORIENTED_EDGE('',*,*,#18183,.T.);
#18181=ORIENTED_EDGE('',*,*,#18184,.T.);
#18182=EDGE_CURVE('',#10257,#10283,#18185,.F.);
#18183=EDGE_CURVE('',#10283,#10271,#18186,.T.);
#18184=EDGE_CURVE('',#10271,#10257,#18187,.T.);
#18185=LINE('',#10256,#18188);
#18186=LINE('',#10282,#18189);
#18187=LINE('',#10270,#18190);
#18188=VECTOR('',#18191,1.0);
#18189=VECTOR('',#18192,1.0);
#18190=VECTOR('',#18193,1.0);
#18191=DIRECTION('',(-1,0,0));
#18192=DIRECTION('',(0,-1,0));
#18193=DIRECTION('',(0.7071067811865476,0.7071067811865476,0));
#18194=STYLED_ITEM('',(#25),#18195);
#18195=FACE_SURFACE('',(#18200),#18196,.T.);
#18196=PLANE('',#18197);
#18197=AXIS2_PLACEMENT_3D('',#10256,#18198,#18199);
#18198=DIRECTION('',(0,0,1));
#18199=DIRECTION('',(-0.7071067811865476,-0.7071067811865476,0));
#18200=FACE_BOUND('',#18201,.T.);
#18201=EDGE_LOOP('',(#18202,#18203,#18204));
#18202=ORIENTED_EDGE('',*,*,#18205,.T.);
#18203=ORIENTED_EDGE('',*,*,#18206,.T.);
#18204=ORIENTED_EDGE('',*,*,#18207,.T.);
#18205=EDGE_CURVE('',#10257,#10271,#18208,.F.);
#18206=EDGE_CURVE('',#10271,#10255,#18209,.T.);
#18207=EDGE_CURVE('',#10255,#10257,#18210,.T.);
#18208=LINE('',#10256,#18211);
#18209=LINE('',#10270,#18212);
#18210=LINE('',#10254,#18213);
#18211=VECTOR('',#18214,1.0);
#18212=VECTOR('',#18215,1.0);
#18213=VECTOR('',#18216,1.0);
#18214=DIRECTION('',(-0.7071067811865476,-0.7071067811865476,0));
#18215=DIRECTION('',(1,0,0));
#18216=DIRECTION('',(0,1,0));
#18217=STYLED_ITEM('',(#25),#18218);
#18218=FACE_SURFACE('',(#18223),#18219,.T.);
#18219=PLANE('',#18220);
#18220=AXIS2_PLACEMENT_3D('',#9986,#18221,#18222);
#18221=DIRECTION('',(0,0,-1));
#18222=DIRECTION('',(0,1,0));
#18223=FACE_BOUND('',#18224,.T.);
#18224=EDGE_LOOP('',(#18225,#18226,#18227));
#18225=ORIENTED_EDGE('',*,*,#18228,.T.);
#18226=ORIENTED_EDGE('',*,*,#18229,.T.);
#18227=ORIENTED_EDGE('',*,*,#18230,.T.);
#18228=EDGE_CURVE('',#9987,#10341,#18231,.F.);
#18229=EDGE_CURVE('',#10341,#9989,#18232,.T.);
#18230=EDGE_CURVE('',#9989,#9987,#18233,.T.);
#18231=LINE('',#9986,#18234);
#18232=LINE('',#10340,#18235);
#18233=LINE('',#9988,#18236);
#18234=VECTOR('',#18237,1.0);
#18235=VECTOR('',#18238,1.0);
#18236=VECTOR('',#18239,1.0);
#18237=DIRECTION('',(0,1,0));
#18238=DIRECTION('',(1,0,0));
#18239=DIRECTION('',(-0.9476810187845452,-0.31921886948532074,0));
#18240=STYLED_ITEM('',(#25),#18241);
#18241=FACE_SURFACE('',(#18246),#18242,.T.);
#18242=PLANE('',#18243);
#18243=AXIS2_PLACEMENT_3D('',#10150,#18244,#18245);
#18244=DIRECTION('',(0,-0,-1));
#18245=DIRECTION('',(0.7071067811865481,-0.7071067811865468,0));
#18246=FACE_BOUND('',#18247,.T.);
#18247=EDGE_LOOP('',(#18248,#18249,#18250));
#18248=ORIENTED_EDGE('',*,*,#18251,.T.);
#18249=ORIENTED_EDGE('',*,*,#18252,.T.);
#18250=ORIENTED_EDGE('',*,*,#18253,.T.);
#18251=EDGE_CURVE('',#10151,#9991,#18254,.F.);
#18252=EDGE_CURVE('',#9991,#10341,#18255,.T.);
#18253=EDGE_CURVE('',#10341,#10151,#18256,.T.);
#18254=LINE('',#10150,#18257);
#18255=LINE('',#9990,#18258);
#18256=LINE('',#10340,#18259);
#18257=VECTOR('',#18260,1.0);
#18258=VECTOR('',#18261,1.0);
#18259=VECTOR('',#18262,1.0);
#18260=DIRECTION('',(0.7071067811865481,-0.7071067811865468,0));
#18261=DIRECTION('',(-0.8066748669146564,-0.5909954814448428,0));
#18262=DIRECTION('',(0.5909954814448432,0.8066748669146562,0));
#18263=STYLED_ITEM('',(#25),#18264);
#18264=FACE_SURFACE('',(#18269),#18265,.T.);
#18265=PLANE('',#18266);
#18266=AXIS2_PLACEMENT_3D('',#10340,#18267,#18268);
#18267=DIRECTION('',(0,0,-1));
#18268=DIRECTION('',(-1,0,0));
#18269=FACE_BOUND('',#18270,.T.);
#18270=EDGE_LOOP('',(#18271,#18272,#18273));
#18271=ORIENTED_EDGE('',*,*,#18274,.T.);
#18272=ORIENTED_EDGE('',*,*,#18275,.T.);
#18273=ORIENTED_EDGE('',*,*,#18276,.T.);
#18274=EDGE_CURVE('',#10341,#10295,#18277,.F.);
#18275=EDGE_CURVE('',#10295,#10151,#18278,.T.);
#18276=EDGE_CURVE('',#10151,#10341,#18279,.T.);
#18277=LINE('',#10340,#18280);
#18278=LINE('',#10294,#18281);
#18279=LINE('',#10150,#18282);
#18280=VECTOR('',#18283,1.0);
#18281=VECTOR('',#18284,1.0);
#18282=VECTOR('',#18285,1.0);
#18283=DIRECTION('',(-1,0,0));
#18284=DIRECTION('',(0.8149681286956483,0.5795057801353781,0));
#18285=DIRECTION('',(-0.5909954814448432,-0.8066748669146562,0));
#18286=STYLED_ITEM('',(#25),#18287);
#18287=FACE_SURFACE('',(#18292),#18288,.T.);
#18288=PLANE('',#18289);
#18289=AXIS2_PLACEMENT_3D('',#10176,#18290,#18291);
#18290=DIRECTION('',(0,0,-1));
#18291=DIRECTION('',(1,0,0));
#18292=FACE_BOUND('',#18293,.T.);
#18293=EDGE_LOOP('',(#18294,#18295,#18296));
#18294=ORIENTED_EDGE('',*,*,#18297,.T.);
#18295=ORIENTED_EDGE('',*,*,#18298,.T.);
#18296=ORIENTED_EDGE('',*,*,#18299,.T.);
#18297=EDGE_CURVE('',#10177,#10151,#18300,.F.);
#18298=EDGE_CURVE('',#10151,#10295,#18301,.T.);
#18299=EDGE_CURVE('',#10295,#10177,#18302,.T.);
#18300=LINE('',#10176,#18303);
#18301=LINE('',#10150,#18304);
#18302=LINE('',#10294,#18305);
#18303=VECTOR('',#18306,1.0);
#18304=VECTOR('',#18307,1.0);
#18305=VECTOR('',#18308,1.0);
#18306=DIRECTION('',(1,0,0));
#18307=DIRECTION('',(-0.8149681286956483,-0.5795057801353781,0));
#18308=DIRECTION('',(-0.5909954814448432,0.8066748669146562,0));
#18309=STYLED_ITEM('',(#25),#18310);
#18310=FACE_SURFACE('',(#18315),#18311,.T.);
#18311=PLANE('',#18312);
#18312=AXIS2_PLACEMENT_3D('',#9878,#18313,#18314);
#18313=DIRECTION('',(-0,0,1));
#18314=DIRECTION('',(0.8066748669146567,-0.5909954814448424,0));
#18315=FACE_BOUND('',#18316,.T.);
#18316=EDGE_LOOP('',(#18317,#18318,#18319));
#18317=ORIENTED_EDGE('',*,*,#18320,.T.);
#18318=ORIENTED_EDGE('',*,*,#18321,.T.);
#18319=ORIENTED_EDGE('',*,*,#18322,.T.);
#18320=EDGE_CURVE('',#9879,#10343,#18323,.F.);
#18321=EDGE_CURVE('',#10343,#9861,#18324,.T.);
#18322=EDGE_CURVE('',#9861,#9879,#18325,.T.);
#18323=LINE('',#9878,#18326);
#18324=LINE('',#10342,#18327);
#18325=LINE('',#9860,#18328);
#18326=VECTOR('',#18329,1.0);
#18327=VECTOR('',#18330,1.0);
#18328=VECTOR('',#18331,1.0);
#18329=DIRECTION('',(0.8066748669146567,-0.5909954814448424,0));
#18330=DIRECTION('',(-0.5909954814448439,0.8066748669146554,0));
#18331=DIRECTION('',(-0.7071067811865475,-0.7071067811865475,0));
#18332=STYLED_ITEM('',(#25),#18333);
#18333=FACE_SURFACE('',(#18338),#18334,.T.);
#18334=PLANE('',#18335);
#18335=AXIS2_PLACEMENT_3D('',#10344,#18336,#18337);
#18336=DIRECTION('',(0,0,1));
#18337=DIRECTION('',(1,0,0));
#18338=FACE_BOUND('',#18339,.T.);
#18339=EDGE_LOOP('',(#18340,#18341,#18342));
#18340=ORIENTED_EDGE('',*,*,#18343,.T.);
#18341=ORIENTED_EDGE('',*,*,#18344,.T.);
#18342=ORIENTED_EDGE('',*,*,#18345,.T.);
#18343=EDGE_CURVE('',#10345,#10347,#18346,.F.);
#18344=EDGE_CURVE('',#10347,#10349,#18347,.T.);
#18345=EDGE_CURVE('',#10349,#10345,#18348,.T.);
#18346=LINE('',#10344,#18349);
#18347=LINE('',#10346,#18350);
#18348=LINE('',#10348,#18351);
#18349=VECTOR('',#18352,1.0);
#18350=VECTOR('',#18353,1.0);
#18351=VECTOR('',#18354,1.0);
#18352=DIRECTION('',(1,0,0));
#18353=DIRECTION('',(0,1,0));
#18354=DIRECTION('',(-0.707106781186547,-0.707106781186548,0));
#18355=STYLED_ITEM('',(#25),#18356);
#18356=FACE_SURFACE('',(#18361),#18357,.T.);
#18357=PLANE('',#18358);
#18358=AXIS2_PLACEMENT_3D('',#10344,#18359,#18360);
#18359=DIRECTION('',(0,0,1));
#18360=DIRECTION('',(0.707106781186547,0.707106781186548,0));
#18361=FACE_BOUND('',#18362,.T.);
#18362=EDGE_LOOP('',(#18363,#18364,#18365));
#18363=ORIENTED_EDGE('',*,*,#18366,.T.);
#18364=ORIENTED_EDGE('',*,*,#18367,.T.);
#18365=ORIENTED_EDGE('',*,*,#18368,.T.);
#18366=EDGE_CURVE('',#10345,#10349,#18369,.F.);
#18367=EDGE_CURVE('',#10349,#10351,#18370,.T.);
#18368=EDGE_CURVE('',#10351,#10345,#18371,.T.);
#18369=LINE('',#10344,#18372);
#18370=LINE('',#10348,#18373);
#18371=LINE('',#10350,#18374);
#18372=VECTOR('',#18375,1.0);
#18373=VECTOR('',#18376,1.0);
#18374=VECTOR('',#18377,1.0);
#18375=DIRECTION('',(0.707106781186547,0.707106781186548,0));
#18376=DIRECTION('',(-1,0,0));
#18377=DIRECTION('',(0,-1,0));
#18378=STYLED_ITEM('',(#25),#18379);
#18379=FACE_SURFACE('',(#18384),#18380,.T.);
#18380=PLANE('',#18381);
#18381=AXIS2_PLACEMENT_3D('',#10352,#18382,#18383);
#18382=DIRECTION('',(0,1,0));
#18383=DIRECTION('',(0,0,1));
#18384=FACE_BOUND('',#18385,.T.);
#18385=EDGE_LOOP('',(#18386,#18387,#18388));
#18386=ORIENTED_EDGE('',*,*,#18389,.T.);
#18387=ORIENTED_EDGE('',*,*,#18390,.T.);
#18388=ORIENTED_EDGE('',*,*,#18391,.T.);
#18389=EDGE_CURVE('',#10353,#10327,#18392,.F.);
#18390=EDGE_CURVE('',#10327,#10355,#18393,.T.);
#18391=EDGE_CURVE('',#10355,#10353,#18394,.T.);
#18392=LINE('',#10352,#18395);
#18393=LINE('',#10326,#18396);
#18394=LINE('',#10354,#18397);
#18395=VECTOR('',#18398,1.0);
#18396=VECTOR('',#18399,1.0);
#18397=VECTOR('',#18400,1.0);
#18398=DIRECTION('',(0,0,1));
#18399=DIRECTION('',(0.10893684089886697,0,-0.9940486732021603));
#18400=DIRECTION('',(-1,0,0));
#18401=STYLED_ITEM('',(#25),#18402);
#18402=FACE_SURFACE('',(#18407),#18403,.T.);
#18403=PLANE('',#18404);
#18404=AXIS2_PLACEMENT_3D('',#10322,#18405,#18406);
#18405=DIRECTION('',(0,1,0));
#18406=DIRECTION('',(0,0,-1));
#18407=FACE_BOUND('',#18408,.T.);
#18408=EDGE_LOOP('',(#18409,#18410,#18411));
#18409=ORIENTED_EDGE('',*,*,#18412,.T.);
#18410=ORIENTED_EDGE('',*,*,#18413,.T.);
#18411=ORIENTED_EDGE('',*,*,#18414,.T.);
#18412=EDGE_CURVE('',#10323,#10355,#18415,.F.);
#18413=EDGE_CURVE('',#10355,#10327,#18416,.T.);
#18414=EDGE_CURVE('',#10327,#10323,#18417,.T.);
#18415=LINE('',#10322,#18418);
#18416=LINE('',#10354,#18419);
#18417=LINE('',#10326,#18420);
#18418=VECTOR('',#18421,1.0);
#18419=VECTOR('',#18422,1.0);
#18420=VECTOR('',#18423,1.0);
#18421=DIRECTION('',(0,0,-1));
#18422=DIRECTION('',(-0.10893684089886697,0,0.9940486732021603));
#18423=DIRECTION('',(1,0,0));
#18424=STYLED_ITEM('',(#25),#18425);
#18425=FACE_SURFACE('',(#18430),#18426,.T.);
#18426=PLANE('',#18427);
#18427=AXIS2_PLACEMENT_3D('',#10210,#18428,#18429);
#18428=DIRECTION('',(0,-1,0));
#18429=DIRECTION('',(0.10893684089886697,0,0.9940486732021603));
#18430=FACE_BOUND('',#18431,.T.);
#18431=EDGE_LOOP('',(#18432,#18433,#18434));
#18432=ORIENTED_EDGE('',*,*,#18435,.T.);
#18433=ORIENTED_EDGE('',*,*,#18436,.T.);
#18434=ORIENTED_EDGE('',*,*,#18437,.T.);
#18435=EDGE_CURVE('',#10211,#10293,#18438,.F.);
#18436=EDGE_CURVE('',#10293,#10331,#18439,.T.);
#18437=EDGE_CURVE('',#10331,#10211,#18440,.T.);
#18438=LINE('',#10210,#18441);
#18439=LINE('',#10292,#18442);
#18440=LINE('',#10330,#18443);
#18441=VECTOR('',#18444,1.0);
#18442=VECTOR('',#18445,1.0);
#18443=VECTOR('',#18446,1.0);
#18444=DIRECTION('',(0.10893684089886697,0,0.9940486732021603));
#18445=DIRECTION('',(-1,0,0));
#18446=DIRECTION('',(0,0,-1));
#18447=STYLED_ITEM('',(#25),#18448);
#18448=FACE_SURFACE('',(#18453),#18449,.T.);
#18449=PLANE('',#18450);
#18450=AXIS2_PLACEMENT_3D('',#10168,#18451,#18452);
#18451=DIRECTION('',(0,1,0));
#18452=DIRECTION('',(0,0,1));
#18453=FACE_BOUND('',#18454,.T.);
#18454=EDGE_LOOP('',(#18455,#18456,#18457));
#18455=ORIENTED_EDGE('',*,*,#18458,.T.);
#18456=ORIENTED_EDGE('',*,*,#18459,.T.);
#18457=ORIENTED_EDGE('',*,*,#18460,.T.);
#18458=EDGE_CURVE('',#10169,#10295,#18461,.F.);
#18459=EDGE_CURVE('',#10295,#10173,#18462,.T.);
#18460=EDGE_CURVE('',#10173,#10169,#18463,.T.);
#18461=LINE('',#10168,#18464);
#18462=LINE('',#10294,#18465);
#18463=LINE('',#10172,#18466);
#18464=VECTOR('',#18467,1.0);
#18465=VECTOR('',#18468,1.0);
#18466=VECTOR('',#18469,1.0);
#18467=DIRECTION('',(0,0,1));
#18468=DIRECTION('',(0.1089368408988669,0,-0.9940486732021603));
#18469=DIRECTION('',(-1,0,0));
#18470=STYLED_ITEM('',(#25),#18471);
#18471=FACE_SURFACE('',(#18476),#18472,.T.);
#18472=PLANE('',#18473);
#18473=AXIS2_PLACEMENT_3D('',#10340,#18474,#18475);
#18474=DIRECTION('',(0,1,0));
#18475=DIRECTION('',(0,0,-1));
#18476=FACE_BOUND('',#18477,.T.);
#18477=EDGE_LOOP('',(#18478,#18479,#18480));
#18478=ORIENTED_EDGE('',*,*,#18481,.T.);
#18479=ORIENTED_EDGE('',*,*,#18482,.T.);
#18480=ORIENTED_EDGE('',*,*,#18483,.T.);
#18481=EDGE_CURVE('',#10341,#10173,#18484,.F.);
#18482=EDGE_CURVE('',#10173,#10295,#18485,.T.);
#18483=EDGE_CURVE('',#10295,#10341,#18486,.T.);
#18484=LINE('',#10340,#18487);
#18485=LINE('',#10172,#18488);
#18486=LINE('',#10294,#18489);
#18487=VECTOR('',#18490,1.0);
#18488=VECTOR('',#18491,1.0);
#18489=VECTOR('',#18492,1.0);
#18490=DIRECTION('',(0,0,-1));
#18491=DIRECTION('',(-0.1089368408988669,0,0.9940486732021603));
#18492=DIRECTION('',(1,0,0));
#18493=STYLED_ITEM('',(#25),#18494);
#18494=FACE_SURFACE('',(#18499),#18495,.T.);
#18495=PLANE('',#18496);
#18496=AXIS2_PLACEMENT_3D('',#10322,#18497,#18498);
#18497=DIRECTION('',(0,0,-1));
#18498=DIRECTION('',(0.8066748669146562,0.590995481444843,0));
#18499=FACE_BOUND('',#18500,.T.);
#18500=EDGE_LOOP('',(#18501,#18502,#18503));
#18501=ORIENTED_EDGE('',*,*,#18504,.T.);
#18502=ORIENTED_EDGE('',*,*,#18505,.T.);
#18503=ORIENTED_EDGE('',*,*,#18506,.T.);
#18504=EDGE_CURVE('',#10323,#10265,#18507,.F.);
#18505=EDGE_CURVE('',#10265,#10357,#18508,.T.);
#18506=EDGE_CURVE('',#10357,#10323,#18509,.T.);
#18507=LINE('',#10322,#18510);
#18508=LINE('',#10264,#18511);
#18509=LINE('',#10356,#18512);
#18510=VECTOR('',#18513,1.0);
#18511=VECTOR('',#18514,1.0);
#18512=VECTOR('',#18515,1.0);
#18513=DIRECTION('',(0.8066748669146562,0.590995481444843,0));
#18514=DIRECTION('',(-0.5795057801353781,-0.8149681286956484,0));
#18515=DIRECTION('',(0,1,0));
#18516=STYLED_ITEM('',(#25),#18517);
#18517=FACE_SURFACE('',(#18522),#18518,.T.);
#18518=PLANE('',#18519);
#18519=AXIS2_PLACEMENT_3D('',#10264,#18520,#18521);
#18520=DIRECTION('',(0,-0,-1));
#18521=DIRECTION('',(0,-1,0));
#18522=FACE_BOUND('',#18523,.T.);
#18523=EDGE_LOOP('',(#18524,#18525,#18526));
#18524=ORIENTED_EDGE('',*,*,#18527,.T.);
#18525=ORIENTED_EDGE('',*,*,#18528,.T.);
#18526=ORIENTED_EDGE('',*,*,#18529,.T.);
#18527=EDGE_CURVE('',#10265,#10261,#18530,.F.);
#18528=EDGE_CURVE('',#10261,#10357,#18531,.T.);
#18529=EDGE_CURVE('',#10357,#10265,#18532,.T.);
#18530=LINE('',#10264,#18533);
#18531=LINE('',#10260,#18534);
#18532=LINE('',#10356,#18535);
#18533=VECTOR('',#18536,1.0);
#18534=VECTOR('',#18537,1.0);
#18535=VECTOR('',#18538,1.0);
#18536=DIRECTION('',(0,-1,0));
#18537=DIRECTION('',(-0.8066748669146562,0.590995481444843,0));
#18538=DIRECTION('',(0.5795057801353781,0.8149681286956484,0));
#18539=STYLED_ITEM('',(#25),#18540);
#18540=FACE_SURFACE('',(#18545),#18541,.T.);
#18541=PLANE('',#18542);
#18542=AXIS2_PLACEMENT_3D('',#9916,#18543,#18544);
#18543=DIRECTION('',(0,0,-1));
#18544=DIRECTION('',(-0.590995481444842,0.8066748669146568,0));
#18545=FACE_BOUND('',#18546,.T.);
#18546=EDGE_LOOP('',(#18547,#18548,#18549));
#18547=ORIENTED_EDGE('',*,*,#18550,.T.);
#18548=ORIENTED_EDGE('',*,*,#18551,.T.);
#18549=ORIENTED_EDGE('',*,*,#18552,.T.);
#18550=EDGE_CURVE('',#9917,#10357,#18553,.F.);
#18551=EDGE_CURVE('',#10357,#10261,#18554,.T.);
#18552=EDGE_CURVE('',#10261,#9917,#18555,.T.);
#18553=LINE('',#9916,#18556);
#18554=LINE('',#10356,#18557);
#18555=LINE('',#10260,#18558);
#18556=VECTOR('',#18559,1.0);
#18557=VECTOR('',#18560,1.0);
#18558=VECTOR('',#18561,1.0);
#18559=DIRECTION('',(-0.590995481444842,0.8066748669146568,0));
#18560=DIRECTION('',(0.8066748669146562,-0.590995481444843,0));
#18561=DIRECTION('',(-0.7071067811865499,-0.707106781186545,0));
#18562=STYLED_ITEM('',(#25),#18563);
#18563=FACE_SURFACE('',(#18568),#18564,.T.);
#18564=PLANE('',#18565);
#18565=AXIS2_PLACEMENT_3D('',#10136,#18566,#18567);
#18566=DIRECTION('',(0,0,-1));
#18567=DIRECTION('',(-0.7071067811865475,0.7071067811865475,0));
#18568=FACE_BOUND('',#18569,.T.);
#18569=EDGE_LOOP('',(#18570,#18571,#18572));
#18570=ORIENTED_EDGE('',*,*,#18573,.T.);
#18571=ORIENTED_EDGE('',*,*,#18574,.T.);
#18572=ORIENTED_EDGE('',*,*,#18575,.T.);
#18573=EDGE_CURVE('',#10137,#10359,#18576,.F.);
#18574=EDGE_CURVE('',#10359,#10331,#18577,.T.);
#18575=EDGE_CURVE('',#10331,#10137,#18578,.T.);
#18576=LINE('',#10136,#18579);
#18577=LINE('',#10358,#18580);
#18578=LINE('',#10330,#18581);
#18579=VECTOR('',#18582,1.0);
#18580=VECTOR('',#18583,1.0);
#18581=VECTOR('',#18584,1.0);
#18582=DIRECTION('',(-0.7071067811865475,0.7071067811865475,0));
#18583=DIRECTION('',(0.8066748669146564,0.5909954814448427,0));
#18584=DIRECTION('',(-0.5909954814448436,-0.8066748669146558,0));
#18585=STYLED_ITEM('',(#25),#18586);
#18586=FACE_SURFACE('',(#18591),#18587,.T.);
#18587=PLANE('',#18588);
#18588=AXIS2_PLACEMENT_3D('',#10358,#18589,#18590);
#18589=DIRECTION('',(0,0,-1));
#18590=DIRECTION('',(-0.8066748669146564,0.5909954814448427,0));
#18591=FACE_BOUND('',#18592,.T.);
#18592=EDGE_LOOP('',(#18593,#18594,#18595));
#18593=ORIENTED_EDGE('',*,*,#18596,.T.);
#18594=ORIENTED_EDGE('',*,*,#18597,.T.);
#18595=ORIENTED_EDGE('',*,*,#18598,.T.);
#18596=EDGE_CURVE('',#10359,#10361,#18599,.F.);
#18597=EDGE_CURVE('',#10361,#10331,#18600,.T.);
#18598=EDGE_CURVE('',#10331,#10359,#18601,.T.);
#18599=LINE('',#10358,#18602);
#18600=LINE('',#10360,#18603);
#18601=LINE('',#10330,#18604);
#18602=VECTOR('',#18605,1.0);
#18603=VECTOR('',#18606,1.0);
#18604=VECTOR('',#18607,1.0);
#18605=DIRECTION('',(-0.8066748669146564,0.5909954814448427,0));
#18606=DIRECTION('',(1,0,0));
#18607=DIRECTION('',(-0.8066748669146564,-0.5909954814448427,0));
#18608=STYLED_ITEM('',(#25),#18609);
#18609=FACE_SURFACE('',(#18614),#18610,.T.);
#18610=PLANE('',#18611);
#18611=AXIS2_PLACEMENT_3D('',#9864,#18612,#18613);
#18612=DIRECTION('',(0.7071067811865476,0.7071067811865476,0));
#18613=DIRECTION('',(-0.7071067811865475,0.7071067811865475,0));
#18614=FACE_BOUND('',#18615,.T.);
#18615=EDGE_LOOP('',(#18616,#18617,#18618));
#18616=ORIENTED_EDGE('',*,*,#18619,.T.);
#18617=ORIENTED_EDGE('',*,*,#18620,.T.);
#18618=ORIENTED_EDGE('',*,*,#18621,.T.);
#18619=EDGE_CURVE('',#9865,#9943,#18622,.F.);
#18620=EDGE_CURVE('',#9943,#9941,#18623,.T.);
#18621=EDGE_CURVE('',#9941,#9865,#18624,.T.);
#18622=LINE('',#9864,#18625);
#18623=LINE('',#9942,#18626);
#18624=LINE('',#9940,#18627);
#18625=VECTOR('',#18628,1.0);
#18626=VECTOR('',#18629,1.0);
#18627=VECTOR('',#18630,1.0);
#18628=DIRECTION('',(-0.7071067811865475,0.7071067811865475,0));
#18629=DIRECTION('',(0,0,1));
#18630=DIRECTION('',(0.09901475429766729,-0.09901475429766729,-0.9901475429766744));
#18631=STYLED_ITEM('',(#25),#18632);
#18632=FACE_SURFACE('',(#18637),#18633,.T.);
#18633=PLANE('',#18634);
#18634=AXIS2_PLACEMENT_3D('',#9864,#18635,#18636);
#18635=DIRECTION('',(0.7071067811865476,0.7071067811865476,-0));
#18636=DIRECTION('',(-0.09901475429766729,0.09901475429766729,0.9901475429766744));
#18637=FACE_BOUND('',#18638,.T.);
#18638=EDGE_LOOP('',(#18639,#18640,#18641));
#18639=ORIENTED_EDGE('',*,*,#18642,.T.);
#18640=ORIENTED_EDGE('',*,*,#18643,.T.);
#18641=ORIENTED_EDGE('',*,*,#18644,.T.);
#18642=EDGE_CURVE('',#9865,#9941,#18645,.F.);
#18643=EDGE_CURVE('',#9941,#9879,#18646,.T.);
#18644=EDGE_CURVE('',#9879,#9865,#18647,.T.);
#18645=LINE('',#9864,#18648);
#18646=LINE('',#9940,#18649);
#18647=LINE('',#9878,#18650);
#18648=VECTOR('',#18651,1.0);
#18649=VECTOR('',#18652,1.0);
#18650=VECTOR('',#18653,1.0);
#18651=DIRECTION('',(-0.09901475429766729,0.09901475429766729,0.9901475429766744));
#18652=DIRECTION('',(0.7071067811865475,-0.7071067811865475,0));
#18653=DIRECTION('',(0,0,-1));
#18654=STYLED_ITEM('',(#25),#18655);
#18655=FACE_SURFACE('',(#18660),#18656,.T.);
#18656=PLANE('',#18657);
#18657=AXIS2_PLACEMENT_3D('',#10322,#18658,#18659);
#18658=DIRECTION('',(1,0,0));
#18659=DIRECTION('',(0,-1,0));
#18660=FACE_BOUND('',#18661,.T.);
#18661=EDGE_LOOP('',(#18662,#18663,#18664));
#18662=ORIENTED_EDGE('',*,*,#18665,.T.);
#18663=ORIENTED_EDGE('',*,*,#18666,.T.);
#18664=ORIENTED_EDGE('',*,*,#18667,.T.);
#18665=EDGE_CURVE('',#10323,#10357,#18668,.F.);
#18666=EDGE_CURVE('',#10357,#10363,#18669,.T.);
#18667=EDGE_CURVE('',#10363,#10323,#18670,.T.);
#18668=LINE('',#10322,#18671);
#18669=LINE('',#10356,#18672);
#18670=LINE('',#10362,#18673);
#18671=VECTOR('',#18674,1.0);
#18672=VECTOR('',#18675,1.0);
#18673=VECTOR('',#18676,1.0);
#18674=DIRECTION('',(0,-1,0));
#18675=DIRECTION('',(0,0,-1));
#18676=DIRECTION('',(0,0.10893684089886697,0.9940486732021603));
#18677=STYLED_ITEM('',(#25),#18678);
#18678=FACE_SURFACE('',(#18683),#18679,.T.);
#18679=PLANE('',#18680);
#18680=AXIS2_PLACEMENT_3D('',#10228,#18681,#18682);
#18681=DIRECTION('',(0,0,-1));
#18682=DIRECTION('',(0.5909954814448432,0.8066748669146562,0));
#18683=FACE_BOUND('',#18684,.T.);
#18684=EDGE_LOOP('',(#18685,#18686,#18687));
#18685=ORIENTED_EDGE('',*,*,#18688,.T.);
#18686=ORIENTED_EDGE('',*,*,#18689,.T.);
#18687=ORIENTED_EDGE('',*,*,#18690,.T.);
#18688=EDGE_CURVE('',#10229,#10297,#18691,.F.);
#18689=EDGE_CURVE('',#10297,#9985,#18692,.T.);
#18690=EDGE_CURVE('',#9985,#10229,#18693,.T.);
#18691=LINE('',#10228,#18694);
#18692=LINE('',#10296,#18695);
#18693=LINE('',#9984,#18696);
#18694=VECTOR('',#18697,1.0);
#18695=VECTOR('',#18698,1.0);
#18696=VECTOR('',#18699,1.0);
#18697=DIRECTION('',(0.5909954814448432,0.8066748669146562,0));
#18698=DIRECTION('',(0.8149681286956483,-0.5795057801353781,0));
#18699=DIRECTION('',(-1,0,0));
#18700=STYLED_ITEM('',(#25),#18701);
#18701=FACE_SURFACE('',(#18706),#18702,.T.);
#18702=PLANE('',#18703);
#18703=AXIS2_PLACEMENT_3D('',#9990,#18704,#18705);
#18704=DIRECTION('',(0,-0,-1));
#18705=DIRECTION('',(0.8066748669146564,-0.5909954814448427,0));
#18706=FACE_BOUND('',#18707,.T.);
#18707=EDGE_LOOP('',(#18708,#18709,#18710));
#18708=ORIENTED_EDGE('',*,*,#18711,.T.);
#18709=ORIENTED_EDGE('',*,*,#18712,.T.);
#18710=ORIENTED_EDGE('',*,*,#18713,.T.);
#18711=EDGE_CURVE('',#9991,#9989,#18714,.F.);
#18712=EDGE_CURVE('',#9989,#10341,#18715,.T.);
#18713=EDGE_CURVE('',#10341,#9991,#18716,.T.);
#18714=LINE('',#9990,#18717);
#18715=LINE('',#9988,#18718);
#18716=LINE('',#10340,#18719);
#18717=VECTOR('',#18720,1.0);
#18718=VECTOR('',#18721,1.0);
#18719=VECTOR('',#18722,1.0);
#18720=DIRECTION('',(0.8066748669146564,-0.5909954814448427,0));
#18721=DIRECTION('',(-1,0,0));
#18722=DIRECTION('',(0.8066748669146564,0.5909954814448428,0));
#18723=STYLED_ITEM('',(#25),#18724);
#18724=FACE_SURFACE('',(#18729),#18725,.T.);
#18725=PLANE('',#18726);
#18726=AXIS2_PLACEMENT_3D('',#10206,#18727,#18728);
#18727=DIRECTION('',(-1,-0,0));
#18728=DIRECTION('',(0,-0.10893684089886697,-0.9940486732021603));
#18729=FACE_BOUND('',#18730,.T.);
#18730=EDGE_LOOP('',(#18731,#18732,#18733));
#18731=ORIENTED_EDGE('',*,*,#18734,.T.);
#18732=ORIENTED_EDGE('',*,*,#18735,.T.);
#18733=ORIENTED_EDGE('',*,*,#18736,.T.);
#18734=EDGE_CURVE('',#10207,#10211,#18737,.F.);
#18735=EDGE_CURVE('',#10211,#10331,#18738,.T.);
#18736=EDGE_CURVE('',#10331,#10207,#18739,.T.);
#18737=LINE('',#10206,#18740);
#18738=LINE('',#10210,#18741);
#18739=LINE('',#10330,#18742);
#18740=VECTOR('',#18743,1.0);
#18741=VECTOR('',#18744,1.0);
#18742=VECTOR('',#18745,1.0);
#18743=DIRECTION('',(0,-0.10893684089886697,-0.9940486732021603));
#18744=DIRECTION('',(0,0,1));
#18745=DIRECTION('',(0,1,0));
#18746=STYLED_ITEM('',(#25),#18747);
#18747=FACE_SURFACE('',(#18752),#18748,.T.);
#18748=PLANE('',#18749);
#18749=AXIS2_PLACEMENT_3D('',#9860,#18750,#18751);
#18750=DIRECTION('',(-0.7071067811865476,0.7071067811865476,0));
#18751=DIRECTION('',(-0.09901475429766729,-0.09901475429766729,-0.9901475429766744));
#18752=FACE_BOUND('',#18753,.T.);
#18753=EDGE_LOOP('',(#18754,#18755,#18756));
#18754=ORIENTED_EDGE('',*,*,#18757,.T.);
#18755=ORIENTED_EDGE('',*,*,#18758,.T.);
#18756=ORIENTED_EDGE('',*,*,#18759,.T.);
#18757=EDGE_CURVE('',#9861,#9865,#18760,.F.);
#18758=EDGE_CURVE('',#9865,#9879,#18761,.T.);
#18759=EDGE_CURVE('',#9879,#9861,#18762,.T.);
#18760=LINE('',#9860,#18763);
#18761=LINE('',#9864,#18764);
#18762=LINE('',#9878,#18765);
#18763=VECTOR('',#18766,1.0);
#18764=VECTOR('',#18767,1.0);
#18765=VECTOR('',#18768,1.0);
#18766=DIRECTION('',(-0.09901475429766729,-0.09901475429766729,-0.9901475429766744));
#18767=DIRECTION('',(0,0,1));
#18768=DIRECTION('',(0.7071067811865475,0.7071067811865475,0));
#18769=STYLED_ITEM('',(#25),#18770);
#18770=FACE_SURFACE('',(#18775),#18771,.T.);
#18771=PLANE('',#18772);
#18772=AXIS2_PLACEMENT_3D('',#10338,#18773,#18774);
#18773=DIRECTION('',(0.7071067811865437,0,0.7071067811865515));
#18774=DIRECTION('',(0.5773502691896278,-0.5773502691896278,-0.5773502691896215));
#18775=FACE_BOUND('',#18776,.T.);
#18776=EDGE_LOOP('',(#18777,#18778,#18779));
#18777=ORIENTED_EDGE('',*,*,#18780,.T.);
#18778=ORIENTED_EDGE('',*,*,#18781,.T.);
#18779=ORIENTED_EDGE('',*,*,#18782,.T.);
#18780=EDGE_CURVE('',#10339,#10193,#18783,.F.);
#18781=EDGE_CURVE('',#10193,#10191,#18784,.T.);
#18782=EDGE_CURVE('',#10191,#10339,#18785,.T.);
#18783=LINE('',#10338,#18786);
#18784=LINE('',#10192,#18787);
#18785=LINE('',#10190,#18788);
#18786=VECTOR('',#18789,1.0);
#18787=VECTOR('',#18790,1.0);
#18788=VECTOR('',#18791,1.0);
#18789=DIRECTION('',(0.5773502691896278,-0.5773502691896278,-0.5773502691896215));
#18790=DIRECTION('',(0,1,0));
#18791=DIRECTION('',(-0.30151134457776396,-0.9045340337332919,0.30151134457776063));
#18792=STYLED_ITEM('',(#25),#18793);
#18793=FACE_SURFACE('',(#18798),#18794,.T.);
#18794=PLANE('',#18795);
#18795=AXIS2_PLACEMENT_3D('',#10338,#18796,#18797);
#18796=DIRECTION('',(0.7071067811865437,-0,0.7071067811865515));
#18797=DIRECTION('',(0.30151134457776396,0.9045340337332919,-0.30151134457776063));
#18798=FACE_BOUND('',#18799,.T.);
#18799=EDGE_LOOP('',(#18800,#18801,#18802));
#18800=ORIENTED_EDGE('',*,*,#18803,.T.);
#18801=ORIENTED_EDGE('',*,*,#18804,.T.);
#18802=ORIENTED_EDGE('',*,*,#18805,.T.);
#18803=EDGE_CURVE('',#10339,#10191,#18806,.F.);
#18804=EDGE_CURVE('',#10191,#10335,#18807,.T.);
#18805=EDGE_CURVE('',#10335,#10339,#18808,.T.);
#18806=LINE('',#10338,#18809);
#18807=LINE('',#10190,#18810);
#18808=LINE('',#10334,#18811);
#18809=VECTOR('',#18812,1.0);
#18810=VECTOR('',#18813,1.0);
#18811=VECTOR('',#18814,1.0);
#18812=DIRECTION('',(0.30151134457776396,0.9045340337332919,-0.30151134457776063));
#18813=DIRECTION('',(-0.5773502691896278,-0.5773502691896278,0.5773502691896215));
#18814=DIRECTION('',(0,-1,0));
#18815=STYLED_ITEM('',(#25),#18816);
#18816=FACE_SURFACE('',(#18821),#18817,.T.);
#18817=PLANE('',#18818);
#18818=AXIS2_PLACEMENT_3D('',#10332,#18819,#18820);
#18819=DIRECTION('',(0,1,0));
#18820=DIRECTION('',(0,0,-1));
#18821=FACE_BOUND('',#18822,.T.);
#18822=EDGE_LOOP('',(#18823,#18824,#18825));
#18823=ORIENTED_EDGE('',*,*,#18826,.T.);
#18824=ORIENTED_EDGE('',*,*,#18827,.T.);
#18825=ORIENTED_EDGE('',*,*,#18828,.T.);
#18826=EDGE_CURVE('',#10333,#10325,#18829,.F.);
#18827=EDGE_CURVE('',#10325,#10221,#18830,.T.);
#18828=EDGE_CURVE('',#10221,#10333,#18831,.T.);
#18829=LINE('',#10332,#18832);
#18830=LINE('',#10324,#18833);
#18831=LINE('',#10220,#18834);
#18832=VECTOR('',#18835,1.0);
#18833=VECTOR('',#18836,1.0);
#18834=VECTOR('',#18837,1.0);
#18835=DIRECTION('',(0,0,-1));
#18836=DIRECTION('',(-0.6246950475544244,0,0.7808688094430302));
#18837=DIRECTION('',(1,0,0));
#18838=STYLED_ITEM('',(#25),#18839);
#18839=FACE_SURFACE('',(#18844),#18840,.T.);
#18840=PLANE('',#18841);
#18841=AXIS2_PLACEMENT_3D('',#10364,#18842,#18843);
#18842=DIRECTION('',(0,-0,-1));
#18843=DIRECTION('',(1,0,0));
#18844=FACE_BOUND('',#18845,.T.);
#18845=EDGE_LOOP('',(#18846,#18847,#18848));
#18846=ORIENTED_EDGE('',*,*,#18849,.T.);
#18847=ORIENTED_EDGE('',*,*,#18850,.T.);
#18848=ORIENTED_EDGE('',*,*,#18851,.T.);
#18849=EDGE_CURVE('',#10365,#10357,#18852,.F.);
#18850=EDGE_CURVE('',#10357,#9921,#18853,.T.);
#18851=EDGE_CURVE('',#9921,#10365,#18854,.T.);
#18852=LINE('',#10364,#18855);
#18853=LINE('',#10356,#18856);
#18854=LINE('',#9920,#18857);
#18855=VECTOR('',#18858,1.0);
#18856=VECTOR('',#18859,1.0);
#18857=VECTOR('',#18860,1.0);
#18858=DIRECTION('',(1,0,0));
#18859=DIRECTION('',(-0.8149681286956487,-0.5795057801353776,0));
#18860=DIRECTION('',(0.5909954814448439,0.8066748669146554,0));
#18861=STYLED_ITEM('',(#25),#18862);
#18862=FACE_SURFACE('',(#18867),#18863,.T.);
#18863=PLANE('',#18864);
#18864=AXIS2_PLACEMENT_3D('',#9916,#18865,#18866);
#18865=DIRECTION('',(0,0,-1));
#18866=DIRECTION('',(-1,0,0));
#18867=FACE_BOUND('',#18868,.T.);
#18868=EDGE_LOOP('',(#18869,#18870,#18871));
#18869=ORIENTED_EDGE('',*,*,#18872,.T.);
#18870=ORIENTED_EDGE('',*,*,#18873,.T.);
#18871=ORIENTED_EDGE('',*,*,#18874,.T.);
#18872=EDGE_CURVE('',#9917,#9921,#18875,.F.);
#18873=EDGE_CURVE('',#9921,#10357,#18876,.T.);
#18874=EDGE_CURVE('',#10357,#9917,#18877,.T.);
#18875=LINE('',#9916,#18878);
#18876=LINE('',#9920,#18879);
#18877=LINE('',#10356,#18880);
#18878=VECTOR('',#18881,1.0);
#18879=VECTOR('',#18882,1.0);
#18880=VECTOR('',#18883,1.0);
#18881=DIRECTION('',(-1,0,0));
#18882=DIRECTION('',(0.8149681286956487,0.5795057801353776,0));
#18883=DIRECTION('',(0.590995481444842,-0.8066748669146568,0));
#18884=STYLED_ITEM('',(#25),#18885);
#18885=FACE_SURFACE('',(#18890),#18886,.T.);
#18886=PLANE('',#18887);
#18887=AXIS2_PLACEMENT_3D('',#10340,#18888,#18889);
#18888=DIRECTION('',(1,0,0));
#18889=DIRECTION('',(0,-1,0));
#18890=FACE_BOUND('',#18891,.T.);
#18891=EDGE_LOOP('',(#18892,#18893,#18894));
#18892=ORIENTED_EDGE('',*,*,#18895,.T.);
#18893=ORIENTED_EDGE('',*,*,#18896,.T.);
#18894=ORIENTED_EDGE('',*,*,#18897,.T.);
#18895=EDGE_CURVE('',#10341,#9987,#18898,.F.);
#18896=EDGE_CURVE('',#9987,#10179,#18899,.T.);
#18897=EDGE_CURVE('',#10179,#10341,#18900,.T.);
#18898=LINE('',#10340,#18901);
#18899=LINE('',#9986,#18902);
#18900=LINE('',#10178,#18903);
#18901=VECTOR('',#18904,1.0);
#18902=VECTOR('',#18905,1.0);
#18903=VECTOR('',#18906,1.0);
#18904=DIRECTION('',(0,-1,0));
#18905=DIRECTION('',(0,0,-1));
#18906=DIRECTION('',(0,0.10893684089886697,0.9940486732021603));
#18907=STYLED_ITEM('',(#25),#18908);
#18908=FACE_SURFACE('',(#18913),#18909,.T.);
#18909=PLANE('',#18910);
#18910=AXIS2_PLACEMENT_3D('',#10340,#18911,#18912);
#18911=DIRECTION('',(1,0,0));
#18912=DIRECTION('',(0,-0.10893684089886697,-0.9940486732021603));
#18913=FACE_BOUND('',#18914,.T.);
#18914=EDGE_LOOP('',(#18915,#18916,#18917));
#18915=ORIENTED_EDGE('',*,*,#18918,.T.);
#18916=ORIENTED_EDGE('',*,*,#18919,.T.);
#18917=ORIENTED_EDGE('',*,*,#18920,.T.);
#18918=EDGE_CURVE('',#10341,#10179,#18921,.F.);
#18919=EDGE_CURVE('',#10179,#10173,#18922,.T.);
#18920=EDGE_CURVE('',#10173,#10341,#18923,.T.);
#18921=LINE('',#10340,#18924);
#18922=LINE('',#10178,#18925);
#18923=LINE('',#10172,#18926);
#18924=VECTOR('',#18927,1.0);
#18925=VECTOR('',#18928,1.0);
#18926=VECTOR('',#18929,1.0);
#18927=DIRECTION('',(0,-0.10893684089886697,-0.9940486732021603));
#18928=DIRECTION('',(0,1,0));
#18929=DIRECTION('',(0,0,1));
#18930=STYLED_ITEM('',(#25),#18931);
#18931=FACE_SURFACE('',(#18936),#18932,.T.);
#18932=PLANE('',#18933);
#18933=AXIS2_PLACEMENT_3D('',#10132,#18934,#18935);
#18934=DIRECTION('',(0,0,-1));
#18935=DIRECTION('',(-0.590995481444843,0.8066748669146562,0));
#18936=FACE_BOUND('',#18937,.T.);
#18937=EDGE_LOOP('',(#18938,#18939,#18940));
#18938=ORIENTED_EDGE('',*,*,#18941,.T.);
#18939=ORIENTED_EDGE('',*,*,#18942,.T.);
#18940=ORIENTED_EDGE('',*,*,#18943,.T.);
#18941=EDGE_CURVE('',#10133,#10361,#18944,.F.);
#18942=EDGE_CURVE('',#10361,#10359,#18945,.T.);
#18943=EDGE_CURVE('',#10359,#10133,#18946,.T.);
#18944=LINE('',#10132,#18947);
#18945=LINE('',#10360,#18948);
#18946=LINE('',#10358,#18949);
#18947=VECTOR('',#18950,1.0);
#18948=VECTOR('',#18951,1.0);
#18949=VECTOR('',#18952,1.0);
#18950=DIRECTION('',(-0.590995481444843,0.8066748669146562,0));
#18951=DIRECTION('',(0.8066748669146564,-0.5909954814448427,0));
#18952=DIRECTION('',(-0.7071067811865488,-0.7071067811865462,0));
#18953=STYLED_ITEM('',(#25),#18954);
#18954=FACE_SURFACE('',(#18959),#18955,.T.);
#18955=PLANE('',#18956);
#18956=AXIS2_PLACEMENT_3D('',#10184,#18957,#18958);
#18957=DIRECTION('',(0,-0.7071067811865436,0.7071067811865515));
#18958=DIRECTION('',(1,0,0));
#18959=FACE_BOUND('',#18960,.T.);
#18960=EDGE_LOOP('',(#18961,#18962,#18963));
#18961=ORIENTED_EDGE('',*,*,#18964,.T.);
#18962=ORIENTED_EDGE('',*,*,#18965,.T.);
#18963=ORIENTED_EDGE('',*,*,#18966,.T.);
#18964=EDGE_CURVE('',#10185,#10193,#18967,.F.);
#18965=EDGE_CURVE('',#10193,#10337,#18968,.T.);
#18966=EDGE_CURVE('',#10337,#10185,#18969,.T.);
#18967=LINE('',#10184,#18970);
#18968=LINE('',#10192,#18971);
#18969=LINE('',#10336,#18972);
#18970=VECTOR('',#18973,1.0);
#18971=VECTOR('',#18974,1.0);
#18972=VECTOR('',#18975,1.0);
#18973=DIRECTION('',(1,0,0));
#18974=DIRECTION('',(-0.9045340337332916,0.3015113445777644,0.3015113445777611));
#18975=DIRECTION('',(-0.5773502691896278,-0.5773502691896278,-0.5773502691896215));
#18976=STYLED_ITEM('',(#25),#18977);
#18977=FACE_SURFACE('',(#18982),#18978,.T.);
#18978=PLANE('',#18979);
#18979=AXIS2_PLACEMENT_3D('',#10338,#18980,#18981);
#18980=DIRECTION('',(0,-0.7071067811865437,0.7071067811865516));
#18981=DIRECTION('',(-1,0,0));
#18982=FACE_BOUND('',#18983,.T.);
#18983=EDGE_LOOP('',(#18984,#18985,#18986));
#18984=ORIENTED_EDGE('',*,*,#18987,.T.);
#18985=ORIENTED_EDGE('',*,*,#18988,.T.);
#18986=ORIENTED_EDGE('',*,*,#18989,.T.);
#18987=EDGE_CURVE('',#10339,#10337,#18990,.F.);
#18988=EDGE_CURVE('',#10337,#10193,#18991,.T.);
#18989=EDGE_CURVE('',#10193,#10339,#18992,.T.);
#18990=LINE('',#10338,#18993);
#18991=LINE('',#10336,#18994);
#18992=LINE('',#10192,#18995);
#18993=VECTOR('',#18996,1.0);
#18994=VECTOR('',#18997,1.0);
#18995=VECTOR('',#18998,1.0);
#18996=DIRECTION('',(-1,0,0));
#18997=DIRECTION('',(0.9045340337332916,-0.3015113445777644,-0.3015113445777611));
#18998=DIRECTION('',(-0.5773502691896278,0.5773502691896278,0.5773502691896215));
#18999=STYLED_ITEM('',(#25),#19000);
#19000=FACE_SURFACE('',(#19005),#19001,.T.);
#19001=PLANE('',#19002);
#19002=AXIS2_PLACEMENT_3D('',#10356,#19003,#19004);
#19003=DIRECTION('',(-0,-1,-0));
#19004=DIRECTION('',(-1,0,0));
#19005=FACE_BOUND('',#19006,.T.);
#19006=EDGE_LOOP('',(#19007,#19008,#19009));
#19007=ORIENTED_EDGE('',*,*,#19010,.T.);
#19008=ORIENTED_EDGE('',*,*,#19011,.T.);
#19009=ORIENTED_EDGE('',*,*,#19012,.T.);
#19010=EDGE_CURVE('',#10357,#10365,#19013,.F.);
#19011=EDGE_CURVE('',#10365,#10363,#19014,.T.);
#19012=EDGE_CURVE('',#10363,#10357,#19015,.T.);
#19013=LINE('',#10356,#19016);
#19014=LINE('',#10364,#19017);
#19015=LINE('',#10362,#19018);
#19016=VECTOR('',#19019,1.0);
#19017=VECTOR('',#19020,1.0);
#19018=VECTOR('',#19021,1.0);
#19019=DIRECTION('',(-1,0,0));
#19020=DIRECTION('',(0.10893684089886697,0,-0.9940486732021603));
#19021=DIRECTION('',(0,0,1));
#19022=STYLED_ITEM('',(#25),#19023);
#19023=FACE_SURFACE('',(#19028),#19024,.T.);
#19024=PLANE('',#19025);
#19025=AXIS2_PLACEMENT_3D('',#9986,#19026,#19027);
#19026=DIRECTION('',(-0,-0,-1));
#19027=DIRECTION('',(0.5909954814448432,-0.8066748669146562,0));
#19028=FACE_BOUND('',#19029,.T.);
#19029=EDGE_LOOP('',(#19030,#19031,#19032));
#19030=ORIENTED_EDGE('',*,*,#19033,.T.);
#19031=ORIENTED_EDGE('',*,*,#19034,.T.);
#19032=ORIENTED_EDGE('',*,*,#19035,.T.);
#19033=EDGE_CURVE('',#9987,#9985,#19036,.F.);
#19034=EDGE_CURVE('',#9985,#10297,#19037,.T.);
#19035=EDGE_CURVE('',#10297,#9987,#19038,.T.);
#19036=LINE('',#9986,#19039);
#19037=LINE('',#9984,#19040);
#19038=LINE('',#10296,#19041);
#19039=VECTOR('',#19042,1.0);
#19040=VECTOR('',#19043,1.0);
#19041=VECTOR('',#19044,1.0);
#19042=DIRECTION('',(0.5909954814448432,-0.8066748669146562,0));
#19043=DIRECTION('',(-0.8149681286956483,0.5795057801353781,0));
#19044=DIRECTION('',(1,0,0));
#19045=STYLED_ITEM('',(#25),#19046);
#19046=FACE_SURFACE('',(#19051),#19047,.T.);
#19047=PLANE('',#19048);
#19048=AXIS2_PLACEMENT_3D('',#10366,#19049,#19050);
#19049=DIRECTION('',(0,-0,-1));
#19050=DIRECTION('',(0.8066748669146564,-0.5909954814448427,0));
#19051=FACE_BOUND('',#19052,.T.);
#19052=EDGE_LOOP('',(#19053,#19054,#19055));
#19053=ORIENTED_EDGE('',*,*,#19056,.T.);
#19054=ORIENTED_EDGE('',*,*,#19057,.T.);
#19055=ORIENTED_EDGE('',*,*,#19058,.T.);
#19056=EDGE_CURVE('',#10367,#10207,#19059,.F.);
#19057=EDGE_CURVE('',#10207,#10215,#19060,.T.);
#19058=EDGE_CURVE('',#10215,#10367,#19061,.T.);
#19059=LINE('',#10366,#19062);
#19060=LINE('',#10206,#19063);
#19061=LINE('',#10214,#19064);
#19062=VECTOR('',#19065,1.0);
#19063=VECTOR('',#19066,1.0);
#19064=VECTOR('',#19067,1.0);
#19065=DIRECTION('',(0.8066748669146564,-0.5909954814448427,0));
#19066=DIRECTION('',(-1,0,0));
#19067=DIRECTION('',(0.8066748669146564,0.5909954814448427,0));
#19068=STYLED_ITEM('',(#25),#19069);
#19069=FACE_SURFACE('',(#19074),#19070,.T.);
#19070=PLANE('',#19071);
#19071=AXIS2_PLACEMENT_3D('',#10126,#19072,#19073);
#19072=DIRECTION('',(0,-0,-1));
#19073=DIRECTION('',(0.7071067811865488,-0.7071067811865462,0));
#19074=FACE_BOUND('',#19075,.T.);
#19075=EDGE_LOOP('',(#19076,#19077,#19078));
#19076=ORIENTED_EDGE('',*,*,#19079,.T.);
#19077=ORIENTED_EDGE('',*,*,#19080,.T.);
#19078=ORIENTED_EDGE('',*,*,#19081,.T.);
#19079=EDGE_CURVE('',#10127,#10367,#19082,.F.);
#19080=EDGE_CURVE('',#10367,#10215,#19083,.T.);
#19081=EDGE_CURVE('',#10215,#10127,#19084,.T.);
#19082=LINE('',#10126,#19085);
#19083=LINE('',#10366,#19086);
#19084=LINE('',#10214,#19087);
#19085=VECTOR('',#19088,1.0);
#19086=VECTOR('',#19089,1.0);
#19087=VECTOR('',#19090,1.0);
#19088=DIRECTION('',(0.7071067811865488,-0.7071067811865462,0));
#19089=DIRECTION('',(-0.8066748669146564,-0.5909954814448427,0));
#19090=DIRECTION('',(0.590995481444843,0.8066748669146562,0));
#19091=STYLED_ITEM('',(#25),#19092);
#19092=FACE_SURFACE('',(#19097),#19093,.T.);
#19093=PLANE('',#19094);
#19094=AXIS2_PLACEMENT_3D('',#10220,#19095,#19096);
#19095=DIRECTION('',(0,1,0));
#19096=DIRECTION('',(0.6246950475544244,0,-0.7808688094430302));
#19097=FACE_BOUND('',#19098,.T.);
#19098=EDGE_LOOP('',(#19099,#19100,#19101));
#19099=ORIENTED_EDGE('',*,*,#19102,.T.);
#19100=ORIENTED_EDGE('',*,*,#19103,.T.);
#19101=ORIENTED_EDGE('',*,*,#19104,.T.);
#19102=EDGE_CURVE('',#10221,#10325,#19105,.F.);
#19103=EDGE_CURVE('',#10325,#10329,#19106,.T.);
#19104=EDGE_CURVE('',#10329,#10221,#19107,.T.);
#19105=LINE('',#10220,#19108);
#19106=LINE('',#10324,#19109);
#19107=LINE('',#10328,#19110);
#19108=VECTOR('',#19111,1.0);
#19109=VECTOR('',#19112,1.0);
#19110=VECTOR('',#19113,1.0);
#19111=DIRECTION('',(0.6246950475544244,0,-0.7808688094430302));
#19112=DIRECTION('',(-1,0,0));
#19113=DIRECTION('',(0,0,1));
#19114=STYLED_ITEM('',(#25),#19115);
#19115=FACE_SURFACE('',(#19120),#19116,.T.);
#19116=PLANE('',#19117);
#19117=AXIS2_PLACEMENT_3D('',#10324,#19118,#19119);
#19118=DIRECTION('',(-0,0,-1));
#19119=DIRECTION('',(-0.590995481444842,-0.8066748669146568,0));
#19120=FACE_BOUND('',#19121,.T.);
#19121=EDGE_LOOP('',(#19122,#19123,#19124));
#19122=ORIENTED_EDGE('',*,*,#19125,.T.);
#19123=ORIENTED_EDGE('',*,*,#19126,.T.);
#19124=ORIENTED_EDGE('',*,*,#19127,.T.);
#19125=EDGE_CURVE('',#10325,#10323,#19128,.F.);
#19126=EDGE_CURVE('',#10323,#10329,#19129,.T.);
#19127=EDGE_CURVE('',#10329,#10325,#19130,.T.);
#19128=LINE('',#10324,#19131);
#19129=LINE('',#10322,#19132);
#19130=LINE('',#10328,#19133);
#19131=VECTOR('',#19134,1.0);
#19132=VECTOR('',#19135,1.0);
#19133=VECTOR('',#19136,1.0);
#19134=DIRECTION('',(-0.590995481444842,-0.8066748669146568,0));
#19135=DIRECTION('',(-0.8149681286956487,0.5795057801353776,0));
#19136=DIRECTION('',(1,0,0));
#19137=STYLED_ITEM('',(#25),#19138);
#19138=FACE_SURFACE('',(#19143),#19139,.T.);
#19139=PLANE('',#19140);
#19140=AXIS2_PLACEMENT_3D('',#10364,#19141,#19142);
#19141=DIRECTION('',(0,0,-1));
#19142=DIRECTION('',(-0.9476810187845454,0.31921886948532047,0));
#19143=FACE_BOUND('',#19144,.T.);
#19144=EDGE_LOOP('',(#19145,#19146,#19147));
#19145=ORIENTED_EDGE('',*,*,#19148,.T.);
#19146=ORIENTED_EDGE('',*,*,#19149,.T.);
#19147=ORIENTED_EDGE('',*,*,#19150,.T.);
#19148=EDGE_CURVE('',#10365,#10369,#19151,.F.);
#19149=EDGE_CURVE('',#10369,#10327,#19152,.T.);
#19150=EDGE_CURVE('',#10327,#10365,#19153,.T.);
#19151=LINE('',#10364,#19154);
#19152=LINE('',#10368,#19155);
#19153=LINE('',#10326,#19156);
#19154=VECTOR('',#19157,1.0);
#19155=VECTOR('',#19158,1.0);
#19156=VECTOR('',#19159,1.0);
#19157=DIRECTION('',(-0.9476810187845454,0.31921886948532047,0));
#19158=DIRECTION('',(1,0,0));
#19159=DIRECTION('',(0,-1,0));
#19160=STYLED_ITEM('',(#25),#19161);
#19161=FACE_SURFACE('',(#19166),#19162,.T.);
#19162=PLANE('',#19163);
#19163=AXIS2_PLACEMENT_3D('',#10342,#19164,#19165);
#19164=DIRECTION('',(0,0,1));
#19165=DIRECTION('',(-0.8066748669146567,0.5909954814448424,0));
#19166=FACE_BOUND('',#19167,.T.);
#19167=EDGE_LOOP('',(#19168,#19169,#19170));
#19168=ORIENTED_EDGE('',*,*,#19171,.T.);
#19169=ORIENTED_EDGE('',*,*,#19172,.T.);
#19170=ORIENTED_EDGE('',*,*,#19173,.T.);
#19171=EDGE_CURVE('',#10343,#9879,#19174,.F.);
#19172=EDGE_CURVE('',#9879,#9839,#19175,.T.);
#19173=EDGE_CURVE('',#9839,#10343,#19176,.T.);
#19174=LINE('',#10342,#19177);
#19175=LINE('',#9878,#19178);
#19176=LINE('',#9838,#19179);
#19177=VECTOR('',#19180,1.0);
#19178=VECTOR('',#19181,1.0);
#19179=VECTOR('',#19182,1.0);
#19180=DIRECTION('',(-0.8066748669146567,0.5909954814448424,0));
#19181=DIRECTION('',(0.5795057801353788,-0.8149681286956478,0));
#19182=DIRECTION('',(0,1,0));
#19183=STYLED_ITEM('',(#25),#19184);
#19184=FACE_SURFACE('',(#19189),#19185,.T.);
#19185=PLANE('',#19186);
#19186=AXIS2_PLACEMENT_3D('',#9926,#19187,#19188);
#19187=DIRECTION('',(0,0,1));
#19188=DIRECTION('',(0.5795057801353788,0.8149681286956478,0));
#19189=FACE_BOUND('',#19190,.T.);
#19190=EDGE_LOOP('',(#19191,#19192,#19193));
#19191=ORIENTED_EDGE('',*,*,#19194,.T.);
#19192=ORIENTED_EDGE('',*,*,#19195,.T.);
#19193=ORIENTED_EDGE('',*,*,#19196,.T.);
#19194=EDGE_CURVE('',#9927,#9879,#19197,.F.);
#19195=EDGE_CURVE('',#9879,#9929,#19198,.T.);
#19196=EDGE_CURVE('',#9929,#9927,#19199,.T.);
#19197=LINE('',#9926,#19200);
#19198=LINE('',#9878,#19201);
#19199=LINE('',#9928,#19202);
#19200=VECTOR('',#19203,1.0);
#19201=VECTOR('',#19204,1.0);
#19202=VECTOR('',#19205,1.0);
#19203=DIRECTION('',(0.5795057801353788,0.8149681286956478,0));
#19204=DIRECTION('',(-0.8066748669146567,-0.5909954814448424,0));
#19205=DIRECTION('',(0,-1,0));
#19206=STYLED_ITEM('',(#25),#19207);
#19207=FACE_SURFACE('',(#19212),#19208,.T.);
#19208=PLANE('',#19209);
#19209=AXIS2_PLACEMENT_3D('',#10166,#19210,#19211);
#19210=DIRECTION('',(0,-1,0));
#19211=DIRECTION('',(1,0,0));
#19212=FACE_BOUND('',#19213,.T.);
#19213=EDGE_LOOP('',(#19214,#19215,#19216));
#19214=ORIENTED_EDGE('',*,*,#19217,.T.);
#19215=ORIENTED_EDGE('',*,*,#19218,.T.);
#19216=ORIENTED_EDGE('',*,*,#19219,.T.);
#19217=EDGE_CURVE('',#10167,#10179,#19220,.F.);
#19218=EDGE_CURVE('',#10179,#10297,#19221,.T.);
#19219=EDGE_CURVE('',#10297,#10167,#19222,.T.);
#19220=LINE('',#10166,#19223);
#19221=LINE('',#10178,#19224);
#19222=LINE('',#10296,#19225);
#19223=VECTOR('',#19226,1.0);
#19224=VECTOR('',#19227,1.0);
#19225=VECTOR('',#19228,1.0);
#19226=DIRECTION('',(1,0,0));
#19227=DIRECTION('',(-0.1089368408988669,0,0.9940486732021603));
#19228=DIRECTION('',(0,0,-1));
#19229=STYLED_ITEM('',(#25),#19230);
#19230=FACE_SURFACE('',(#19235),#19231,.T.);
#19231=PLANE('',#19232);
#19232=AXIS2_PLACEMENT_3D('',#9986,#19233,#19234);
#19233=DIRECTION('',(-0,-1,-0));
#19234=DIRECTION('',(-1,0,0));
#19235=FACE_BOUND('',#19236,.T.);
#19236=EDGE_LOOP('',(#19237,#19238,#19239));
#19237=ORIENTED_EDGE('',*,*,#19240,.T.);
#19238=ORIENTED_EDGE('',*,*,#19241,.T.);
#19239=ORIENTED_EDGE('',*,*,#19242,.T.);
#19240=EDGE_CURVE('',#9987,#10297,#19243,.F.);
#19241=EDGE_CURVE('',#10297,#10179,#19244,.T.);
#19242=EDGE_CURVE('',#10179,#9987,#19245,.T.);
#19243=LINE('',#9986,#19246);
#19244=LINE('',#10296,#19247);
#19245=LINE('',#10178,#19248);
#19246=VECTOR('',#19249,1.0);
#19247=VECTOR('',#19250,1.0);
#19248=VECTOR('',#19251,1.0);
#19249=DIRECTION('',(-1,0,0));
#19250=DIRECTION('',(0.1089368408988669,0,-0.9940486732021603));
#19251=DIRECTION('',(0,0,1));
#19252=STYLED_ITEM('',(#25),#19253);
#19253=FACE_SURFACE('',(#19258),#19254,.T.);
#19254=PLANE('',#19255);
#19255=AXIS2_PLACEMENT_3D('',#10212,#19256,#19257);
#19256=DIRECTION('',(-0.7071067811865437,0,0.7071067811865515));
#19257=DIRECTION('',(-0.30151134457776396,-0.9045340337332919,-0.30151134457776063));
#19258=FACE_BOUND('',#19259,.T.);
#19259=EDGE_LOOP('',(#19260,#19261,#19262));
#19260=ORIENTED_EDGE('',*,*,#19263,.T.);
#19261=ORIENTED_EDGE('',*,*,#19264,.T.);
#19262=ORIENTED_EDGE('',*,*,#19265,.T.);
#19263=EDGE_CURVE('',#10213,#10185,#19266,.F.);
#19264=EDGE_CURVE('',#10185,#10337,#19267,.T.);
#19265=EDGE_CURVE('',#10337,#10213,#19268,.T.);
#19266=LINE('',#10212,#19269);
#19267=LINE('',#10184,#19270);
#19268=LINE('',#10336,#19271);
#19269=VECTOR('',#19272,1.0);
#19270=VECTOR('',#19273,1.0);
#19271=VECTOR('',#19274,1.0);
#19272=DIRECTION('',(-0.30151134457776396,-0.9045340337332919,-0.30151134457776063));
#19273=DIRECTION('',(0.5773502691896278,0.5773502691896278,0.5773502691896215));
#19274=DIRECTION('',(0,1,0));
#19275=STYLED_ITEM('',(#25),#19276);
#19276=FACE_SURFACE('',(#19281),#19277,.T.);
#19277=PLANE('',#19278);
#19278=AXIS2_PLACEMENT_3D('',#9860,#19279,#19280);
#19279=DIRECTION('',(-0,1,0));
#19280=DIRECTION('',(1,0,0));
#19281=FACE_BOUND('',#19282,.T.);
#19282=EDGE_LOOP('',(#19283,#19284,#19285));
#19283=ORIENTED_EDGE('',*,*,#19286,.T.);
#19284=ORIENTED_EDGE('',*,*,#19287,.T.);
#19285=ORIENTED_EDGE('',*,*,#19288,.T.);
#19286=EDGE_CURVE('',#9861,#10199,#19289,.F.);
#19287=EDGE_CURVE('',#10199,#9863,#19290,.T.);
#19288=EDGE_CURVE('',#9863,#9861,#19291,.T.);
#19289=LINE('',#9860,#19292);
#19290=LINE('',#10198,#19293);
#19291=LINE('',#9862,#19294);
#19292=VECTOR('',#19295,1.0);
#19293=VECTOR('',#19296,1.0);
#19294=VECTOR('',#19297,1.0);
#19295=DIRECTION('',(1,0,0));
#19296=DIRECTION('',(-0.6246950475544244,0,-0.7808688094430302));
#19297=DIRECTION('',(0,0,1));
#19298=STYLED_ITEM('',(#25),#19299);
#19299=FACE_SURFACE('',(#19304),#19300,.T.);
#19300=PLANE('',#19301);
#19301=AXIS2_PLACEMENT_3D('',#10246,#19302,#19303);
#19302=DIRECTION('',(0,0,1));
#19303=DIRECTION('',(0.8066748669146564,0.5909954814448428,0));
#19304=FACE_BOUND('',#19305,.T.);
#19305=EDGE_LOOP('',(#19306,#19307,#19308));
#19306=ORIENTED_EDGE('',*,*,#19309,.T.);
#19307=ORIENTED_EDGE('',*,*,#19310,.T.);
#19308=ORIENTED_EDGE('',*,*,#19311,.T.);
#19309=EDGE_CURVE('',#10247,#10371,#19312,.F.);
#19310=EDGE_CURVE('',#10371,#10269,#19313,.T.);
#19311=EDGE_CURVE('',#10269,#10247,#19314,.T.);
#19312=LINE('',#10246,#19315);
#19313=LINE('',#10370,#19316);
#19314=LINE('',#10268,#19317);
#19315=VECTOR('',#19318,1.0);
#19316=VECTOR('',#19319,1.0);
#19317=VECTOR('',#19320,1.0);
#19318=DIRECTION('',(0.8066748669146564,0.5909954814448428,0));
#19319=DIRECTION('',(-0.5795057801353785,0.8149681286956482,0));
#19320=DIRECTION('',(0,-1,0));
#19321=STYLED_ITEM('',(#25),#19322);
#19322=FACE_SURFACE('',(#19327),#19323,.T.);
#19323=PLANE('',#19324);
#19324=AXIS2_PLACEMENT_3D('',#10230,#19325,#19326);
#19325=DIRECTION('',(0,-0,1));
#19326=DIRECTION('',(0.5909954814448432,0.8066748669146562,0));
#19327=FACE_BOUND('',#19328,.T.);
#19328=EDGE_LOOP('',(#19329,#19330,#19331));
#19329=ORIENTED_EDGE('',*,*,#19332,.T.);
#19330=ORIENTED_EDGE('',*,*,#19333,.T.);
#19331=ORIENTED_EDGE('',*,*,#19334,.T.);
#19332=EDGE_CURVE('',#10231,#10371,#19335,.F.);
#19333=EDGE_CURVE('',#10371,#10247,#19336,.T.);
#19334=EDGE_CURVE('',#10247,#10231,#19337,.T.);
#19335=LINE('',#10230,#19338);
#19336=LINE('',#10370,#19339);
#19337=LINE('',#10246,#19340);
#19338=VECTOR('',#19341,1.0);
#19339=VECTOR('',#19342,1.0);
#19340=VECTOR('',#19343,1.0);
#19341=DIRECTION('',(0.5909954814448432,0.8066748669146562,0));
#19342=DIRECTION('',(-0.8066748669146564,-0.5909954814448428,0));
#19343=DIRECTION('',(0.7071067811865481,-0.7071067811865468,0));
#19344=STYLED_ITEM('',(#25),#19345);
#19345=FACE_SURFACE('',(#19350),#19346,.T.);
#19346=PLANE('',#19347);
#19347=AXIS2_PLACEMENT_3D('',#10370,#19348,#19349);
#19348=DIRECTION('',(0,-0,1));
#19349=DIRECTION('',(0,1,0));
#19350=FACE_BOUND('',#19351,.T.);
#19351=EDGE_LOOP('',(#19352,#19353,#19354));
#19352=ORIENTED_EDGE('',*,*,#19355,.T.);
#19353=ORIENTED_EDGE('',*,*,#19356,.T.);
#19354=ORIENTED_EDGE('',*,*,#19357,.T.);
#19355=EDGE_CURVE('',#10371,#10373,#19358,.F.);
#19356=EDGE_CURVE('',#10373,#10269,#19359,.T.);
#19357=EDGE_CURVE('',#10269,#10371,#19360,.T.);
#19358=LINE('',#10370,#19361);
#19359=LINE('',#10372,#19362);
#19360=LINE('',#10268,#19363);
#19361=VECTOR('',#19364,1.0);
#19362=VECTOR('',#19365,1.0);
#19363=VECTOR('',#19366,1.0);
#19364=DIRECTION('',(0,1,0));
#19365=DIRECTION('',(-0.8066748669146564,0.5909954814448428,0));
#19366=DIRECTION('',(0.5795057801353785,-0.8149681286956482,0));
#19367=STYLED_ITEM('',(#25),#19368);
#19368=FACE_SURFACE('',(#19373),#19369,.T.);
#19369=PLANE('',#19370);
#19370=AXIS2_PLACEMENT_3D('',#10234,#19371,#19372);
#19371=DIRECTION('',(0,0,1));
#19372=DIRECTION('',(-0.7071067811865481,-0.7071067811865468,0));
#19373=FACE_BOUND('',#19374,.T.);
#19374=EDGE_LOOP('',(#19375,#19376,#19377));
#19375=ORIENTED_EDGE('',*,*,#19378,.T.);
#19376=ORIENTED_EDGE('',*,*,#19379,.T.);
#19377=ORIENTED_EDGE('',*,*,#19380,.T.);
#19378=EDGE_CURVE('',#10235,#10269,#19381,.F.);
#19379=EDGE_CURVE('',#10269,#10373,#19382,.T.);
#19380=EDGE_CURVE('',#10373,#10235,#19383,.T.);
#19381=LINE('',#10234,#19384);
#19382=LINE('',#10268,#19385);
#19383=LINE('',#10372,#19386);
#19384=VECTOR('',#19387,1.0);
#19385=VECTOR('',#19388,1.0);
#19386=VECTOR('',#19389,1.0);
#19387=DIRECTION('',(-0.7071067811865481,-0.7071067811865468,0));
#19388=DIRECTION('',(0.8066748669146564,-0.5909954814448428,0));
#19389=DIRECTION('',(-0.5909954814448432,0.8066748669146562,0));
#19390=STYLED_ITEM('',(#25),#19391);
#19391=FACE_SURFACE('',(#19396),#19392,.T.);
#19392=PLANE('',#19393);
#19393=AXIS2_PLACEMENT_3D('',#10190,#19394,#19395);
#19394=DIRECTION('',(0,0.7071067811865436,0.7071067811865515));
#19395=DIRECTION('',(-1,0,0));
#19396=FACE_BOUND('',#19397,.T.);
#19397=EDGE_LOOP('',(#19398,#19399,#19400));
#19398=ORIENTED_EDGE('',*,*,#19401,.T.);
#19399=ORIENTED_EDGE('',*,*,#19402,.T.);
#19400=ORIENTED_EDGE('',*,*,#19403,.T.);
#19401=EDGE_CURVE('',#10191,#10183,#19404,.F.);
#19402=EDGE_CURVE('',#10183,#10213,#19405,.T.);
#19403=EDGE_CURVE('',#10213,#10191,#19406,.T.);
#19404=LINE('',#10190,#19407);
#19405=LINE('',#10182,#19408);
#19406=LINE('',#10212,#19409);
#19407=VECTOR('',#19410,1.0);
#19408=VECTOR('',#19411,1.0);
#19409=VECTOR('',#19412,1.0);
#19410=DIRECTION('',(-1,0,0));
#19411=DIRECTION('',(0.5773502691896278,-0.5773502691896278,0.5773502691896215));
#19412=DIRECTION('',(0.9045340337332916,0.3015113445777644,-0.3015113445777611));
#19413=STYLED_ITEM('',(#25),#19414);
#19414=FACE_SURFACE('',(#19419),#19415,.T.);
#19415=PLANE('',#19416);
#19416=AXIS2_PLACEMENT_3D('',#10190,#19417,#19418);
#19417=DIRECTION('',(0,0.7071067811865436,0.7071067811865513));
#19418=DIRECTION('',(-0.9045340337332916,-0.3015113445777644,0.3015113445777611));
#19419=FACE_BOUND('',#19420,.T.);
#19420=EDGE_LOOP('',(#19421,#19422,#19423));
#19421=ORIENTED_EDGE('',*,*,#19424,.T.);
#19422=ORIENTED_EDGE('',*,*,#19425,.T.);
#19423=ORIENTED_EDGE('',*,*,#19426,.T.);
#19424=EDGE_CURVE('',#10191,#10213,#19427,.F.);
#19425=EDGE_CURVE('',#10213,#10335,#19428,.T.);
#19426=EDGE_CURVE('',#10335,#10191,#19429,.T.);
#19427=LINE('',#10190,#19430);
#19428=LINE('',#10212,#19431);
#19429=LINE('',#10334,#19432);
#19430=VECTOR('',#19433,1.0);
#19431=VECTOR('',#19434,1.0);
#19432=VECTOR('',#19435,1.0);
#19433=DIRECTION('',(-0.9045340337332916,-0.3015113445777644,0.3015113445777611));
#19434=DIRECTION('',(1,0,0));
#19435=DIRECTION('',(0.5773502691896278,0.5773502691896278,-0.5773502691896215));
#19436=STYLED_ITEM('',(#25),#19437);
#19437=FACE_SURFACE('',(#19442),#19438,.T.);
#19438=PLANE('',#19439);
#19439=AXIS2_PLACEMENT_3D('',#10050,#19440,#19441);
#19440=DIRECTION('',(0,1,0));
#19441=DIRECTION('',(0,0,1));
#19442=FACE_BOUND('',#19443,.T.);
#19443=EDGE_LOOP('',(#19444,#19445,#19446));
#19444=ORIENTED_EDGE('',*,*,#19447,.T.);
#19445=ORIENTED_EDGE('',*,*,#19448,.T.);
#19446=ORIENTED_EDGE('',*,*,#19449,.T.);
#19447=EDGE_CURVE('',#10051,#9945,#19450,.F.);
#19448=EDGE_CURVE('',#9945,#9943,#19451,.T.);
#19449=EDGE_CURVE('',#9943,#10051,#19452,.T.);
#19450=LINE('',#10050,#19453);
#19451=LINE('',#9944,#19454);
#19452=LINE('',#9942,#19455);
#19453=VECTOR('',#19456,1.0);
#19454=VECTOR('',#19457,1.0);
#19455=VECTOR('',#19458,1.0);
#19456=DIRECTION('',(0,0,1));
#19457=DIRECTION('',(0.6246950475544244,0,-0.7808688094430302));
#19458=DIRECTION('',(-1,0,0));
#19459=STYLED_ITEM('',(#25),#19460);
#19460=FACE_SURFACE('',(#19465),#19461,.T.);
#19461=PLANE('',#19462);
#19462=AXIS2_PLACEMENT_3D('',#10322,#19463,#19464);
#19463=DIRECTION('',(1,0,0));
#19464=DIRECTION('',(0,-0.10893684089886697,-0.9940486732021603));
#19465=FACE_BOUND('',#19466,.T.);
#19466=EDGE_LOOP('',(#19467,#19468,#19469));
#19467=ORIENTED_EDGE('',*,*,#19470,.T.);
#19468=ORIENTED_EDGE('',*,*,#19471,.T.);
#19469=ORIENTED_EDGE('',*,*,#19472,.T.);
#19470=EDGE_CURVE('',#10323,#10363,#19473,.F.);
#19471=EDGE_CURVE('',#10363,#10355,#19474,.T.);
#19472=EDGE_CURVE('',#10355,#10323,#19475,.T.);
#19473=LINE('',#10322,#19476);
#19474=LINE('',#10362,#19477);
#19475=LINE('',#10354,#19478);
#19476=VECTOR('',#19479,1.0);
#19477=VECTOR('',#19480,1.0);
#19478=VECTOR('',#19481,1.0);
#19479=DIRECTION('',(0,-0.10893684089886697,-0.9940486732021603));
#19480=DIRECTION('',(0,1,0));
#19481=DIRECTION('',(0,0,1));
#19482=STYLED_ITEM('',(#25),#19483);
#19483=FACE_SURFACE('',(#19488),#19484,.T.);
#19484=PLANE('',#19485);
#19485=AXIS2_PLACEMENT_3D('',#9890,#19486,#19487);
#19486=DIRECTION('',(-1,0,-0));
#19487=DIRECTION('',(0,0,-1));
#19488=FACE_BOUND('',#19489,.T.);
#19489=EDGE_LOOP('',(#19490,#19491,#19492));
#19490=ORIENTED_EDGE('',*,*,#19493,.T.);
#19491=ORIENTED_EDGE('',*,*,#19494,.T.);
#19492=ORIENTED_EDGE('',*,*,#19495,.T.);
#19493=EDGE_CURVE('',#9891,#10343,#19496,.F.);
#19494=EDGE_CURVE('',#10343,#9839,#19497,.T.);
#19495=EDGE_CURVE('',#9839,#9891,#19498,.T.);
#19496=LINE('',#9890,#19499);
#19497=LINE('',#10342,#19500);
#19498=LINE('',#9838,#19501);
#19499=VECTOR('',#19502,1.0);
#19500=VECTOR('',#19503,1.0);
#19501=VECTOR('',#19504,1.0);
#19502=DIRECTION('',(0,0,-1));
#19503=DIRECTION('',(0,-1,0));
#19504=DIRECTION('',(0,0.21983912974654354,0.9755361382502866));
#19505=STYLED_ITEM('',(#25),#19506);
#19506=FACE_SURFACE('',(#19511),#19507,.T.);
#19507=PLANE('',#19508);
#19508=AXIS2_PLACEMENT_3D('',#10228,#19509,#19510);
#19509=DIRECTION('',(-0.7071067811865469,-0.7071067811865482,0));
#19510=DIRECTION('',(0,0,1));
#19511=FACE_BOUND('',#19512,.T.);
#19512=EDGE_LOOP('',(#19513,#19514,#19515));
#19513=ORIENTED_EDGE('',*,*,#19516,.T.);
#19514=ORIENTED_EDGE('',*,*,#19517,.T.);
#19515=ORIENTED_EDGE('',*,*,#19518,.T.);
#19516=EDGE_CURVE('',#10229,#10231,#19519,.F.);
#19517=EDGE_CURVE('',#10231,#10247,#19520,.T.);
#19518=EDGE_CURVE('',#10247,#10229,#19521,.T.);
#19519=LINE('',#10228,#19522);
#19520=LINE('',#10230,#19523);
#19521=LINE('',#10246,#19524);
#19522=VECTOR('',#19525,1.0);
#19523=VECTOR('',#19526,1.0);
#19524=VECTOR('',#19527,1.0);
#19525=DIRECTION('',(0,0,1));
#19526=DIRECTION('',(-0.7071067811865481,0.7071067811865468,0));
#19527=DIRECTION('',(0.09901475429766747,-0.09901475429766729,-0.9901475429766744));
#19528=STYLED_ITEM('',(#25),#19529);
#19529=FACE_SURFACE('',(#19534),#19530,.T.);
#19530=PLANE('',#19531);
#19531=AXIS2_PLACEMENT_3D('',#10098,#19532,#19533);
#19532=DIRECTION('',(0,-0,-1));
#19533=DIRECTION('',(0.5909954814448436,-0.8066748669146558,0));
#19534=FACE_BOUND('',#19535,.T.);
#19535=EDGE_LOOP('',(#19536,#19537,#19538));
#19536=ORIENTED_EDGE('',*,*,#19539,.T.);
#19537=ORIENTED_EDGE('',*,*,#19540,.T.);
#19538=ORIENTED_EDGE('',*,*,#19541,.T.);
#19539=EDGE_CURVE('',#10099,#10207,#19542,.F.);
#19540=EDGE_CURVE('',#10207,#10367,#19543,.T.);
#19541=EDGE_CURVE('',#10367,#10099,#19544,.T.);
#19542=LINE('',#10098,#19545);
#19543=LINE('',#10206,#19546);
#19544=LINE('',#10366,#19547);
#19545=VECTOR('',#19548,1.0);
#19546=VECTOR('',#19549,1.0);
#19547=VECTOR('',#19550,1.0);
#19548=DIRECTION('',(0.5909954814448436,-0.8066748669146558,0));
#19549=DIRECTION('',(-0.8066748669146564,0.5909954814448427,0));
#19550=DIRECTION('',(0.7071067811865475,0.7071067811865475,0));
#19551=STYLED_ITEM('',(#25),#19552);
#19552=FACE_SURFACE('',(#19557),#19553,.T.);
#19553=PLANE('',#19554);
#19554=AXIS2_PLACEMENT_3D('',#10360,#19555,#19556);
#19555=DIRECTION('',(0,0,-1));
#19556=DIRECTION('',(0,1,0));
#19557=FACE_BOUND('',#19558,.T.);
#19558=EDGE_LOOP('',(#19559,#19560,#19561));
#19559=ORIENTED_EDGE('',*,*,#19562,.T.);
#19560=ORIENTED_EDGE('',*,*,#19563,.T.);
#19561=ORIENTED_EDGE('',*,*,#19564,.T.);
#19562=EDGE_CURVE('',#10361,#10215,#19565,.F.);
#19563=EDGE_CURVE('',#10215,#10207,#19566,.T.);
#19564=EDGE_CURVE('',#10207,#10361,#19567,.T.);
#19565=LINE('',#10360,#19568);
#19566=LINE('',#10214,#19569);
#19567=LINE('',#10206,#19570);
#19568=VECTOR('',#19571,1.0);
#19569=VECTOR('',#19572,1.0);
#19570=VECTOR('',#19573,1.0);
#19571=DIRECTION('',(0,1,0));
#19572=DIRECTION('',(1,0,0));
#19573=DIRECTION('',(-0.9476810187845454,-0.31921886948532074,0));
#19574=STYLED_ITEM('',(#25),#19575);
#19575=FACE_SURFACE('',(#19580),#19576,.T.);
#19576=PLANE('',#19577);
#19577=AXIS2_PLACEMENT_3D('',#10040,#19578,#19579);
#19578=DIRECTION('',(-0,0,-1));
#19579=DIRECTION('',(-0.8149681286956484,-0.5795057801353781,0));
#19580=FACE_BOUND('',#19581,.T.);
#19581=EDGE_LOOP('',(#19582,#19583,#19584));
#19582=ORIENTED_EDGE('',*,*,#19585,.T.);
#19583=ORIENTED_EDGE('',*,*,#19586,.T.);
#19584=ORIENTED_EDGE('',*,*,#19587,.T.);
#19585=EDGE_CURVE('',#10041,#10207,#19588,.F.);
#19586=EDGE_CURVE('',#10207,#10099,#19589,.T.);
#19587=EDGE_CURVE('',#10099,#10041,#19590,.T.);
#19588=LINE('',#10040,#19591);
#19589=LINE('',#10206,#19592);
#19590=LINE('',#10098,#19593);
#19591=VECTOR('',#19594,1.0);
#19592=VECTOR('',#19595,1.0);
#19593=VECTOR('',#19596,1.0);
#19594=DIRECTION('',(-0.8149681286956484,-0.5795057801353781,0));
#19595=DIRECTION('',(-0.5909954814448436,0.8066748669146558,0));
#19596=DIRECTION('',(1,0,0));
#19597=STYLED_ITEM('',(#25),#19598);
#19598=FACE_SURFACE('',(#19603),#19599,.T.);
#19599=PLANE('',#19600);
#19600=AXIS2_PLACEMENT_3D('',#10206,#19601,#19602);
#19601=DIRECTION('',(0,-0,-1));
#19602=DIRECTION('',(0,-1,0));
#19603=FACE_BOUND('',#19604,.T.);
#19604=EDGE_LOOP('',(#19605,#19606,#19607));
#19605=ORIENTED_EDGE('',*,*,#19608,.T.);
#19606=ORIENTED_EDGE('',*,*,#19609,.T.);
#19607=ORIENTED_EDGE('',*,*,#19610,.T.);
#19608=EDGE_CURVE('',#10207,#10331,#19611,.F.);
#19609=EDGE_CURVE('',#10331,#10361,#19612,.T.);
#19610=EDGE_CURVE('',#10361,#10207,#19613,.T.);
#19611=LINE('',#10206,#19614);
#19612=LINE('',#10330,#19615);
#19613=LINE('',#10360,#19616);
#19614=VECTOR('',#19617,1.0);
#19615=VECTOR('',#19618,1.0);
#19616=VECTOR('',#19619,1.0);
#19617=DIRECTION('',(0,-1,0));
#19618=DIRECTION('',(-1,0,0));
#19619=DIRECTION('',(0.9476810187845454,0.31921886948532074,0));
#19620=STYLED_ITEM('',(#25),#19621);
#19621=FACE_SURFACE('',(#19626),#19622,.T.);
#19622=PLANE('',#19623);
#19623=AXIS2_PLACEMENT_3D('',#9958,#19624,#19625);
#19624=DIRECTION('',(0,0,1));
#19625=DIRECTION('',(0.8066748669146564,0.5909954814448427,0));
#19626=FACE_BOUND('',#19627,.T.);
#19627=EDGE_LOOP('',(#19628,#19629,#19630));
#19628=ORIENTED_EDGE('',*,*,#19631,.T.);
#19629=ORIENTED_EDGE('',*,*,#19632,.T.);
#19630=ORIENTED_EDGE('',*,*,#19633,.T.);
#19631=EDGE_CURVE('',#9959,#10375,#19634,.F.);
#19632=EDGE_CURVE('',#10375,#10061,#19635,.T.);
#19633=EDGE_CURVE('',#10061,#9959,#19636,.T.);
#19634=LINE('',#9958,#19637);
#19635=LINE('',#10374,#19638);
#19636=LINE('',#10060,#19639);
#19637=VECTOR('',#19640,1.0);
#19638=VECTOR('',#19641,1.0);
#19639=VECTOR('',#19642,1.0);
#19640=DIRECTION('',(0.8066748669146564,0.5909954814448427,0));
#19641=DIRECTION('',(-0.7071067811865488,0.7071067811865462,0));
#19642=DIRECTION('',(-0.590995481444843,-0.8066748669146562,0));
#19643=STYLED_ITEM('',(#25),#19644);
#19644=FACE_SURFACE('',(#19649),#19645,.T.);
#19645=PLANE('',#19646);
#19646=AXIS2_PLACEMENT_3D('',#10362,#19647,#19648);
#19647=DIRECTION('',(0,-1,0));
#19648=DIRECTION('',(-0.10893684089886697,0,0.9940486732021603));
#19649=FACE_BOUND('',#19650,.T.);
#19650=EDGE_LOOP('',(#19651,#19652,#19653));
#19651=ORIENTED_EDGE('',*,*,#19654,.T.);
#19652=ORIENTED_EDGE('',*,*,#19655,.T.);
#19653=ORIENTED_EDGE('',*,*,#19656,.T.);
#19654=EDGE_CURVE('',#10363,#10365,#19657,.F.);
#19655=EDGE_CURVE('',#10365,#10377,#19658,.T.);
#19656=EDGE_CURVE('',#10377,#10363,#19659,.T.);
#19657=LINE('',#10362,#19660);
#19658=LINE('',#10364,#19661);
#19659=LINE('',#10376,#19662);
#19660=VECTOR('',#19663,1.0);
#19661=VECTOR('',#19664,1.0);
#19662=VECTOR('',#19665,1.0);
#19663=DIRECTION('',(-0.10893684089886697,0,0.9940486732021603));
#19664=DIRECTION('',(0,0,-1));
#19665=DIRECTION('',(1,0,0));
#19666=STYLED_ITEM('',(#25),#19667);
#19667=FACE_SURFACE('',(#19672),#19668,.T.);
#19668=PLANE('',#19669);
#19669=AXIS2_PLACEMENT_3D('',#10234,#19670,#19671);
#19670=DIRECTION('',(-0.7071067811865469,0.7071067811865482,0));
#19671=DIRECTION('',(-0.09901475429766747,-0.09901475429766729,-0.9901475429766744));
#19672=FACE_BOUND('',#19673,.T.);
#19673=EDGE_LOOP('',(#19674,#19675,#19676));
#19674=ORIENTED_EDGE('',*,*,#19677,.T.);
#19675=ORIENTED_EDGE('',*,*,#19678,.T.);
#19676=ORIENTED_EDGE('',*,*,#19679,.T.);
#19677=EDGE_CURVE('',#10235,#10243,#19680,.F.);
#19678=EDGE_CURVE('',#10243,#10269,#19681,.T.);
#19679=EDGE_CURVE('',#10269,#10235,#19682,.T.);
#19680=LINE('',#10234,#19683);
#19681=LINE('',#10242,#19684);
#19682=LINE('',#10268,#19685);
#19683=VECTOR('',#19686,1.0);
#19684=VECTOR('',#19687,1.0);
#19685=VECTOR('',#19688,1.0);
#19686=DIRECTION('',(-0.09901475429766747,-0.09901475429766729,-0.9901475429766744));
#19687=DIRECTION('',(0,0,1));
#19688=DIRECTION('',(0.7071067811865481,0.7071067811865468,0));
#19689=STYLED_ITEM('',(#25),#19690);
#19690=FACE_SURFACE('',(#19695),#19691,.T.);
#19691=PLANE('',#19692);
#19692=AXIS2_PLACEMENT_3D('',#10342,#19693,#19694);
#19693=DIRECTION('',(0,-0,1));
#19694=DIRECTION('',(1,0,0));
#19695=FACE_BOUND('',#19696,.T.);
#19696=EDGE_LOOP('',(#19697,#19698,#19699));
#19697=ORIENTED_EDGE('',*,*,#19700,.T.);
#19698=ORIENTED_EDGE('',*,*,#19701,.T.);
#19699=ORIENTED_EDGE('',*,*,#19702,.T.);
#19700=EDGE_CURVE('',#10343,#10201,#19703,.F.);
#19701=EDGE_CURVE('',#10201,#9861,#19704,.T.);
#19702=EDGE_CURVE('',#9861,#10343,#19705,.T.);
#19703=LINE('',#10342,#19706);
#19704=LINE('',#10200,#19707);
#19705=LINE('',#9860,#19708);
#19706=VECTOR('',#19709,1.0);
#19707=VECTOR('',#19710,1.0);
#19708=VECTOR('',#19711,1.0);
#19709=DIRECTION('',(1,0,0));
#19710=DIRECTION('',(-0.8149681286956479,0.5795057801353787,0));
#19711=DIRECTION('',(0.5909954814448439,-0.8066748669146554,0));
#19712=STYLED_ITEM('',(#25),#19713);
#19713=FACE_SURFACE('',(#19718),#19714,.T.);
#19714=PLANE('',#19715);
#19715=AXIS2_PLACEMENT_3D('',#10198,#19716,#19717);
#19716=DIRECTION('',(0,0,1));
#19717=DIRECTION('',(-1,0,0));
#19718=FACE_BOUND('',#19719,.T.);
#19719=EDGE_LOOP('',(#19720,#19721,#19722));
#19720=ORIENTED_EDGE('',*,*,#19723,.T.);
#19721=ORIENTED_EDGE('',*,*,#19724,.T.);
#19722=ORIENTED_EDGE('',*,*,#19725,.T.);
#19723=EDGE_CURVE('',#10199,#9861,#19726,.F.);
#19724=EDGE_CURVE('',#9861,#10201,#19727,.T.);
#19725=EDGE_CURVE('',#10201,#10199,#19728,.T.);
#19726=LINE('',#10198,#19729);
#19727=LINE('',#9860,#19730);
#19728=LINE('',#10200,#19731);
#19729=VECTOR('',#19732,1.0);
#19730=VECTOR('',#19733,1.0);
#19731=VECTOR('',#19734,1.0);
#19732=DIRECTION('',(-1,0,0));
#19733=DIRECTION('',(0.8149681286956479,-0.5795057801353787,0));
#19734=DIRECTION('',(0.5909954814448439,0.8066748669146554,0));
#19735=STYLED_ITEM('',(#25),#19736);
#19736=FACE_SURFACE('',(#19741),#19737,.T.);
#19737=PLANE('',#19738);
#19738=AXIS2_PLACEMENT_3D('',#10106,#19739,#19740);
#19739=DIRECTION('',(0.7071067811865462,-0.7071067811865488,0));
#19740=DIRECTION('',(-0.09901475429766764,-0.09901475429766729,-0.9901475429766744));
#19741=FACE_BOUND('',#19742,.T.);
#19742=EDGE_LOOP('',(#19743,#19744,#19745));
#19743=ORIENTED_EDGE('',*,*,#19746,.T.);
#19744=ORIENTED_EDGE('',*,*,#19747,.T.);
#19745=ORIENTED_EDGE('',*,*,#19748,.T.);
#19746=EDGE_CURVE('',#10107,#10133,#19749,.F.);
#19747=EDGE_CURVE('',#10133,#10359,#19750,.T.);
#19748=EDGE_CURVE('',#10359,#10107,#19751,.T.);
#19749=LINE('',#10106,#19752);
#19750=LINE('',#10132,#19753);
#19751=LINE('',#10358,#19754);
#19752=VECTOR('',#19755,1.0);
#19753=VECTOR('',#19756,1.0);
#19754=VECTOR('',#19757,1.0);
#19755=DIRECTION('',(-0.09901475429766764,-0.09901475429766729,-0.9901475429766744));
#19756=DIRECTION('',(0.7071067811865488,0.7071067811865462,0));
#19757=DIRECTION('',(0,0,1));
#19758=STYLED_ITEM('',(#25),#19759);
#19759=FACE_SURFACE('',(#19764),#19760,.T.);
#19760=PLANE('',#19761);
#19761=AXIS2_PLACEMENT_3D('',#10352,#19762,#19763);
#19762=DIRECTION('',(-1,0,0));
#19763=DIRECTION('',(0,-1,0));
#19764=FACE_BOUND('',#19765,.T.);
#19765=EDGE_LOOP('',(#19766,#19767,#19768));
#19766=ORIENTED_EDGE('',*,*,#19769,.T.);
#19767=ORIENTED_EDGE('',*,*,#19770,.T.);
#19768=ORIENTED_EDGE('',*,*,#19771,.T.);
#19769=EDGE_CURVE('',#10353,#10377,#19772,.F.);
#19770=EDGE_CURVE('',#10377,#10365,#19773,.T.);
#19771=EDGE_CURVE('',#10365,#10353,#19774,.T.);
#19772=LINE('',#10352,#19775);
#19773=LINE('',#10376,#19776);
#19774=LINE('',#10364,#19777);
#19775=VECTOR('',#19778,1.0);
#19776=VECTOR('',#19779,1.0);
#19777=VECTOR('',#19780,1.0);
#19778=DIRECTION('',(0,-1,0));
#19779=DIRECTION('',(0,0,1));
#19780=DIRECTION('',(0,0.10893684089886697,-0.9940486732021603));
#19781=STYLED_ITEM('',(#25),#19782);
#19782=FACE_SURFACE('',(#19787),#19783,.T.);
#19783=PLANE('',#19784);
#19784=AXIS2_PLACEMENT_3D('',#10352,#19785,#19786);
#19785=DIRECTION('',(-1,0,0));
#19786=DIRECTION('',(0,-0.10893684089886697,0.9940486732021603));
#19787=FACE_BOUND('',#19788,.T.);
#19788=EDGE_LOOP('',(#19789,#19790,#19791));
#19789=ORIENTED_EDGE('',*,*,#19792,.T.);
#19790=ORIENTED_EDGE('',*,*,#19793,.T.);
#19791=ORIENTED_EDGE('',*,*,#19794,.T.);
#19792=EDGE_CURVE('',#10353,#10365,#19795,.F.);
#19793=EDGE_CURVE('',#10365,#10327,#19796,.T.);
#19794=EDGE_CURVE('',#10327,#10353,#19797,.T.);
#19795=LINE('',#10352,#19798);
#19796=LINE('',#10364,#19799);
#19797=LINE('',#10326,#19800);
#19798=VECTOR('',#19801,1.0);
#19799=VECTOR('',#19802,1.0);
#19800=VECTOR('',#19803,1.0);
#19801=DIRECTION('',(0,-0.10893684089886697,0.9940486732021603));
#19802=DIRECTION('',(0,1,0));
#19803=DIRECTION('',(0,0,-1));
#19804=STYLED_ITEM('',(#25),#19805);
#19805=FACE_SURFACE('',(#19810),#19806,.T.);
#19806=PLANE('',#19807);
#19807=AXIS2_PLACEMENT_3D('',#10200,#19808,#19809);
#19808=DIRECTION('',(0,1,0));
#19809=DIRECTION('',(-1,0,0));
#19810=FACE_BOUND('',#19811,.T.);
#19811=EDGE_LOOP('',(#19812,#19813,#19814));
#19812=ORIENTED_EDGE('',*,*,#19815,.T.);
#19813=ORIENTED_EDGE('',*,*,#19816,.T.);
#19814=ORIENTED_EDGE('',*,*,#19817,.T.);
#19815=EDGE_CURVE('',#10201,#10343,#19818,.F.);
#19816=EDGE_CURVE('',#10343,#9891,#19819,.T.);
#19817=EDGE_CURVE('',#9891,#10201,#19820,.T.);
#19818=LINE('',#10200,#19821);
#19819=LINE('',#10342,#19822);
#19820=LINE('',#9890,#19823);
#19821=VECTOR('',#19824,1.0);
#19822=VECTOR('',#19825,1.0);
#19823=VECTOR('',#19826,1.0);
#19824=DIRECTION('',(-1,0,0));
#19825=DIRECTION('',(0,0,1));
#19826=DIRECTION('',(0.21983912974654238,0,-0.975536138250287));
#19827=STYLED_ITEM('',(#25),#19828);
#19828=FACE_SURFACE('',(#19833),#19829,.T.);
#19829=PLANE('',#19830);
#19830=AXIS2_PLACEMENT_3D('',#10372,#19831,#19832);
#19831=DIRECTION('',(-1,0,0));
#19832=DIRECTION('',(0,-1,0));
#19833=FACE_BOUND('',#19834,.T.);
#19834=EDGE_LOOP('',(#19835,#19836,#19837));
#19835=ORIENTED_EDGE('',*,*,#19838,.T.);
#19836=ORIENTED_EDGE('',*,*,#19839,.T.);
#19837=ORIENTED_EDGE('',*,*,#19840,.T.);
#19838=EDGE_CURVE('',#10373,#10371,#19841,.F.);
#19839=EDGE_CURVE('',#10371,#10379,#19842,.T.);
#19840=EDGE_CURVE('',#10379,#10373,#19843,.T.);
#19841=LINE('',#10372,#19844);
#19842=LINE('',#10370,#19845);
#19843=LINE('',#10378,#19846);
#19844=VECTOR('',#19847,1.0);
#19845=VECTOR('',#19848,1.0);
#19846=VECTOR('',#19849,1.0);
#19847=DIRECTION('',(0,-1,0));
#19848=DIRECTION('',(0,0,1));
#19849=DIRECTION('',(0,0.21983912974654354,-0.9755361382502866));
#19850=STYLED_ITEM('',(#25),#19851);
#19851=FACE_SURFACE('',(#19856),#19852,.T.);
#19852=PLANE('',#19853);
#19853=AXIS2_PLACEMENT_3D('',#10240,#19854,#19855);
#19854=DIRECTION('',(0,1,-0));
#19855=DIRECTION('',(-1,0,0));
#19856=FACE_BOUND('',#19857,.T.);
#19857=EDGE_LOOP('',(#19858,#19859,#19860));
#19858=ORIENTED_EDGE('',*,*,#19861,.T.);
#19859=ORIENTED_EDGE('',*,*,#19862,.T.);
#19860=ORIENTED_EDGE('',*,*,#19863,.T.);
#19861=EDGE_CURVE('',#10241,#9863,#19864,.F.);
#19862=EDGE_CURVE('',#9863,#10199,#19865,.T.);
#19863=EDGE_CURVE('',#10199,#10241,#19866,.T.);
#19864=LINE('',#10240,#19867);
#19865=LINE('',#9862,#19868);
#19866=LINE('',#10198,#19869);
#19867=VECTOR('',#19870,1.0);
#19868=VECTOR('',#19871,1.0);
#19869=VECTOR('',#19872,1.0);
#19870=DIRECTION('',(-1,0,0));
#19871=DIRECTION('',(0.6246950475544244,0,0.7808688094430302));
#19872=DIRECTION('',(0,0,-1));
#19873=STYLED_ITEM('',(#25),#19874);
#19874=FACE_SURFACE('',(#19879),#19875,.T.);
#19875=PLANE('',#19876);
#19876=AXIS2_PLACEMENT_3D('',#10274,#19877,#19878);
#19877=DIRECTION('',(0,0.7071067811865472,-0.7071067811865478));
#19878=DIRECTION('',(-0.577350269189626,0.577350269189626,0.5773502691896254));
#19879=FACE_BOUND('',#19880,.T.);
#19880=EDGE_LOOP('',(#19881,#19882,#19883));
#19881=ORIENTED_EDGE('',*,*,#19884,.T.);
#19882=ORIENTED_EDGE('',*,*,#19885,.T.);
#19883=ORIENTED_EDGE('',*,*,#19886,.T.);
#19884=EDGE_CURVE('',#10275,#10353,#19887,.F.);
#19885=EDGE_CURVE('',#10353,#10355,#19888,.T.);
#19886=EDGE_CURVE('',#10355,#10275,#19889,.T.);
#19887=LINE('',#10274,#19890);
#19888=LINE('',#10352,#19891);
#19889=LINE('',#10354,#19892);
#19890=VECTOR('',#19893,1.0);
#19891=VECTOR('',#19894,1.0);
#19892=VECTOR('',#19895,1.0);
#19893=DIRECTION('',(-0.577350269189626,0.577350269189626,0.5773502691896254));
#19894=DIRECTION('',(1,0,0));
#19895=DIRECTION('',(-0.9045340337332909,-0.30151134457776363,-0.30151134457776335));
#19896=STYLED_ITEM('',(#25),#19897);
#19897=FACE_SURFACE('',(#19902),#19898,.T.);
#19898=PLANE('',#19899);
#19899=AXIS2_PLACEMENT_3D('',#10274,#19900,#19901);
#19900=DIRECTION('',(0,0.7071067811865471,-0.7071067811865478));
#19901=DIRECTION('',(0.9045340337332909,0.30151134457776363,0.30151134457776335));
#19902=FACE_BOUND('',#19903,.T.);
#19903=EDGE_LOOP('',(#19904,#19905,#19906));
#19904=ORIENTED_EDGE('',*,*,#19907,.T.);
#19905=ORIENTED_EDGE('',*,*,#19908,.T.);
#19906=ORIENTED_EDGE('',*,*,#19909,.T.);
#19907=EDGE_CURVE('',#10275,#10355,#19910,.F.);
#19908=EDGE_CURVE('',#10355,#10277,#19911,.T.);
#19909=EDGE_CURVE('',#10277,#10275,#19912,.T.);
#19910=LINE('',#10274,#19913);
#19911=LINE('',#10354,#19914);
#19912=LINE('',#10276,#19915);
#19913=VECTOR('',#19916,1.0);
#19914=VECTOR('',#19917,1.0);
#19915=VECTOR('',#19918,1.0);
#19916=DIRECTION('',(0.9045340337332909,0.30151134457776363,0.30151134457776335));
#19917=DIRECTION('',(-0.577350269189626,-0.577350269189626,-0.5773502691896254));
#19918=DIRECTION('',(-1,0,0));
#19919=STYLED_ITEM('',(#25),#19920);
#19920=FACE_SURFACE('',(#19925),#19921,.T.);
#19921=PLANE('',#19922);
#19922=AXIS2_PLACEMENT_3D('',#10218,#19923,#19924);
#19923=DIRECTION('',(0,-0,1));
#19924=DIRECTION('',(1,0,0));
#19925=FACE_BOUND('',#19926,.T.);
#19926=EDGE_LOOP('',(#19927,#19928,#19929));
#19927=ORIENTED_EDGE('',*,*,#19930,.T.);
#19928=ORIENTED_EDGE('',*,*,#19931,.T.);
#19929=ORIENTED_EDGE('',*,*,#19932,.T.);
#19930=EDGE_CURVE('',#10219,#10381,#19933,.F.);
#19931=EDGE_CURVE('',#10381,#10221,#19934,.T.);
#19932=EDGE_CURVE('',#10221,#10219,#19935,.T.);
#19933=LINE('',#10218,#19936);
#19934=LINE('',#10380,#19937);
#19935=LINE('',#10220,#19938);
#19936=VECTOR('',#19939,1.0);
#19937=VECTOR('',#19940,1.0);
#19938=VECTOR('',#19941,1.0);
#19939=DIRECTION('',(1,0,0));
#19940=DIRECTION('',(-0.8149681286956487,0.5795057801353776,0));
#19941=DIRECTION('',(0.5909954814448439,-0.8066748669146554,0));
#19942=STYLED_ITEM('',(#25),#19943);
#19943=FACE_SURFACE('',(#19948),#19944,.T.);
#19944=PLANE('',#19945);
#19945=AXIS2_PLACEMENT_3D('',#10332,#19946,#19947);
#19946=DIRECTION('',(0,0,1));
#19947=DIRECTION('',(-1,0,0));
#19948=FACE_BOUND('',#19949,.T.);
#19949=EDGE_LOOP('',(#19950,#19951,#19952));
#19950=ORIENTED_EDGE('',*,*,#19953,.T.);
#19951=ORIENTED_EDGE('',*,*,#19954,.T.);
#19952=ORIENTED_EDGE('',*,*,#19955,.T.);
#19953=EDGE_CURVE('',#10333,#10221,#19956,.F.);
#19954=EDGE_CURVE('',#10221,#10381,#19957,.T.);
#19955=EDGE_CURVE('',#10381,#10333,#19958,.T.);
#19956=LINE('',#10332,#19959);
#19957=LINE('',#10220,#19960);
#19958=LINE('',#10380,#19961);
#19959=VECTOR('',#19962,1.0);
#19960=VECTOR('',#19963,1.0);
#19961=VECTOR('',#19964,1.0);
#19962=DIRECTION('',(-1,0,0));
#19963=DIRECTION('',(0.8149681286956487,-0.5795057801353776,0));
#19964=DIRECTION('',(0.590995481444842,0.8066748669146568,0));
#19965=STYLED_ITEM('',(#25),#19966);
#19966=FACE_SURFACE('',(#19971),#19967,.T.);
#19967=PLANE('',#19968);
#19968=AXIS2_PLACEMENT_3D('',#10262,#19969,#19970);
#19969=DIRECTION('',(0,0,1));
#19970=DIRECTION('',(-0.7071067811865499,0.707106781186545,0));
#19971=FACE_BOUND('',#19972,.T.);
#19972=EDGE_LOOP('',(#19973,#19974,#19975));
#19973=ORIENTED_EDGE('',*,*,#19976,.T.);
#19974=ORIENTED_EDGE('',*,*,#19977,.T.);
#19975=ORIENTED_EDGE('',*,*,#19978,.T.);
#19976=EDGE_CURVE('',#10263,#10333,#19979,.F.);
#19977=EDGE_CURVE('',#10333,#10381,#19980,.T.);
#19978=EDGE_CURVE('',#10381,#10263,#19981,.T.);
#19979=LINE('',#10262,#19982);
#19980=LINE('',#10332,#19983);
#19981=LINE('',#10380,#19984);
#19982=VECTOR('',#19985,1.0);
#19983=VECTOR('',#19986,1.0);
#19984=VECTOR('',#19987,1.0);
#19985=DIRECTION('',(-0.7071067811865499,0.707106781186545,0));
#19986=DIRECTION('',(-0.590995481444842,-0.8066748669146568,0));
#19987=DIRECTION('',(0.8066748669146562,0.590995481444843,0));
#19988=STYLED_ITEM('',(#25),#19989);
#19989=FACE_SURFACE('',(#19994),#19990,.T.);
#19990=PLANE('',#19991);
#19991=AXIS2_PLACEMENT_3D('',#9958,#19992,#19993);
#19992=DIRECTION('',(0,0,1));
#19993=DIRECTION('',(1,0,0));
#19994=FACE_BOUND('',#19995,.T.);
#19995=EDGE_LOOP('',(#19996,#19997,#19998));
#19996=ORIENTED_EDGE('',*,*,#19999,.T.);
#19997=ORIENTED_EDGE('',*,*,#20000,.T.);
#19998=ORIENTED_EDGE('',*,*,#20001,.T.);
#19999=EDGE_CURVE('',#9959,#10063,#20002,.F.);
#20000=EDGE_CURVE('',#10063,#10375,#20003,.T.);
#20001=EDGE_CURVE('',#10375,#9959,#20004,.T.);
#20002=LINE('',#9958,#20005);
#20003=LINE('',#10062,#20006);
#20004=LINE('',#10374,#20007);
#20005=VECTOR('',#20008,1.0);
#20006=VECTOR('',#20009,1.0);
#20007=VECTOR('',#20010,1.0);
#20008=DIRECTION('',(1,0,0));
#20009=DIRECTION('',(-0.8066748669146564,0.5909954814448427,0));
#20010=DIRECTION('',(-0.8066748669146564,-0.5909954814448427,0));
#20011=STYLED_ITEM('',(#25),#20012);
#20012=FACE_SURFACE('',(#20017),#20013,.T.);
#20013=PLANE('',#20014);
#20014=AXIS2_PLACEMENT_3D('',#9958,#20015,#20016);
#20015=DIRECTION('',(-0,0,1));
#20016=DIRECTION('',(0,-1,0));
#20017=FACE_BOUND('',#20018,.T.);
#20018=EDGE_LOOP('',(#20019,#20020,#20021));
#20019=ORIENTED_EDGE('',*,*,#20022,.T.);
#20020=ORIENTED_EDGE('',*,*,#20023,.T.);
#20021=ORIENTED_EDGE('',*,*,#20024,.T.);
#20022=EDGE_CURVE('',#9959,#9961,#20025,.F.);
#20023=EDGE_CURVE('',#9961,#10063,#20026,.T.);
#20024=EDGE_CURVE('',#10063,#9959,#20027,.T.);
#20025=LINE('',#9958,#20028);
#20026=LINE('',#9960,#20029);
#20027=LINE('',#10062,#20030);
#20028=VECTOR('',#20031,1.0);
#20029=VECTOR('',#20032,1.0);
#20030=VECTOR('',#20033,1.0);
#20031=DIRECTION('',(0,-1,0));
#20032=DIRECTION('',(0.9476810187845454,0.31921886948532074,0));
#20033=DIRECTION('',(-1,0,0));
#20034=STYLED_ITEM('',(#25),#20035);
#20035=FACE_SURFACE('',(#20040),#20036,.T.);
#20036=PLANE('',#20037);
#20037=AXIS2_PLACEMENT_3D('',#10130,#20038,#20039);
#20038=DIRECTION('',(0,0,1));
#20039=DIRECTION('',(-0.7071067811865475,-0.7071067811865475,0));
#20040=FACE_BOUND('',#20041,.T.);
#20041=EDGE_LOOP('',(#20042,#20043,#20044));
#20042=ORIENTED_EDGE('',*,*,#20045,.T.);
#20043=ORIENTED_EDGE('',*,*,#20046,.T.);
#20044=ORIENTED_EDGE('',*,*,#20047,.T.);
#20045=EDGE_CURVE('',#10131,#10375,#20048,.F.);
#20046=EDGE_CURVE('',#10375,#10063,#20049,.T.);
#20047=EDGE_CURVE('',#10063,#10131,#20050,.T.);
#20048=LINE('',#10130,#20051);
#20049=LINE('',#10374,#20052);
#20050=LINE('',#10062,#20053);
#20051=VECTOR('',#20054,1.0);
#20052=VECTOR('',#20055,1.0);
#20053=VECTOR('',#20056,1.0);
#20054=DIRECTION('',(-0.7071067811865475,-0.7071067811865475,0));
#20055=DIRECTION('',(0.8066748669146564,-0.5909954814448427,0));
#20056=DIRECTION('',(-0.5909954814448436,0.8066748669146558,0));
#20057=STYLED_ITEM('',(#25),#20058);
#20058=FACE_SURFACE('',(#20063),#20059,.T.);
#20059=PLANE('',#20060);
#20060=AXIS2_PLACEMENT_3D('',#10140,#20061,#20062);
#20061=DIRECTION('',(0,-0,1));
#20062=DIRECTION('',(0.5909954814448432,0.8066748669146562,0));
#20063=FACE_BOUND('',#20064,.T.);
#20064=EDGE_LOOP('',(#20065,#20066,#20067));
#20065=ORIENTED_EDGE('',*,*,#20068,.T.);
#20066=ORIENTED_EDGE('',*,*,#20069,.T.);
#20067=ORIENTED_EDGE('',*,*,#20070,.T.);
#20068=EDGE_CURVE('',#10141,#10149,#20071,.F.);
#20069=EDGE_CURVE('',#10149,#10373,#20072,.T.);
#20070=EDGE_CURVE('',#10373,#10141,#20073,.T.);
#20071=LINE('',#10140,#20074);
#20072=LINE('',#10148,#20075);
#20073=LINE('',#10372,#20076);
#20074=VECTOR('',#20077,1.0);
#20075=VECTOR('',#20078,1.0);
#20076=VECTOR('',#20079,1.0);
#20077=DIRECTION('',(0.5909954814448432,0.8066748669146562,0));
#20078=DIRECTION('',(-0.8149681286956483,-0.5795057801353781,0));
#20079=DIRECTION('',(1,0,0));
#20080=STYLED_ITEM('',(#25),#20081);
#20081=FACE_SURFACE('',(#20086),#20082,.T.);
#20082=PLANE('',#20083);
#20083=AXIS2_PLACEMENT_3D('',#10234,#20084,#20085);
#20084=DIRECTION('',(-0,0,1));
#20085=DIRECTION('',(0.5909954814448432,-0.8066748669146562,0));
#20086=FACE_BOUND('',#20087,.T.);
#20087=EDGE_LOOP('',(#20088,#20089,#20090));
#20088=ORIENTED_EDGE('',*,*,#20091,.T.);
#20089=ORIENTED_EDGE('',*,*,#20092,.T.);
#20090=ORIENTED_EDGE('',*,*,#20093,.T.);
#20091=EDGE_CURVE('',#10235,#10373,#20094,.F.);
#20092=EDGE_CURVE('',#10373,#10149,#20095,.T.);
#20093=EDGE_CURVE('',#10149,#10235,#20096,.T.);
#20094=LINE('',#10234,#20097);
#20095=LINE('',#10372,#20098);
#20096=LINE('',#10148,#20099);
#20097=VECTOR('',#20100,1.0);
#20098=VECTOR('',#20101,1.0);
#20099=VECTOR('',#20102,1.0);
#20100=DIRECTION('',(0.5909954814448432,-0.8066748669146562,0));
#20101=DIRECTION('',(0.8149681286956483,0.5795057801353781,0));
#20102=DIRECTION('',(-1,0,0));
#20103=STYLED_ITEM('',(#25),#20104);
#20104=FACE_SURFACE('',(#20109),#20105,.T.);
#20105=PLANE('',#20106);
#20106=AXIS2_PLACEMENT_3D('',#10138,#20107,#20108);
#20107=DIRECTION('',(0,0,1));
#20108=DIRECTION('',(-0.7071067811865481,0.7071067811865468,0));
#20109=FACE_BOUND('',#20110,.T.);
#20110=EDGE_LOOP('',(#20111,#20112,#20113));
#20111=ORIENTED_EDGE('',*,*,#20114,.T.);
#20112=ORIENTED_EDGE('',*,*,#20115,.T.);
#20113=ORIENTED_EDGE('',*,*,#20116,.T.);
#20114=EDGE_CURVE('',#10139,#10149,#20117,.F.);
#20115=EDGE_CURVE('',#10149,#10141,#20118,.T.);
#20116=EDGE_CURVE('',#10141,#10139,#20119,.T.);
#20117=LINE('',#10138,#20120);
#20118=LINE('',#10148,#20121);
#20119=LINE('',#10140,#20122);
#20120=VECTOR('',#20123,1.0);
#20121=VECTOR('',#20124,1.0);
#20122=VECTOR('',#20125,1.0);
#20123=DIRECTION('',(-0.7071067811865481,0.7071067811865468,0));
#20124=DIRECTION('',(-0.5909954814448432,-0.8066748669146562,0));
#20125=DIRECTION('',(0.8066748669146564,0.5909954814448428,0));
#20126=STYLED_ITEM('',(#25),#20127);
#20127=FACE_SURFACE('',(#20132),#20128,.T.);
#20128=PLANE('',#20129);
#20129=AXIS2_PLACEMENT_3D('',#10262,#20130,#20131);
#20130=DIRECTION('',(0.707106781186545,0.70710678118655,0));
#20131=DIRECTION('',(0,0,-1));
#20132=FACE_BOUND('',#20133,.T.);
#20133=EDGE_LOOP('',(#20134,#20135,#20136));
#20134=ORIENTED_EDGE('',*,*,#20137,.T.);
#20135=ORIENTED_EDGE('',*,*,#20138,.T.);
#20136=ORIENTED_EDGE('',*,*,#20139,.T.);
#20137=EDGE_CURVE('',#10263,#10265,#20140,.F.);
#20138=EDGE_CURVE('',#10265,#10333,#20141,.T.);
#20139=EDGE_CURVE('',#10333,#10263,#20142,.T.);
#20140=LINE('',#10262,#20143);
#20141=LINE('',#10264,#20144);
#20142=LINE('',#10332,#20145);
#20143=VECTOR('',#20146,1.0);
#20144=VECTOR('',#20147,1.0);
#20145=VECTOR('',#20148,1.0);
#20146=DIRECTION('',(0,0,-1));
#20147=DIRECTION('',(-0.09901475429766798,0.09901475429766729,0.9901475429766744));
#20148=DIRECTION('',(0.7071067811865499,-0.707106781186545,0));
#20149=STYLED_ITEM('',(#25),#20150);
#20150=FACE_SURFACE('',(#20155),#20151,.T.);
#20151=PLANE('',#20152);
#20152=AXIS2_PLACEMENT_3D('',#9878,#20153,#20154);
#20153=DIRECTION('',(0,0,1));
#20154=DIRECTION('',(-0.5795057801353788,-0.8149681286956478,0));
#20155=FACE_BOUND('',#20156,.T.);
#20156=EDGE_LOOP('',(#20157,#20158,#20159));
#20157=ORIENTED_EDGE('',*,*,#20160,.T.);
#20158=ORIENTED_EDGE('',*,*,#20161,.T.);
#20159=ORIENTED_EDGE('',*,*,#20162,.T.);
#20160=EDGE_CURVE('',#9879,#9927,#20163,.F.);
#20161=EDGE_CURVE('',#9927,#9841,#20164,.T.);
#20162=EDGE_CURVE('',#9841,#9879,#20165,.T.);
#20163=LINE('',#9878,#20166);
#20164=LINE('',#9926,#20167);
#20165=LINE('',#9840,#20168);
#20166=VECTOR('',#20169,1.0);
#20167=VECTOR('',#20170,1.0);
#20168=VECTOR('',#20171,1.0);
#20169=DIRECTION('',(-0.5795057801353788,-0.8149681286956478,0));
#20170=DIRECTION('',(0.8066748669146567,-0.5909954814448424,0));
#20171=DIRECTION('',(0,1,0));
#20172=STYLED_ITEM('',(#25),#20173);
#20173=FACE_SURFACE('',(#20178),#20174,.T.);
#20174=PLANE('',#20175);
#20175=AXIS2_PLACEMENT_3D('',#9850,#20176,#20177);
#20176=DIRECTION('',(0,-0,1));
#20177=DIRECTION('',(0.7071067811865475,0.7071067811865475,0));
#20178=FACE_BOUND('',#20179,.T.);
#20179=EDGE_LOOP('',(#20180,#20181,#20182));
#20180=ORIENTED_EDGE('',*,*,#20183,.T.);
#20181=ORIENTED_EDGE('',*,*,#20184,.T.);
#20182=ORIENTED_EDGE('',*,*,#20185,.T.);
#20183=EDGE_CURVE('',#9851,#9841,#20186,.F.);
#20184=EDGE_CURVE('',#9841,#9927,#20187,.T.);
#20185=EDGE_CURVE('',#9927,#9851,#20188,.T.);
#20186=LINE('',#9850,#20189);
#20187=LINE('',#9840,#20190);
#20188=LINE('',#9926,#20191);
#20189=VECTOR('',#20192,1.0);
#20190=VECTOR('',#20193,1.0);
#20191=VECTOR('',#20194,1.0);
#20192=DIRECTION('',(0.7071067811865475,0.7071067811865475,0));
#20193=DIRECTION('',(-0.8066748669146567,0.5909954814448424,0));
#20194=DIRECTION('',(0.5909954814448439,-0.8066748669146554,0));
#20195=STYLED_ITEM('',(#25),#20196);
#20196=FACE_SURFACE('',(#20201),#20197,.T.);
#20197=PLANE('',#20198);
#20198=AXIS2_PLACEMENT_3D('',#10038,#20199,#20200);
#20199=DIRECTION('',(-0,0,1));
#20200=DIRECTION('',(0.8149681286956484,-0.5795057801353781,0));
#20201=FACE_BOUND('',#20202,.T.);
#20202=EDGE_LOOP('',(#20203,#20204,#20205));
#20203=ORIENTED_EDGE('',*,*,#20206,.T.);
#20204=ORIENTED_EDGE('',*,*,#20207,.T.);
#20205=ORIENTED_EDGE('',*,*,#20208,.T.);
#20206=EDGE_CURVE('',#10039,#9851,#20209,.F.);
#20207=EDGE_CURVE('',#9851,#9927,#20210,.T.);
#20208=EDGE_CURVE('',#9927,#10039,#20211,.T.);
#20209=LINE('',#10038,#20212);
#20210=LINE('',#9850,#20213);
#20211=LINE('',#9926,#20214);
#20212=VECTOR('',#20215,1.0);
#20213=VECTOR('',#20216,1.0);
#20214=VECTOR('',#20217,1.0);
#20215=DIRECTION('',(0.8149681286956484,-0.5795057801353781,0));
#20216=DIRECTION('',(-0.5909954814448439,0.8066748669146554,0));
#20217=DIRECTION('',(-1,0,0));
#20218=STYLED_ITEM('',(#25),#20219);
#20219=FACE_SURFACE('',(#20224),#20220,.T.);
#20220=PLANE('',#20221);
#20221=AXIS2_PLACEMENT_3D('',#10374,#20222,#20223);
#20222=DIRECTION('',(0.7071067811865462,0.7071067811865488,0));
#20223=DIRECTION('',(-0.09901475429766764,0.09901475429766729,-0.9901475429766744));
#20224=FACE_BOUND('',#20225,.T.);
#20225=EDGE_LOOP('',(#20226,#20227,#20228));
#20226=ORIENTED_EDGE('',*,*,#20229,.T.);
#20227=ORIENTED_EDGE('',*,*,#20230,.T.);
#20228=ORIENTED_EDGE('',*,*,#20231,.T.);
#20229=EDGE_CURVE('',#10375,#9869,#20232,.F.);
#20230=EDGE_CURVE('',#9869,#10061,#20233,.T.);
#20231=EDGE_CURVE('',#10061,#10375,#20234,.T.);
#20232=LINE('',#10374,#20235);
#20233=LINE('',#9868,#20236);
#20234=LINE('',#10060,#20237);
#20235=VECTOR('',#20238,1.0);
#20236=VECTOR('',#20239,1.0);
#20237=VECTOR('',#20240,1.0);
#20238=DIRECTION('',(-0.09901475429766764,0.09901475429766729,-0.9901475429766744));
#20239=DIRECTION('',(0,0,1));
#20240=DIRECTION('',(0.7071067811865488,-0.7071067811865462,0));
#20241=STYLED_ITEM('',(#25),#20242);
#20242=FACE_SURFACE('',(#20247),#20243,.T.);
#20243=PLANE('',#20244);
#20244=AXIS2_PLACEMENT_3D('',#10380,#20245,#20246);
#20245=DIRECTION('',(0,1,0));
#20246=DIRECTION('',(-1,0,0));
#20247=FACE_BOUND('',#20248,.T.);
#20248=EDGE_LOOP('',(#20249,#20250,#20251));
#20249=ORIENTED_EDGE('',*,*,#20252,.T.);
#20250=ORIENTED_EDGE('',*,*,#20253,.T.);
#20251=ORIENTED_EDGE('',*,*,#20254,.T.);
#20252=EDGE_CURVE('',#10381,#10219,#20255,.F.);
#20253=EDGE_CURVE('',#10219,#10383,#20256,.T.);
#20254=EDGE_CURVE('',#10383,#10381,#20257,.T.);
#20255=LINE('',#10380,#20258);
#20256=LINE('',#10218,#20259);
#20257=LINE('',#10382,#20260);
#20258=VECTOR('',#20261,1.0);
#20259=VECTOR('',#20262,1.0);
#20260=VECTOR('',#20263,1.0);
#20261=DIRECTION('',(-1,0,0));
#20262=DIRECTION('',(0,0,1));
#20263=DIRECTION('',(0.21983912974654354,0,-0.9755361382502866));
#20264=STYLED_ITEM('',(#25),#20265);
#20265=FACE_SURFACE('',(#20270),#20266,.T.);
#20266=PLANE('',#20267);
#20267=AXIS2_PLACEMENT_3D('',#10260,#20268,#20269);
#20268=DIRECTION('',(0.707106781186545,-0.70710678118655,0));
#20269=DIRECTION('',(0,0,1));
#20270=FACE_BOUND('',#20271,.T.);
#20271=EDGE_LOOP('',(#20272,#20273,#20274));
#20272=ORIENTED_EDGE('',*,*,#20275,.T.);
#20273=ORIENTED_EDGE('',*,*,#20276,.T.);
#20274=ORIENTED_EDGE('',*,*,#20277,.T.);
#20275=EDGE_CURVE('',#10261,#10259,#20278,.F.);
#20276=EDGE_CURVE('',#10259,#10015,#20279,.T.);
#20277=EDGE_CURVE('',#10015,#10261,#20280,.T.);
#20278=LINE('',#10260,#20281);
#20279=LINE('',#10258,#20282);
#20280=LINE('',#10014,#20283);
#20281=VECTOR('',#20284,1.0);
#20282=VECTOR('',#20285,1.0);
#20283=VECTOR('',#20286,1.0);
#20284=DIRECTION('',(0,0,1));
#20285=DIRECTION('',(-0.7071067811865499,-0.707106781186545,0));
#20286=DIRECTION('',(0.09901475429766798,0.09901475429766729,-0.9901475429766744));
#20287=STYLED_ITEM('',(#25),#20288);
#20288=FACE_SURFACE('',(#20293),#20289,.T.);
#20289=PLANE('',#20290);
#20290=AXIS2_PLACEMENT_3D('',#10260,#20291,#20292);
#20291=DIRECTION('',(0.707106781186545,-0.70710678118655,0));
#20292=DIRECTION('',(-0.09901475429766798,-0.09901475429766729,0.9901475429766744));
#20293=FACE_BOUND('',#20294,.T.);
#20294=EDGE_LOOP('',(#20295,#20296,#20297));
#20295=ORIENTED_EDGE('',*,*,#20298,.T.);
#20296=ORIENTED_EDGE('',*,*,#20299,.T.);
#20297=ORIENTED_EDGE('',*,*,#20300,.T.);
#20298=EDGE_CURVE('',#10261,#10015,#20301,.F.);
#20299=EDGE_CURVE('',#10015,#9917,#20302,.T.);
#20300=EDGE_CURVE('',#9917,#10261,#20303,.T.);
#20301=LINE('',#10260,#20304);
#20302=LINE('',#10014,#20305);
#20303=LINE('',#9916,#20306);
#20304=VECTOR('',#20307,1.0);
#20305=VECTOR('',#20308,1.0);
#20306=VECTOR('',#20309,1.0);
#20307=DIRECTION('',(-0.09901475429766798,-0.09901475429766729,0.9901475429766744));
#20308=DIRECTION('',(0,0,-1));
#20309=DIRECTION('',(0.7071067811865499,0.707106781186545,0));
#20310=STYLED_ITEM('',(#25),#20311);
#20311=FACE_SURFACE('',(#20316),#20312,.T.);
#20312=PLANE('',#20313);
#20313=AXIS2_PLACEMENT_3D('',#10188,#20314,#20315);
#20314=DIRECTION('',(0,0,1));
#20315=DIRECTION('',(-1,0,0));
#20316=FACE_BOUND('',#20317,.T.);
#20317=EDGE_LOOP('',(#20318,#20319,#20320));
#20318=ORIENTED_EDGE('',*,*,#20321,.T.);
#20319=ORIENTED_EDGE('',*,*,#20322,.T.);
#20320=ORIENTED_EDGE('',*,*,#20323,.T.);
#20321=EDGE_CURVE('',#10189,#10067,#20324,.F.);
#20322=EDGE_CURVE('',#10067,#10057,#20325,.T.);
#20323=EDGE_CURVE('',#10057,#10189,#20326,.T.);
#20324=LINE('',#10188,#20327);
#20325=LINE('',#10066,#20328);
#20326=LINE('',#10056,#20329);
#20327=VECTOR('',#20330,1.0);
#20328=VECTOR('',#20331,1.0);
#20329=VECTOR('',#20332,1.0);
#20330=DIRECTION('',(-1,0,0));
#20331=DIRECTION('',(-0.590995481444843,-0.8066748669146562,0));
#20332=DIRECTION('',(0.8149681286956484,0.5795057801353781,0));
#20333=STYLED_ITEM('',(#25),#20334);
#20334=FACE_SURFACE('',(#20339),#20335,.T.);
#20335=PLANE('',#20336);
#20336=AXIS2_PLACEMENT_3D('',#10064,#20337,#20338);
#20337=DIRECTION('',(-0,0,1));
#20338=DIRECTION('',(0.7071067811865475,-0.7071067811865475,0));
#20339=FACE_BOUND('',#20340,.T.);
#20340=EDGE_LOOP('',(#20341,#20342,#20343));
#20341=ORIENTED_EDGE('',*,*,#20344,.T.);
#20342=ORIENTED_EDGE('',*,*,#20345,.T.);
#20343=ORIENTED_EDGE('',*,*,#20346,.T.);
#20344=EDGE_CURVE('',#10065,#10057,#20347,.F.);
#20345=EDGE_CURVE('',#10057,#10067,#20348,.T.);
#20346=EDGE_CURVE('',#10067,#10065,#20349,.T.);
#20347=LINE('',#10064,#20350);
#20348=LINE('',#10056,#20351);
#20349=LINE('',#10066,#20352);
#20350=VECTOR('',#20353,1.0);
#20351=VECTOR('',#20354,1.0);
#20352=VECTOR('',#20355,1.0);
#20353=DIRECTION('',(0.7071067811865475,-0.7071067811865475,0));
#20354=DIRECTION('',(0.590995481444843,0.8066748669146562,0));
#20355=DIRECTION('',(-0.8066748669146562,-0.590995481444843,0));
#20356=STYLED_ITEM('',(#25),#20357);
#20357=FACE_SURFACE('',(#20362),#20358,.T.);
#20358=PLANE('',#20359);
#20359=AXIS2_PLACEMENT_3D('',#10130,#20360,#20361);
#20360=DIRECTION('',(-0.7071067811865476,0.7071067811865476,0));
#20361=DIRECTION('',(0,0,-1));
#20362=FACE_BOUND('',#20363,.T.);
#20363=EDGE_LOOP('',(#20364,#20365,#20366));
#20364=ORIENTED_EDGE('',*,*,#20367,.T.);
#20365=ORIENTED_EDGE('',*,*,#20368,.T.);
#20366=ORIENTED_EDGE('',*,*,#20369,.T.);
#20367=EDGE_CURVE('',#10131,#10129,#20370,.F.);
#20368=EDGE_CURVE('',#10129,#10375,#20371,.T.);
#20369=EDGE_CURVE('',#10375,#10131,#20372,.T.);
#20370=LINE('',#10130,#20373);
#20371=LINE('',#10128,#20374);
#20372=LINE('',#10374,#20375);
#20373=VECTOR('',#20376,1.0);
#20374=VECTOR('',#20377,1.0);
#20375=VECTOR('',#20378,1.0);
#20376=DIRECTION('',(0,0,-1));
#20377=DIRECTION('',(-0.09901475429766729,-0.09901475429766729,0.9901475429766744));
#20378=DIRECTION('',(0.7071067811865475,0.7071067811865475,0));
#20379=STYLED_ITEM('',(#25),#20380);
#20380=FACE_SURFACE('',(#20385),#20381,.T.);
#20381=PLANE('',#20382);
#20382=AXIS2_PLACEMENT_3D('',#10354,#20383,#20384);
#20383=DIRECTION('',(0.7071067811865471,0,-0.7071067811865478));
#20384=DIRECTION('',(0,-1,0));
#20385=FACE_BOUND('',#20386,.T.);
#20386=EDGE_LOOP('',(#20387,#20388,#20389));
#20387=ORIENTED_EDGE('',*,*,#20390,.T.);
#20388=ORIENTED_EDGE('',*,*,#20391,.T.);
#20389=ORIENTED_EDGE('',*,*,#20392,.T.);
#20390=EDGE_CURVE('',#10355,#10363,#20393,.F.);
#20391=EDGE_CURVE('',#10363,#10279,#20394,.T.);
#20392=EDGE_CURVE('',#10279,#10355,#20395,.T.);
#20393=LINE('',#10354,#20396);
#20394=LINE('',#10362,#20397);
#20395=LINE('',#10278,#20398);
#20396=VECTOR('',#20399,1.0);
#20397=VECTOR('',#20400,1.0);
#20398=VECTOR('',#20401,1.0);
#20399=DIRECTION('',(0,-1,0));
#20400=DIRECTION('',(-0.577350269189626,0.577350269189626,-0.5773502691896254));
#20401=DIRECTION('',(0.30151134457776363,0.9045340337332909,0.30151134457776335));
#20402=STYLED_ITEM('',(#25),#20403);
#20403=FACE_SURFACE('',(#20408),#20404,.T.);
#20404=PLANE('',#20405);
#20405=AXIS2_PLACEMENT_3D('',#10354,#20406,#20407);
#20406=DIRECTION('',(0.7071067811865472,0,-0.7071067811865478));
#20407=DIRECTION('',(-0.30151134457776363,-0.9045340337332909,-0.30151134457776335));
#20408=FACE_BOUND('',#20409,.T.);
#20409=EDGE_LOOP('',(#20410,#20411,#20412));
#20410=ORIENTED_EDGE('',*,*,#20413,.T.);
#20411=ORIENTED_EDGE('',*,*,#20414,.T.);
#20412=ORIENTED_EDGE('',*,*,#20415,.T.);
#20413=EDGE_CURVE('',#10355,#10279,#20416,.F.);
#20414=EDGE_CURVE('',#10279,#10277,#20417,.T.);
#20415=EDGE_CURVE('',#10277,#10355,#20418,.T.);
#20416=LINE('',#10354,#20419);
#20417=LINE('',#10278,#20420);
#20418=LINE('',#10276,#20421);
#20419=VECTOR('',#20422,1.0);
#20420=VECTOR('',#20423,1.0);
#20421=VECTOR('',#20424,1.0);
#20422=DIRECTION('',(-0.30151134457776363,-0.9045340337332909,-0.30151134457776335));
#20423=DIRECTION('',(0,1,0));
#20424=DIRECTION('',(0.577350269189626,0.577350269189626,0.5773502691896254));
#20425=STYLED_ITEM('',(#25),#20426);
#20426=FACE_SURFACE('',(#20431),#20427,.T.);
#20427=PLANE('',#20428);
#20428=AXIS2_PLACEMENT_3D('',#10102,#20429,#20430);
#20429=DIRECTION('',(0,0,1));
#20430=DIRECTION('',(-0.8066748669146564,0.5909954814448428,0));
#20431=FACE_BOUND('',#20432,.T.);
#20432=EDGE_LOOP('',(#20433,#20434,#20435));
#20433=ORIENTED_EDGE('',*,*,#20436,.T.);
#20434=ORIENTED_EDGE('',*,*,#20437,.T.);
#20435=ORIENTED_EDGE('',*,*,#20438,.T.);
#20436=EDGE_CURVE('',#10103,#10145,#20439,.F.);
#20437=EDGE_CURVE('',#10145,#10111,#20440,.T.);
#20438=EDGE_CURVE('',#10111,#10103,#20441,.T.);
#20439=LINE('',#10102,#20442);
#20440=LINE('',#10144,#20443);
#20441=LINE('',#10110,#20444);
#20442=VECTOR('',#20445,1.0);
#20443=VECTOR('',#20446,1.0);
#20444=VECTOR('',#20447,1.0);
#20445=DIRECTION('',(-0.8066748669146564,0.5909954814448428,0));
#20446=DIRECTION('',(0.5909954814448432,-0.8066748669146562,0));
#20447=DIRECTION('',(0.7071067811865481,0.7071067811865468,0));
#20448=STYLED_ITEM('',(#25),#20449);
#20449=FACE_SURFACE('',(#20454),#20450,.T.);
#20450=PLANE('',#20451);
#20451=AXIS2_PLACEMENT_3D('',#10102,#20452,#20453);
#20452=DIRECTION('',(0,-0,1));
#20453=DIRECTION('',(0.8066748669146564,0.5909954814448427,0));
#20454=FACE_BOUND('',#20455,.T.);
#20455=EDGE_LOOP('',(#20456,#20457,#20458));
#20456=ORIENTED_EDGE('',*,*,#20459,.T.);
#20457=ORIENTED_EDGE('',*,*,#20460,.T.);
#20458=ORIENTED_EDGE('',*,*,#20461,.T.);
#20459=EDGE_CURVE('',#10103,#10079,#20462,.F.);
#20460=EDGE_CURVE('',#10079,#10145,#20463,.T.);
#20461=EDGE_CURVE('',#10145,#10103,#20464,.T.);
#20462=LINE('',#10102,#20465);
#20463=LINE('',#10078,#20466);
#20464=LINE('',#10144,#20467);
#20465=VECTOR('',#20468,1.0);
#20466=VECTOR('',#20469,1.0);
#20467=VECTOR('',#20470,1.0);
#20468=DIRECTION('',(0.8066748669146564,0.5909954814448427,0));
#20469=DIRECTION('',(-1,0,0));
#20470=DIRECTION('',(0.8066748669146564,-0.5909954814448428,0));
#20471=STYLED_ITEM('',(#25),#20472);
#20472=FACE_SURFACE('',(#20477),#20473,.T.);
#20473=PLANE('',#20474);
#20474=AXIS2_PLACEMENT_3D('',#10144,#20475,#20476);
#20475=DIRECTION('',(0,0,1));
#20476=DIRECTION('',(-1,0,0));
#20477=FACE_BOUND('',#20478,.T.);
#20478=EDGE_LOOP('',(#20479,#20480,#20481));
#20479=ORIENTED_EDGE('',*,*,#20482,.T.);
#20480=ORIENTED_EDGE('',*,*,#20483,.T.);
#20481=ORIENTED_EDGE('',*,*,#20484,.T.);
#20482=EDGE_CURVE('',#10145,#10371,#20485,.F.);
#20483=EDGE_CURVE('',#10371,#10111,#20486,.T.);
#20484=EDGE_CURVE('',#10111,#10145,#20487,.T.);
#20485=LINE('',#10144,#20488);
#20486=LINE('',#10370,#20489);
#20487=LINE('',#10110,#20490);
#20488=VECTOR('',#20491,1.0);
#20489=VECTOR('',#20492,1.0);
#20490=VECTOR('',#20493,1.0);
#20491=DIRECTION('',(-1,0,0));
#20492=DIRECTION('',(0.8149681286956483,-0.5795057801353781,0));
#20493=DIRECTION('',(-0.5909954814448432,0.8066748669146562,0));
#20494=STYLED_ITEM('',(#25),#20495);
#20495=FACE_SURFACE('',(#20500),#20496,.T.);
#20496=PLANE('',#20497);
#20497=AXIS2_PLACEMENT_3D('',#10380,#20498,#20499);
#20498=DIRECTION('',(-0,0,1));
#20499=DIRECTION('',(0,-1,0));
#20500=FACE_BOUND('',#20501,.T.);
#20501=EDGE_LOOP('',(#20502,#20503,#20504));
#20502=ORIENTED_EDGE('',*,*,#20505,.T.);
#20503=ORIENTED_EDGE('',*,*,#20506,.T.);
#20504=ORIENTED_EDGE('',*,*,#20507,.T.);
#20505=EDGE_CURVE('',#10381,#10385,#20508,.F.);
#20506=EDGE_CURVE('',#10385,#10263,#20509,.T.);
#20507=EDGE_CURVE('',#10263,#10381,#20510,.T.);
#20508=LINE('',#10380,#20511);
#20509=LINE('',#10384,#20512);
#20510=LINE('',#10262,#20513);
#20511=VECTOR('',#20514,1.0);
#20512=VECTOR('',#20515,1.0);
#20513=VECTOR('',#20516,1.0);
#20514=DIRECTION('',(0,-1,0));
#20515=DIRECTION('',(0.5795057801353781,0.8149681286956484,0));
#20516=DIRECTION('',(-0.8066748669146562,-0.590995481444843,0));
#20517=STYLED_ITEM('',(#25),#20518);
#20518=FACE_SURFACE('',(#20523),#20519,.T.);
#20519=PLANE('',#20520);
#20520=AXIS2_PLACEMENT_3D('',#10258,#20521,#20522);
#20521=DIRECTION('',(0,-0,1));
#20522=DIRECTION('',(0,1,0));
#20523=FACE_BOUND('',#20524,.T.);
#20524=EDGE_LOOP('',(#20525,#20526,#20527));
#20525=ORIENTED_EDGE('',*,*,#20528,.T.);
#20526=ORIENTED_EDGE('',*,*,#20529,.T.);
#20527=ORIENTED_EDGE('',*,*,#20530,.T.);
#20528=EDGE_CURVE('',#10259,#10263,#20531,.F.);
#20529=EDGE_CURVE('',#10263,#10385,#20532,.T.);
#20530=EDGE_CURVE('',#10385,#10259,#20533,.T.);
#20531=LINE('',#10258,#20534);
#20532=LINE('',#10262,#20535);
#20533=LINE('',#10384,#20536);
#20534=VECTOR('',#20537,1.0);
#20535=VECTOR('',#20538,1.0);
#20536=VECTOR('',#20539,1.0);
#20537=DIRECTION('',(0,1,0));
#20538=DIRECTION('',(-0.5795057801353781,-0.8149681286956484,0));
#20539=DIRECTION('',(0.8066748669146562,-0.590995481444843,0));
#20540=STYLED_ITEM('',(#25),#20541);
#20541=FACE_SURFACE('',(#20546),#20542,.T.);
#20542=PLANE('',#20543);
#20543=AXIS2_PLACEMENT_3D('',#10258,#20544,#20545);
#20544=DIRECTION('',(0,0,1));
#20545=DIRECTION('',(-0.8066748669146562,0.590995481444843,0));
#20546=FACE_BOUND('',#20547,.T.);
#20547=EDGE_LOOP('',(#20548,#20549,#20550));
#20548=ORIENTED_EDGE('',*,*,#20551,.T.);
#20549=ORIENTED_EDGE('',*,*,#20552,.T.);
#20550=ORIENTED_EDGE('',*,*,#20553,.T.);
#20551=EDGE_CURVE('',#10259,#10385,#20554,.F.);
#20552=EDGE_CURVE('',#10385,#10015,#20555,.T.);
#20553=EDGE_CURVE('',#10015,#10259,#20556,.T.);
#20554=LINE('',#10258,#20557);
#20555=LINE('',#10384,#20558);
#20556=LINE('',#10014,#20559);
#20557=VECTOR('',#20560,1.0);
#20558=VECTOR('',#20561,1.0);
#20559=VECTOR('',#20562,1.0);
#20560=DIRECTION('',(-0.8066748669146562,0.590995481444843,0));
#20561=DIRECTION('',(0.590995481444842,-0.8066748669146568,0));
#20562=DIRECTION('',(0.7071067811865499,0.707106781186545,0));
#20563=STYLED_ITEM('',(#25),#20564);
#20564=FACE_SURFACE('',(#20569),#20565,.T.);
#20565=PLANE('',#20566);
#20566=AXIS2_PLACEMENT_3D('',#10362,#20567,#20568);
#20567=DIRECTION('',(-0,-0.7071067811865471,-0.7071067811865478));
#20568=DIRECTION('',(-1,0,0));
#20569=FACE_BOUND('',#20570,.T.);
#20570=EDGE_LOOP('',(#20571,#20572,#20573));
#20571=ORIENTED_EDGE('',*,*,#20574,.T.);
#20572=ORIENTED_EDGE('',*,*,#20575,.T.);
#20573=ORIENTED_EDGE('',*,*,#20576,.T.);
#20574=EDGE_CURVE('',#10363,#10377,#20577,.F.);
#20575=EDGE_CURVE('',#10377,#10273,#20578,.T.);
#20576=EDGE_CURVE('',#10273,#10363,#20579,.T.);
#20577=LINE('',#10362,#20580);
#20578=LINE('',#10376,#20581);
#20579=LINE('',#10272,#20582);
#20580=VECTOR('',#20583,1.0);
#20581=VECTOR('',#20584,1.0);
#20582=VECTOR('',#20585,1.0);
#20583=DIRECTION('',(-1,0,0));
#20584=DIRECTION('',(0.577350269189626,0.577350269189626,-0.5773502691896254));
#20585=DIRECTION('',(0.9045340337332909,-0.30151134457776363,0.30151134457776335));
#20586=STYLED_ITEM('',(#25),#20587);
#20587=FACE_SURFACE('',(#20592),#20588,.T.);
#20588=PLANE('',#20589);
#20589=AXIS2_PLACEMENT_3D('',#10362,#20590,#20591);
#20590=DIRECTION('',(0,-0.7071067811865472,-0.7071067811865478));
#20591=DIRECTION('',(-0.9045340337332909,0.30151134457776363,-0.30151134457776335));
#20592=FACE_BOUND('',#20593,.T.);
#20593=EDGE_LOOP('',(#20594,#20595,#20596));
#20594=ORIENTED_EDGE('',*,*,#20597,.T.);
#20595=ORIENTED_EDGE('',*,*,#20598,.T.);
#20596=ORIENTED_EDGE('',*,*,#20599,.T.);
#20597=EDGE_CURVE('',#10363,#10273,#20600,.F.);
#20598=EDGE_CURVE('',#10273,#10279,#20601,.T.);
#20599=EDGE_CURVE('',#10279,#10363,#20602,.T.);
#20600=LINE('',#10362,#20603);
#20601=LINE('',#10272,#20604);
#20602=LINE('',#10278,#20605);
#20603=VECTOR('',#20606,1.0);
#20604=VECTOR('',#20607,1.0);
#20605=VECTOR('',#20608,1.0);
#20606=DIRECTION('',(-0.9045340337332909,0.30151134457776363,-0.30151134457776335));
#20607=DIRECTION('',(1,0,0));
#20608=DIRECTION('',(0.577350269189626,-0.577350269189626,0.5773502691896254));
#20609=STYLED_ITEM('',(#25),#20610);
#20610=FACE_SURFACE('',(#20615),#20611,.T.);
#20611=PLANE('',#20612);
#20612=AXIS2_PLACEMENT_3D('',#10136,#20613,#20614);
#20613=DIRECTION('',(-0.7071067811865476,-0.7071067811865476,0));
#20614=DIRECTION('',(-0.09901475429766729,0.09901475429766729,0.9901475429766744));
#20615=FACE_BOUND('',#20616,.T.);
#20616=EDGE_LOOP('',(#20617,#20618,#20619));
#20617=ORIENTED_EDGE('',*,*,#20620,.T.);
#20618=ORIENTED_EDGE('',*,*,#20621,.T.);
#20619=ORIENTED_EDGE('',*,*,#20622,.T.);
#20620=EDGE_CURVE('',#10137,#10107,#20623,.F.);
#20621=EDGE_CURVE('',#10107,#10359,#20624,.T.);
#20622=EDGE_CURVE('',#10359,#10137,#20625,.T.);
#20623=LINE('',#10136,#20626);
#20624=LINE('',#10106,#20627);
#20625=LINE('',#10358,#20628);
#20626=VECTOR('',#20629,1.0);
#20627=VECTOR('',#20630,1.0);
#20628=VECTOR('',#20631,1.0);
#20629=DIRECTION('',(-0.09901475429766729,0.09901475429766729,0.9901475429766744));
#20630=DIRECTION('',(0,0,-1));
#20631=DIRECTION('',(0.7071067811865475,-0.7071067811865475,0));
#20632=STYLED_ITEM('',(#25),#20633);
#20633=FACE_SURFACE('',(#20638),#20634,.T.);
#20634=PLANE('',#20635);
#20635=AXIS2_PLACEMENT_3D('',#10380,#20636,#20637);
#20636=DIRECTION('',(1,0,0));
#20637=DIRECTION('',(0,-0.21983912974654354,0.9755361382502866));
#20638=FACE_BOUND('',#20639,.T.);
#20639=EDGE_LOOP('',(#20640,#20641,#20642));
#20640=ORIENTED_EDGE('',*,*,#20643,.T.);
#20641=ORIENTED_EDGE('',*,*,#20644,.T.);
#20642=ORIENTED_EDGE('',*,*,#20645,.T.);
#20643=EDGE_CURVE('',#10381,#10387,#20646,.F.);
#20644=EDGE_CURVE('',#10387,#10385,#20647,.T.);
#20645=EDGE_CURVE('',#10385,#10381,#20648,.T.);
#20646=LINE('',#10380,#20649);
#20647=LINE('',#10386,#20650);
#20648=LINE('',#10384,#20651);
#20649=VECTOR('',#20652,1.0);
#20650=VECTOR('',#20653,1.0);
#20651=VECTOR('',#20654,1.0);
#20652=DIRECTION('',(0,-0.21983912974654354,0.9755361382502866));
#20653=DIRECTION('',(0,0,-1));
#20654=DIRECTION('',(0,1,0));
#20655=STYLED_ITEM('',(#25),#20656);
#20656=FACE_SURFACE('',(#20661),#20657,.T.);
#20657=PLANE('',#20658);
#20658=AXIS2_PLACEMENT_3D('',#10376,#20659,#20660);
#20659=DIRECTION('',(-0.7071067811865471,0,-0.7071067811865478));
#20660=DIRECTION('',(0,1,0));
#20661=FACE_BOUND('',#20662,.T.);
#20662=EDGE_LOOP('',(#20663,#20664,#20665));
#20663=ORIENTED_EDGE('',*,*,#20666,.T.);
#20664=ORIENTED_EDGE('',*,*,#20667,.T.);
#20665=ORIENTED_EDGE('',*,*,#20668,.T.);
#20666=EDGE_CURVE('',#10377,#10353,#20669,.F.);
#20667=EDGE_CURVE('',#10353,#10275,#20670,.T.);
#20668=EDGE_CURVE('',#10275,#10377,#20671,.T.);
#20669=LINE('',#10376,#20672);
#20670=LINE('',#10352,#20673);
#20671=LINE('',#10274,#20674);
#20672=VECTOR('',#20675,1.0);
#20673=VECTOR('',#20676,1.0);
#20674=VECTOR('',#20677,1.0);
#20675=DIRECTION('',(0,1,0));
#20676=DIRECTION('',(0.577350269189626,-0.577350269189626,-0.5773502691896254));
#20677=DIRECTION('',(-0.30151134457776363,-0.9045340337332909,0.30151134457776335));
#20678=STYLED_ITEM('',(#25),#20679);
#20679=FACE_SURFACE('',(#20684),#20680,.T.);
#20680=PLANE('',#20681);
#20681=AXIS2_PLACEMENT_3D('',#10376,#20682,#20683);
#20682=DIRECTION('',(-0.7071067811865472,0,-0.7071067811865478));
#20683=DIRECTION('',(0.30151134457776363,0.9045340337332909,-0.30151134457776335));
#20684=FACE_BOUND('',#20685,.T.);
#20685=EDGE_LOOP('',(#20686,#20687,#20688));
#20686=ORIENTED_EDGE('',*,*,#20689,.T.);
#20687=ORIENTED_EDGE('',*,*,#20690,.T.);
#20688=ORIENTED_EDGE('',*,*,#20691,.T.);
#20689=EDGE_CURVE('',#10377,#10275,#20692,.F.);
#20690=EDGE_CURVE('',#10275,#10273,#20693,.T.);
#20691=EDGE_CURVE('',#10273,#10377,#20694,.T.);
#20692=LINE('',#10376,#20695);
#20693=LINE('',#10274,#20696);
#20694=LINE('',#10272,#20697);
#20695=VECTOR('',#20698,1.0);
#20696=VECTOR('',#20699,1.0);
#20697=VECTOR('',#20700,1.0);
#20698=DIRECTION('',(0.30151134457776363,0.9045340337332909,-0.30151134457776335));
#20699=DIRECTION('',(0,-1,0));
#20700=DIRECTION('',(-0.577350269189626,-0.577350269189626,0.5773502691896254));
#20701=STYLED_ITEM('',(#25),#20702);
#20702=FACE_SURFACE('',(#20707),#20703,.T.);
#20703=PLANE('',#20704);
#20704=AXIS2_PLACEMENT_3D('',#10014,#20705,#20706);
#20705=DIRECTION('',(0,0,1));
#20706=DIRECTION('',(-0.590995481444842,0.8066748669146568,0));
#20707=FACE_BOUND('',#20708,.T.);
#20708=EDGE_LOOP('',(#20709,#20710,#20711));
#20709=ORIENTED_EDGE('',*,*,#20712,.T.);
#20710=ORIENTED_EDGE('',*,*,#20713,.T.);
#20711=ORIENTED_EDGE('',*,*,#20714,.T.);
#20712=EDGE_CURVE('',#10015,#10385,#20715,.F.);
#20713=EDGE_CURVE('',#10385,#9919,#20716,.T.);
#20714=EDGE_CURVE('',#9919,#10015,#20717,.T.);
#20715=LINE('',#10014,#20718);
#20716=LINE('',#10384,#20719);
#20717=LINE('',#9918,#20720);
#20718=VECTOR('',#20721,1.0);
#20719=VECTOR('',#20722,1.0);
#20720=VECTOR('',#20723,1.0);
#20721=DIRECTION('',(-0.590995481444842,0.8066748669146568,0));
#20722=DIRECTION('',(-0.8149681286956487,-0.5795057801353776,0));
#20723=DIRECTION('',(1,0,0));
#20724=STYLED_ITEM('',(#25),#20725);
#20725=FACE_SURFACE('',(#20730),#20726,.T.);
#20726=PLANE('',#20727);
#20727=AXIS2_PLACEMENT_3D('',#10216,#20728,#20729);
#20728=DIRECTION('',(-0,0,1));
#20729=DIRECTION('',(-0.5909954814448439,-0.8066748669146554,0));
#20730=FACE_BOUND('',#20731,.T.);
#20731=EDGE_LOOP('',(#20732,#20733,#20734));
#20732=ORIENTED_EDGE('',*,*,#20735,.T.);
#20733=ORIENTED_EDGE('',*,*,#20736,.T.);
#20734=ORIENTED_EDGE('',*,*,#20737,.T.);
#20735=EDGE_CURVE('',#10217,#9919,#20738,.F.);
#20736=EDGE_CURVE('',#9919,#10385,#20739,.T.);
#20737=EDGE_CURVE('',#10385,#10217,#20740,.T.);
#20738=LINE('',#10216,#20741);
#20739=LINE('',#9918,#20742);
#20740=LINE('',#10384,#20743);
#20741=VECTOR('',#20744,1.0);
#20742=VECTOR('',#20745,1.0);
#20743=VECTOR('',#20746,1.0);
#20744=DIRECTION('',(-0.5909954814448439,-0.8066748669146554,0));
#20745=DIRECTION('',(0.8149681286956487,0.5795057801353776,0));
#20746=DIRECTION('',(-1,0,0));
#20747=STYLED_ITEM('',(#25),#20748);
#20748=FACE_SURFACE('',(#20753),#20749,.T.);
#20749=PLANE('',#20750);
#20750=AXIS2_PLACEMENT_3D('',#10126,#20751,#20752);
#20751=DIRECTION('',(0.7071067811865462,0.7071067811865488,0));
#20752=DIRECTION('',(0.09901475429766764,-0.09901475429766729,0.9901475429766744));
#20753=FACE_BOUND('',#20754,.T.);
#20754=EDGE_LOOP('',(#20755,#20756,#20757));
#20755=ORIENTED_EDGE('',*,*,#20758,.T.);
#20756=ORIENTED_EDGE('',*,*,#20759,.T.);
#20757=ORIENTED_EDGE('',*,*,#20760,.T.);
#20758=EDGE_CURVE('',#10127,#10115,#20761,.F.);
#20759=EDGE_CURVE('',#10115,#10367,#20762,.T.);
#20760=EDGE_CURVE('',#10367,#10127,#20763,.T.);
#20761=LINE('',#10126,#20764);
#20762=LINE('',#10114,#20765);
#20763=LINE('',#10366,#20766);
#20764=VECTOR('',#20767,1.0);
#20765=VECTOR('',#20768,1.0);
#20766=VECTOR('',#20769,1.0);
#20767=DIRECTION('',(0.09901475429766764,-0.09901475429766729,0.9901475429766744));
#20768=DIRECTION('',(0,0,-1));
#20769=DIRECTION('',(-0.7071067811865488,0.7071067811865462,0));
#20770=STYLED_ITEM('',(#25),#20771);
#20771=FACE_SURFACE('',(#20776),#20772,.T.);
#20772=PLANE('',#20773);
#20773=AXIS2_PLACEMENT_3D('',#10230,#20774,#20775);
#20774=DIRECTION('',(0,0,1));
#20775=DIRECTION('',(1,0,0));
#20776=FACE_BOUND('',#20777,.T.);
#20777=EDGE_LOOP('',(#20778,#20779,#20780));
#20778=ORIENTED_EDGE('',*,*,#20781,.T.);
#20779=ORIENTED_EDGE('',*,*,#20782,.T.);
#20780=ORIENTED_EDGE('',*,*,#20783,.T.);
#20781=EDGE_CURVE('',#10231,#10111,#20784,.F.);
#20782=EDGE_CURVE('',#10111,#10371,#20785,.T.);
#20783=EDGE_CURVE('',#10371,#10231,#20786,.T.);
#20784=LINE('',#10230,#20787);
#20785=LINE('',#10110,#20788);
#20786=LINE('',#10370,#20789);
#20787=VECTOR('',#20790,1.0);
#20788=VECTOR('',#20791,1.0);
#20789=VECTOR('',#20792,1.0);
#20790=DIRECTION('',(1,0,0));
#20791=DIRECTION('',(-0.8149681286956483,0.5795057801353781,0));
#20792=DIRECTION('',(-0.5909954814448432,-0.8066748669146562,0));
#20793=STYLED_ITEM('',(#25),#20794);
#20794=FACE_SURFACE('',(#20799),#20795,.T.);
#20795=PLANE('',#20796);
#20796=AXIS2_PLACEMENT_3D('',#10216,#20797,#20798);
#20797=DIRECTION('',(0,-1,0));
#20798=DIRECTION('',(1,0,0));
#20799=FACE_BOUND('',#20800,.T.);
#20800=EDGE_LOOP('',(#20801,#20802,#20803));
#20801=ORIENTED_EDGE('',*,*,#20804,.T.);
#20802=ORIENTED_EDGE('',*,*,#20805,.T.);
#20803=ORIENTED_EDGE('',*,*,#20806,.T.);
#20804=EDGE_CURVE('',#10217,#10385,#20807,.F.);
#20805=EDGE_CURVE('',#10385,#10389,#20808,.T.);
#20806=EDGE_CURVE('',#10389,#10217,#20809,.T.);
#20807=LINE('',#10216,#20810);
#20808=LINE('',#10384,#20811);
#20809=LINE('',#10388,#20812);
#20810=VECTOR('',#20813,1.0);
#20811=VECTOR('',#20814,1.0);
#20812=VECTOR('',#20815,1.0);
#20813=DIRECTION('',(1,0,0));
#20814=DIRECTION('',(-0.21983912974654354,0,0.9755361382502866));
#20815=DIRECTION('',(0,0,-1));
#20816=STYLED_ITEM('',(#25),#20817);
#20817=FACE_SURFACE('',(#20822),#20818,.T.);
#20818=PLANE('',#20819);
#20819=AXIS2_PLACEMENT_3D('',#10386,#20820,#20821);
#20820=DIRECTION('',(-0,-1,-0));
#20821=DIRECTION('',(-1,0,0));
#20822=FACE_BOUND('',#20823,.T.);
#20823=EDGE_LOOP('',(#20824,#20825,#20826));
#20824=ORIENTED_EDGE('',*,*,#20827,.T.);
#20825=ORIENTED_EDGE('',*,*,#20828,.T.);
#20826=ORIENTED_EDGE('',*,*,#20829,.T.);
#20827=EDGE_CURVE('',#10387,#10389,#20830,.F.);
#20828=EDGE_CURVE('',#10389,#10385,#20831,.T.);
#20829=EDGE_CURVE('',#10385,#10387,#20832,.T.);
#20830=LINE('',#10386,#20833);
#20831=LINE('',#10388,#20834);
#20832=LINE('',#10384,#20835);
#20833=VECTOR('',#20836,1.0);
#20834=VECTOR('',#20837,1.0);
#20835=VECTOR('',#20838,1.0);
#20836=DIRECTION('',(-1,0,0));
#20837=DIRECTION('',(0.21983912974654354,0,-0.9755361382502866));
#20838=DIRECTION('',(0,0,1));
#20839=STYLED_ITEM('',(#25),#20840);
#20840=FACE_SURFACE('',(#20845),#20841,.T.);
#20841=PLANE('',#20842);
#20842=AXIS2_PLACEMENT_3D('',#10218,#20843,#20844);
#20843=DIRECTION('',(0,0,1));
#20844=DIRECTION('',(-0.5795057801353781,-0.8149681286956484,0));
#20845=FACE_BOUND('',#20846,.T.);
#20846=EDGE_LOOP('',(#20847,#20848,#20849));
#20847=ORIENTED_EDGE('',*,*,#20850,.T.);
#20848=ORIENTED_EDGE('',*,*,#20851,.T.);
#20849=ORIENTED_EDGE('',*,*,#20852,.T.);
#20850=EDGE_CURVE('',#10219,#10195,#20853,.F.);
#20851=EDGE_CURVE('',#10195,#10217,#20854,.T.);
#20852=EDGE_CURVE('',#10217,#10219,#20855,.T.);
#20853=LINE('',#10218,#20856);
#20854=LINE('',#10194,#20857);
#20855=LINE('',#10216,#20858);
#20856=VECTOR('',#20859,1.0);
#20857=VECTOR('',#20860,1.0);
#20858=VECTOR('',#20861,1.0);
#20859=DIRECTION('',(-0.5795057801353781,-0.8149681286956484,0));
#20860=DIRECTION('',(0.8066748669146562,0.590995481444843,0));
#20861=DIRECTION('',(0,1,0));
#20862=STYLED_ITEM('',(#25),#20863);
#20863=FACE_SURFACE('',(#20868),#20864,.T.);
#20864=PLANE('',#20865);
#20865=AXIS2_PLACEMENT_3D('',#10144,#20866,#20867);
#20866=DIRECTION('',(0,-1,0));
#20867=DIRECTION('',(-0.2198391297465434,0,0.9755361382502867));
#20868=FACE_BOUND('',#20869,.T.);
#20869=EDGE_LOOP('',(#20870,#20871,#20872));
#20870=ORIENTED_EDGE('',*,*,#20873,.T.);
#20871=ORIENTED_EDGE('',*,*,#20874,.T.);
#20872=ORIENTED_EDGE('',*,*,#20875,.T.);
#20873=EDGE_CURVE('',#10145,#10379,#20876,.F.);
#20874=EDGE_CURVE('',#10379,#10371,#20877,.T.);
#20875=EDGE_CURVE('',#10371,#10145,#20878,.T.);
#20876=LINE('',#10144,#20879);
#20877=LINE('',#10378,#20880);
#20878=LINE('',#10370,#20881);
#20879=VECTOR('',#20882,1.0);
#20880=VECTOR('',#20883,1.0);
#20881=VECTOR('',#20884,1.0);
#20882=DIRECTION('',(-0.2198391297465434,0,0.9755361382502867));
#20883=DIRECTION('',(0,0,-1));
#20884=DIRECTION('',(1,0,0));
#20885=STYLED_ITEM('',(#25),#20886);
#20886=FACE_SURFACE('',(#20891),#20887,.T.);
#20887=PLANE('',#20888);
#20888=AXIS2_PLACEMENT_3D('',#10366,#20889,#20890);
#20889=DIRECTION('',(-0.7071067811865476,0.7071067811865476,0));
#20890=DIRECTION('',(0,0,1));
#20891=FACE_BOUND('',#20892,.T.);
#20892=EDGE_LOOP('',(#20893,#20894,#20895));
#20893=ORIENTED_EDGE('',*,*,#20896,.T.);
#20894=ORIENTED_EDGE('',*,*,#20897,.T.);
#20895=ORIENTED_EDGE('',*,*,#20898,.T.);
#20896=EDGE_CURVE('',#10367,#10115,#20899,.F.);
#20897=EDGE_CURVE('',#10115,#10099,#20900,.T.);
#20898=EDGE_CURVE('',#10099,#10367,#20901,.T.);
#20899=LINE('',#10366,#20902);
#20900=LINE('',#10114,#20903);
#20901=LINE('',#10098,#20904);
#20902=VECTOR('',#20905,1.0);
#20903=VECTOR('',#20906,1.0);
#20904=VECTOR('',#20907,1.0);
#20905=DIRECTION('',(0,0,1));
#20906=DIRECTION('',(0.09901475429766729,0.09901475429766729,-0.9901475429766744));
#20907=DIRECTION('',(-0.7071067811865475,-0.7071067811865475,0));
#20908=STYLED_ITEM('',(#25),#20909);
#20909=FACE_SURFACE('',(#20914),#20910,.T.);
#20910=PLANE('',#20911);
#20911=AXIS2_PLACEMENT_3D('',#10218,#20912,#20913);
#20912=DIRECTION('',(-1,0,0));
#20913=DIRECTION('',(0,-1,0));
#20914=FACE_BOUND('',#20915,.T.);
#20915=EDGE_LOOP('',(#20916,#20917,#20918));
#20916=ORIENTED_EDGE('',*,*,#20919,.T.);
#20917=ORIENTED_EDGE('',*,*,#20920,.T.);
#20918=ORIENTED_EDGE('',*,*,#20921,.T.);
#20919=EDGE_CURVE('',#10219,#10217,#20922,.F.);
#20920=EDGE_CURVE('',#10217,#10389,#20923,.T.);
#20921=EDGE_CURVE('',#10389,#10219,#20924,.T.);
#20922=LINE('',#10218,#20925);
#20923=LINE('',#10216,#20926);
#20924=LINE('',#10388,#20927);
#20925=VECTOR('',#20928,1.0);
#20926=VECTOR('',#20929,1.0);
#20927=VECTOR('',#20930,1.0);
#20928=DIRECTION('',(0,-1,0));
#20929=DIRECTION('',(0,0,1));
#20930=DIRECTION('',(0,0.21983912974654354,-0.9755361382502866));
#20931=STYLED_ITEM('',(#25),#20932);
#20932=FACE_SURFACE('',(#20937),#20933,.T.);
#20933=PLANE('',#20934);
#20934=AXIS2_PLACEMENT_3D('',#10218,#20935,#20936);
#20935=DIRECTION('',(-1,0,0));
#20936=DIRECTION('',(0,-0.21983912974654354,0.9755361382502866));
#20937=FACE_BOUND('',#20938,.T.);
#20938=EDGE_LOOP('',(#20939,#20940,#20941));
#20939=ORIENTED_EDGE('',*,*,#20942,.T.);
#20940=ORIENTED_EDGE('',*,*,#20943,.T.);
#20941=ORIENTED_EDGE('',*,*,#20944,.T.);
#20942=EDGE_CURVE('',#10219,#10389,#20945,.F.);
#20943=EDGE_CURVE('',#10389,#10383,#20946,.T.);
#20944=EDGE_CURVE('',#10383,#10219,#20947,.T.);
#20945=LINE('',#10218,#20948);
#20946=LINE('',#10388,#20949);
#20947=LINE('',#10382,#20950);
#20948=VECTOR('',#20951,1.0);
#20949=VECTOR('',#20952,1.0);
#20950=VECTOR('',#20953,1.0);
#20951=DIRECTION('',(0,-0.21983912974654354,0.9755361382502866));
#20952=DIRECTION('',(0,1,0));
#20953=DIRECTION('',(0,0,-1));
#20954=STYLED_ITEM('',(#25),#20955);
#20955=FACE_SURFACE('',(#20960),#20956,.T.);
#20956=PLANE('',#20957);
#20957=AXIS2_PLACEMENT_3D('',#10378,#20958,#20959);
#20958=DIRECTION('',(-1,0,0));
#20959=DIRECTION('',(0,1,0));
#20960=FACE_BOUND('',#20961,.T.);
#20961=EDGE_LOOP('',(#20962,#20963,#20964));
#20962=ORIENTED_EDGE('',*,*,#20965,.T.);
#20963=ORIENTED_EDGE('',*,*,#20966,.T.);
#20964=ORIENTED_EDGE('',*,*,#20967,.T.);
#20965=EDGE_CURVE('',#10379,#10391,#20968,.F.);
#20966=EDGE_CURVE('',#10391,#10373,#20969,.T.);
#20967=EDGE_CURVE('',#10373,#10379,#20970,.T.);
#20968=LINE('',#10378,#20971);
#20969=LINE('',#10390,#20972);
#20970=LINE('',#10372,#20973);
#20971=VECTOR('',#20974,1.0);
#20972=VECTOR('',#20975,1.0);
#20973=VECTOR('',#20976,1.0);
#20974=DIRECTION('',(0,1,0));
#20975=DIRECTION('',(0,0,-1));
#20976=DIRECTION('',(0,-0.21983912974654354,0.9755361382502866));
#20977=STYLED_ITEM('',(#25),#20978);
#20978=FACE_SURFACE('',(#20983),#20979,.T.);
#20979=PLANE('',#20980);
#20980=AXIS2_PLACEMENT_3D('',#10382,#20981,#20982);
#20981=DIRECTION('',(-0,1,0));
#20982=DIRECTION('',(1,0,0));
#20983=FACE_BOUND('',#20984,.T.);
#20984=EDGE_LOOP('',(#20985,#20986,#20987));
#20985=ORIENTED_EDGE('',*,*,#20988,.T.);
#20986=ORIENTED_EDGE('',*,*,#20989,.T.);
#20987=ORIENTED_EDGE('',*,*,#20990,.T.);
#20988=EDGE_CURVE('',#10383,#10393,#20991,.F.);
#20989=EDGE_CURVE('',#10393,#10381,#20992,.T.);
#20990=EDGE_CURVE('',#10381,#10383,#20993,.T.);
#20991=LINE('',#10382,#20994);
#20992=LINE('',#10392,#20995);
#20993=LINE('',#10380,#20996);
#20994=VECTOR('',#20997,1.0);
#20995=VECTOR('',#20998,1.0);
#20996=VECTOR('',#20999,1.0);
#20997=DIRECTION('',(1,0,0));
#20998=DIRECTION('',(0,0,-1));
#20999=DIRECTION('',(-0.21983912974654354,0,0.9755361382502866));
#21000=STYLED_ITEM('',(#25),#21001);
#21001=FACE_SURFACE('',(#21006),#21002,.T.);
#21002=PLANE('',#21003);
#21003=AXIS2_PLACEMENT_3D('',#10214,#21004,#21005);
#21004=DIRECTION('',(1,0,0));
#21005=DIRECTION('',(0,-1,0));
#21006=FACE_BOUND('',#21007,.T.);
#21007=EDGE_LOOP('',(#21008,#21009,#21010));
#21008=ORIENTED_EDGE('',*,*,#21011,.T.);
#21009=ORIENTED_EDGE('',*,*,#21012,.T.);
#21010=ORIENTED_EDGE('',*,*,#21013,.T.);
#21011=EDGE_CURVE('',#10215,#10361,#21014,.F.);
#21012=EDGE_CURVE('',#10361,#9903,#21015,.T.);
#21013=EDGE_CURVE('',#9903,#10215,#21016,.T.);
#21014=LINE('',#10214,#21017);
#21015=LINE('',#10360,#21018);
#21016=LINE('',#9902,#21019);
#21017=VECTOR('',#21020,1.0);
#21018=VECTOR('',#21021,1.0);
#21019=VECTOR('',#21022,1.0);
#21020=DIRECTION('',(0,-1,0));
#21021=DIRECTION('',(0,0,-1));
#21022=DIRECTION('',(0,0.10893684089886697,0.9940486732021603));
#21023=STYLED_ITEM('',(#25),#21024);
#21024=FACE_SURFACE('',(#21029),#21025,.T.);
#21025=PLANE('',#21026);
#21026=AXIS2_PLACEMENT_3D('',#10390,#21027,#21028);
#21027=DIRECTION('',(-0,1,0));
#21028=DIRECTION('',(1,0,0));
#21029=FACE_BOUND('',#21030,.T.);
#21030=EDGE_LOOP('',(#21031,#21032,#21033));
#21031=ORIENTED_EDGE('',*,*,#21034,.T.);
#21032=ORIENTED_EDGE('',*,*,#21035,.T.);
#21033=ORIENTED_EDGE('',*,*,#21036,.T.);
#21034=EDGE_CURVE('',#10391,#10395,#21037,.F.);
#21035=EDGE_CURVE('',#10395,#10141,#21038,.T.);
#21036=EDGE_CURVE('',#10141,#10391,#21039,.T.);
#21037=LINE('',#10390,#21040);
#21038=LINE('',#10394,#21041);
#21039=LINE('',#10140,#21042);
#21040=VECTOR('',#21043,1.0);
#21041=VECTOR('',#21044,1.0);
#21042=VECTOR('',#21045,1.0);
#21043=DIRECTION('',(1,0,0));
#21044=DIRECTION('',(0,0,-1));
#21045=DIRECTION('',(-0.2198391297465434,0,0.9755361382502867));
#21046=STYLED_ITEM('',(#25),#21047);
#21047=FACE_SURFACE('',(#21052),#21048,.T.);
#21048=PLANE('',#21049);
#21049=AXIS2_PLACEMENT_3D('',#10390,#21050,#21051);
#21050=DIRECTION('',(0,1,0));
#21051=DIRECTION('',(0.2198391297465434,0,-0.9755361382502867));
#21052=FACE_BOUND('',#21053,.T.);
#21053=EDGE_LOOP('',(#21054,#21055,#21056));
#21054=ORIENTED_EDGE('',*,*,#21057,.T.);
#21055=ORIENTED_EDGE('',*,*,#21058,.T.);
#21056=ORIENTED_EDGE('',*,*,#21059,.T.);
#21057=EDGE_CURVE('',#10391,#10141,#21060,.F.);
#21058=EDGE_CURVE('',#10141,#10373,#21061,.T.);
#21059=EDGE_CURVE('',#10373,#10391,#21062,.T.);
#21060=LINE('',#10390,#21063);
#21061=LINE('',#10140,#21064);
#21062=LINE('',#10372,#21065);
#21063=VECTOR('',#21066,1.0);
#21064=VECTOR('',#21067,1.0);
#21065=VECTOR('',#21068,1.0);
#21066=DIRECTION('',(0.2198391297465434,0,-0.9755361382502867));
#21067=DIRECTION('',(-1,0,0));
#21068=DIRECTION('',(0,0,1));
#21069=STYLED_ITEM('',(#25),#21070);
#21070=FACE_SURFACE('',(#21075),#21071,.T.);
#21071=PLANE('',#21072);
#21072=AXIS2_PLACEMENT_3D('',#10392,#21073,#21074);
#21073=DIRECTION('',(1,0,0));
#21074=DIRECTION('',(0,-1,0));
#21075=FACE_BOUND('',#21076,.T.);
#21076=EDGE_LOOP('',(#21077,#21078,#21079));
#21077=ORIENTED_EDGE('',*,*,#21080,.T.);
#21078=ORIENTED_EDGE('',*,*,#21081,.T.);
#21079=ORIENTED_EDGE('',*,*,#21082,.T.);
#21080=EDGE_CURVE('',#10393,#10387,#21083,.F.);
#21081=EDGE_CURVE('',#10387,#10381,#21084,.T.);
#21082=EDGE_CURVE('',#10381,#10393,#21085,.T.);
#21083=LINE('',#10392,#21086);
#21084=LINE('',#10386,#21087);
#21085=LINE('',#10380,#21088);
#21086=VECTOR('',#21089,1.0);
#21087=VECTOR('',#21090,1.0);
#21088=VECTOR('',#21091,1.0);
#21089=DIRECTION('',(0,-1,0));
#21090=DIRECTION('',(0,0.21983912974654354,-0.9755361382502866));
#21091=DIRECTION('',(0,0,1));
#21092=STYLED_ITEM('',(#25),#21093);
#21093=FACE_SURFACE('',(#21098),#21094,.T.);
#21094=PLANE('',#21095);
#21095=AXIS2_PLACEMENT_3D('',#10360,#21096,#21097);
#21096=DIRECTION('',(-0,-0,-1));
#21097=DIRECTION('',(0.590995481444843,-0.8066748669146562,0));
#21098=FACE_BOUND('',#21099,.T.);
#21099=EDGE_LOOP('',(#21100,#21101,#21102));
#21100=ORIENTED_EDGE('',*,*,#21103,.T.);
#21101=ORIENTED_EDGE('',*,*,#21104,.T.);
#21102=ORIENTED_EDGE('',*,*,#21105,.T.);
#21103=EDGE_CURVE('',#10361,#10133,#21106,.F.);
#21104=EDGE_CURVE('',#10133,#9881,#21107,.T.);
#21105=EDGE_CURVE('',#9881,#10361,#21108,.T.);
#21106=LINE('',#10360,#21109);
#21107=LINE('',#10132,#21110);
#21108=LINE('',#9880,#21111);
#21109=VECTOR('',#21112,1.0);
#21110=VECTOR('',#21113,1.0);
#21111=VECTOR('',#21114,1.0);
#21112=DIRECTION('',(0.590995481444843,-0.8066748669146562,0));
#21113=DIRECTION('',(-0.8149681286956482,0.5795057801353783,0));
#21114=DIRECTION('',(1,0,0));
#21115=STYLED_ITEM('',(#25),#21116);
#21116=FACE_SURFACE('',(#21121),#21117,.T.);
#21117=PLANE('',#21118);
#21118=AXIS2_PLACEMENT_3D('',#9882,#21119,#21120);
#21119=DIRECTION('',(0,0,-1));
#21120=DIRECTION('',(0.5909954814448436,0.8066748669146558,0));
#21121=FACE_BOUND('',#21122,.T.);
#21122=EDGE_LOOP('',(#21123,#21124,#21125));
#21123=ORIENTED_EDGE('',*,*,#21126,.T.);
#21124=ORIENTED_EDGE('',*,*,#21127,.T.);
#21125=ORIENTED_EDGE('',*,*,#21128,.T.);
#21126=EDGE_CURVE('',#9883,#9881,#21129,.F.);
#21127=EDGE_CURVE('',#9881,#10133,#21130,.T.);
#21128=EDGE_CURVE('',#10133,#9883,#21131,.T.);
#21129=LINE('',#9882,#21132);
#21130=LINE('',#9880,#21133);
#21131=LINE('',#10132,#21134);
#21132=VECTOR('',#21135,1.0);
#21133=VECTOR('',#21136,1.0);
#21134=VECTOR('',#21137,1.0);
#21135=DIRECTION('',(0.5909954814448436,0.8066748669146558,0));
#21136=DIRECTION('',(0.8149681286956482,-0.5795057801353783,0));
#21137=DIRECTION('',(-1,0,0));
#21138=STYLED_ITEM('',(#25),#21139);
#21139=FACE_SURFACE('',(#21144),#21140,.T.);
#21140=PLANE('',#21141);
#21141=AXIS2_PLACEMENT_3D('',#9938,#21142,#21143);
#21142=DIRECTION('',(0,1,0));
#21143=DIRECTION('',(0,0,-1));
#21144=FACE_BOUND('',#21145,.T.);
#21145=EDGE_LOOP('',(#21146,#21147,#21148));
#21146=ORIENTED_EDGE('',*,*,#21149,.T.);
#21147=ORIENTED_EDGE('',*,*,#21150,.T.);
#21148=ORIENTED_EDGE('',*,*,#21151,.T.);
#21149=EDGE_CURVE('',#9939,#10397,#21152,.F.);
#21150=EDGE_CURVE('',#10397,#10085,#21153,.T.);
#21151=EDGE_CURVE('',#10085,#9939,#21154,.T.);
#21152=LINE('',#9938,#21155);
#21153=LINE('',#10396,#21156);
#21154=LINE('',#10084,#21157);
#21155=VECTOR('',#21158,1.0);
#21156=VECTOR('',#21159,1.0);
#21157=VECTOR('',#21160,1.0);
#21158=DIRECTION('',(0,0,-1));
#21159=DIRECTION('',(-1,0,0));
#21160=DIRECTION('',(0.10893684089886668,0,0.9940486732021603));
#21161=STYLED_ITEM('',(#25),#21162);
#21162=FACE_SURFACE('',(#21167),#21163,.T.);
#21163=PLANE('',#21164);
#21164=AXIS2_PLACEMENT_3D('',#10144,#21165,#21166);
#21165=DIRECTION('',(1,0,0));
#21166=DIRECTION('',(0,1,0));
#21167=FACE_BOUND('',#21168,.T.);
#21168=EDGE_LOOP('',(#21169,#21170,#21171));
#21169=ORIENTED_EDGE('',*,*,#21172,.T.);
#21170=ORIENTED_EDGE('',*,*,#21173,.T.);
#21171=ORIENTED_EDGE('',*,*,#21174,.T.);
#21172=EDGE_CURVE('',#10145,#10141,#21175,.F.);
#21173=EDGE_CURVE('',#10141,#10399,#21176,.T.);
#21174=EDGE_CURVE('',#10399,#10145,#21177,.T.);
#21175=LINE('',#10144,#21178);
#21176=LINE('',#10140,#21179);
#21177=LINE('',#10398,#21180);
#21178=VECTOR('',#21181,1.0);
#21179=VECTOR('',#21182,1.0);
#21180=VECTOR('',#21183,1.0);
#21181=DIRECTION('',(0,1,0));
#21182=DIRECTION('',(0,-0.21983912974654354,0.9755361382502866));
#21183=DIRECTION('',(0,0,-1));
#21184=STYLED_ITEM('',(#25),#21185);
#21185=FACE_SURFACE('',(#21190),#21186,.T.);
#21186=PLANE('',#21187);
#21187=AXIS2_PLACEMENT_3D('',#10394,#21188,#21189);
#21188=DIRECTION('',(1,0,0));
#21189=DIRECTION('',(0,-1,0));
#21190=FACE_BOUND('',#21191,.T.);
#21191=EDGE_LOOP('',(#21192,#21193,#21194));
#21192=ORIENTED_EDGE('',*,*,#21195,.T.);
#21193=ORIENTED_EDGE('',*,*,#21196,.T.);
#21194=ORIENTED_EDGE('',*,*,#21197,.T.);
#21195=EDGE_CURVE('',#10395,#10399,#21198,.F.);
#21196=EDGE_CURVE('',#10399,#10141,#21199,.T.);
#21197=EDGE_CURVE('',#10141,#10395,#21200,.T.);
#21198=LINE('',#10394,#21201);
#21199=LINE('',#10398,#21202);
#21200=LINE('',#10140,#21203);
#21201=VECTOR('',#21204,1.0);
#21202=VECTOR('',#21205,1.0);
#21203=VECTOR('',#21206,1.0);
#21204=DIRECTION('',(0,-1,0));
#21205=DIRECTION('',(0,0.21983912974654354,-0.9755361382502866));
#21206=DIRECTION('',(0,0,1));
#21207=STYLED_ITEM('',(#25),#21208);
#21208=FACE_SURFACE('',(#21213),#21209,.T.);
#21209=PLANE('',#21210);
#21210=AXIS2_PLACEMENT_3D('',#9938,#21211,#21212);
#21211=DIRECTION('',(1,0,0));
#21212=DIRECTION('',(0,-0.10893684089886697,-0.9940486732021603));
#21213=FACE_BOUND('',#21214,.T.);
#21214=EDGE_LOOP('',(#21215,#21216,#21217));
#21215=ORIENTED_EDGE('',*,*,#21218,.T.);
#21216=ORIENTED_EDGE('',*,*,#21219,.T.);
#21217=ORIENTED_EDGE('',*,*,#21220,.T.);
#21218=EDGE_CURVE('',#9939,#10401,#21221,.F.);
#21219=EDGE_CURVE('',#10401,#10397,#21222,.T.);
#21220=EDGE_CURVE('',#10397,#9939,#21223,.T.);
#21221=LINE('',#9938,#21224);
#21222=LINE('',#10400,#21225);
#21223=LINE('',#10396,#21226);
#21224=VECTOR('',#21227,1.0);
#21225=VECTOR('',#21228,1.0);
#21226=VECTOR('',#21229,1.0);
#21227=DIRECTION('',(0,-0.10893684089886697,-0.9940486732021603));
#21228=DIRECTION('',(0,1,0));
#21229=DIRECTION('',(0,0,1));
#21230=STYLED_ITEM('',(#25),#21231);
#21231=FACE_SURFACE('',(#21236),#21232,.T.);
#21232=PLANE('',#21233);
#21233=AXIS2_PLACEMENT_3D('',#10360,#21234,#21235);
#21234=DIRECTION('',(-0,-1,-0));
#21235=DIRECTION('',(-1,0,0));
#21236=FACE_BOUND('',#21237,.T.);
#21237=EDGE_LOOP('',(#21238,#21239,#21240));
#21238=ORIENTED_EDGE('',*,*,#21241,.T.);
#21239=ORIENTED_EDGE('',*,*,#21242,.T.);
#21240=ORIENTED_EDGE('',*,*,#21243,.T.);
#21241=EDGE_CURVE('',#10361,#9881,#21244,.F.);
#21242=EDGE_CURVE('',#9881,#9903,#21245,.T.);
#21243=EDGE_CURVE('',#9903,#10361,#21246,.T.);
#21244=LINE('',#10360,#21247);
#21245=LINE('',#9880,#21248);
#21246=LINE('',#9902,#21249);
#21247=VECTOR('',#21250,1.0);
#21248=VECTOR('',#21251,1.0);
#21249=VECTOR('',#21252,1.0);
#21250=DIRECTION('',(-1,0,0));
#21251=DIRECTION('',(0.10893684089886684,0,-0.9940486732021603));
#21252=DIRECTION('',(0,0,1));
#21253=STYLED_ITEM('',(#25),#21254);
#21254=FACE_SURFACE('',(#21259),#21255,.T.);
#21255=PLANE('',#21256);
#21256=AXIS2_PLACEMENT_3D('',#10290,#21257,#21258);
#21257=DIRECTION('',(0,0.7071067811865437,0.7071067811865515));
#21258=DIRECTION('',(0.5773502691896278,0.5773502691896278,-0.5773502691896215));
#21259=FACE_BOUND('',#21260,.T.);
#21260=EDGE_LOOP('',(#21261,#21262,#21263));
#21261=ORIENTED_EDGE('',*,*,#21264,.T.);
#21262=ORIENTED_EDGE('',*,*,#21265,.T.);
#21263=ORIENTED_EDGE('',*,*,#21266,.T.);
#21264=EDGE_CURVE('',#10291,#10393,#21267,.F.);
#21265=EDGE_CURVE('',#10393,#10383,#21268,.T.);
#21266=EDGE_CURVE('',#10383,#10291,#21269,.T.);
#21267=LINE('',#10290,#21270);
#21268=LINE('',#10392,#21271);
#21269=LINE('',#10382,#21272);
#21270=VECTOR('',#21273,1.0);
#21271=VECTOR('',#21274,1.0);
#21272=VECTOR('',#21275,1.0);
#21273=DIRECTION('',(0.5773502691896278,0.5773502691896278,-0.5773502691896215));
#21274=DIRECTION('',(-1,0,0));
#21275=DIRECTION('',(0.9045340337332919,-0.30151134457776396,0.30151134457776063));
#21276=STYLED_ITEM('',(#25),#21277);
#21277=FACE_SURFACE('',(#21282),#21278,.T.);
#21278=PLANE('',#21279);
#21279=AXIS2_PLACEMENT_3D('',#10290,#21280,#21281);
#21280=DIRECTION('',(0,0.7071067811865437,0.7071067811865515));
#21281=DIRECTION('',(-0.9045340337332919,0.30151134457776396,-0.30151134457776063));
#21282=FACE_BOUND('',#21283,.T.);
#21283=EDGE_LOOP('',(#21284,#21285,#21286));
#21284=ORIENTED_EDGE('',*,*,#21287,.T.);
#21285=ORIENTED_EDGE('',*,*,#21288,.T.);
#21286=ORIENTED_EDGE('',*,*,#21289,.T.);
#21287=EDGE_CURVE('',#10291,#10383,#21290,.F.);
#21288=EDGE_CURVE('',#10383,#10285,#21291,.T.);
#21289=EDGE_CURVE('',#10285,#10291,#21292,.T.);
#21290=LINE('',#10290,#21293);
#21291=LINE('',#10382,#21294);
#21292=LINE('',#10284,#21295);
#21293=VECTOR('',#21296,1.0);
#21294=VECTOR('',#21297,1.0);
#21295=VECTOR('',#21298,1.0);
#21296=DIRECTION('',(-0.9045340337332919,0.30151134457776396,-0.30151134457776063));
#21297=DIRECTION('',(0.5773502691896278,-0.5773502691896278,0.5773502691896215));
#21298=DIRECTION('',(1,0,0));
#21299=STYLED_ITEM('',(#25),#21300);
#21300=FACE_SURFACE('',(#21305),#21301,.T.);
#21301=PLANE('',#21302);
#21302=AXIS2_PLACEMENT_3D('',#10398,#21303,#21304);
#21303=DIRECTION('',(-0,-1,-0));
#21304=DIRECTION('',(-1,0,0));
#21305=FACE_BOUND('',#21306,.T.);
#21306=EDGE_LOOP('',(#21307,#21308,#21309));
#21307=ORIENTED_EDGE('',*,*,#21310,.T.);
#21308=ORIENTED_EDGE('',*,*,#21311,.T.);
#21309=ORIENTED_EDGE('',*,*,#21312,.T.);
#21310=EDGE_CURVE('',#10399,#10379,#21313,.F.);
#21311=EDGE_CURVE('',#10379,#10145,#21314,.T.);
#21312=EDGE_CURVE('',#10145,#10399,#21315,.T.);
#21313=LINE('',#10398,#21316);
#21314=LINE('',#10378,#21317);
#21315=LINE('',#10144,#21318);
#21316=VECTOR('',#21319,1.0);
#21317=VECTOR('',#21320,1.0);
#21318=VECTOR('',#21321,1.0);
#21319=DIRECTION('',(-1,0,0));
#21320=DIRECTION('',(0.2198391297465434,0,-0.9755361382502867));
#21321=DIRECTION('',(0,0,1));
#21322=STYLED_ITEM('',(#25),#21323);
#21323=FACE_SURFACE('',(#21328),#21324,.T.);
#21324=PLANE('',#21325);
#21325=AXIS2_PLACEMENT_3D('',#10396,#21326,#21327);
#21326=DIRECTION('',(0,0.7071067811865472,-0.7071067811865479));
#21327=DIRECTION('',(-0.5773502691896217,-0.5773502691896282,-0.5773502691896276));
#21328=FACE_BOUND('',#21329,.T.);
#21329=EDGE_LOOP('',(#21330,#21331,#21332));
#21330=ORIENTED_EDGE('',*,*,#21333,.T.);
#21331=ORIENTED_EDGE('',*,*,#21334,.T.);
#21332=ORIENTED_EDGE('',*,*,#21335,.T.);
#21333=EDGE_CURVE('',#10397,#10097,#21336,.F.);
#21334=EDGE_CURVE('',#10097,#10085,#21337,.T.);
#21335=EDGE_CURVE('',#10085,#10397,#21338,.T.);
#21336=LINE('',#10396,#21339);
#21337=LINE('',#10096,#21340);
#21338=LINE('',#10084,#21341);
#21339=VECTOR('',#21342,1.0);
#21340=VECTOR('',#21343,1.0);
#21341=VECTOR('',#21344,1.0);
#21342=DIRECTION('',(-0.5773502691896217,-0.5773502691896282,-0.5773502691896276));
#21343=DIRECTION('',(-0.9045340337332909,0.30151134457776363,0.30151134457776335));
#21344=DIRECTION('',(1,0,0));
#21345=STYLED_ITEM('',(#25),#21346);
#21346=FACE_SURFACE('',(#21351),#21347,.T.);
#21347=PLANE('',#21348);
#21348=AXIS2_PLACEMENT_3D('',#10290,#21349,#21350);
#21349=DIRECTION('',(0.7071067811865437,0,0.7071067811865515));
#21350=DIRECTION('',(0,-1,0));
#21351=FACE_BOUND('',#21352,.T.);
#21352=EDGE_LOOP('',(#21353,#21354,#21355));
#21353=ORIENTED_EDGE('',*,*,#21356,.T.);
#21354=ORIENTED_EDGE('',*,*,#21357,.T.);
#21355=ORIENTED_EDGE('',*,*,#21358,.T.);
#21356=EDGE_CURVE('',#10291,#10289,#21359,.F.);
#21357=EDGE_CURVE('',#10289,#10387,#21360,.T.);
#21358=EDGE_CURVE('',#10387,#10291,#21361,.T.);
#21359=LINE('',#10290,#21362);
#21360=LINE('',#10288,#21363);
#21361=LINE('',#10386,#21364);
#21362=VECTOR('',#21365,1.0);
#21363=VECTOR('',#21366,1.0);
#21364=VECTOR('',#21367,1.0);
#21365=DIRECTION('',(0,-1,0));
#21366=DIRECTION('',(0.5773502691896278,-0.5773502691896278,-0.5773502691896215));
#21367=DIRECTION('',(-0.30151134457776396,0.9045340337332919,0.30151134457776063));
#21368=STYLED_ITEM('',(#25),#21369);
#21369=FACE_SURFACE('',(#21374),#21370,.T.);
#21370=PLANE('',#21371);
#21371=AXIS2_PLACEMENT_3D('',#10290,#21372,#21373);
#21372=DIRECTION('',(0.7071067811865437,0,0.7071067811865515));
#21373=DIRECTION('',(0.30151134457776396,-0.9045340337332919,-0.30151134457776063));
#21374=FACE_BOUND('',#21375,.T.);
#21375=EDGE_LOOP('',(#21376,#21377,#21378));
#21376=ORIENTED_EDGE('',*,*,#21379,.T.);
#21377=ORIENTED_EDGE('',*,*,#21380,.T.);
#21378=ORIENTED_EDGE('',*,*,#21381,.T.);
#21379=EDGE_CURVE('',#10291,#10387,#21382,.F.);
#21380=EDGE_CURVE('',#10387,#10393,#21383,.T.);
#21381=EDGE_CURVE('',#10393,#10291,#21384,.T.);
#21382=LINE('',#10290,#21385);
#21383=LINE('',#10386,#21386);
#21384=LINE('',#10392,#21387);
#21385=VECTOR('',#21388,1.0);
#21386=VECTOR('',#21389,1.0);
#21387=VECTOR('',#21390,1.0);
#21388=DIRECTION('',(0.30151134457776396,-0.9045340337332919,-0.30151134457776063));
#21389=DIRECTION('',(0,1,0));
#21390=DIRECTION('',(-0.5773502691896278,-0.5773502691896278,0.5773502691896215));
#21391=STYLED_ITEM('',(#25),#21392);
#21392=FACE_SURFACE('',(#21397),#21393,.T.);
#21393=PLANE('',#21394);
#21394=AXIS2_PLACEMENT_3D('',#10128,#21395,#21396);
#21395=DIRECTION('',(0,0,-1));
#21396=DIRECTION('',(1,0,0));
#21397=FACE_BOUND('',#21398,.T.);
#21398=EDGE_LOOP('',(#21399,#21400,#21401));
#21399=ORIENTED_EDGE('',*,*,#21402,.T.);
#21400=ORIENTED_EDGE('',*,*,#21403,.T.);
#21401=ORIENTED_EDGE('',*,*,#21404,.T.);
#21402=EDGE_CURVE('',#10129,#10127,#21405,.F.);
#21403=EDGE_CURVE('',#10127,#10215,#21406,.T.);
#21404=EDGE_CURVE('',#10215,#10129,#21407,.T.);
#21405=LINE('',#10128,#21408);
#21406=LINE('',#10126,#21409);
#21407=LINE('',#10214,#21410);
#21408=VECTOR('',#21411,1.0);
#21409=VECTOR('',#21412,1.0);
#21410=VECTOR('',#21413,1.0);
#21411=DIRECTION('',(1,0,0));
#21412=DIRECTION('',(-0.590995481444843,-0.8066748669146562,0));
#21413=DIRECTION('',(-0.8149681286956484,0.5795057801353781,0));
#21414=STYLED_ITEM('',(#25),#21415);
#21415=FACE_SURFACE('',(#21420),#21416,.T.);
#21416=PLANE('',#21417);
#21417=AXIS2_PLACEMENT_3D('',#10128,#21418,#21419);
#21418=DIRECTION('',(0,0,-1));
#21419=DIRECTION('',(0.8149681286956484,-0.5795057801353781,0));
#21420=FACE_BOUND('',#21421,.T.);
#21421=EDGE_LOOP('',(#21422,#21423,#21424));
#21422=ORIENTED_EDGE('',*,*,#21425,.T.);
#21423=ORIENTED_EDGE('',*,*,#21426,.T.);
#21424=ORIENTED_EDGE('',*,*,#21427,.T.);
#21425=EDGE_CURVE('',#10129,#10215,#21428,.F.);
#21426=EDGE_CURVE('',#10215,#10239,#21429,.T.);
#21427=EDGE_CURVE('',#10239,#10129,#21430,.T.);
#21428=LINE('',#10128,#21431);
#21429=LINE('',#10214,#21432);
#21430=LINE('',#10238,#21433);
#21431=VECTOR('',#21434,1.0);
#21432=VECTOR('',#21435,1.0);
#21433=VECTOR('',#21436,1.0);
#21434=DIRECTION('',(0.8149681286956484,-0.5795057801353781,0));
#21435=DIRECTION('',(-1,0,0));
#21436=DIRECTION('',(-0.5909954814448436,0.8066748669146558,0));
#21437=STYLED_ITEM('',(#25),#21438);
#21438=FACE_SURFACE('',(#21443),#21439,.T.);
#21439=PLANE('',#21440);
#21440=AXIS2_PLACEMENT_3D('',#10288,#21441,#21442);
#21441=DIRECTION('',(0,-0.7071067811865437,0.7071067811865515));
#21442=DIRECTION('',(-1,0,0));
#21443=FACE_BOUND('',#21444,.T.);
#21444=EDGE_LOOP('',(#21445,#21446,#21447));
#21445=ORIENTED_EDGE('',*,*,#21448,.T.);
#21446=ORIENTED_EDGE('',*,*,#21449,.T.);
#21447=ORIENTED_EDGE('',*,*,#21450,.T.);
#21448=EDGE_CURVE('',#10289,#10287,#21451,.F.);
#21449=EDGE_CURVE('',#10287,#10389,#21452,.T.);
#21450=EDGE_CURVE('',#10389,#10289,#21453,.T.);
#21451=LINE('',#10288,#21454);
#21452=LINE('',#10286,#21455);
#21453=LINE('',#10388,#21456);
#21454=VECTOR('',#21457,1.0);
#21455=VECTOR('',#21458,1.0);
#21456=VECTOR('',#21459,1.0);
#21457=DIRECTION('',(-1,0,0));
#21458=DIRECTION('',(-0.5773502691896278,-0.5773502691896278,-0.5773502691896215));
#21459=DIRECTION('',(0.9045340337332919,0.30151134457776396,0.30151134457776063));
#21460=STYLED_ITEM('',(#25),#21461);
#21461=FACE_SURFACE('',(#21466),#21462,.T.);
#21462=PLANE('',#21463);
#21463=AXIS2_PLACEMENT_3D('',#10288,#21464,#21465);
#21464=DIRECTION('',(0,-0.7071067811865437,0.7071067811865515));
#21465=DIRECTION('',(-0.9045340337332919,-0.30151134457776396,-0.30151134457776063));
#21466=FACE_BOUND('',#21467,.T.);
#21467=EDGE_LOOP('',(#21468,#21469,#21470));
#21468=ORIENTED_EDGE('',*,*,#21471,.T.);
#21469=ORIENTED_EDGE('',*,*,#21472,.T.);
#21470=ORIENTED_EDGE('',*,*,#21473,.T.);
#21471=EDGE_CURVE('',#10289,#10389,#21474,.F.);
#21472=EDGE_CURVE('',#10389,#10387,#21475,.T.);
#21473=EDGE_CURVE('',#10387,#10289,#21476,.T.);
#21474=LINE('',#10288,#21477);
#21475=LINE('',#10388,#21478);
#21476=LINE('',#10386,#21479);
#21477=VECTOR('',#21480,1.0);
#21478=VECTOR('',#21481,1.0);
#21479=VECTOR('',#21482,1.0);
#21480=DIRECTION('',(-0.9045340337332919,-0.30151134457776396,-0.30151134457776063));
#21481=DIRECTION('',(1,0,0));
#21482=DIRECTION('',(-0.5773502691896278,0.5773502691896278,0.5773502691896215));
#21483=STYLED_ITEM('',(#25),#21484);
#21484=FACE_SURFACE('',(#21489),#21485,.T.);
#21485=PLANE('',#21486);
#21486=AXIS2_PLACEMENT_3D('',#10350,#21487,#21488);
#21487=DIRECTION('',(-0.7071067811865437,0,0.7071067811865515));
#21488=DIRECTION('',(-0.5773502691896278,0.5773502691896278,-0.5773502691896215));
#21489=FACE_BOUND('',#21490,.T.);
#21490=EDGE_LOOP('',(#21491,#21492,#21493));
#21491=ORIENTED_EDGE('',*,*,#21494,.T.);
#21492=ORIENTED_EDGE('',*,*,#21495,.T.);
#21493=ORIENTED_EDGE('',*,*,#21496,.T.);
#21494=EDGE_CURVE('',#10351,#10391,#21497,.F.);
#21495=EDGE_CURVE('',#10391,#10379,#21498,.T.);
#21496=EDGE_CURVE('',#10379,#10351,#21499,.T.);
#21497=LINE('',#10350,#21500);
#21498=LINE('',#10390,#21501);
#21499=LINE('',#10378,#21502);
#21500=VECTOR('',#21503,1.0);
#21501=VECTOR('',#21504,1.0);
#21502=VECTOR('',#21505,1.0);
#21503=DIRECTION('',(-0.5773502691896278,0.5773502691896278,-0.5773502691896215));
#21504=DIRECTION('',(0,-1,0));
#21505=DIRECTION('',(0.30151134457776396,0.9045340337332919,0.30151134457776063));
#21506=STYLED_ITEM('',(#25),#21507);
#21507=FACE_SURFACE('',(#21512),#21508,.T.);
#21508=PLANE('',#21509);
#21509=AXIS2_PLACEMENT_3D('',#10350,#21510,#21511);
#21510=DIRECTION('',(-0.7071067811865437,0,0.7071067811865515));
#21511=DIRECTION('',(-0.30151134457776396,-0.9045340337332919,-0.30151134457776063));
#21512=FACE_BOUND('',#21513,.T.);
#21513=EDGE_LOOP('',(#21514,#21515,#21516));
#21514=ORIENTED_EDGE('',*,*,#21517,.T.);
#21515=ORIENTED_EDGE('',*,*,#21518,.T.);
#21516=ORIENTED_EDGE('',*,*,#21519,.T.);
#21517=EDGE_CURVE('',#10351,#10379,#21520,.F.);
#21518=EDGE_CURVE('',#10379,#10345,#21521,.T.);
#21519=EDGE_CURVE('',#10345,#10351,#21522,.T.);
#21520=LINE('',#10350,#21523);
#21521=LINE('',#10378,#21524);
#21522=LINE('',#10344,#21525);
#21523=VECTOR('',#21526,1.0);
#21524=VECTOR('',#21527,1.0);
#21525=VECTOR('',#21528,1.0);
#21526=DIRECTION('',(-0.30151134457776396,-0.9045340337332919,-0.30151134457776063));
#21527=DIRECTION('',(0.5773502691896278,0.5773502691896278,0.5773502691896215));
#21528=DIRECTION('',(0,1,0));
#21529=STYLED_ITEM('',(#25),#21530);
#21530=FACE_SURFACE('',(#21535),#21531,.T.);
#21531=PLANE('',#21532);
#21532=AXIS2_PLACEMENT_3D('',#10096,#21533,#21534);
#21533=DIRECTION('',(0.7071067811865512,0,-0.707106781186544));
#21534=DIRECTION('',(0.5773502691896217,0.5773502691896282,0.5773502691896276));
#21535=FACE_BOUND('',#21536,.T.);
#21536=EDGE_LOOP('',(#21537,#21538,#21539));
#21537=ORIENTED_EDGE('',*,*,#21540,.T.);
#21538=ORIENTED_EDGE('',*,*,#21541,.T.);
#21539=ORIENTED_EDGE('',*,*,#21542,.T.);
#21540=EDGE_CURVE('',#10097,#10397,#21543,.F.);
#21541=EDGE_CURVE('',#10397,#10109,#21544,.T.);
#21542=EDGE_CURVE('',#10109,#10097,#21545,.T.);
#21543=LINE('',#10096,#21546);
#21544=LINE('',#10396,#21547);
#21545=LINE('',#10108,#21548);
#21546=VECTOR('',#21549,1.0);
#21547=VECTOR('',#21550,1.0);
#21548=VECTOR('',#21551,1.0);
#21549=DIRECTION('',(0.5773502691896217,0.5773502691896282,0.5773502691896276));
#21550=DIRECTION('',(-0.30151134457776063,-0.9045340337332919,-0.3015113445777637));
#21551=DIRECTION('',(0,1,0));
#21552=STYLED_ITEM('',(#25),#21553);
#21553=FACE_SURFACE('',(#21558),#21554,.T.);
#21554=PLANE('',#21555);
#21555=AXIS2_PLACEMENT_3D('',#10400,#21556,#21557);
#21556=DIRECTION('',(0.7071067811865512,0,-0.707106781186544));
#21557=DIRECTION('',(-0.5773502691896217,0.5773502691896282,-0.5773502691896276));
#21558=FACE_BOUND('',#21559,.T.);
#21559=EDGE_LOOP('',(#21560,#21561,#21562));
#21560=ORIENTED_EDGE('',*,*,#21563,.T.);
#21561=ORIENTED_EDGE('',*,*,#21564,.T.);
#21562=ORIENTED_EDGE('',*,*,#21565,.T.);
#21563=EDGE_CURVE('',#10401,#10109,#21566,.F.);
#21564=EDGE_CURVE('',#10109,#10397,#21567,.T.);
#21565=EDGE_CURVE('',#10397,#10401,#21568,.T.);
#21566=LINE('',#10400,#21569);
#21567=LINE('',#10108,#21570);
#21568=LINE('',#10396,#21571);
#21569=VECTOR('',#21572,1.0);
#21570=VECTOR('',#21573,1.0);
#21571=VECTOR('',#21574,1.0);
#21572=DIRECTION('',(-0.5773502691896217,0.5773502691896282,-0.5773502691896276));
#21573=DIRECTION('',(0.30151134457776063,0.9045340337332919,0.3015113445777637));
#21574=DIRECTION('',(0,-1,0));
#21575=STYLED_ITEM('',(#25),#21576);
#21576=FACE_SURFACE('',(#21581),#21577,.T.);
#21577=PLANE('',#21578);
#21578=AXIS2_PLACEMENT_3D('',#10382,#21579,#21580);
#21579=DIRECTION('',(-0.7071067811865437,0,0.7071067811865515));
#21580=DIRECTION('',(0,-1,0));
#21581=FACE_BOUND('',#21582,.T.);
#21582=EDGE_LOOP('',(#21583,#21584,#21585));
#21583=ORIENTED_EDGE('',*,*,#21586,.T.);
#21584=ORIENTED_EDGE('',*,*,#21587,.T.);
#21585=ORIENTED_EDGE('',*,*,#21588,.T.);
#21586=EDGE_CURVE('',#10383,#10389,#21589,.F.);
#21587=EDGE_CURVE('',#10389,#10287,#21590,.T.);
#21588=EDGE_CURVE('',#10287,#10383,#21591,.T.);
#21589=LINE('',#10382,#21592);
#21590=LINE('',#10388,#21593);
#21591=LINE('',#10286,#21594);
#21592=VECTOR('',#21595,1.0);
#21593=VECTOR('',#21596,1.0);
#21594=VECTOR('',#21597,1.0);
#21595=DIRECTION('',(0,-1,0));
#21596=DIRECTION('',(0.5773502691896278,0.5773502691896278,0.5773502691896215));
#21597=DIRECTION('',(-0.30151134457776396,0.9045340337332919,-0.30151134457776063));
#21598=STYLED_ITEM('',(#25),#21599);
#21599=FACE_SURFACE('',(#21604),#21600,.T.);
#21600=PLANE('',#21601);
#21601=AXIS2_PLACEMENT_3D('',#10382,#21602,#21603);
#21602=DIRECTION('',(-0.7071067811865437,0,0.7071067811865515));
#21603=DIRECTION('',(0.30151134457776396,-0.9045340337332919,0.30151134457776063));
#21604=FACE_BOUND('',#21605,.T.);
#21605=EDGE_LOOP('',(#21606,#21607,#21608));
#21606=ORIENTED_EDGE('',*,*,#21609,.T.);
#21607=ORIENTED_EDGE('',*,*,#21610,.T.);
#21608=ORIENTED_EDGE('',*,*,#21611,.T.);
#21609=EDGE_CURVE('',#10383,#10287,#21612,.F.);
#21610=EDGE_CURVE('',#10287,#10285,#21613,.T.);
#21611=EDGE_CURVE('',#10285,#10383,#21614,.T.);
#21612=LINE('',#10382,#21615);
#21613=LINE('',#10286,#21616);
#21614=LINE('',#10284,#21617);
#21615=VECTOR('',#21618,1.0);
#21616=VECTOR('',#21619,1.0);
#21617=VECTOR('',#21620,1.0);
#21618=DIRECTION('',(0.30151134457776396,-0.9045340337332919,0.30151134457776063));
#21619=DIRECTION('',(0,1,0));
#21620=DIRECTION('',(-0.5773502691896278,0.5773502691896278,-0.5773502691896215));
#21621=STYLED_ITEM('',(#25),#21622);
#21622=FACE_SURFACE('',(#21627),#21623,.T.);
#21623=PLANE('',#21624);
#21624=AXIS2_PLACEMENT_3D('',#10348,#21625,#21626);
#21625=DIRECTION('',(0,0.7071067811865436,0.7071067811865513));
#21626=DIRECTION('',(0.5773502691896278,0.5773502691896278,-0.5773502691896215));
#21627=FACE_BOUND('',#21628,.T.);
#21628=EDGE_LOOP('',(#21629,#21630,#21631));
#21629=ORIENTED_EDGE('',*,*,#21632,.T.);
#21630=ORIENTED_EDGE('',*,*,#21633,.T.);
#21631=ORIENTED_EDGE('',*,*,#21634,.T.);
#21632=EDGE_CURVE('',#10349,#10395,#21635,.F.);
#21633=EDGE_CURVE('',#10395,#10391,#21636,.T.);
#21634=EDGE_CURVE('',#10391,#10349,#21637,.T.);
#21635=LINE('',#10348,#21638);
#21636=LINE('',#10394,#21639);
#21637=LINE('',#10390,#21640);
#21638=VECTOR('',#21641,1.0);
#21639=VECTOR('',#21642,1.0);
#21640=VECTOR('',#21643,1.0);
#21641=DIRECTION('',(0.5773502691896278,0.5773502691896278,-0.5773502691896215));
#21642=DIRECTION('',(-1,0,0));
#21643=DIRECTION('',(0.9045340337332916,-0.30151134457776413,0.3015113445777608));
#21644=STYLED_ITEM('',(#25),#21645);
#21645=FACE_SURFACE('',(#21650),#21646,.T.);
#21646=PLANE('',#21647);
#21647=AXIS2_PLACEMENT_3D('',#10348,#21648,#21649);
#21648=DIRECTION('',(0,0.7071067811865436,0.7071067811865515));
#21649=DIRECTION('',(-0.9045340337332916,0.30151134457776413,-0.3015113445777608));
#21650=FACE_BOUND('',#21651,.T.);
#21651=EDGE_LOOP('',(#21652,#21653,#21654));
#21652=ORIENTED_EDGE('',*,*,#21655,.T.);
#21653=ORIENTED_EDGE('',*,*,#21656,.T.);
#21654=ORIENTED_EDGE('',*,*,#21657,.T.);
#21655=EDGE_CURVE('',#10349,#10391,#21658,.F.);
#21656=EDGE_CURVE('',#10391,#10351,#21659,.T.);
#21657=EDGE_CURVE('',#10351,#10349,#21660,.T.);
#21658=LINE('',#10348,#21661);
#21659=LINE('',#10390,#21662);
#21660=LINE('',#10350,#21663);
#21661=VECTOR('',#21664,1.0);
#21662=VECTOR('',#21665,1.0);
#21663=VECTOR('',#21666,1.0);
#21664=DIRECTION('',(-0.9045340337332916,0.30151134457776413,-0.3015113445777608));
#21665=DIRECTION('',(0.5773502691896278,-0.5773502691896278,0.5773502691896215));
#21666=DIRECTION('',(1,0,0));
#21667=STYLED_ITEM('',(#25),#21668);
#21668=FACE_SURFACE('',(#21673),#21669,.T.);
#21669=PLANE('',#21670);
#21670=AXIS2_PLACEMENT_3D('',#10400,#21671,#21672);
#21671=DIRECTION('',(-0,-0.7071067811865472,-0.7071067811865479));
#21672=DIRECTION('',(-1,0,0));
#21673=FACE_BOUND('',#21674,.T.);
#21674=EDGE_LOOP('',(#21675,#21676,#21677));
#21675=ORIENTED_EDGE('',*,*,#21678,.T.);
#21676=ORIENTED_EDGE('',*,*,#21679,.T.);
#21677=ORIENTED_EDGE('',*,*,#21680,.T.);
#21678=EDGE_CURVE('',#10401,#10083,#21681,.F.);
#21679=EDGE_CURVE('',#10083,#10109,#21682,.T.);
#21680=EDGE_CURVE('',#10109,#10401,#21683,.T.);
#21681=LINE('',#10400,#21684);
#21682=LINE('',#10082,#21685);
#21683=LINE('',#10108,#21686);
#21684=VECTOR('',#21687,1.0);
#21685=VECTOR('',#21688,1.0);
#21686=VECTOR('',#21689,1.0);
#21687=DIRECTION('',(-1,0,0));
#21688=DIRECTION('',(0.9045340337332909,0.30151134457776363,-0.30151134457776335));
#21689=DIRECTION('',(0.5773502691896217,-0.5773502691896282,0.5773502691896276));
#21690=STYLED_ITEM('',(#25),#21691);
#21691=FACE_SURFACE('',(#21696),#21692,.T.);
#21692=PLANE('',#21693);
#21693=AXIS2_PLACEMENT_3D('',#10346,#21694,#21695);
#21694=DIRECTION('',(0.7071067811865437,0,0.7071067811865515));
#21695=DIRECTION('',(0.5773502691896278,-0.5773502691896278,-0.5773502691896215));
#21696=FACE_BOUND('',#21697,.T.);
#21697=EDGE_LOOP('',(#21698,#21699,#21700));
#21698=ORIENTED_EDGE('',*,*,#21701,.T.);
#21699=ORIENTED_EDGE('',*,*,#21702,.T.);
#21700=ORIENTED_EDGE('',*,*,#21703,.T.);
#21701=EDGE_CURVE('',#10347,#10399,#21704,.F.);
#21702=EDGE_CURVE('',#10399,#10395,#21705,.T.);
#21703=EDGE_CURVE('',#10395,#10347,#21706,.T.);
#21704=LINE('',#10346,#21707);
#21705=LINE('',#10398,#21708);
#21706=LINE('',#10394,#21709);
#21707=VECTOR('',#21710,1.0);
#21708=VECTOR('',#21711,1.0);
#21709=VECTOR('',#21712,1.0);
#21710=DIRECTION('',(0.5773502691896278,-0.5773502691896278,-0.5773502691896215));
#21711=DIRECTION('',(0,1,0));
#21712=DIRECTION('',(-0.30151134457776396,-0.9045340337332919,0.30151134457776063));
#21713=STYLED_ITEM('',(#25),#21714);
#21714=FACE_SURFACE('',(#21719),#21715,.T.);
#21715=PLANE('',#21716);
#21716=AXIS2_PLACEMENT_3D('',#10346,#21717,#21718);
#21717=DIRECTION('',(0.7071067811865437,-0,0.7071067811865515));
#21718=DIRECTION('',(0.30151134457776396,0.9045340337332919,-0.30151134457776063));
#21719=FACE_BOUND('',#21720,.T.);
#21720=EDGE_LOOP('',(#21721,#21722,#21723));
#21721=ORIENTED_EDGE('',*,*,#21724,.T.);
#21722=ORIENTED_EDGE('',*,*,#21725,.T.);
#21723=ORIENTED_EDGE('',*,*,#21726,.T.);
#21724=EDGE_CURVE('',#10347,#10395,#21727,.F.);
#21725=EDGE_CURVE('',#10395,#10349,#21728,.T.);
#21726=EDGE_CURVE('',#10349,#10347,#21729,.T.);
#21727=LINE('',#10346,#21730);
#21728=LINE('',#10394,#21731);
#21729=LINE('',#10348,#21732);
#21730=VECTOR('',#21733,1.0);
#21731=VECTOR('',#21734,1.0);
#21732=VECTOR('',#21735,1.0);
#21733=DIRECTION('',(0.30151134457776396,0.9045340337332919,-0.30151134457776063));
#21734=DIRECTION('',(-0.5773502691896278,-0.5773502691896278,0.5773502691896215));
#21735=DIRECTION('',(0,-1,0));
#21736=STYLED_ITEM('',(#25),#21737);
#21737=FACE_SURFACE('',(#21742),#21738,.T.);
#21738=PLANE('',#21739);
#21739=AXIS2_PLACEMENT_3D('',#10400,#21740,#21741);
#21740=DIRECTION('',(0,-1,0));
#21741=DIRECTION('',(0,0,1));
#21742=FACE_BOUND('',#21743,.T.);
#21743=EDGE_LOOP('',(#21744,#21745,#21746));
#21744=ORIENTED_EDGE('',*,*,#21747,.T.);
#21745=ORIENTED_EDGE('',*,*,#21748,.T.);
#21746=ORIENTED_EDGE('',*,*,#21749,.T.);
#21747=EDGE_CURVE('',#10401,#9895,#21750,.F.);
#21748=EDGE_CURVE('',#9895,#10083,#21751,.T.);
#21749=EDGE_CURVE('',#10083,#10401,#21752,.T.);
#21750=LINE('',#10400,#21753);
#21751=LINE('',#9894,#21754);
#21752=LINE('',#10082,#21755);
#21753=VECTOR('',#21756,1.0);
#21754=VECTOR('',#21757,1.0);
#21755=VECTOR('',#21758,1.0);
#21756=DIRECTION('',(0,0,1));
#21757=DIRECTION('',(-0.10893684089886668,0,-0.9940486732021603));
#21758=DIRECTION('',(1,0,0));
#21759=STYLED_ITEM('',(#25),#21760);
#21760=FACE_SURFACE('',(#21765),#21761,.T.);
#21761=PLANE('',#21762);
#21762=AXIS2_PLACEMENT_3D('',#10378,#21763,#21764);
#21763=DIRECTION('',(0,-0.7071067811865436,0.7071067811865515));
#21764=DIRECTION('',(1,0,0));
#21765=FACE_BOUND('',#21766,.T.);
#21766=EDGE_LOOP('',(#21767,#21768,#21769));
#21767=ORIENTED_EDGE('',*,*,#21770,.T.);
#21768=ORIENTED_EDGE('',*,*,#21771,.T.);
#21769=ORIENTED_EDGE('',*,*,#21772,.T.);
#21770=EDGE_CURVE('',#10379,#10399,#21773,.F.);
#21771=EDGE_CURVE('',#10399,#10347,#21774,.T.);
#21772=EDGE_CURVE('',#10347,#10379,#21775,.T.);
#21773=LINE('',#10378,#21776);
#21774=LINE('',#10398,#21777);
#21775=LINE('',#10346,#21778);
#21776=VECTOR('',#21779,1.0);
#21777=VECTOR('',#21780,1.0);
#21778=VECTOR('',#21781,1.0);
#21779=DIRECTION('',(1,0,0));
#21780=DIRECTION('',(-0.5773502691896278,0.5773502691896278,0.5773502691896215));
#21781=DIRECTION('',(-0.9045340337332916,-0.30151134457776413,-0.3015113445777608));
#21782=STYLED_ITEM('',(#25),#21783);
#21783=FACE_SURFACE('',(#21788),#21784,.T.);
#21784=PLANE('',#21785);
#21785=AXIS2_PLACEMENT_3D('',#10378,#21786,#21787);
#21786=DIRECTION('',(0,-0.7071067811865436,0.7071067811865513));
#21787=DIRECTION('',(0.9045340337332916,0.30151134457776413,0.3015113445777608));
#21788=FACE_BOUND('',#21789,.T.);
#21789=EDGE_LOOP('',(#21790,#21791,#21792));
#21790=ORIENTED_EDGE('',*,*,#21793,.T.);
#21791=ORIENTED_EDGE('',*,*,#21794,.T.);
#21792=ORIENTED_EDGE('',*,*,#21795,.T.);
#21793=EDGE_CURVE('',#10379,#10347,#21796,.F.);
#21794=EDGE_CURVE('',#10347,#10345,#21797,.T.);
#21795=EDGE_CURVE('',#10345,#10379,#21798,.T.);
#21796=LINE('',#10378,#21799);
#21797=LINE('',#10346,#21800);
#21798=LINE('',#10344,#21801);
#21799=VECTOR('',#21802,1.0);
#21800=VECTOR('',#21803,1.0);
#21801=VECTOR('',#21804,1.0);
#21802=DIRECTION('',(0.9045340337332916,0.30151134457776413,0.3015113445777608));
#21803=DIRECTION('',(-1,0,0));
#21804=DIRECTION('',(-0.5773502691896278,-0.5773502691896278,-0.5773502691896215));
#21805=STYLED_ITEM('',(#25),#21806);
#21806=FACE_SURFACE('',(#21811),#21807,.T.);
#21807=PLANE('',#21808);
#21808=AXIS2_PLACEMENT_3D('',#9846,#21809,#21810);
#21809=DIRECTION('',(0,-1,0));
#21810=DIRECTION('',(0,0,1));
#21811=FACE_BOUND('',#21812,.T.);
#21812=EDGE_LOOP('',(#21813,#21814,#21815));
#21813=ORIENTED_EDGE('',*,*,#21816,.T.);
#21814=ORIENTED_EDGE('',*,*,#21817,.T.);
#21815=ORIENTED_EDGE('',*,*,#21818,.T.);
#21816=EDGE_CURVE('',#9847,#10403,#21819,.F.);
#21817=EDGE_CURVE('',#10403,#9855,#21820,.T.);
#21818=EDGE_CURVE('',#9855,#9847,#21821,.T.);
#21819=LINE('',#9846,#21822);
#21820=LINE('',#10402,#21823);
#21821=LINE('',#9854,#21824);
#21822=VECTOR('',#21825,1.0);
#21823=VECTOR('',#21826,1.0);
#21824=VECTOR('',#21827,1.0);
#21825=DIRECTION('',(0,0,1));
#21826=DIRECTION('',(-0.10893684089886638,0,-0.9940486732021603));
#21827=DIRECTION('',(1,0,0));
#21828=STYLED_ITEM('',(#25),#21829);
#21829=FACE_SURFACE('',(#21834),#21830,.T.);
#21830=PLANE('',#21831);
#21831=AXIS2_PLACEMENT_3D('',#9880,#21832,#21833);
#21832=DIRECTION('',(-1,0,0));
#21833=DIRECTION('',(0,1,0));
#21834=FACE_BOUND('',#21835,.T.);
#21835=EDGE_LOOP('',(#21836,#21837,#21838));
#21836=ORIENTED_EDGE('',*,*,#21839,.T.);
#21837=ORIENTED_EDGE('',*,*,#21840,.T.);
#21838=ORIENTED_EDGE('',*,*,#21841,.T.);
#21839=EDGE_CURVE('',#9881,#10239,#21842,.F.);
#21840=EDGE_CURVE('',#10239,#9951,#21843,.T.);
#21841=EDGE_CURVE('',#9951,#9881,#21844,.T.);
#21842=LINE('',#9880,#21845);
#21843=LINE('',#10238,#21846);
#21844=LINE('',#9950,#21847);
#21845=VECTOR('',#21848,1.0);
#21846=VECTOR('',#21849,1.0);
#21847=VECTOR('',#21850,1.0);
#21848=DIRECTION('',(0,1,0));
#21849=DIRECTION('',(0,-0.10893684089886697,-0.9940486732021603));
#21850=DIRECTION('',(0,0,1));
#21851=STYLED_ITEM('',(#25),#21852);
#21852=FACE_SURFACE('',(#21857),#21853,.T.);
#21853=PLANE('',#21854);
#21854=AXIS2_PLACEMENT_3D('',#9952,#21855,#21856);
#21855=DIRECTION('',(-1,0,0));
#21856=DIRECTION('',(0,-1,0));
#21857=FACE_BOUND('',#21858,.T.);
#21858=EDGE_LOOP('',(#21859,#21860,#21861));
#21859=ORIENTED_EDGE('',*,*,#21862,.T.);
#21860=ORIENTED_EDGE('',*,*,#21863,.T.);
#21861=ORIENTED_EDGE('',*,*,#21864,.T.);
#21862=EDGE_CURVE('',#9953,#9951,#21865,.F.);
#21863=EDGE_CURVE('',#9951,#10239,#21866,.T.);
#21864=EDGE_CURVE('',#10239,#9953,#21867,.T.);
#21865=LINE('',#9952,#21868);
#21866=LINE('',#9950,#21869);
#21867=LINE('',#10238,#21870);
#21868=VECTOR('',#21871,1.0);
#21869=VECTOR('',#21872,1.0);
#21870=VECTOR('',#21873,1.0);
#21871=DIRECTION('',(0,-1,0));
#21872=DIRECTION('',(0,0.10893684089886697,0.9940486732021603));
#21873=DIRECTION('',(0,0,-1));
#21874=STYLED_ITEM('',(#25),#21875);
#21875=FACE_SURFACE('',(#21880),#21876,.T.);
#21876=PLANE('',#21877);
#21877=AXIS2_PLACEMENT_3D('',#10084,#21878,#21879);
#21878=DIRECTION('',(0,1,0));
#21879=DIRECTION('',(0,0,1));
#21880=FACE_BOUND('',#21881,.T.);
#21881=EDGE_LOOP('',(#21882,#21883,#21884));
#21882=ORIENTED_EDGE('',*,*,#21885,.T.);
#21883=ORIENTED_EDGE('',*,*,#21886,.T.);
#21884=ORIENTED_EDGE('',*,*,#21887,.T.);
#21885=EDGE_CURVE('',#10085,#10047,#21888,.F.);
#21886=EDGE_CURVE('',#10047,#9939,#21889,.T.);
#21887=EDGE_CURVE('',#9939,#10085,#21890,.T.);
#21888=LINE('',#10084,#21891);
#21889=LINE('',#10046,#21892);
#21890=LINE('',#9938,#21893);
#21891=VECTOR('',#21894,1.0);
#21892=VECTOR('',#21895,1.0);
#21893=VECTOR('',#21896,1.0);
#21894=DIRECTION('',(0,0,1));
#21895=DIRECTION('',(1,0,0));
#21896=DIRECTION('',(-0.10893684089886668,0,-0.9940486732021603));
#21897=STYLED_ITEM('',(#25),#21898);
#21898=FACE_SURFACE('',(#21903),#21899,.T.);
#21899=PLANE('',#21900);
#21900=AXIS2_PLACEMENT_3D('',#10214,#21901,#21902);
#21901=DIRECTION('',(0,1,0));
#21902=DIRECTION('',(0,0,-1));
#21903=FACE_BOUND('',#21904,.T.);
#21904=EDGE_LOOP('',(#21905,#21906,#21907));
#21905=ORIENTED_EDGE('',*,*,#21908,.T.);
#21906=ORIENTED_EDGE('',*,*,#21909,.T.);
#21907=ORIENTED_EDGE('',*,*,#21910,.T.);
#21908=EDGE_CURVE('',#10215,#9909,#21911,.F.);
#21909=EDGE_CURVE('',#9909,#10239,#21912,.T.);
#21910=EDGE_CURVE('',#10239,#10215,#21913,.T.);
#21911=LINE('',#10214,#21914);
#21912=LINE('',#9908,#21915);
#21913=LINE('',#10238,#21916);
#21914=VECTOR('',#21917,1.0);
#21915=VECTOR('',#21918,1.0);
#21916=VECTOR('',#21919,1.0);
#21917=DIRECTION('',(0,0,-1));
#21918=DIRECTION('',(-0.10893684089886684,0,0.9940486732021603));
#21919=DIRECTION('',(1,0,0));
#21920=STYLED_ITEM('',(#25),#21921);
#21921=FACE_SURFACE('',(#21926),#21922,.T.);
#21922=PLANE('',#21923);
#21923=AXIS2_PLACEMENT_3D('',#10400,#21924,#21925);
#21924=DIRECTION('',(1,0,0));
#21925=DIRECTION('',(0,0.10893684089886697,0.9940486732021603));
#21926=FACE_BOUND('',#21927,.T.);
#21927=EDGE_LOOP('',(#21928,#21929,#21930));
#21928=ORIENTED_EDGE('',*,*,#21931,.T.);
#21929=ORIENTED_EDGE('',*,*,#21932,.T.);
#21930=ORIENTED_EDGE('',*,*,#21933,.T.);
#21931=EDGE_CURVE('',#10401,#9939,#21934,.F.);
#21932=EDGE_CURVE('',#9939,#9895,#21935,.T.);
#21933=EDGE_CURVE('',#9895,#10401,#21936,.T.);
#21934=LINE('',#10400,#21937);
#21935=LINE('',#9938,#21938);
#21936=LINE('',#9894,#21939);
#21937=VECTOR('',#21940,1.0);
#21938=VECTOR('',#21941,1.0);
#21939=VECTOR('',#21942,1.0);
#21940=DIRECTION('',(0,0.10893684089886697,0.9940486732021603));
#21941=DIRECTION('',(0,-1,0));
#21942=DIRECTION('',(0,0,-1));
#21943=STYLED_ITEM('',(#25),#21944);
#21944=FACE_SURFACE('',(#21949),#21945,.T.);
#21945=PLANE('',#21946);
#21946=AXIS2_PLACEMENT_3D('',#9972,#21947,#21948);
#21947=DIRECTION('',(1,0,0));
#21948=DIRECTION('',(0,1,0));
#21949=FACE_BOUND('',#21950,.T.);
#21950=EDGE_LOOP('',(#21951,#21952,#21953));
#21951=ORIENTED_EDGE('',*,*,#21954,.T.);
#21952=ORIENTED_EDGE('',*,*,#21955,.T.);
#21953=ORIENTED_EDGE('',*,*,#21956,.T.);
#21954=EDGE_CURVE('',#9973,#10009,#21957,.F.);
#21955=EDGE_CURVE('',#10009,#9877,#21958,.T.);
#21956=EDGE_CURVE('',#9877,#9973,#21959,.T.);
#21957=LINE('',#9972,#21960);
#21958=LINE('',#10008,#21961);
#21959=LINE('',#9876,#21962);
#21960=VECTOR('',#21963,1.0);
#21961=VECTOR('',#21964,1.0);
#21962=VECTOR('',#21965,1.0);
#21963=DIRECTION('',(0,1,0));
#21964=DIRECTION('',(0,-0.10893684089886697,0.9940486732021603));
#21965=DIRECTION('',(0,0,-1));
#21966=STYLED_ITEM('',(#25),#21967);
#21967=FACE_SURFACE('',(#21972),#21968,.T.);
#21968=PLANE('',#21969);
#21969=AXIS2_PLACEMENT_3D('',#9870,#21970,#21971);
#21970=DIRECTION('',(1,0,0));
#21971=DIRECTION('',(0,-1,0));
#21972=FACE_BOUND('',#21973,.T.);
#21973=EDGE_LOOP('',(#21974,#21975,#21976));
#21974=ORIENTED_EDGE('',*,*,#21977,.T.);
#21975=ORIENTED_EDGE('',*,*,#21978,.T.);
#21976=ORIENTED_EDGE('',*,*,#21979,.T.);
#21977=EDGE_CURVE('',#9871,#9877,#21980,.F.);
#21978=EDGE_CURVE('',#9877,#10009,#21981,.T.);
#21979=EDGE_CURVE('',#10009,#9871,#21982,.T.);
#21980=LINE('',#9870,#21983);
#21981=LINE('',#9876,#21984);
#21982=LINE('',#10008,#21985);
#21983=VECTOR('',#21986,1.0);
#21984=VECTOR('',#21987,1.0);
#21985=VECTOR('',#21988,1.0);
#21986=DIRECTION('',(0,-1,0));
#21987=DIRECTION('',(0,0.10893684089886697,-0.9940486732021603));
#21988=DIRECTION('',(0,0,1));
#21989=STYLED_ITEM('',(#25),#21990);
#21990=FACE_SURFACE('',(#21995),#21991,.T.);
#21991=PLANE('',#21992);
#21992=AXIS2_PLACEMENT_3D('',#9900,#21993,#21994);
#21993=DIRECTION('',(-1,0,0));
#21994=DIRECTION('',(0,1,0));
#21995=FACE_BOUND('',#21996,.T.);
#21996=EDGE_LOOP('',(#21997,#21998,#21999));
#21997=ORIENTED_EDGE('',*,*,#22000,.T.);
#21998=ORIENTED_EDGE('',*,*,#22001,.T.);
#21999=ORIENTED_EDGE('',*,*,#22002,.T.);
#22000=EDGE_CURVE('',#9901,#9887,#22003,.F.);
#22001=EDGE_CURVE('',#9887,#9855,#22004,.T.);
#22002=EDGE_CURVE('',#9855,#9901,#22005,.T.);
#22003=LINE('',#9900,#22006);
#22004=LINE('',#9886,#22007);
#22005=LINE('',#9854,#22008);
#22006=VECTOR('',#22009,1.0);
#22007=VECTOR('',#22010,1.0);
#22008=VECTOR('',#22011,1.0);
#22009=DIRECTION('',(0,1,0));
#22010=DIRECTION('',(0,-0.10893684089886697,-0.9940486732021603));
#22011=DIRECTION('',(0,0,1));
#22012=STYLED_ITEM('',(#25),#22013);
#22013=FACE_SURFACE('',(#22018),#22014,.T.);
#22014=PLANE('',#22015);
#22015=AXIS2_PLACEMENT_3D('',#9884,#22016,#22017);
#22016=DIRECTION('',(-1,0,0));
#22017=DIRECTION('',(0,-1,0));
#22018=FACE_BOUND('',#22019,.T.);
#22019=EDGE_LOOP('',(#22020,#22021,#22022));
#22020=ORIENTED_EDGE('',*,*,#22023,.T.);
#22021=ORIENTED_EDGE('',*,*,#22024,.T.);
#22022=ORIENTED_EDGE('',*,*,#22025,.T.);
#22023=EDGE_CURVE('',#9885,#9855,#22026,.F.);
#22024=EDGE_CURVE('',#9855,#9887,#22027,.T.);
#22025=EDGE_CURVE('',#9887,#9885,#22028,.T.);
#22026=LINE('',#9884,#22029);
#22027=LINE('',#9854,#22030);
#22028=LINE('',#9886,#22031);
#22029=VECTOR('',#22032,1.0);
#22030=VECTOR('',#22033,1.0);
#22031=VECTOR('',#22034,1.0);
#22032=DIRECTION('',(0,-1,0));
#22033=DIRECTION('',(0,0.10893684089886697,0.9940486732021603));
#22034=DIRECTION('',(0,0,-1));
#22035=STYLED_ITEM('',(#25),#22036);
#22036=FACE_SURFACE('',(#22041),#22037,.T.);
#22037=PLANE('',#22038);
#22038=AXIS2_PLACEMENT_3D('',#9914,#22039,#22040);
#22039=DIRECTION('',(0,-1,0));
#22040=DIRECTION('',(0,0,-1));
#22041=FACE_BOUND('',#22042,.T.);
#22042=EDGE_LOOP('',(#22043,#22044,#22045));
#22043=ORIENTED_EDGE('',*,*,#22046,.T.);
#22044=ORIENTED_EDGE('',*,*,#22047,.T.);
#22045=ORIENTED_EDGE('',*,*,#22048,.T.);
#22046=EDGE_CURVE('',#9915,#9975,#22049,.F.);
#22047=EDGE_CURVE('',#9975,#9877,#22050,.T.);
#22048=EDGE_CURVE('',#9877,#9915,#22051,.T.);
#22049=LINE('',#9914,#22052);
#22050=LINE('',#9974,#22053);
#22051=LINE('',#9876,#22054);
#22052=VECTOR('',#22055,1.0);
#22053=VECTOR('',#22056,1.0);
#22054=VECTOR('',#22057,1.0);
#22055=DIRECTION('',(0,0,-1));
#22056=DIRECTION('',(0.10893684089886684,0,0.9940486732021603));
#22057=DIRECTION('',(-1,0,0));
#22058=STYLED_ITEM('',(#25),#22059);
#22059=FACE_SURFACE('',(#22064),#22060,.T.);
#22060=PLANE('',#22061);
#22061=AXIS2_PLACEMENT_3D('',#10052,#22062,#22063);
#22062=DIRECTION('',(-0.7071067811865476,-0.7071067811865476,0));
#22063=DIRECTION('',(0,0,1));
#22064=FACE_BOUND('',#22065,.T.);
#22065=EDGE_LOOP('',(#22066,#22067,#22068));
#22066=ORIENTED_EDGE('',*,*,#22069,.T.);
#22067=ORIENTED_EDGE('',*,*,#22070,.T.);
#22068=ORIENTED_EDGE('',*,*,#22071,.T.);
#22069=EDGE_CURVE('',#10053,#10057,#22072,.F.);
#22070=EDGE_CURVE('',#10057,#10065,#22073,.T.);
#22071=EDGE_CURVE('',#10065,#10053,#22074,.T.);
#22072=LINE('',#10052,#22075);
#22073=LINE('',#10056,#22076);
#22074=LINE('',#10064,#22077);
#22075=VECTOR('',#22078,1.0);
#22076=VECTOR('',#22079,1.0);
#22077=VECTOR('',#22080,1.0);
#22078=DIRECTION('',(0,0,1));
#22079=DIRECTION('',(-0.7071067811865475,0.7071067811865475,0));
#22080=DIRECTION('',(0.09901475429766729,-0.09901475429766729,-0.9901475429766744));
#22081=STYLED_ITEM('',(#25),#22082);
#22082=FACE_SURFACE('',(#22087),#22083,.T.);
#22083=PLANE('',#22084);
#22084=AXIS2_PLACEMENT_3D('',#9988,#22085,#22086);
#22085=DIRECTION('',(-0,1,0));
#22086=DIRECTION('',(1,0,0));
#22087=FACE_BOUND('',#22088,.T.);
#22088=EDGE_LOOP('',(#22089,#22090,#22091));
#22089=ORIENTED_EDGE('',*,*,#22092,.T.);
#22090=ORIENTED_EDGE('',*,*,#22093,.T.);
#22091=ORIENTED_EDGE('',*,*,#22094,.T.);
#22092=EDGE_CURVE('',#9989,#9871,#22095,.F.);
#22093=EDGE_CURVE('',#9871,#9993,#22096,.T.);
#22094=EDGE_CURVE('',#9993,#9989,#22097,.T.);
#22095=LINE('',#9988,#22098);
#22096=LINE('',#9870,#22099);
#22097=LINE('',#9992,#22100);
#22098=VECTOR('',#22101,1.0);
#22099=VECTOR('',#22102,1.0);
#22100=VECTOR('',#22103,1.0);
#22101=DIRECTION('',(1,0,0));
#22102=DIRECTION('',(-0.10893684089886684,0,-0.9940486732021603));
#22103=DIRECTION('',(0,0,1));
#22104=STYLED_ITEM('',(#25),#22105);
#22105=FACE_SURFACE('',(#22110),#22106,.T.);
#22106=PLANE('',#22107);
#22107=AXIS2_PLACEMENT_3D('',#10008,#22108,#22109);
#22108=DIRECTION('',(0,1,-0));
#22109=DIRECTION('',(-1,0,0));
#22110=FACE_BOUND('',#22111,.T.);
#22111=EDGE_LOOP('',(#22112,#22113,#22114));
#22112=ORIENTED_EDGE('',*,*,#22115,.T.);
#22113=ORIENTED_EDGE('',*,*,#22116,.T.);
#22114=ORIENTED_EDGE('',*,*,#22117,.T.);
#22115=EDGE_CURVE('',#10009,#9993,#22118,.F.);
#22116=EDGE_CURVE('',#9993,#9871,#22119,.T.);
#22117=EDGE_CURVE('',#9871,#10009,#22120,.T.);
#22118=LINE('',#10008,#22121);
#22119=LINE('',#9992,#22122);
#22120=LINE('',#9870,#22123);
#22121=VECTOR('',#22124,1.0);
#22122=VECTOR('',#22125,1.0);
#22123=VECTOR('',#22126,1.0);
#22124=DIRECTION('',(-1,0,0));
#22125=DIRECTION('',(0.10893684089886684,0,0.9940486732021603));
#22126=DIRECTION('',(0,0,-1));
#22127=STYLED_ITEM('',(#25),#22128);
#22128=FACE_SURFACE('',(#22133),#22129,.T.);
#22129=PLANE('',#22130);
#22130=AXIS2_PLACEMENT_3D('',#9994,#22131,#22132);
#22131=DIRECTION('',(0,0,-1));
#22132=DIRECTION('',(-0.5909954814448439,0.8066748669146554,0));
#22133=FACE_BOUND('',#22134,.T.);
#22134=EDGE_LOOP('',(#22135,#22136,#22137));
#22135=ORIENTED_EDGE('',*,*,#22138,.T.);
#22136=ORIENTED_EDGE('',*,*,#22139,.T.);
#22137=ORIENTED_EDGE('',*,*,#22140,.T.);
#22138=EDGE_CURVE('',#9995,#10403,#22141,.F.);
#22139=EDGE_CURVE('',#10403,#10233,#22142,.T.);
#22140=EDGE_CURVE('',#10233,#9995,#22143,.T.);
#22141=LINE('',#9994,#22144);
#22142=LINE('',#10402,#22145);
#22143=LINE('',#10232,#22146);
#22144=VECTOR('',#22147,1.0);
#22145=VECTOR('',#22148,1.0);
#22146=VECTOR('',#22149,1.0);
#22147=DIRECTION('',(-0.5909954814448439,0.8066748669146554,0));
#22148=DIRECTION('',(0.8066748669146572,-0.5909954814448416,0));
#22149=DIRECTION('',(-0.7071067811865499,-0.707106781186545,0));
#22150=STYLED_ITEM('',(#25),#22151);
#22151=FACE_SURFACE('',(#22156),#22152,.T.);
#22152=PLANE('',#22153);
#22153=AXIS2_PLACEMENT_3D('',#10368,#22154,#22155);
#22154=DIRECTION('',(0,0,-1));
#22155=DIRECTION('',(0.9476810187845454,-0.31921886948532047,0));
#22156=FACE_BOUND('',#22157,.T.);
#22157=EDGE_LOOP('',(#22158,#22159,#22160));
#22158=ORIENTED_EDGE('',*,*,#22161,.T.);
#22159=ORIENTED_EDGE('',*,*,#22162,.T.);
#22160=ORIENTED_EDGE('',*,*,#22163,.T.);
#22161=EDGE_CURVE('',#10369,#10365,#22164,.F.);
#22162=EDGE_CURVE('',#10365,#10403,#22165,.T.);
#22163=EDGE_CURVE('',#10403,#10369,#22166,.T.);
#22164=LINE('',#10368,#22167);
#22165=LINE('',#10364,#22168);
#22166=LINE('',#10402,#22169);
#22167=VECTOR('',#22170,1.0);
#22168=VECTOR('',#22171,1.0);
#22169=VECTOR('',#22172,1.0);
#22170=DIRECTION('',(0.9476810187845454,-0.31921886948532047,0));
#22171=DIRECTION('',(-1,0,0));
#22172=DIRECTION('',(0,1,0));
#22173=STYLED_ITEM('',(#25),#22174);
#22174=FACE_SURFACE('',(#22179),#22175,.T.);
#22175=PLANE('',#22176);
#22176=AXIS2_PLACEMENT_3D('',#10404,#22177,#22178);
#22177=DIRECTION('',(0,-0,-1));
#22178=DIRECTION('',(0.8066748669146564,-0.5909954814448427,0));
#22179=FACE_BOUND('',#22180,.T.);
#22180=EDGE_LOOP('',(#22181,#22182,#22183));
#22181=ORIENTED_EDGE('',*,*,#22184,.T.);
#22182=ORIENTED_EDGE('',*,*,#22185,.T.);
#22183=ORIENTED_EDGE('',*,*,#22186,.T.);
#22184=EDGE_CURVE('',#10405,#10239,#22187,.F.);
#22185=EDGE_CURVE('',#10239,#9871,#22188,.T.);
#22186=EDGE_CURVE('',#9871,#10405,#22189,.T.);
#22187=LINE('',#10404,#22190);
#22188=LINE('',#10238,#22191);
#22189=LINE('',#9870,#22192);
#22190=VECTOR('',#22193,1.0);
#22191=VECTOR('',#22194,1.0);
#22192=VECTOR('',#22195,1.0);
#22193=DIRECTION('',(0.8066748669146564,-0.5909954814448427,0));
#22194=DIRECTION('',(-1,0,0));
#22195=DIRECTION('',(0.8066748669146564,0.5909954814448427,0));
#22196=STYLED_ITEM('',(#25),#22197);
#22197=FACE_SURFACE('',(#22202),#22198,.T.);
#22198=PLANE('',#22199);
#22199=AXIS2_PLACEMENT_3D('',#9868,#22200,#22201);
#22200=DIRECTION('',(0,-0,-1));
#22201=DIRECTION('',(0.7071067811865488,-0.7071067811865462,0));
#22202=FACE_BOUND('',#22203,.T.);
#22203=EDGE_LOOP('',(#22204,#22205,#22206));
#22204=ORIENTED_EDGE('',*,*,#22207,.T.);
#22205=ORIENTED_EDGE('',*,*,#22208,.T.);
#22206=ORIENTED_EDGE('',*,*,#22209,.T.);
#22207=EDGE_CURVE('',#9869,#10405,#22210,.F.);
#22208=EDGE_CURVE('',#10405,#9871,#22211,.T.);
#22209=EDGE_CURVE('',#9871,#9869,#22212,.T.);
#22210=LINE('',#9868,#22213);
#22211=LINE('',#10404,#22214);
#22212=LINE('',#9870,#22215);
#22213=VECTOR('',#22216,1.0);
#22214=VECTOR('',#22217,1.0);
#22215=VECTOR('',#22218,1.0);
#22216=DIRECTION('',(0.7071067811865488,-0.7071067811865462,0));
#22217=DIRECTION('',(-0.8066748669146564,-0.5909954814448427,0));
#22218=DIRECTION('',(0.590995481444843,0.8066748669146562,0));
#22219=STYLED_ITEM('',(#25),#22220);
#22220=FACE_SURFACE('',(#22225),#22221,.T.);
#22221=PLANE('',#22222);
#22222=AXIS2_PLACEMENT_3D('',#10240,#22223,#22224);
#22223=DIRECTION('',(0,-0,-1));
#22224=DIRECTION('',(0.7071067811865499,-0.707106781186545,0));
#22225=FACE_BOUND('',#22226,.T.);
#22226=EDGE_LOOP('',(#22227,#22228,#22229));
#22227=ORIENTED_EDGE('',*,*,#22230,.T.);
#22228=ORIENTED_EDGE('',*,*,#22231,.T.);
#22229=ORIENTED_EDGE('',*,*,#22232,.T.);
#22230=EDGE_CURVE('',#10241,#10407,#22233,.F.);
#22231=EDGE_CURVE('',#10407,#10369,#22234,.T.);
#22232=EDGE_CURVE('',#10369,#10241,#22235,.T.);
#22233=LINE('',#10240,#22236);
#22234=LINE('',#10406,#22237);
#22235=LINE('',#10368,#22238);
#22236=VECTOR('',#22239,1.0);
#22237=VECTOR('',#22240,1.0);
#22238=VECTOR('',#22241,1.0);
#22239=DIRECTION('',(0.7071067811865499,-0.707106781186545,0));
#22240=DIRECTION('',(-0.8066748669146572,-0.5909954814448416,0));
#22241=DIRECTION('',(0.5909954814448439,0.8066748669146554,0));
#22242=STYLED_ITEM('',(#25),#22243);
#22243=FACE_SURFACE('',(#22248),#22244,.T.);
#22244=PLANE('',#22245);
#22245=AXIS2_PLACEMENT_3D('',#10066,#22246,#22247);
#22246=DIRECTION('',(0,-0,1));
#22247=DIRECTION('',(0,1,0));
#22248=FACE_BOUND('',#22249,.T.);
#22249=EDGE_LOOP('',(#22250,#22251,#22252));
#22250=ORIENTED_EDGE('',*,*,#22253,.T.);
#22251=ORIENTED_EDGE('',*,*,#22254,.T.);
#22252=ORIENTED_EDGE('',*,*,#22255,.T.);
#22253=EDGE_CURVE('',#10067,#10187,#22256,.F.);
#22254=EDGE_CURVE('',#10187,#10023,#22257,.T.);
#22255=EDGE_CURVE('',#10023,#10067,#22258,.T.);
#22256=LINE('',#10066,#22259);
#22257=LINE('',#10186,#22260);
#22258=LINE('',#10022,#22261);
#22259=VECTOR('',#22262,1.0);
#22260=VECTOR('',#22263,1.0);
#22261=VECTOR('',#22264,1.0);
#22262=DIRECTION('',(0,1,0));
#22263=DIRECTION('',(-1,0,0));
#22264=DIRECTION('',(0.9476810187845452,-0.319218869485321,0));
#22265=STYLED_ITEM('',(#25),#22266);
#22266=FACE_SURFACE('',(#22271),#22267,.T.);
#22267=PLANE('',#22268);
#22268=AXIS2_PLACEMENT_3D('',#10026,#22269,#22270);
#22269=DIRECTION('',(0,0,1));
#22270=DIRECTION('',(-0.8066748669146562,-0.590995481444843,0));
#22271=FACE_BOUND('',#22272,.T.);
#22272=EDGE_LOOP('',(#22273,#22274,#22275));
#22273=ORIENTED_EDGE('',*,*,#22276,.T.);
#22274=ORIENTED_EDGE('',*,*,#22277,.T.);
#22275=ORIENTED_EDGE('',*,*,#22278,.T.);
#22276=EDGE_CURVE('',#10027,#10023,#22279,.F.);
#22277=EDGE_CURVE('',#10023,#10187,#22280,.T.);
#22278=EDGE_CURVE('',#10187,#10027,#22281,.T.);
#22279=LINE('',#10026,#22282);
#22280=LINE('',#10022,#22283);
#22281=LINE('',#10186,#22284);
#22282=VECTOR('',#22285,1.0);
#22283=VECTOR('',#22286,1.0);
#22284=VECTOR('',#22287,1.0);
#22285=DIRECTION('',(-0.8066748669146562,-0.590995481444843,0));
#22286=DIRECTION('',(1,0,0));
#22287=DIRECTION('',(-0.8066748669146562,0.590995481444843,0));
#22288=STYLED_ITEM('',(#25),#22289);
#22289=FACE_SURFACE('',(#22294),#22290,.T.);
#22290=PLANE('',#22291);
#22291=AXIS2_PLACEMENT_3D('',#10128,#22292,#22293);
#22292=DIRECTION('',(0,-0,-1));
#22293=DIRECTION('',(0.5909954814448436,-0.8066748669146558,0));
#22294=FACE_BOUND('',#22295,.T.);
#22295=EDGE_LOOP('',(#22296,#22297,#22298));
#22296=ORIENTED_EDGE('',*,*,#22299,.T.);
#22297=ORIENTED_EDGE('',*,*,#22300,.T.);
#22298=ORIENTED_EDGE('',*,*,#22301,.T.);
#22299=EDGE_CURVE('',#10129,#10239,#22302,.F.);
#22300=EDGE_CURVE('',#10239,#10405,#22303,.T.);
#22301=EDGE_CURVE('',#10405,#10129,#22304,.T.);
#22302=LINE('',#10128,#22305);
#22303=LINE('',#10238,#22306);
#22304=LINE('',#10404,#22307);
#22305=VECTOR('',#22308,1.0);
#22306=VECTOR('',#22309,1.0);
#22307=VECTOR('',#22310,1.0);
#22308=DIRECTION('',(0.5909954814448436,-0.8066748669146558,0));
#22309=DIRECTION('',(-0.8066748669146564,0.5909954814448427,0));
#22310=DIRECTION('',(0.7071067811865475,0.7071067811865475,0));
#22311=STYLED_ITEM('',(#25),#22312);
#22312=FACE_SURFACE('',(#22317),#22313,.T.);
#22313=PLANE('',#22314);
#22314=AXIS2_PLACEMENT_3D('',#9880,#22315,#22316);
#22315=DIRECTION('',(0,0,-1));
#22316=DIRECTION('',(-0.9476810187845454,0.31921886948532074,0));
#22317=FACE_BOUND('',#22318,.T.);
#22318=EDGE_LOOP('',(#22319,#22320,#22321));
#22319=ORIENTED_EDGE('',*,*,#22322,.T.);
#22320=ORIENTED_EDGE('',*,*,#22323,.T.);
#22321=ORIENTED_EDGE('',*,*,#22324,.T.);
#22322=EDGE_CURVE('',#9881,#9871,#22325,.F.);
#22323=EDGE_CURVE('',#9871,#10239,#22326,.T.);
#22324=EDGE_CURVE('',#10239,#9881,#22327,.T.);
#22325=LINE('',#9880,#22328);
#22326=LINE('',#9870,#22329);
#22327=LINE('',#10238,#22330);
#22328=VECTOR('',#22331,1.0);
#22329=VECTOR('',#22332,1.0);
#22330=VECTOR('',#22333,1.0);
#22331=DIRECTION('',(-0.9476810187845454,0.31921886948532074,0));
#22332=DIRECTION('',(1,0,0));
#22333=DIRECTION('',(0,-1,0));
#22334=STYLED_ITEM('',(#25),#22335);
#22335=FACE_SURFACE('',(#22340),#22336,.T.);
#22336=PLANE('',#22337);
#22337=AXIS2_PLACEMENT_3D('',#9868,#22338,#22339);
#22338=DIRECTION('',(0.7071067811865462,0.7071067811865488,0));
#22339=DIRECTION('',(0.09901475429766764,-0.09901475429766729,0.9901475429766744));
#22340=FACE_BOUND('',#22341,.T.);
#22341=EDGE_LOOP('',(#22342,#22343,#22344));
#22342=ORIENTED_EDGE('',*,*,#22345,.T.);
#22343=ORIENTED_EDGE('',*,*,#22346,.T.);
#22344=ORIENTED_EDGE('',*,*,#22347,.T.);
#22345=EDGE_CURVE('',#9869,#10375,#22348,.F.);
#22346=EDGE_CURVE('',#10375,#10405,#22349,.T.);
#22347=EDGE_CURVE('',#10405,#9869,#22350,.T.);
#22348=LINE('',#9868,#22351);
#22349=LINE('',#10374,#22352);
#22350=LINE('',#10404,#22353);
#22351=VECTOR('',#22354,1.0);
#22352=VECTOR('',#22355,1.0);
#22353=VECTOR('',#22356,1.0);
#22354=DIRECTION('',(0.09901475429766764,-0.09901475429766729,0.9901475429766744));
#22355=DIRECTION('',(0,0,-1));
#22356=DIRECTION('',(-0.7071067811865488,0.7071067811865462,0));
#22357=STYLED_ITEM('',(#25),#22358);
#22358=FACE_SURFACE('',(#22363),#22359,.T.);
#22359=PLANE('',#22360);
#22360=AXIS2_PLACEMENT_3D('',#10232,#22361,#22362);
#22361=DIRECTION('',(0,0,-1));
#22362=DIRECTION('',(-0.8066748669146572,0.5909954814448416,0));
#22363=FACE_BOUND('',#22364,.T.);
#22364=EDGE_LOOP('',(#22365,#22366,#22367));
#22365=ORIENTED_EDGE('',*,*,#22368,.T.);
#22366=ORIENTED_EDGE('',*,*,#22369,.T.);
#22367=ORIENTED_EDGE('',*,*,#22370,.T.);
#22368=EDGE_CURVE('',#10233,#10403,#22371,.F.);
#22369=EDGE_CURVE('',#10403,#10365,#22372,.T.);
#22370=EDGE_CURVE('',#10365,#10233,#22373,.T.);
#22371=LINE('',#10232,#22374);
#22372=LINE('',#10402,#22375);
#22373=LINE('',#10364,#22376);
#22374=VECTOR('',#22377,1.0);
#22375=VECTOR('',#22378,1.0);
#22376=VECTOR('',#22379,1.0);
#22377=DIRECTION('',(-0.8066748669146572,0.5909954814448416,0));
#22378=DIRECTION('',(1,0,0));
#22379=DIRECTION('',(-0.8066748669146562,-0.590995481444843,0));
#22380=STYLED_ITEM('',(#25),#22381);
#22381=FACE_SURFACE('',(#22386),#22382,.T.);
#22382=PLANE('',#22383);
#22383=AXIS2_PLACEMENT_3D('',#10406,#22384,#22385);
#22384=DIRECTION('',(0,-0,-1));
#22385=DIRECTION('',(0.8066748669146562,-0.590995481444843,0));
#22386=FACE_BOUND('',#22387,.T.);
#22387=EDGE_LOOP('',(#22388,#22389,#22390));
#22388=ORIENTED_EDGE('',*,*,#22391,.T.);
#22389=ORIENTED_EDGE('',*,*,#22392,.T.);
#22390=ORIENTED_EDGE('',*,*,#22393,.T.);
#22391=EDGE_CURVE('',#10407,#10327,#22394,.F.);
#22392=EDGE_CURVE('',#10327,#10369,#22395,.T.);
#22393=EDGE_CURVE('',#10369,#10407,#22396,.T.);
#22394=LINE('',#10406,#22397);
#22395=LINE('',#10326,#22398);
#22396=LINE('',#10368,#22399);
#22397=VECTOR('',#22400,1.0);
#22398=VECTOR('',#22401,1.0);
#22399=VECTOR('',#22402,1.0);
#22400=DIRECTION('',(0.8066748669146562,-0.590995481444843,0));
#22401=DIRECTION('',(-1,0,0));
#22402=DIRECTION('',(0.8066748669146572,0.5909954814448416,0));
#22403=STYLED_ITEM('',(#25),#22404);
#22404=FACE_SURFACE('',(#22409),#22405,.T.);
#22405=PLANE('',#22406);
#22406=AXIS2_PLACEMENT_3D('',#9920,#22407,#22408);
#22407=DIRECTION('',(0,0,-1));
#22408=DIRECTION('',(-0.707106781186545,0.70710678118655,0));
#22409=FACE_BOUND('',#22410,.T.);
#22410=EDGE_LOOP('',(#22411,#22412,#22413));
#22411=ORIENTED_EDGE('',*,*,#22414,.T.);
#22412=ORIENTED_EDGE('',*,*,#22415,.T.);
#22413=ORIENTED_EDGE('',*,*,#22416,.T.);
#22414=EDGE_CURVE('',#9921,#10233,#22417,.F.);
#22415=EDGE_CURVE('',#10233,#10365,#22418,.T.);
#22416=EDGE_CURVE('',#10365,#9921,#22419,.T.);
#22417=LINE('',#9920,#22420);
#22418=LINE('',#10232,#22421);
#22419=LINE('',#10364,#22422);
#22420=VECTOR('',#22423,1.0);
#22421=VECTOR('',#22424,1.0);
#22422=VECTOR('',#22425,1.0);
#22423=DIRECTION('',(-0.707106781186545,0.70710678118655,0));
#22424=DIRECTION('',(0.8066748669146562,0.590995481444843,0));
#22425=DIRECTION('',(-0.5909954814448439,-0.8066748669146554,0));
#22426=STYLED_ITEM('',(#25),#22427);
#22427=FACE_SURFACE('',(#22432),#22428,.T.);
#22428=PLANE('',#22429);
#22429=AXIS2_PLACEMENT_3D('',#10328,#22430,#22431);
#22430=DIRECTION('',(0,-0,-1));
#22431=DIRECTION('',(0.5909954814448439,-0.8066748669146554,0));
#22432=FACE_BOUND('',#22433,.T.);
#22433=EDGE_LOOP('',(#22434,#22435,#22436));
#22434=ORIENTED_EDGE('',*,*,#22437,.T.);
#22435=ORIENTED_EDGE('',*,*,#22438,.T.);
#22436=ORIENTED_EDGE('',*,*,#22439,.T.);
#22437=EDGE_CURVE('',#10329,#10327,#22440,.F.);
#22438=EDGE_CURVE('',#10327,#10407,#22441,.T.);
#22439=EDGE_CURVE('',#10407,#10329,#22442,.T.);
#22440=LINE('',#10328,#22443);
#22441=LINE('',#10326,#22444);
#22442=LINE('',#10406,#22445);
#22443=VECTOR('',#22446,1.0);
#22444=VECTOR('',#22447,1.0);
#22445=VECTOR('',#22448,1.0);
#22446=DIRECTION('',(0.5909954814448439,-0.8066748669146554,0));
#22447=DIRECTION('',(-0.8066748669146562,0.590995481444843,0));
#22448=DIRECTION('',(0.707106781186545,0.70710678118655,0));
#22449=STYLED_ITEM('',(#25),#22450);
#22450=FACE_SURFACE('',(#22455),#22451,.T.);
#22451=PLANE('',#22452);
#22452=AXIS2_PLACEMENT_3D('',#10186,#22453,#22454);
#22453=DIRECTION('',(-1,0,0));
#22454=DIRECTION('',(0,-1,0));
#22455=FACE_BOUND('',#22456,.T.);
#22456=EDGE_LOOP('',(#22457,#22458,#22459));
#22457=ORIENTED_EDGE('',*,*,#22460,.T.);
#22458=ORIENTED_EDGE('',*,*,#22461,.T.);
#22459=ORIENTED_EDGE('',*,*,#22462,.T.);
#22460=EDGE_CURVE('',#10187,#10067,#22463,.F.);
#22461=EDGE_CURVE('',#10067,#10205,#22464,.T.);
#22462=EDGE_CURVE('',#10205,#10187,#22465,.T.);
#22463=LINE('',#10186,#22466);
#22464=LINE('',#10066,#22467);
#22465=LINE('',#10204,#22468);
#22466=VECTOR('',#22469,1.0);
#22467=VECTOR('',#22470,1.0);
#22468=VECTOR('',#22471,1.0);
#22469=DIRECTION('',(0,-1,0));
#22470=DIRECTION('',(0,0.21983912974654354,0.9755361382502866));
#22471=DIRECTION('',(0,0,-1));
#22472=STYLED_ITEM('',(#25),#22473);
#22473=FACE_SURFACE('',(#22478),#22474,.T.);
#22474=PLANE('',#22475);
#22475=AXIS2_PLACEMENT_3D('',#10404,#22476,#22477);
#22476=DIRECTION('',(-0.7071067811865476,0.7071067811865476,0));
#22477=DIRECTION('',(0,0,1));
#22478=FACE_BOUND('',#22479,.T.);
#22479=EDGE_LOOP('',(#22480,#22481,#22482));
#22480=ORIENTED_EDGE('',*,*,#22483,.T.);
#22481=ORIENTED_EDGE('',*,*,#22484,.T.);
#22482=ORIENTED_EDGE('',*,*,#22485,.T.);
#22483=EDGE_CURVE('',#10405,#10375,#22486,.F.);
#22484=EDGE_CURVE('',#10375,#10129,#22487,.T.);
#22485=EDGE_CURVE('',#10129,#10405,#22488,.T.);
#22486=LINE('',#10404,#22489);
#22487=LINE('',#10374,#22490);
#22488=LINE('',#10128,#22491);
#22489=VECTOR('',#22492,1.0);
#22490=VECTOR('',#22493,1.0);
#22491=VECTOR('',#22494,1.0);
#22492=DIRECTION('',(0,0,1));
#22493=DIRECTION('',(0.09901475429766729,0.09901475429766729,-0.9901475429766744));
#22494=DIRECTION('',(-0.7071067811865475,-0.7071067811865475,0));
#22495=STYLED_ITEM('',(#25),#22496);
#22496=FACE_SURFACE('',(#22501),#22497,.T.);
#22497=PLANE('',#22498);
#22498=AXIS2_PLACEMENT_3D('',#9920,#22499,#22500);
#22499=DIRECTION('',(-0.70710678118655,-0.7071067811865451,0));
#22500=DIRECTION('',(0,0,1));
#22501=FACE_BOUND('',#22502,.T.);
#22502=EDGE_LOOP('',(#22503,#22504,#22505));
#22503=ORIENTED_EDGE('',*,*,#22506,.T.);
#22504=ORIENTED_EDGE('',*,*,#22507,.T.);
#22505=ORIENTED_EDGE('',*,*,#22508,.T.);
#22506=EDGE_CURVE('',#9921,#9919,#22509,.F.);
#22507=EDGE_CURVE('',#9919,#10233,#22510,.T.);
#22508=EDGE_CURVE('',#10233,#9921,#22511,.T.);
#22509=LINE('',#9920,#22512);
#22510=LINE('',#9918,#22513);
#22511=LINE('',#10232,#22514);
#22512=VECTOR('',#22515,1.0);
#22513=VECTOR('',#22516,1.0);
#22514=VECTOR('',#22517,1.0);
#22515=DIRECTION('',(0,0,1));
#22516=DIRECTION('',(-0.09901475429766661,0.09901475429766729,-0.9901475429766744));
#22517=DIRECTION('',(0.707106781186545,-0.70710678118655,0));
#22518=STYLED_ITEM('',(#25),#22519);
#22519=FACE_SURFACE('',(#22524),#22520,.T.);
#22520=PLANE('',#22521);
#22521=AXIS2_PLACEMENT_3D('',#9922,#22522,#22523);
#22522=DIRECTION('',(0,1,0));
#22523=DIRECTION('',(-0.21983912974654296,0,-0.9755361382502867));
#22524=FACE_BOUND('',#22525,.T.);
#22525=EDGE_LOOP('',(#22526,#22527,#22528));
#22526=ORIENTED_EDGE('',*,*,#22529,.T.);
#22527=ORIENTED_EDGE('',*,*,#22530,.T.);
#22528=ORIENTED_EDGE('',*,*,#22531,.T.);
#22529=EDGE_CURVE('',#9923,#10033,#22532,.F.);
#22530=EDGE_CURVE('',#10033,#10409,#22533,.T.);
#22531=EDGE_CURVE('',#10409,#9923,#22534,.T.);
#22532=LINE('',#9922,#22535);
#22533=LINE('',#10032,#22536);
#22534=LINE('',#10408,#22537);
#22535=VECTOR('',#22538,1.0);
#22536=VECTOR('',#22539,1.0);
#22537=VECTOR('',#22540,1.0);
#22538=DIRECTION('',(-0.21983912974654296,0,-0.9755361382502867));
#22539=DIRECTION('',(0,0,1));
#22540=DIRECTION('',(1,0,0));
#22541=STYLED_ITEM('',(#25),#22542);
#22542=FACE_SURFACE('',(#22547),#22543,.T.);
#22543=PLANE('',#22544);
#22544=AXIS2_PLACEMENT_3D('',#10406,#22545,#22546);
#22545=DIRECTION('',(0.707106781186545,0.70710678118655,-0));
#22546=DIRECTION('',(-0.7071067811865499,0.707106781186545,0));
#22547=FACE_BOUND('',#22548,.T.);
#22548=EDGE_LOOP('',(#22549,#22550,#22551));
#22549=ORIENTED_EDGE('',*,*,#22552,.T.);
#22550=ORIENTED_EDGE('',*,*,#22553,.T.);
#22551=ORIENTED_EDGE('',*,*,#22554,.T.);
#22552=EDGE_CURVE('',#10407,#10241,#22555,.F.);
#22553=EDGE_CURVE('',#10241,#10203,#22556,.T.);
#22554=EDGE_CURVE('',#10203,#10407,#22557,.T.);
#22555=LINE('',#10406,#22558);
#22556=LINE('',#10240,#22559);
#22557=LINE('',#10202,#22560);
#22558=VECTOR('',#22561,1.0);
#22559=VECTOR('',#22562,1.0);
#22560=VECTOR('',#22563,1.0);
#22561=DIRECTION('',(-0.7071067811865499,0.707106781186545,0));
#22562=DIRECTION('',(0.09901475429766798,-0.09901475429766729,0.9901475429766744));
#22563=DIRECTION('',(0,0,-1));
#22564=STYLED_ITEM('',(#25),#22565);
#22565=FACE_SURFACE('',(#22570),#22566,.T.);
#22566=PLANE('',#22567);
#22567=AXIS2_PLACEMENT_3D('',#10204,#22568,#22569);
#22568=DIRECTION('',(-0,1,0));
#22569=DIRECTION('',(1,0,0));
#22570=FACE_BOUND('',#22571,.T.);
#22571=EDGE_LOOP('',(#22572,#22573,#22574));
#22572=ORIENTED_EDGE('',*,*,#22575,.T.);
#22573=ORIENTED_EDGE('',*,*,#22576,.T.);
#22574=ORIENTED_EDGE('',*,*,#22577,.T.);
#22575=EDGE_CURVE('',#10205,#10411,#22578,.F.);
#22576=EDGE_CURVE('',#10411,#10035,#22579,.T.);
#22577=EDGE_CURVE('',#10035,#10205,#22580,.T.);
#22578=LINE('',#10204,#22581);
#22579=LINE('',#10410,#22582);
#22580=LINE('',#10034,#22583);
#22581=VECTOR('',#22584,1.0);
#22582=VECTOR('',#22585,1.0);
#22583=VECTOR('',#22586,1.0);
#22584=DIRECTION('',(1,0,0));
#22585=DIRECTION('',(0,0,-1));
#22586=DIRECTION('',(-0.21983912974654354,0,0.9755361382502866));
#22587=STYLED_ITEM('',(#25),#22588);
#22588=FACE_SURFACE('',(#22593),#22589,.T.);
#22589=PLANE('',#22590);
#22590=AXIS2_PLACEMENT_3D('',#10406,#22591,#22592);
#22591=DIRECTION('',(-0.70710678118655,0.7071067811865451,0));
#22592=DIRECTION('',(0,0,1));
#22593=FACE_BOUND('',#22594,.T.);
#22594=EDGE_LOOP('',(#22595,#22596,#22597));
#22595=ORIENTED_EDGE('',*,*,#22598,.T.);
#22596=ORIENTED_EDGE('',*,*,#22599,.T.);
#22597=ORIENTED_EDGE('',*,*,#22600,.T.);
#22598=EDGE_CURVE('',#10407,#10203,#22601,.F.);
#22599=EDGE_CURVE('',#10203,#10329,#22602,.T.);
#22600=EDGE_CURVE('',#10329,#10407,#22603,.T.);
#22601=LINE('',#10406,#22604);
#22602=LINE('',#10202,#22605);
#22603=LINE('',#10328,#22606);
#22604=VECTOR('',#22607,1.0);
#22605=VECTOR('',#22608,1.0);
#22606=VECTOR('',#22609,1.0);
#22607=DIRECTION('',(0,0,1));
#22608=DIRECTION('',(0.09901475429766661,0.09901475429766729,-0.9901475429766744));
#22609=DIRECTION('',(-0.707106781186545,-0.70710678118655,0));
#22610=STYLED_ITEM('',(#25),#22611);
#22611=FACE_SURFACE('',(#22616),#22612,.T.);
#22612=PLANE('',#22613);
#22613=AXIS2_PLACEMENT_3D('',#10220,#22614,#22615);
#22614=DIRECTION('',(-0.70710678118655,0.7071067811865451,0));
#22615=DIRECTION('',(0,0,-1));
#22616=FACE_BOUND('',#22617,.T.);
#22617=EDGE_LOOP('',(#22618,#22619,#22620));
#22618=ORIENTED_EDGE('',*,*,#22621,.T.);
#22619=ORIENTED_EDGE('',*,*,#22622,.T.);
#22620=ORIENTED_EDGE('',*,*,#22623,.T.);
#22621=EDGE_CURVE('',#10221,#10329,#22624,.F.);
#22622=EDGE_CURVE('',#10329,#10203,#22625,.T.);
#22623=EDGE_CURVE('',#10203,#10221,#22626,.T.);
#22624=LINE('',#10220,#22627);
#22625=LINE('',#10328,#22628);
#22626=LINE('',#10202,#22629);
#22627=VECTOR('',#22630,1.0);
#22628=VECTOR('',#22631,1.0);
#22629=VECTOR('',#22632,1.0);
#22630=DIRECTION('',(0,0,-1));
#22631=DIRECTION('',(-0.09901475429766661,-0.09901475429766729,0.9901475429766744));
#22632=DIRECTION('',(0.707106781186545,0.70710678118655,0));
#22633=STYLED_ITEM('',(#25),#22634);
#22634=FACE_SURFACE('',(#22639),#22635,.T.);
#22635=PLANE('',#22636);
#22636=AXIS2_PLACEMENT_3D('',#9844,#22637,#22638);
#22637=DIRECTION('',(1,0,-0));
#22638=DIRECTION('',(0,0,1));
#22639=FACE_BOUND('',#22640,.T.);
#22640=EDGE_LOOP('',(#22641,#22642,#22643));
#22641=ORIENTED_EDGE('',*,*,#22644,.T.);
#22642=ORIENTED_EDGE('',*,*,#22645,.T.);
#22643=ORIENTED_EDGE('',*,*,#22646,.T.);
#22644=EDGE_CURVE('',#9845,#10369,#22647,.F.);
#22645=EDGE_CURVE('',#10369,#9847,#22648,.T.);
#22646=EDGE_CURVE('',#9847,#9845,#22649,.T.);
#22647=LINE('',#9844,#22650);
#22648=LINE('',#10368,#22651);
#22649=LINE('',#9846,#22652);
#22650=VECTOR('',#22653,1.0);
#22651=VECTOR('',#22654,1.0);
#22652=VECTOR('',#22655,1.0);
#22653=DIRECTION('',(0,0,1));
#22654=DIRECTION('',(0,-0.10893684089886697,-0.9940486732021603));
#22655=DIRECTION('',(0,1,0));
#22656=STYLED_ITEM('',(#25),#22657);
#22657=FACE_SURFACE('',(#22662),#22658,.T.);
#22658=PLANE('',#22659);
#22659=AXIS2_PLACEMENT_3D('',#10402,#22660,#22661);
#22660=DIRECTION('',(1,-0,0));
#22661=DIRECTION('',(0,0,-1));
#22662=FACE_BOUND('',#22663,.T.);
#22663=EDGE_LOOP('',(#22664,#22665,#22666));
#22664=ORIENTED_EDGE('',*,*,#22667,.T.);
#22665=ORIENTED_EDGE('',*,*,#22668,.T.);
#22666=ORIENTED_EDGE('',*,*,#22669,.T.);
#22667=EDGE_CURVE('',#10403,#9847,#22670,.F.);
#22668=EDGE_CURVE('',#9847,#10369,#22671,.T.);
#22669=EDGE_CURVE('',#10369,#10403,#22672,.T.);
#22670=LINE('',#10402,#22673);
#22671=LINE('',#9846,#22674);
#22672=LINE('',#10368,#22675);
#22673=VECTOR('',#22676,1.0);
#22674=VECTOR('',#22677,1.0);
#22675=VECTOR('',#22678,1.0);
#22676=DIRECTION('',(0,0,-1));
#22677=DIRECTION('',(0,0.10893684089886697,0.9940486732021603));
#22678=DIRECTION('',(0,-1,0));
#22679=STYLED_ITEM('',(#25),#22680);
#22680=FACE_SURFACE('',(#22685),#22681,.T.);
#22681=PLANE('',#22682);
#22682=AXIS2_PLACEMENT_3D('',#10076,#22683,#22684);
#22683=DIRECTION('',(-1,0,0));
#22684=DIRECTION('',(0,1,0));
#22685=FACE_BOUND('',#22686,.T.);
#22686=EDGE_LOOP('',(#22687,#22688,#22689));
#22687=ORIENTED_EDGE('',*,*,#22690,.T.);
#22688=ORIENTED_EDGE('',*,*,#22691,.T.);
#22689=ORIENTED_EDGE('',*,*,#22692,.T.);
#22690=EDGE_CURVE('',#10077,#10409,#22693,.F.);
#22691=EDGE_CURVE('',#10409,#10033,#22694,.T.);
#22692=EDGE_CURVE('',#10033,#10077,#22695,.T.);
#22693=LINE('',#10076,#22696);
#22694=LINE('',#10408,#22697);
#22695=LINE('',#10032,#22698);
#22696=VECTOR('',#22699,1.0);
#22697=VECTOR('',#22700,1.0);
#22698=VECTOR('',#22701,1.0);
#22699=DIRECTION('',(0,1,0));
#22700=DIRECTION('',(0,0,-1));
#22701=DIRECTION('',(0,-0.21983912974654354,0.9755361382502866));
#22702=STYLED_ITEM('',(#25),#22703);
#22703=FACE_SURFACE('',(#22708),#22704,.T.);
#22704=PLANE('',#22705);
#22705=AXIS2_PLACEMENT_3D('',#10402,#22706,#22707);
#22706=DIRECTION('',(-0,-0,-1));
#22707=DIRECTION('',(0.5909954814448439,-0.8066748669146554,0));
#22708=FACE_BOUND('',#22709,.T.);
#22709=EDGE_LOOP('',(#22710,#22711,#22712));
#22710=ORIENTED_EDGE('',*,*,#22713,.T.);
#22711=ORIENTED_EDGE('',*,*,#22714,.T.);
#22712=ORIENTED_EDGE('',*,*,#22715,.T.);
#22713=EDGE_CURVE('',#10403,#9995,#22716,.F.);
#22714=EDGE_CURVE('',#9995,#9901,#22717,.T.);
#22715=EDGE_CURVE('',#9901,#10403,#22718,.T.);
#22716=LINE('',#10402,#22719);
#22717=LINE('',#9994,#22720);
#22718=LINE('',#9900,#22721);
#22719=VECTOR('',#22722,1.0);
#22720=VECTOR('',#22723,1.0);
#22721=VECTOR('',#22724,1.0);
#22722=DIRECTION('',(0.5909954814448439,-0.8066748669146554,0));
#22723=DIRECTION('',(-0.8149681286956479,0.5795057801353787,0));
#22724=DIRECTION('',(1,0,0));
#22725=STYLED_ITEM('',(#25),#22726);
#22726=FACE_SURFACE('',(#22731),#22727,.T.);
#22727=PLANE('',#22728);
#22728=AXIS2_PLACEMENT_3D('',#9858,#22729,#22730);
#22729=DIRECTION('',(0,0,-1));
#22730=DIRECTION('',(0.5909954814448439,0.8066748669146554,0));
#22731=FACE_BOUND('',#22732,.T.);
#22732=EDGE_LOOP('',(#22733,#22734,#22735));
#22733=ORIENTED_EDGE('',*,*,#22736,.T.);
#22734=ORIENTED_EDGE('',*,*,#22737,.T.);
#22735=ORIENTED_EDGE('',*,*,#22738,.T.);
#22736=EDGE_CURVE('',#9859,#9901,#22739,.F.);
#22737=EDGE_CURVE('',#9901,#9995,#22740,.T.);
#22738=EDGE_CURVE('',#9995,#9859,#22741,.T.);
#22739=LINE('',#9858,#22742);
#22740=LINE('',#9900,#22743);
#22741=LINE('',#9994,#22744);
#22742=VECTOR('',#22745,1.0);
#22743=VECTOR('',#22746,1.0);
#22744=VECTOR('',#22747,1.0);
#22745=DIRECTION('',(0.5909954814448439,0.8066748669146554,0));
#22746=DIRECTION('',(0.8149681286956479,-0.5795057801353787,0));
#22747=DIRECTION('',(-1,0,0));
#22748=STYLED_ITEM('',(#25),#22749);
#22749=FACE_SURFACE('',(#22754),#22750,.T.);
#22750=PLANE('',#22751);
#22751=AXIS2_PLACEMENT_3D('',#10076,#22752,#22753);
#22752=DIRECTION('',(0,-1,0));
#22753=DIRECTION('',(0,0,-1));
#22754=FACE_BOUND('',#22755,.T.);
#22755=EDGE_LOOP('',(#22756,#22757,#22758));
#22756=ORIENTED_EDGE('',*,*,#22759,.T.);
#22757=ORIENTED_EDGE('',*,*,#22760,.T.);
#22758=ORIENTED_EDGE('',*,*,#22761,.T.);
#22759=EDGE_CURVE('',#10077,#10039,#22762,.F.);
#22760=EDGE_CURVE('',#10039,#9925,#22763,.T.);
#22761=EDGE_CURVE('',#9925,#10077,#22764,.T.);
#22762=LINE('',#10076,#22765);
#22763=LINE('',#10038,#22766);
#22764=LINE('',#9924,#22767);
#22765=VECTOR('',#22768,1.0);
#22766=VECTOR('',#22769,1.0);
#22767=VECTOR('',#22770,1.0);
#22768=DIRECTION('',(0,0,-1));
#22769=DIRECTION('',(0.21983912974654296,0,0.9755361382502867));
#22770=DIRECTION('',(-1,0,0));
#22771=STYLED_ITEM('',(#25),#22772);
#22772=FACE_SURFACE('',(#22777),#22773,.T.);
#22773=PLANE('',#22774);
#22774=AXIS2_PLACEMENT_3D('',#9900,#22775,#22776);
#22775=DIRECTION('',(0,-1,0));
#22776=DIRECTION('',(0,0,-1));
#22777=FACE_BOUND('',#22778,.T.);
#22778=EDGE_LOOP('',(#22779,#22780,#22781));
#22779=ORIENTED_EDGE('',*,*,#22782,.T.);
#22780=ORIENTED_EDGE('',*,*,#22783,.T.);
#22781=ORIENTED_EDGE('',*,*,#22784,.T.);
#22782=EDGE_CURVE('',#9901,#9855,#22785,.F.);
#22783=EDGE_CURVE('',#9855,#10403,#22786,.T.);
#22784=EDGE_CURVE('',#10403,#9901,#22787,.T.);
#22785=LINE('',#9900,#22788);
#22786=LINE('',#9854,#22789);
#22787=LINE('',#10402,#22790);
#22788=VECTOR('',#22791,1.0);
#22789=VECTOR('',#22792,1.0);
#22790=VECTOR('',#22793,1.0);
#22791=DIRECTION('',(0,0,-1));
#22792=DIRECTION('',(0.10893684089886638,0,0.9940486732021603));
#22793=DIRECTION('',(-1,0,0));
#22794=STYLED_ITEM('',(#25),#22795);
#22795=FACE_SURFACE('',(#22800),#22796,.T.);
#22796=PLANE('',#22797);
#22797=AXIS2_PLACEMENT_3D('',#10368,#22798,#22799);
#22798=DIRECTION('',(0,0,-1));
#22799=DIRECTION('',(-1,0,0));
#22800=FACE_BOUND('',#22801,.T.);
#22801=EDGE_LOOP('',(#22802,#22803,#22804));
#22802=ORIENTED_EDGE('',*,*,#22805,.T.);
#22803=ORIENTED_EDGE('',*,*,#22806,.T.);
#22804=ORIENTED_EDGE('',*,*,#22807,.T.);
#22805=EDGE_CURVE('',#10369,#9887,#22808,.F.);
#22806=EDGE_CURVE('',#9887,#10241,#22809,.T.);
#22807=EDGE_CURVE('',#10241,#10369,#22810,.T.);
#22808=LINE('',#10368,#22811);
#22809=LINE('',#9886,#22812);
#22810=LINE('',#10240,#22813);
#22811=VECTOR('',#22814,1.0);
#22812=VECTOR('',#22815,1.0);
#22813=VECTOR('',#22816,1.0);
#22814=DIRECTION('',(-1,0,0));
#22815=DIRECTION('',(0.8149681286956479,0.5795057801353787,0));
#22816=DIRECTION('',(-0.5909954814448439,-0.8066748669146554,0));
#22817=STYLED_ITEM('',(#25),#22818);
#22818=FACE_SURFACE('',(#22823),#22819,.T.);
#22819=PLANE('',#22820);
#22820=AXIS2_PLACEMENT_3D('',#9862,#22821,#22822);
#22821=DIRECTION('',(0,0,-1));
#22822=DIRECTION('',(1,0,0));
#22823=FACE_BOUND('',#22824,.T.);
#22824=EDGE_LOOP('',(#22825,#22826,#22827));
#22825=ORIENTED_EDGE('',*,*,#22828,.T.);
#22826=ORIENTED_EDGE('',*,*,#22829,.T.);
#22827=ORIENTED_EDGE('',*,*,#22830,.T.);
#22828=EDGE_CURVE('',#9863,#10241,#22831,.F.);
#22829=EDGE_CURVE('',#10241,#9887,#22832,.T.);
#22830=EDGE_CURVE('',#9887,#9863,#22833,.T.);
#22831=LINE('',#9862,#22834);
#22832=LINE('',#10240,#22835);
#22833=LINE('',#9886,#22836);
#22834=VECTOR('',#22837,1.0);
#22835=VECTOR('',#22838,1.0);
#22836=VECTOR('',#22839,1.0);
#22837=DIRECTION('',(1,0,0));
#22838=DIRECTION('',(-0.8149681286956479,-0.5795057801353787,0));
#22839=DIRECTION('',(-0.5909954814448439,0.8066748669146554,0));
#22840=STYLED_ITEM('',(#25),#22841);
#22841=FACE_SURFACE('',(#22846),#22842,.T.);
#22842=PLANE('',#22843);
#22843=AXIS2_PLACEMENT_3D('',#10076,#22844,#22845);
#22844=DIRECTION('',(-0.7071067811865437,0,0.7071067811865515));
#22845=DIRECTION('',(0.5773502691896278,0.5773502691896278,0.5773502691896215));
#22846=FACE_BOUND('',#22847,.T.);
#22847=EDGE_LOOP('',(#22848,#22849,#22850));
#22848=ORIENTED_EDGE('',*,*,#22851,.T.);
#22849=ORIENTED_EDGE('',*,*,#22852,.T.);
#22850=ORIENTED_EDGE('',*,*,#22853,.T.);
#22851=EDGE_CURVE('',#10077,#10299,#22854,.F.);
#22852=EDGE_CURVE('',#10299,#10305,#22855,.T.);
#22853=EDGE_CURVE('',#10305,#10077,#22856,.T.);
#22854=LINE('',#10076,#22857);
#22855=LINE('',#10298,#22858);
#22856=LINE('',#10304,#22859);
#22857=VECTOR('',#22860,1.0);
#22858=VECTOR('',#22861,1.0);
#22859=VECTOR('',#22862,1.0);
#22860=DIRECTION('',(0.5773502691896278,0.5773502691896278,0.5773502691896215));
#22861=DIRECTION('',(0,1,0));
#22862=DIRECTION('',(-0.30151134457776396,-0.9045340337332919,-0.30151134457776063));
#22863=STYLED_ITEM('',(#25),#22864);
#22864=FACE_SURFACE('',(#22869),#22865,.T.);
#22865=PLANE('',#22866);
#22866=AXIS2_PLACEMENT_3D('',#10076,#22867,#22868);
#22867=DIRECTION('',(-0.7071067811865437,0,0.7071067811865515));
#22868=DIRECTION('',(0.30151134457776396,0.9045340337332919,0.30151134457776063));
#22869=FACE_BOUND('',#22870,.T.);
#22870=EDGE_LOOP('',(#22871,#22872,#22873));
#22871=ORIENTED_EDGE('',*,*,#22874,.T.);
#22872=ORIENTED_EDGE('',*,*,#22875,.T.);
#22873=ORIENTED_EDGE('',*,*,#22876,.T.);
#22874=EDGE_CURVE('',#10077,#10305,#22877,.F.);
#22875=EDGE_CURVE('',#10305,#10409,#22878,.T.);
#22876=EDGE_CURVE('',#10409,#10077,#22879,.T.);
#22877=LINE('',#10076,#22880);
#22878=LINE('',#10304,#22881);
#22879=LINE('',#10408,#22882);
#22880=VECTOR('',#22883,1.0);
#22881=VECTOR('',#22884,1.0);
#22882=VECTOR('',#22885,1.0);
#22883=DIRECTION('',(0.30151134457776396,0.9045340337332919,0.30151134457776063));
#22884=DIRECTION('',(-0.5773502691896278,0.5773502691896278,-0.5773502691896215));
#22885=DIRECTION('',(0,-1,0));
#22886=STYLED_ITEM('',(#25),#22887);
#22887=FACE_SURFACE('',(#22892),#22888,.T.);
#22888=PLANE('',#22889);
#22889=AXIS2_PLACEMENT_3D('',#9844,#22890,#22891);
#22890=DIRECTION('',(0,1,-0));
#22891=DIRECTION('',(-0.10893684089886638,0,0.9940486732021603));
#22892=FACE_BOUND('',#22893,.T.);
#22893=EDGE_LOOP('',(#22894,#22895,#22896));
#22894=ORIENTED_EDGE('',*,*,#22897,.T.);
#22895=ORIENTED_EDGE('',*,*,#22898,.T.);
#22896=ORIENTED_EDGE('',*,*,#22899,.T.);
#22897=EDGE_CURVE('',#9845,#9887,#22900,.F.);
#22898=EDGE_CURVE('',#9887,#10369,#22901,.T.);
#22899=EDGE_CURVE('',#10369,#9845,#22902,.T.);
#22900=LINE('',#9844,#22903);
#22901=LINE('',#9886,#22904);
#22902=LINE('',#10368,#22905);
#22903=VECTOR('',#22906,1.0);
#22904=VECTOR('',#22907,1.0);
#22905=VECTOR('',#22908,1.0);
#22906=DIRECTION('',(-0.10893684089886638,0,0.9940486732021603));
#22907=DIRECTION('',(1,0,0));
#22908=DIRECTION('',(0,0,-1));
#22909=STYLED_ITEM('',(#25),#22910);
#22910=FACE_SURFACE('',(#22915),#22911,.T.);
#22911=PLANE('',#22912);
#22912=AXIS2_PLACEMENT_3D('',#9886,#22913,#22914);
#22913=DIRECTION('',(0,0,-1));
#22914=DIRECTION('',(-1,0,0));
#22915=FACE_BOUND('',#22916,.T.);
#22916=EDGE_LOOP('',(#22917,#22918,#22919));
#22917=ORIENTED_EDGE('',*,*,#22920,.T.);
#22918=ORIENTED_EDGE('',*,*,#22921,.T.);
#22919=ORIENTED_EDGE('',*,*,#22922,.T.);
#22920=EDGE_CURVE('',#9887,#9939,#22923,.F.);
#22921=EDGE_CURVE('',#9939,#9865,#22924,.T.);
#22922=EDGE_CURVE('',#9865,#9887,#22925,.T.);
#22923=LINE('',#9886,#22926);
#22924=LINE('',#9938,#22927);
#22925=LINE('',#9864,#22928);
#22926=VECTOR('',#22929,1.0);
#22927=VECTOR('',#22930,1.0);
#22928=VECTOR('',#22931,1.0);
#22929=DIRECTION('',(-1,0,0));
#22930=DIRECTION('',(0.8066748669146567,0.5909954814448424,0));
#22931=DIRECTION('',(0.8066748669146567,-0.5909954814448424,0));
#22932=STYLED_ITEM('',(#25),#22933);
#22933=FACE_SURFACE('',(#22938),#22934,.T.);
#22934=PLANE('',#22935);
#22935=AXIS2_PLACEMENT_3D('',#9864,#22936,#22937);
#22936=DIRECTION('',(-0,0,-1));
#22937=DIRECTION('',(-0.8066748669146567,-0.5909954814448424,0));
#22938=FACE_BOUND('',#22939,.T.);
#22939=EDGE_LOOP('',(#22940,#22941,#22942));
#22940=ORIENTED_EDGE('',*,*,#22943,.T.);
#22941=ORIENTED_EDGE('',*,*,#22944,.T.);
#22942=ORIENTED_EDGE('',*,*,#22945,.T.);
#22943=EDGE_CURVE('',#9865,#9939,#22946,.F.);
#22944=EDGE_CURVE('',#9939,#9943,#22947,.T.);
#22945=EDGE_CURVE('',#9943,#9865,#22948,.T.);
#22946=LINE('',#9864,#22949);
#22947=LINE('',#9938,#22950);
#22948=LINE('',#9942,#22951);
#22949=VECTOR('',#22952,1.0);
#22950=VECTOR('',#22953,1.0);
#22951=VECTOR('',#22954,1.0);
#22952=DIRECTION('',(-0.8066748669146567,-0.5909954814448424,0));
#22953=DIRECTION('',(0.5909954814448439,0.8066748669146554,0));
#22954=DIRECTION('',(0.7071067811865475,-0.7071067811865475,0));
#22955=STYLED_ITEM('',(#25),#22956);
#22956=FACE_SURFACE('',(#22961),#22957,.T.);
#22957=PLANE('',#22958);
#22958=AXIS2_PLACEMENT_3D('',#9938,#22959,#22960);
#22959=DIRECTION('',(0,0,-1));
#22960=DIRECTION('',(-1,0,0));
#22961=FACE_BOUND('',#22962,.T.);
#22962=EDGE_LOOP('',(#22963,#22964,#22965));
#22963=ORIENTED_EDGE('',*,*,#22966,.T.);
#22964=ORIENTED_EDGE('',*,*,#22967,.T.);
#22965=ORIENTED_EDGE('',*,*,#22968,.T.);
#22966=EDGE_CURVE('',#9939,#10047,#22969,.F.);
#22967=EDGE_CURVE('',#10047,#9943,#22970,.T.);
#22968=EDGE_CURVE('',#9943,#9939,#22971,.T.);
#22969=LINE('',#9938,#22972);
#22970=LINE('',#10046,#22973);
#22971=LINE('',#9942,#22974);
#22972=VECTOR('',#22975,1.0);
#22973=VECTOR('',#22976,1.0);
#22974=VECTOR('',#22977,1.0);
#22975=DIRECTION('',(-1,0,0));
#22976=DIRECTION('',(0.8149681286956484,0.5795057801353781,0));
#22977=DIRECTION('',(-0.5909954814448439,-0.8066748669146554,0));
#22978=STYLED_ITEM('',(#25),#22979);
#22979=FACE_SURFACE('',(#22984),#22980,.T.);
#22980=PLANE('',#22981);
#22981=AXIS2_PLACEMENT_3D('',#10050,#22982,#22983);
#22982=DIRECTION('',(0,0,-1));
#22983=DIRECTION('',(1,0,0));
#22984=FACE_BOUND('',#22985,.T.);
#22985=EDGE_LOOP('',(#22986,#22987,#22988));
#22986=ORIENTED_EDGE('',*,*,#22989,.T.);
#22987=ORIENTED_EDGE('',*,*,#22990,.T.);
#22988=ORIENTED_EDGE('',*,*,#22991,.T.);
#22989=EDGE_CURVE('',#10051,#9943,#22992,.F.);
#22990=EDGE_CURVE('',#9943,#10047,#22993,.T.);
#22991=EDGE_CURVE('',#10047,#10051,#22994,.T.);
#22992=LINE('',#10050,#22995);
#22993=LINE('',#9942,#22996);
#22994=LINE('',#10046,#22997);
#22995=VECTOR('',#22998,1.0);
#22996=VECTOR('',#22999,1.0);
#22997=VECTOR('',#23000,1.0);
#22998=DIRECTION('',(1,0,0));
#22999=DIRECTION('',(-0.8149681286956484,-0.5795057801353781,0));
#23000=DIRECTION('',(-0.590995481444843,0.8066748669146562,0));
#23001=STYLED_ITEM('',(#25),#23002);
#23002=FACE_SURFACE('',(#23007),#23003,.T.);
#23003=PLANE('',#23004);
#23004=AXIS2_PLACEMENT_3D('',#9922,#23005,#23006);
#23005=DIRECTION('',(0,0.7071067811865437,0.7071067811865516));
#23006=DIRECTION('',(-1,0,0));
#23007=FACE_BOUND('',#23008,.T.);
#23008=EDGE_LOOP('',(#23009,#23010,#23011));
#23009=ORIENTED_EDGE('',*,*,#23012,.T.);
#23010=ORIENTED_EDGE('',*,*,#23013,.T.);
#23011=ORIENTED_EDGE('',*,*,#23014,.T.);
#23012=EDGE_CURVE('',#9923,#10409,#23015,.F.);
#23013=EDGE_CURVE('',#10409,#10303,#23016,.T.);
#23014=EDGE_CURVE('',#10303,#9923,#23017,.T.);
#23015=LINE('',#9922,#23018);
#23016=LINE('',#10408,#23019);
#23017=LINE('',#10302,#23020);
#23018=VECTOR('',#23021,1.0);
#23019=VECTOR('',#23022,1.0);
#23020=VECTOR('',#23023,1.0);
#23021=DIRECTION('',(-1,0,0));
#23022=DIRECTION('',(0.9045340337332919,-0.30151134457776396,0.30151134457776063));
#23023=DIRECTION('',(0.5773502691896235,0.57735026918963,-0.5773502691896235));
#23024=STYLED_ITEM('',(#25),#23025);
#23025=FACE_SURFACE('',(#23030),#23026,.T.);
#23026=PLANE('',#23027);
#23027=AXIS2_PLACEMENT_3D('',#10304,#23028,#23029);
#23028=DIRECTION('',(-0,0.7071067811865437,0.7071067811865515));
#23029=DIRECTION('',(1,0,0));
#23030=FACE_BOUND('',#23031,.T.);
#23031=EDGE_LOOP('',(#23032,#23033,#23034));
#23032=ORIENTED_EDGE('',*,*,#23035,.T.);
#23033=ORIENTED_EDGE('',*,*,#23036,.T.);
#23034=ORIENTED_EDGE('',*,*,#23037,.T.);
#23035=EDGE_CURVE('',#10305,#10303,#23038,.F.);
#23036=EDGE_CURVE('',#10303,#10409,#23039,.T.);
#23037=EDGE_CURVE('',#10409,#10305,#23040,.T.);
#23038=LINE('',#10304,#23041);
#23039=LINE('',#10302,#23042);
#23040=LINE('',#10408,#23043);
#23041=VECTOR('',#23044,1.0);
#23042=VECTOR('',#23045,1.0);
#23043=VECTOR('',#23046,1.0);
#23044=DIRECTION('',(1,0,0));
#23045=DIRECTION('',(-0.9045340337332919,0.30151134457776396,-0.30151134457776063));
#23046=DIRECTION('',(0.5773502691896278,-0.5773502691896278,0.5773502691896215));
#23047=STYLED_ITEM('',(#25),#23048);
#23048=FACE_SURFACE('',(#23053),#23049,.T.);
#23049=PLANE('',#23050);
#23050=AXIS2_PLACEMENT_3D('',#9864,#23051,#23052);
#23051=DIRECTION('',(0,0,-1));
#23052=DIRECTION('',(0.7071067811865475,0.7071067811865475,0));
#23053=FACE_BOUND('',#23054,.T.);
#23054=EDGE_LOOP('',(#23055,#23056,#23057));
#23055=ORIENTED_EDGE('',*,*,#23058,.T.);
#23056=ORIENTED_EDGE('',*,*,#23059,.T.);
#23057=ORIENTED_EDGE('',*,*,#23060,.T.);
#23058=EDGE_CURVE('',#9865,#9863,#23061,.F.);
#23059=EDGE_CURVE('',#9863,#9887,#23062,.T.);
#23060=EDGE_CURVE('',#9887,#9865,#23063,.T.);
#23061=LINE('',#9864,#23064);
#23062=LINE('',#9862,#23065);
#23063=LINE('',#9886,#23066);
#23064=VECTOR('',#23067,1.0);
#23065=VECTOR('',#23068,1.0);
#23066=VECTOR('',#23069,1.0);
#23067=DIRECTION('',(0.7071067811865475,0.7071067811865475,0));
#23068=DIRECTION('',(0.5909954814448439,-0.8066748669146554,0));
#23069=DIRECTION('',(-0.8066748669146567,0.5909954814448424,0));
#23070=STYLED_ITEM('',(#25),#23071);
#23071=FACE_SURFACE('',(#23076),#23072,.T.);
#23072=PLANE('',#23073);
#23073=AXIS2_PLACEMENT_3D('',#9924,#23074,#23075);
#23074=DIRECTION('',(0.7071067811865476,-0,0.7071067811865476));
#23075=DIRECTION('',(0,1,0));
#23076=FACE_BOUND('',#23077,.T.);
#23077=EDGE_LOOP('',(#23078,#23079,#23080));
#23078=ORIENTED_EDGE('',*,*,#23081,.T.);
#23079=ORIENTED_EDGE('',*,*,#23082,.T.);
#23080=ORIENTED_EDGE('',*,*,#23083,.T.);
#23081=EDGE_CURVE('',#9925,#9923,#23084,.F.);
#23082=EDGE_CURVE('',#9923,#10301,#23085,.T.);
#23083=EDGE_CURVE('',#10301,#9925,#23086,.T.);
#23084=LINE('',#9924,#23087);
#23085=LINE('',#9922,#23088);
#23086=LINE('',#10300,#23089);
#23087=VECTOR('',#23090,1.0);
#23088=VECTOR('',#23091,1.0);
#23089=VECTOR('',#23092,1.0);
#23090=DIRECTION('',(0,1,0));
#23091=DIRECTION('',(-0.30151134457776085,-0.9045340337332927,0.30151134457776085));
#23092=DIRECTION('',(0.5773502691896235,-0.57735026918963,-0.5773502691896235));
#23093=STYLED_ITEM('',(#25),#23094);
#23094=FACE_SURFACE('',(#23099),#23095,.T.);
#23095=PLANE('',#23096);
#23096=AXIS2_PLACEMENT_3D('',#10302,#23097,#23098);
#23097=DIRECTION('',(0.7071067811865476,0,0.7071067811865476));
#23098=DIRECTION('',(0,-1,0));
#23099=FACE_BOUND('',#23100,.T.);
#23100=EDGE_LOOP('',(#23101,#23102,#23103));
#23101=ORIENTED_EDGE('',*,*,#23104,.T.);
#23102=ORIENTED_EDGE('',*,*,#23105,.T.);
#23103=ORIENTED_EDGE('',*,*,#23106,.T.);
#23104=EDGE_CURVE('',#10303,#10301,#23107,.F.);
#23105=EDGE_CURVE('',#10301,#9923,#23108,.T.);
#23106=EDGE_CURVE('',#9923,#10303,#23109,.T.);
#23107=LINE('',#10302,#23110);
#23108=LINE('',#10300,#23111);
#23109=LINE('',#9922,#23112);
#23110=VECTOR('',#23113,1.0);
#23111=VECTOR('',#23114,1.0);
#23112=VECTOR('',#23115,1.0);
#23113=DIRECTION('',(0,-1,0));
#23114=DIRECTION('',(0.30151134457776085,0.9045340337332927,-0.30151134457776085));
#23115=DIRECTION('',(-0.5773502691896235,-0.57735026918963,0.5773502691896235));
#23116=STYLED_ITEM('',(#25),#23117);
#23117=FACE_SURFACE('',(#23122),#23118,.T.);
#23118=PLANE('',#23119);
#23119=AXIS2_PLACEMENT_3D('',#10076,#23120,#23121);
#23120=DIRECTION('',(0,-0.7071067811865437,0.7071067811865516));
#23121=DIRECTION('',(1,0,0));
#23122=FACE_BOUND('',#23123,.T.);
#23123=EDGE_LOOP('',(#23124,#23125,#23126));
#23124=ORIENTED_EDGE('',*,*,#23127,.T.);
#23125=ORIENTED_EDGE('',*,*,#23128,.T.);
#23126=ORIENTED_EDGE('',*,*,#23129,.T.);
#23127=EDGE_CURVE('',#10077,#9925,#23130,.F.);
#23128=EDGE_CURVE('',#9925,#10299,#23131,.T.);
#23129=EDGE_CURVE('',#10299,#10077,#23132,.T.);
#23130=LINE('',#10076,#23133);
#23131=LINE('',#9924,#23134);
#23132=LINE('',#10298,#23135);
#23133=VECTOR('',#23136,1.0);
#23134=VECTOR('',#23137,1.0);
#23135=VECTOR('',#23138,1.0);
#23136=DIRECTION('',(1,0,0));
#23137=DIRECTION('',(-0.9045340337332912,0.30151134457776485,0.30151134457776146));
#23138=DIRECTION('',(-0.5773502691896278,-0.5773502691896278,-0.5773502691896215));
#23139=STYLED_ITEM('',(#25),#23140);
#23140=FACE_SURFACE('',(#23145),#23141,.T.);
#23141=PLANE('',#23142);
#23142=AXIS2_PLACEMENT_3D('',#10300,#23143,#23144);
#23143=DIRECTION('',(0,-0.7071067811865437,0.7071067811865515));
#23144=DIRECTION('',(-1,0,0));
#23145=FACE_BOUND('',#23146,.T.);
#23146=EDGE_LOOP('',(#23147,#23148,#23149));
#23147=ORIENTED_EDGE('',*,*,#23150,.T.);
#23148=ORIENTED_EDGE('',*,*,#23151,.T.);
#23149=ORIENTED_EDGE('',*,*,#23152,.T.);
#23150=EDGE_CURVE('',#10301,#10299,#23153,.F.);
#23151=EDGE_CURVE('',#10299,#9925,#23154,.T.);
#23152=EDGE_CURVE('',#9925,#10301,#23155,.T.);
#23153=LINE('',#10300,#23156);
#23154=LINE('',#10298,#23157);
#23155=LINE('',#9924,#23158);
#23156=VECTOR('',#23159,1.0);
#23157=VECTOR('',#23160,1.0);
#23158=VECTOR('',#23161,1.0);
#23159=DIRECTION('',(-1,0,0));
#23160=DIRECTION('',(0.9045340337332912,-0.30151134457776485,-0.30151134457776146));
#23161=DIRECTION('',(-0.5773502691896235,0.57735026918963,0.5773502691896235));
#23162=STYLED_ITEM('',(#25),#23163);
#23163=FACE_SURFACE('',(#23168),#23164,.T.);
#23164=PLANE('',#23165);
#23165=AXIS2_PLACEMENT_3D('',#10410,#23166,#23167);
#23166=DIRECTION('',(1,0,0));
#23167=DIRECTION('',(0,-1,0));
#23168=FACE_BOUND('',#23169,.T.);
#23169=EDGE_LOOP('',(#23170,#23171,#23172));
#23170=ORIENTED_EDGE('',*,*,#23173,.T.);
#23171=ORIENTED_EDGE('',*,*,#23174,.T.);
#23172=ORIENTED_EDGE('',*,*,#23175,.T.);
#23173=EDGE_CURVE('',#10411,#10413,#23176,.F.);
#23174=EDGE_CURVE('',#10413,#10189,#23177,.T.);
#23175=EDGE_CURVE('',#10189,#10411,#23178,.T.);
#23176=LINE('',#10410,#23179);
#23177=LINE('',#10412,#23180);
#23178=LINE('',#10188,#23181);
#23179=VECTOR('',#23182,1.0);
#23180=VECTOR('',#23183,1.0);
#23181=VECTOR('',#23184,1.0);
#23182=DIRECTION('',(0,-1,0));
#23183=DIRECTION('',(0,0,-1));
#23184=DIRECTION('',(0,0.21983912974654354,0.9755361382502866));
#23185=STYLED_ITEM('',(#25),#23186);
#23186=FACE_SURFACE('',(#23191),#23187,.T.);
#23187=PLANE('',#23188);
#23188=AXIS2_PLACEMENT_3D('',#10410,#23189,#23190);
#23189=DIRECTION('',(1,0,0));
#23190=DIRECTION('',(0,-0.21983912974654354,-0.9755361382502866));
#23191=FACE_BOUND('',#23192,.T.);
#23192=EDGE_LOOP('',(#23193,#23194,#23195));
#23193=ORIENTED_EDGE('',*,*,#23196,.T.);
#23194=ORIENTED_EDGE('',*,*,#23197,.T.);
#23195=ORIENTED_EDGE('',*,*,#23198,.T.);
#23196=EDGE_CURVE('',#10411,#10189,#23199,.F.);
#23197=EDGE_CURVE('',#10189,#10035,#23200,.T.);
#23198=EDGE_CURVE('',#10035,#10411,#23201,.T.);
#23199=LINE('',#10410,#23202);
#23200=LINE('',#10188,#23203);
#23201=LINE('',#10034,#23204);
#23202=VECTOR('',#23205,1.0);
#23203=VECTOR('',#23206,1.0);
#23204=VECTOR('',#23207,1.0);
#23205=DIRECTION('',(0,-0.21983912974654354,-0.9755361382502866));
#23206=DIRECTION('',(0,1,0));
#23207=DIRECTION('',(0,0,1));
#23208=STYLED_ITEM('',(#25),#23209);
#23209=FACE_SURFACE('',(#23214),#23210,.T.);
#23210=PLANE('',#23211);
#23211=AXIS2_PLACEMENT_3D('',#10066,#23212,#23213);
#23212=DIRECTION('',(0,-1,0));
#23213=DIRECTION('',(1,0,0));
#23214=FACE_BOUND('',#23215,.T.);
#23215=EDGE_LOOP('',(#23216,#23217,#23218));
#23216=ORIENTED_EDGE('',*,*,#23219,.T.);
#23217=ORIENTED_EDGE('',*,*,#23220,.T.);
#23218=ORIENTED_EDGE('',*,*,#23221,.T.);
#23219=EDGE_CURVE('',#10067,#10189,#23222,.F.);
#23220=EDGE_CURVE('',#10189,#10415,#23223,.T.);
#23221=EDGE_CURVE('',#10415,#10067,#23224,.T.);
#23222=LINE('',#10066,#23225);
#23223=LINE('',#10188,#23226);
#23224=LINE('',#10414,#23227);
#23225=VECTOR('',#23228,1.0);
#23226=VECTOR('',#23229,1.0);
#23227=VECTOR('',#23230,1.0);
#23228=DIRECTION('',(1,0,0));
#23229=DIRECTION('',(-0.21983912974654354,0,0.9755361382502866));
#23230=DIRECTION('',(0,0,-1));
#23231=STYLED_ITEM('',(#25),#23232);
#23232=FACE_SURFACE('',(#23237),#23233,.T.);
#23233=PLANE('',#23234);
#23234=AXIS2_PLACEMENT_3D('',#10412,#23235,#23236);
#23235=DIRECTION('',(-0,-1,-0));
#23236=DIRECTION('',(-1,0,0));
#23237=FACE_BOUND('',#23238,.T.);
#23238=EDGE_LOOP('',(#23239,#23240,#23241));
#23239=ORIENTED_EDGE('',*,*,#23242,.T.);
#23240=ORIENTED_EDGE('',*,*,#23243,.T.);
#23241=ORIENTED_EDGE('',*,*,#23244,.T.);
#23242=EDGE_CURVE('',#10413,#10415,#23245,.F.);
#23243=EDGE_CURVE('',#10415,#10189,#23246,.T.);
#23244=EDGE_CURVE('',#10189,#10413,#23247,.T.);
#23245=LINE('',#10412,#23248);
#23246=LINE('',#10414,#23249);
#23247=LINE('',#10188,#23250);
#23248=VECTOR('',#23251,1.0);
#23249=VECTOR('',#23252,1.0);
#23250=VECTOR('',#23253,1.0);
#23251=DIRECTION('',(-1,0,0));
#23252=DIRECTION('',(0.21983912974654354,0,-0.9755361382502866));
#23253=DIRECTION('',(0,0,1));
#23254=STYLED_ITEM('',(#25),#23255);
#23255=FACE_SURFACE('',(#23260),#23256,.T.);
#23256=PLANE('',#23257);
#23257=AXIS2_PLACEMENT_3D('',#10204,#23258,#23259);
#23258=DIRECTION('',(-1,-0,0));
#23259=DIRECTION('',(0,-0.21983912974654354,-0.9755361382502866));
#23260=FACE_BOUND('',#23261,.T.);
#23261=EDGE_LOOP('',(#23262,#23263,#23264));
#23262=ORIENTED_EDGE('',*,*,#23265,.T.);
#23263=ORIENTED_EDGE('',*,*,#23266,.T.);
#23264=ORIENTED_EDGE('',*,*,#23267,.T.);
#23265=EDGE_CURVE('',#10205,#10067,#23268,.F.);
#23266=EDGE_CURVE('',#10067,#10415,#23269,.T.);
#23267=EDGE_CURVE('',#10415,#10205,#23270,.T.);
#23268=LINE('',#10204,#23271);
#23269=LINE('',#10066,#23272);
#23270=LINE('',#10414,#23273);
#23271=VECTOR('',#23274,1.0);
#23272=VECTOR('',#23275,1.0);
#23273=VECTOR('',#23276,1.0);
#23274=DIRECTION('',(0,-0.21983912974654354,-0.9755361382502866));
#23275=DIRECTION('',(0,0,1));
#23276=DIRECTION('',(0,1,0));
#23277=STYLED_ITEM('',(#25),#23278);
#23278=FACE_SURFACE('',(#23283),#23279,.T.);
#23279=PLANE('',#23280);
#23280=AXIS2_PLACEMENT_3D('',#10320,#23281,#23282);
#23281=DIRECTION('',(0,0.7071067811865437,0.7071067811865515));
#23282=DIRECTION('',(0.5773502691896278,0.5773502691896278,-0.5773502691896215));
#23283=FACE_BOUND('',#23284,.T.);
#23284=EDGE_LOOP('',(#23285,#23286,#23287));
#23285=ORIENTED_EDGE('',*,*,#23288,.T.);
#23286=ORIENTED_EDGE('',*,*,#23289,.T.);
#23287=ORIENTED_EDGE('',*,*,#23290,.T.);
#23288=EDGE_CURVE('',#10321,#10411,#23291,.F.);
#23289=EDGE_CURVE('',#10411,#10205,#23292,.T.);
#23290=EDGE_CURVE('',#10205,#10321,#23293,.T.);
#23291=LINE('',#10320,#23294);
#23292=LINE('',#10410,#23295);
#23293=LINE('',#10204,#23296);
#23294=VECTOR('',#23297,1.0);
#23295=VECTOR('',#23298,1.0);
#23296=VECTOR('',#23299,1.0);
#23297=DIRECTION('',(0.5773502691896278,0.5773502691896278,-0.5773502691896215));
#23298=DIRECTION('',(-1,0,0));
#23299=DIRECTION('',(0.9045340337332919,-0.30151134457776396,0.30151134457776063));
#23300=STYLED_ITEM('',(#25),#23301);
#23301=FACE_SURFACE('',(#23306),#23302,.T.);
#23302=PLANE('',#23303);
#23303=AXIS2_PLACEMENT_3D('',#10320,#23304,#23305);
#23304=DIRECTION('',(0,0.7071067811865437,0.7071067811865515));
#23305=DIRECTION('',(-0.9045340337332919,0.30151134457776396,-0.30151134457776063));
#23306=FACE_BOUND('',#23307,.T.);
#23307=EDGE_LOOP('',(#23308,#23309,#23310));
#23308=ORIENTED_EDGE('',*,*,#23311,.T.);
#23309=ORIENTED_EDGE('',*,*,#23312,.T.);
#23310=ORIENTED_EDGE('',*,*,#23313,.T.);
#23311=EDGE_CURVE('',#10321,#10205,#23314,.F.);
#23312=EDGE_CURVE('',#10205,#10315,#23315,.T.);
#23313=EDGE_CURVE('',#10315,#10321,#23316,.T.);
#23314=LINE('',#10320,#23317);
#23315=LINE('',#10204,#23318);
#23316=LINE('',#10314,#23319);
#23317=VECTOR('',#23320,1.0);
#23318=VECTOR('',#23321,1.0);
#23319=VECTOR('',#23322,1.0);
#23320=DIRECTION('',(-0.9045340337332919,0.30151134457776396,-0.30151134457776063));
#23321=DIRECTION('',(0.5773502691896278,-0.5773502691896278,0.5773502691896215));
#23322=DIRECTION('',(1,0,0));
#23323=STYLED_ITEM('',(#25),#23324);
#23324=FACE_SURFACE('',(#23329),#23325,.T.);
#23325=PLANE('',#23326);
#23326=AXIS2_PLACEMENT_3D('',#10320,#23327,#23328);
#23327=DIRECTION('',(0.7071067811865437,0,0.7071067811865515));
#23328=DIRECTION('',(0,-1,0));
#23329=FACE_BOUND('',#23330,.T.);
#23330=EDGE_LOOP('',(#23331,#23332,#23333));
#23331=ORIENTED_EDGE('',*,*,#23334,.T.);
#23332=ORIENTED_EDGE('',*,*,#23335,.T.);
#23333=ORIENTED_EDGE('',*,*,#23336,.T.);
#23334=EDGE_CURVE('',#10321,#10319,#23337,.F.);
#23335=EDGE_CURVE('',#10319,#10413,#23338,.T.);
#23336=EDGE_CURVE('',#10413,#10321,#23339,.T.);
#23337=LINE('',#10320,#23340);
#23338=LINE('',#10318,#23341);
#23339=LINE('',#10412,#23342);
#23340=VECTOR('',#23343,1.0);
#23341=VECTOR('',#23344,1.0);
#23342=VECTOR('',#23345,1.0);
#23343=DIRECTION('',(0,-1,0));
#23344=DIRECTION('',(0.5773502691896278,-0.5773502691896278,-0.5773502691896215));
#23345=DIRECTION('',(-0.30151134457776396,0.9045340337332919,0.30151134457776063));
#23346=STYLED_ITEM('',(#25),#23347);
#23347=FACE_SURFACE('',(#23352),#23348,.T.);
#23348=PLANE('',#23349);
#23349=AXIS2_PLACEMENT_3D('',#10320,#23350,#23351);
#23350=DIRECTION('',(0.7071067811865437,0,0.7071067811865515));
#23351=DIRECTION('',(0.30151134457776396,-0.9045340337332919,-0.30151134457776063));
#23352=FACE_BOUND('',#23353,.T.);
#23353=EDGE_LOOP('',(#23354,#23355,#23356));
#23354=ORIENTED_EDGE('',*,*,#23357,.T.);
#23355=ORIENTED_EDGE('',*,*,#23358,.T.);
#23356=ORIENTED_EDGE('',*,*,#23359,.T.);
#23357=EDGE_CURVE('',#10321,#10413,#23360,.F.);
#23358=EDGE_CURVE('',#10413,#10411,#23361,.T.);
#23359=EDGE_CURVE('',#10411,#10321,#23362,.T.);
#23360=LINE('',#10320,#23363);
#23361=LINE('',#10412,#23364);
#23362=LINE('',#10410,#23365);
#23363=VECTOR('',#23366,1.0);
#23364=VECTOR('',#23367,1.0);
#23365=VECTOR('',#23368,1.0);
#23366=DIRECTION('',(0.30151134457776396,-0.9045340337332919,-0.30151134457776063));
#23367=DIRECTION('',(0,1,0));
#23368=DIRECTION('',(-0.5773502691896278,-0.5773502691896278,0.5773502691896215));
#23369=STYLED_ITEM('',(#25),#23370);
#23370=FACE_SURFACE('',(#23375),#23371,.T.);
#23371=PLANE('',#23372);
#23372=AXIS2_PLACEMENT_3D('',#10318,#23373,#23374);
#23373=DIRECTION('',(0,-0.7071067811865437,0.7071067811865515));
#23374=DIRECTION('',(-1,0,0));
#23375=FACE_BOUND('',#23376,.T.);
#23376=EDGE_LOOP('',(#23377,#23378,#23379));
#23377=ORIENTED_EDGE('',*,*,#23380,.T.);
#23378=ORIENTED_EDGE('',*,*,#23381,.T.);
#23379=ORIENTED_EDGE('',*,*,#23382,.T.);
#23380=EDGE_CURVE('',#10319,#10317,#23383,.F.);
#23381=EDGE_CURVE('',#10317,#10415,#23384,.T.);
#23382=EDGE_CURVE('',#10415,#10319,#23385,.T.);
#23383=LINE('',#10318,#23386);
#23384=LINE('',#10316,#23387);
#23385=LINE('',#10414,#23388);
#23386=VECTOR('',#23389,1.0);
#23387=VECTOR('',#23390,1.0);
#23388=VECTOR('',#23391,1.0);
#23389=DIRECTION('',(-1,0,0));
#23390=DIRECTION('',(-0.5773502691896278,-0.5773502691896278,-0.5773502691896215));
#23391=DIRECTION('',(0.9045340337332919,0.30151134457776396,0.30151134457776063));
#23392=STYLED_ITEM('',(#25),#23393);
#23393=FACE_SURFACE('',(#23398),#23394,.T.);
#23394=PLANE('',#23395);
#23395=AXIS2_PLACEMENT_3D('',#10318,#23396,#23397);
#23396=DIRECTION('',(0,-0.7071067811865437,0.7071067811865515));
#23397=DIRECTION('',(-0.9045340337332919,-0.30151134457776396,-0.30151134457776063));
#23398=FACE_BOUND('',#23399,.T.);
#23399=EDGE_LOOP('',(#23400,#23401,#23402));
#23400=ORIENTED_EDGE('',*,*,#23403,.T.);
#23401=ORIENTED_EDGE('',*,*,#23404,.T.);
#23402=ORIENTED_EDGE('',*,*,#23405,.T.);
#23403=EDGE_CURVE('',#10319,#10415,#23406,.F.);
#23404=EDGE_CURVE('',#10415,#10413,#23407,.T.);
#23405=EDGE_CURVE('',#10413,#10319,#23408,.T.);
#23406=LINE('',#10318,#23409);
#23407=LINE('',#10414,#23410);
#23408=LINE('',#10412,#23411);
#23409=VECTOR('',#23412,1.0);
#23410=VECTOR('',#23413,1.0);
#23411=VECTOR('',#23414,1.0);
#23412=DIRECTION('',(-0.9045340337332919,-0.30151134457776396,-0.30151134457776063));
#23413=DIRECTION('',(1,0,0));
#23414=DIRECTION('',(-0.5773502691896278,0.5773502691896278,0.5773502691896215));
#23415=STYLED_ITEM('',(#25),#23416);
#23416=FACE_SURFACE('',(#23421),#23417,.T.);
#23417=PLANE('',#23418);
#23418=AXIS2_PLACEMENT_3D('',#10204,#23419,#23420);
#23419=DIRECTION('',(-0.7071067811865437,0,0.7071067811865515));
#23420=DIRECTION('',(0,-1,0));
#23421=FACE_BOUND('',#23422,.T.);
#23422=EDGE_LOOP('',(#23423,#23424,#23425));
#23423=ORIENTED_EDGE('',*,*,#23426,.T.);
#23424=ORIENTED_EDGE('',*,*,#23427,.T.);
#23425=ORIENTED_EDGE('',*,*,#23428,.T.);
#23426=EDGE_CURVE('',#10205,#10415,#23429,.F.);
#23427=EDGE_CURVE('',#10415,#10317,#23430,.T.);
#23428=EDGE_CURVE('',#10317,#10205,#23431,.T.);
#23429=LINE('',#10204,#23432);
#23430=LINE('',#10414,#23433);
#23431=LINE('',#10316,#23434);
#23432=VECTOR('',#23435,1.0);
#23433=VECTOR('',#23436,1.0);
#23434=VECTOR('',#23437,1.0);
#23435=DIRECTION('',(0,-1,0));
#23436=DIRECTION('',(0.5773502691896278,0.5773502691896278,0.5773502691896215));
#23437=DIRECTION('',(-0.30151134457776396,0.9045340337332919,-0.30151134457776063));
#23438=STYLED_ITEM('',(#25),#23439);
#23439=FACE_SURFACE('',(#23444),#23440,.T.);
#23440=PLANE('',#23441);
#23441=AXIS2_PLACEMENT_3D('',#10204,#23442,#23443);
#23442=DIRECTION('',(-0.7071067811865437,0,0.7071067811865515));
#23443=DIRECTION('',(0.30151134457776396,-0.9045340337332919,0.30151134457776063));
#23444=FACE_BOUND('',#23445,.T.);
#23445=EDGE_LOOP('',(#23446,#23447,#23448));
#23446=ORIENTED_EDGE('',*,*,#23449,.T.);
#23447=ORIENTED_EDGE('',*,*,#23450,.T.);
#23448=ORIENTED_EDGE('',*,*,#23451,.T.);
#23449=EDGE_CURVE('',#10205,#10317,#23452,.F.);
#23450=EDGE_CURVE('',#10317,#10315,#23453,.T.);
#23451=EDGE_CURVE('',#10315,#10205,#23454,.T.);
#23452=LINE('',#10204,#23455);
#23453=LINE('',#10316,#23456);
#23454=LINE('',#10314,#23457);
#23455=VECTOR('',#23458,1.0);
#23456=VECTOR('',#23459,1.0);
#23457=VECTOR('',#23460,1.0);
#23458=DIRECTION('',(0.30151134457776396,-0.9045340337332919,0.30151134457776063));
#23459=DIRECTION('',(0,1,0));
#23460=DIRECTION('',(-0.5773502691896278,0.5773502691896278,-0.5773502691896215));
#23461=STYLED_ITEM('',(#25),#23462);
#23462=FACE_SURFACE('',(#23467),#23463,.T.);
#23463=PLANE('',#23464);
#23464=AXIS2_PLACEMENT_3D('',#10248,#23465,#23466);
#23465=DIRECTION('',(0,1,0));
#23466=DIRECTION('',(0,0,-1));
#23467=FACE_BOUND('',#23468,.T.);
#23468=EDGE_LOOP('',(#23469,#23470,#23471));
#23469=ORIENTED_EDGE('',*,*,#23472,.T.);
#23470=ORIENTED_EDGE('',*,*,#23473,.T.);
#23471=ORIENTED_EDGE('',*,*,#23474,.T.);
#23472=EDGE_CURVE('',#10249,#10417,#23475,.F.);
#23473=EDGE_CURVE('',#10417,#10209,#23476,.T.);
#23474=EDGE_CURVE('',#10209,#10249,#23477,.T.);
#23475=LINE('',#10248,#23478);
#23476=LINE('',#10416,#23479);
#23477=LINE('',#10208,#23480);
#23478=VECTOR('',#23481,1.0);
#23479=VECTOR('',#23482,1.0);
#23480=VECTOR('',#23483,1.0);
#23481=DIRECTION('',(0,0,-1));
#23482=DIRECTION('',(-1,0,0));
#23483=DIRECTION('',(0.10893684089886697,0,0.9940486732021603));
#23484=STYLED_ITEM('',(#25),#23485);
#23485=FACE_SURFACE('',(#23490),#23486,.T.);
#23486=PLANE('',#23487);
#23487=AXIS2_PLACEMENT_3D('',#10248,#23488,#23489);
#23488=DIRECTION('',(0,1,0));
#23489=DIRECTION('',(-0.10893684089886697,0,-0.9940486732021603));
#23490=FACE_BOUND('',#23491,.T.);
#23491=EDGE_LOOP('',(#23492,#23493,#23494));
#23492=ORIENTED_EDGE('',*,*,#23495,.T.);
#23493=ORIENTED_EDGE('',*,*,#23496,.T.);
#23494=ORIENTED_EDGE('',*,*,#23497,.T.);
#23495=EDGE_CURVE('',#10249,#10209,#23498,.F.);
#23496=EDGE_CURVE('',#10209,#10207,#23499,.T.);
#23497=EDGE_CURVE('',#10207,#10249,#23500,.T.);
#23498=LINE('',#10248,#23501);
#23499=LINE('',#10208,#23502);
#23500=LINE('',#10206,#23503);
#23501=VECTOR('',#23504,1.0);
#23502=VECTOR('',#23505,1.0);
#23503=VECTOR('',#23506,1.0);
#23504=DIRECTION('',(-0.10893684089886697,0,-0.9940486732021603));
#23505=DIRECTION('',(0,0,1));
#23506=DIRECTION('',(1,0,0));
#23507=STYLED_ITEM('',(#25),#23508);
#23508=FACE_SURFACE('',(#23513),#23509,.T.);
#23509=PLANE('',#23510);
#23510=AXIS2_PLACEMENT_3D('',#10418,#23511,#23512);
#23511=DIRECTION('',(1,0,0));
#23512=DIRECTION('',(0,1,0));
#23513=FACE_BOUND('',#23514,.T.);
#23514=EDGE_LOOP('',(#23515,#23516,#23517));
#23515=ORIENTED_EDGE('',*,*,#23518,.T.);
#23516=ORIENTED_EDGE('',*,*,#23519,.T.);
#23517=ORIENTED_EDGE('',*,*,#23520,.T.);
#23518=EDGE_CURVE('',#10419,#10417,#23521,.F.);
#23519=EDGE_CURVE('',#10417,#10293,#23522,.T.);
#23520=EDGE_CURVE('',#10293,#10419,#23523,.T.);
#23521=LINE('',#10418,#23524);
#23522=LINE('',#10416,#23525);
#23523=LINE('',#10292,#23526);
#23524=VECTOR('',#23527,1.0);
#23525=VECTOR('',#23528,1.0);
#23526=VECTOR('',#23529,1.0);
#23527=DIRECTION('',(0,1,0));
#23528=DIRECTION('',(0,-0.10893684089886697,0.9940486732021603));
#23529=DIRECTION('',(0,0,-1));
#23530=STYLED_ITEM('',(#25),#23531);
#23531=FACE_SURFACE('',(#23536),#23532,.T.);
#23532=PLANE('',#23533);
#23533=AXIS2_PLACEMENT_3D('',#10248,#23534,#23535);
#23534=DIRECTION('',(1,0,0));
#23535=DIRECTION('',(0,-1,0));
#23536=FACE_BOUND('',#23537,.T.);
#23537=EDGE_LOOP('',(#23538,#23539,#23540));
#23538=ORIENTED_EDGE('',*,*,#23541,.T.);
#23539=ORIENTED_EDGE('',*,*,#23542,.T.);
#23540=ORIENTED_EDGE('',*,*,#23543,.T.);
#23541=EDGE_CURVE('',#10249,#10293,#23544,.F.);
#23542=EDGE_CURVE('',#10293,#10417,#23545,.T.);
#23543=EDGE_CURVE('',#10417,#10249,#23546,.T.);
#23544=LINE('',#10248,#23547);
#23545=LINE('',#10292,#23548);
#23546=LINE('',#10416,#23549);
#23547=VECTOR('',#23550,1.0);
#23548=VECTOR('',#23551,1.0);
#23549=VECTOR('',#23552,1.0);
#23550=DIRECTION('',(0,-1,0));
#23551=DIRECTION('',(0,0.10893684089886697,-0.9940486732021603));
#23552=DIRECTION('',(0,0,1));
#23553=STYLED_ITEM('',(#25),#23554);
#23554=FACE_SURFACE('',(#23559),#23555,.T.);
#23555=PLANE('',#23556);
#23556=AXIS2_PLACEMENT_3D('',#10292,#23557,#23558);
#23557=DIRECTION('',(0,-1,-0));
#23558=DIRECTION('',(-0.10893684089886697,0,-0.9940486732021603));
#23559=FACE_BOUND('',#23560,.T.);
#23560=EDGE_LOOP('',(#23561,#23562,#23563));
#23561=ORIENTED_EDGE('',*,*,#23564,.T.);
#23562=ORIENTED_EDGE('',*,*,#23565,.T.);
#23563=ORIENTED_EDGE('',*,*,#23566,.T.);
#23564=EDGE_CURVE('',#10293,#10211,#23567,.F.);
#23565=EDGE_CURVE('',#10211,#10419,#23568,.T.);
#23566=EDGE_CURVE('',#10419,#10293,#23569,.T.);
#23567=LINE('',#10292,#23570);
#23568=LINE('',#10210,#23571);
#23569=LINE('',#10418,#23572);
#23570=VECTOR('',#23573,1.0);
#23571=VECTOR('',#23574,1.0);
#23572=VECTOR('',#23575,1.0);
#23573=DIRECTION('',(-0.10893684089886697,0,-0.9940486732021603));
#23574=DIRECTION('',(1,0,0));
#23575=DIRECTION('',(0,0,1));
#23576=STYLED_ITEM('',(#25),#23577);
#23577=FACE_SURFACE('',(#23582),#23578,.T.);
#23578=PLANE('',#23579);
#23579=AXIS2_PLACEMENT_3D('',#10310,#23580,#23581);
#23580=DIRECTION('',(0,0.7071067811865472,-0.7071067811865478));
#23581=DIRECTION('',(-0.577350269189626,0.577350269189626,0.5773502691896254));
#23582=FACE_BOUND('',#23583,.T.);
#23583=EDGE_LOOP('',(#23584,#23585,#23586));
#23584=ORIENTED_EDGE('',*,*,#23587,.T.);
#23585=ORIENTED_EDGE('',*,*,#23588,.T.);
#23586=ORIENTED_EDGE('',*,*,#23589,.T.);
#23587=EDGE_CURVE('',#10311,#10209,#23590,.F.);
#23588=EDGE_CURVE('',#10209,#10417,#23591,.T.);
#23589=EDGE_CURVE('',#10417,#10311,#23592,.T.);
#23590=LINE('',#10310,#23593);
#23591=LINE('',#10208,#23594);
#23592=LINE('',#10416,#23595);
#23593=VECTOR('',#23596,1.0);
#23594=VECTOR('',#23597,1.0);
#23595=VECTOR('',#23598,1.0);
#23596=DIRECTION('',(-0.577350269189626,0.577350269189626,0.5773502691896254));
#23597=DIRECTION('',(1,0,0));
#23598=DIRECTION('',(-0.9045340337332909,-0.30151134457776363,-0.30151134457776335));
#23599=STYLED_ITEM('',(#25),#23600);
#23600=FACE_SURFACE('',(#23605),#23601,.T.);
#23601=PLANE('',#23602);
#23602=AXIS2_PLACEMENT_3D('',#10310,#23603,#23604);
#23603=DIRECTION('',(0,0.7071067811865471,-0.7071067811865478));
#23604=DIRECTION('',(0.9045340337332909,0.30151134457776363,0.30151134457776335));
#23605=FACE_BOUND('',#23606,.T.);
#23606=EDGE_LOOP('',(#23607,#23608,#23609));
#23607=ORIENTED_EDGE('',*,*,#23610,.T.);
#23608=ORIENTED_EDGE('',*,*,#23611,.T.);
#23609=ORIENTED_EDGE('',*,*,#23612,.T.);
#23610=EDGE_CURVE('',#10311,#10417,#23613,.F.);
#23611=EDGE_CURVE('',#10417,#10313,#23614,.T.);
#23612=EDGE_CURVE('',#10313,#10311,#23615,.T.);
#23613=LINE('',#10310,#23616);
#23614=LINE('',#10416,#23617);
#23615=LINE('',#10312,#23618);
#23616=VECTOR('',#23619,1.0);
#23617=VECTOR('',#23620,1.0);
#23618=VECTOR('',#23621,1.0);
#23619=DIRECTION('',(0.9045340337332909,0.30151134457776363,0.30151134457776335));
#23620=DIRECTION('',(-0.577350269189626,-0.577350269189626,-0.5773502691896254));
#23621=DIRECTION('',(-1,0,0));
#23622=STYLED_ITEM('',(#25),#23623);
#23623=FACE_SURFACE('',(#23628),#23624,.T.);
#23624=PLANE('',#23625);
#23625=AXIS2_PLACEMENT_3D('',#10416,#23626,#23627);
#23626=DIRECTION('',(0.7071067811865471,0,-0.7071067811865478));
#23627=DIRECTION('',(0,-1,0));
#23628=FACE_BOUND('',#23629,.T.);
#23629=EDGE_LOOP('',(#23630,#23631,#23632));
#23630=ORIENTED_EDGE('',*,*,#23633,.T.);
#23631=ORIENTED_EDGE('',*,*,#23634,.T.);
#23632=ORIENTED_EDGE('',*,*,#23635,.T.);
#23633=EDGE_CURVE('',#10417,#10419,#23636,.F.);
#23634=EDGE_CURVE('',#10419,#10307,#23637,.T.);
#23635=EDGE_CURVE('',#10307,#10417,#23638,.T.);
#23636=LINE('',#10416,#23639);
#23637=LINE('',#10418,#23640);
#23638=LINE('',#10306,#23641);
#23639=VECTOR('',#23642,1.0);
#23640=VECTOR('',#23643,1.0);
#23641=VECTOR('',#23644,1.0);
#23642=DIRECTION('',(0,-1,0));
#23643=DIRECTION('',(-0.577350269189626,0.577350269189626,-0.5773502691896254));
#23644=DIRECTION('',(0.30151134457776363,0.9045340337332909,0.30151134457776335));
#23645=STYLED_ITEM('',(#25),#23646);
#23646=FACE_SURFACE('',(#23651),#23647,.T.);
#23647=PLANE('',#23648);
#23648=AXIS2_PLACEMENT_3D('',#10416,#23649,#23650);
#23649=DIRECTION('',(0.7071067811865472,0,-0.7071067811865478));
#23650=DIRECTION('',(-0.30151134457776363,-0.9045340337332909,-0.30151134457776335));
#23651=FACE_BOUND('',#23652,.T.);
#23652=EDGE_LOOP('',(#23653,#23654,#23655));
#23653=ORIENTED_EDGE('',*,*,#23656,.T.);
#23654=ORIENTED_EDGE('',*,*,#23657,.T.);
#23655=ORIENTED_EDGE('',*,*,#23658,.T.);
#23656=EDGE_CURVE('',#10417,#10307,#23659,.F.);
#23657=EDGE_CURVE('',#10307,#10313,#23660,.T.);
#23658=EDGE_CURVE('',#10313,#10417,#23661,.T.);
#23659=LINE('',#10416,#23662);
#23660=LINE('',#10306,#23663);
#23661=LINE('',#10312,#23664);
#23662=VECTOR('',#23665,1.0);
#23663=VECTOR('',#23666,1.0);
#23664=VECTOR('',#23667,1.0);
#23665=DIRECTION('',(-0.30151134457776363,-0.9045340337332909,-0.30151134457776335));
#23666=DIRECTION('',(0,1,0));
#23667=DIRECTION('',(0.577350269189626,0.577350269189626,0.5773502691896254));
#23668=STYLED_ITEM('',(#25),#23669);
#23669=FACE_SURFACE('',(#23674),#23670,.T.);
#23670=PLANE('',#23671);
#23671=AXIS2_PLACEMENT_3D('',#10418,#23672,#23673);
#23672=DIRECTION('',(-0,-0.7071067811865471,-0.7071067811865478));
#23673=DIRECTION('',(-1,0,0));
#23674=FACE_BOUND('',#23675,.T.);
#23675=EDGE_LOOP('',(#23676,#23677,#23678));
#23676=ORIENTED_EDGE('',*,*,#23679,.T.);
#23677=ORIENTED_EDGE('',*,*,#23680,.T.);
#23678=ORIENTED_EDGE('',*,*,#23681,.T.);
#23679=EDGE_CURVE('',#10419,#10211,#23682,.F.);
#23680=EDGE_CURVE('',#10211,#10309,#23683,.T.);
#23681=EDGE_CURVE('',#10309,#10419,#23684,.T.);
#23682=LINE('',#10418,#23685);
#23683=LINE('',#10210,#23686);
#23684=LINE('',#10308,#23687);
#23685=VECTOR('',#23688,1.0);
#23686=VECTOR('',#23689,1.0);
#23687=VECTOR('',#23690,1.0);
#23688=DIRECTION('',(-1,0,0));
#23689=DIRECTION('',(0.577350269189626,0.577350269189626,-0.5773502691896254));
#23690=DIRECTION('',(0.9045340337332909,-0.30151134457776363,0.30151134457776335));
#23691=STYLED_ITEM('',(#25),#23692);
#23692=FACE_SURFACE('',(#23697),#23693,.T.);
#23693=PLANE('',#23694);
#23694=AXIS2_PLACEMENT_3D('',#10418,#23695,#23696);
#23695=DIRECTION('',(0,-0.7071067811865472,-0.7071067811865478));
#23696=DIRECTION('',(-0.9045340337332909,0.30151134457776363,-0.30151134457776335));
#23697=FACE_BOUND('',#23698,.T.);
#23698=EDGE_LOOP('',(#23699,#23700,#23701));
#23699=ORIENTED_EDGE('',*,*,#23702,.T.);
#23700=ORIENTED_EDGE('',*,*,#23703,.T.);
#23701=ORIENTED_EDGE('',*,*,#23704,.T.);
#23702=EDGE_CURVE('',#10419,#10309,#23705,.F.);
#23703=EDGE_CURVE('',#10309,#10307,#23706,.T.);
#23704=EDGE_CURVE('',#10307,#10419,#23707,.T.);
#23705=LINE('',#10418,#23708);
#23706=LINE('',#10308,#23709);
#23707=LINE('',#10306,#23710);
#23708=VECTOR('',#23711,1.0);
#23709=VECTOR('',#23712,1.0);
#23710=VECTOR('',#23713,1.0);
#23711=DIRECTION('',(-0.9045340337332909,0.30151134457776363,-0.30151134457776335));
#23712=DIRECTION('',(1,0,0));
#23713=DIRECTION('',(0.577350269189626,-0.577350269189626,0.5773502691896254));
#23714=STYLED_ITEM('',(#25),#23715);
#23715=FACE_SURFACE('',(#23720),#23716,.T.);
#23716=PLANE('',#23717);
#23717=AXIS2_PLACEMENT_3D('',#10210,#23718,#23719);
#23718=DIRECTION('',(-0.7071067811865471,0,-0.7071067811865478));
#23719=DIRECTION('',(0,1,0));
#23720=FACE_BOUND('',#23721,.T.);
#23721=EDGE_LOOP('',(#23722,#23723,#23724));
#23722=ORIENTED_EDGE('',*,*,#23725,.T.);
#23723=ORIENTED_EDGE('',*,*,#23726,.T.);
#23724=ORIENTED_EDGE('',*,*,#23727,.T.);
#23725=EDGE_CURVE('',#10211,#10209,#23728,.F.);
#23726=EDGE_CURVE('',#10209,#10311,#23729,.T.);
#23727=EDGE_CURVE('',#10311,#10211,#23730,.T.);
#23728=LINE('',#10210,#23731);
#23729=LINE('',#10208,#23732);
#23730=LINE('',#10310,#23733);
#23731=VECTOR('',#23734,1.0);
#23732=VECTOR('',#23735,1.0);
#23733=VECTOR('',#23736,1.0);
#23734=DIRECTION('',(0,1,0));
#23735=DIRECTION('',(0.577350269189626,-0.577350269189626,-0.5773502691896254));
#23736=DIRECTION('',(-0.30151134457776363,-0.9045340337332909,0.30151134457776335));
#23737=STYLED_ITEM('',(#25),#23738);
#23738=FACE_SURFACE('',(#23743),#23739,.T.);
#23739=PLANE('',#23740);
#23740=AXIS2_PLACEMENT_3D('',#10210,#23741,#23742);
#23741=DIRECTION('',(-0.7071067811865472,0,-0.7071067811865478));
#23742=DIRECTION('',(0.30151134457776363,0.9045340337332909,-0.30151134457776335));
#23743=FACE_BOUND('',#23744,.T.);
#23744=EDGE_LOOP('',(#23745,#23746,#23747));
#23745=ORIENTED_EDGE('',*,*,#23748,.T.);
#23746=ORIENTED_EDGE('',*,*,#23749,.T.);
#23747=ORIENTED_EDGE('',*,*,#23750,.T.);
#23748=EDGE_CURVE('',#10211,#10311,#23751,.F.);
#23749=EDGE_CURVE('',#10311,#10309,#23752,.T.);
#23750=EDGE_CURVE('',#10309,#10211,#23753,.T.);
#23751=LINE('',#10210,#23754);
#23752=LINE('',#10310,#23755);
#23753=LINE('',#10308,#23756);
#23754=VECTOR('',#23757,1.0);
#23755=VECTOR('',#23758,1.0);
#23756=VECTOR('',#23759,1.0);
#23757=DIRECTION('',(0.30151134457776363,0.9045340337332909,-0.30151134457776335));
#23758=DIRECTION('',(0,-1,0));
#23759=DIRECTION('',(-0.577350269189626,-0.577350269189626,0.5773502691896254));
ENDSEC;
END-ISO-10303-21;
