ISO-10303-21;
HEADER;
FILE_DESCRIPTION((''),'2;1');
FILE_NAME('GY-91', '2026-03-08T16:33:10', (''), (''), 'ImageToStl.com STEP Converter','', '');
FILE_SCHEMA(('AUTOMOTIVE_DESIGN_CC2'));
ENDSEC;
DATA;
#1=PRODUCT_DEFINITION_CONTEXT('',#4,'design');
#2=APPLICATION_PROTOCOL_DEFINITION('INTERNATIONAL STANDARD','automotive_design',1994,#4);
#3=(GEOMETRIC_REPRESENTATION_CONTEXT(3)GLOBAL_UNCERTAINTY_ASSIGNED_CONTEXT((#5))GLOBAL_UNIT_ASSIGNED_CONTEXT((#6,#7,#8))REPRESENTATION_CONTEXT('NONE','WORKSPACE'));
#4=APPLICATION_CONTEXT(' ');
#5=UNCERTAINTY_MEASURE_WITH_UNIT(LENGTH_MEASURE(1.0E-006),#6,'','');
#6=(CONVERSION_BASED_UNIT('METRE',#10)LENGTH_UNIT()NAMED_UNIT(#11));
#7=(NAMED_UNIT(#12)PLANE_ANGLE_UNIT()SI_UNIT($,.RADIAN.));
#8=(NAMED_UNIT(#12)SOLID_ANGLE_UNIT()SI_UNIT($,.STERADIAN.));
#9=AXIS2_PLACEMENT_3D('',#14,#15,#16);
#10=LENGTH_MEASURE_WITH_UNIT(LENGTH_MEASURE(1.0),#17);
#11=DIMENSIONAL_EXPONENTS(1.0,0.0,0.0,0.0,0.0,0.0,0.0);
#12=DIMENSIONAL_EXPONENTS(0.0,0.0,0.0,0.0,0.0,0.0,0.0);
#13=PRODUCT_CONTEXT('',#4,'mechanical');
#14=CARTESIAN_POINT('',(0.0,0.0,0.0));
#15=DIRECTION('',(0.0,0.0,1.0));
#16=DIRECTION('',(1.0,0.0,0.0));
#17=(NAMED_UNIT(#11)LENGTH_UNIT()SI_UNIT(.MILLI.,.METRE.));
#18=PRESENTATION_STYLE_ASSIGNMENT((#19));
#19=SURFACE_STYLE_USAGE(.BOTH.,#20);
#20=SURFACE_SIDE_STYLE('',(#21));
#21=SURFACE_STYLE_FILL_AREA(#22);
#22=FILL_AREA_STYLE('',(#23));
#23=FILL_AREA_STYLE_COLOUR('',#24);
#24=COLOUR_RGB('',0.91373,0.11373,0.17647);
#25=SHAPE_DEFINITION_REPRESENTATION(#26,#27);
#26=PRODUCT_DEFINITION_SHAPE('productshape0','',#30);
#27=MANIFOLD_SURFACE_SHAPE_REPRESENTATION('',(#28,#9),#3);
#28=SHELL_BASED_SURFACE_MODEL('shell0',(#32));
#29=PRODUCT('product0','','',(#13));
#30=PRODUCT_DEFINITION('mesh0','',#31,#2);
#31=PRODUCT_DEFINITION_FORMATION_WITH_SPECIFIED_SOURCE('prodsource0','',#29,.NOT_KNOWN.);
#32=CLOSED_SHELL('',(#438,#461,#484,#507,#530,#553,#576,#599,#622,#645,#668,#691,#714,#737,#760,#783,#806,#829,#852,#875,#898,#921,#944,#967,#990,#1013,#1036,#1059,#1082,#1105,#1128,#1151,#1174,#1197,#1220,#1243,#1266,#1289,#1312,#1335,#1358,#1381,#1404,#1427,#1450,#1473,#1496,#1519,#1542,#1565,#1588,#1611,#1634,#1657,#1680,#1703,#1726,#1749,#1772,#1795,#1818,#1841,#1864,#1887,#1910,#1933,#1956,#1979,#2002,#2025,#2048,#2071,#2094,#2117,#2140,#2163,#2186,#2209,#2232,#2255,#2278,#2301,#2324,#2347,#2370,#2393,#2416,#2439,#2462,#2485,#2508,#2531,#2554,#2577,#2600,#2623,#2646,#2669,#2692,#2715,#2738,#2761,#2784,#2807,#2830,#2853,#2876,#2899,#2922,#2945,#2968,#2991,#3014,#3037,#3060,#3083,#3106,#3129,#3152,#3175,#3198,#3221,#3244,#3267,#3290,#3313,#3336,#3359,#3382,#3405,#3428,#3451,#3474,#3497,#3520,#3543,#3566,#3589,#3612,#3635,#3658,#3681,#3704,#3727,#3750,#3773,#3796,#3819,#3842,#3865,#3888,#3911,#3934,#3957,#3980,#4003,#4026,#4049,#4072,#4095,#4118,#4141,#4164,#4187,#4210,#4233,#4256,#4279,#4302,#4325,#4348,#4371,#4394,#4417,#4440,#4463,#4486,#4509,#4532,#4555,#4578,#4601,#4624,#4647,#4670,#4693,#4716,#4739,#4762,#4785,#4808,#4831,#4854,#4877,#4900,#4923,#4946,#4969,#4992,#5015,#5038,#5061,#5084,#5107,#5130,#5153,#5176,#5199,#5222,#5245,#5268,#5291,#5314,#5337,#5360,#5383,#5406,#5429,#5452,#5475,#5498,#5521,#5544,#5567,#5590,#5613,#5636,#5659,#5682,#5705,#5728,#5751,#5774,#5797,#5820,#5843,#5866,#5889,#5912,#5935,#5958,#5981,#6004,#6027,#6050,#6073,#6096,#6119,#6142,#6165,#6188,#6211,#6234,#6257,#6280,#6303,#6326,#6349,#6372,#6395,#6418,#6441,#6464,#6487,#6510,#6533,#6556,#6579,#6602,#6625,#6648,#6671,#6694,#6717,#6740,#6763,#6786,#6809,#6832,#6855,#6878,#6901,#6924,#6947,#6970,#6993,#7016,#7039,#7062,#7085,#7108,#7131,#7154,#7177,#7200,#7223,#7246,#7269,#7292,#7315,#7338,#7361,#7384,#7407,#7430,#7453,#7476,#7499,#7522,#7545,#7568,#7591,#7614,#7637,#7660,#7683,#7706,#7729,#7752,#7775,#7798,#7821,#7844,#7867,#7890,#7913,#7936,#7959,#7982,#8005,#8028,#8051,#8074,#8097,#8120,#8143,#8166,#8189,#8212,#8235,#8258,#8281,#8304,#8327,#8350,#8373,#8396,#8419,#8442,#8465,#8488,#8511,#8534,#8557,#8580,#8603,#8626,#8649,#8672,#8695,#8718,#8741,#8764,#8787,#8810,#8833,#8856,#8879,#8902,#8925,#8948,#8971,#8994,#9017,#9040,#9063,#9086,#9109,#9132,#9155,#9178,#9201,#9224,#9247,#9270,#9293,#9316,#9339,#9362,#9385,#9408,#9431,#9454,#9477,#9500,#9523,#9546,#9569,#9592,#9615,#9638,#9661,#9684,#9707,#9730,#9753,#9776,#9799));
#33=CARTESIAN_POINT('',(20,-14,10));
#34=VERTEX_POINT('',#33);
#35=CARTESIAN_POINT('',(20,0,0));
#36=VERTEX_POINT('',#35);
#37=CARTESIAN_POINT('',(20,0,10));
#38=VERTEX_POINT('',#37);
#39=CARTESIAN_POINT('',(20,-14,0));
#40=VERTEX_POINT('',#39);
#41=CARTESIAN_POINT('',(0,0,10));
#42=VERTEX_POINT('',#41);
#43=CARTESIAN_POINT('',(0,0,0));
#44=VERTEX_POINT('',#43);
#45=CARTESIAN_POINT('',(0,-14,0));
#46=VERTEX_POINT('',#45);
#47=CARTESIAN_POINT('',(0,-14,10));
#48=VERTEX_POINT('',#47);
#49=CARTESIAN_POINT('',(3.518,-1.066,10));
#50=VERTEX_POINT('',#49);
#51=CARTESIAN_POINT('',(5.003,0,10));
#52=VERTEX_POINT('',#51);
#53=CARTESIAN_POINT('',(3.261,-1.015,10));
#54=VERTEX_POINT('',#53);
#55=CARTESIAN_POINT('',(15.999,-4.734,10));
#56=VERTEX_POINT('',#55);
#57=CARTESIAN_POINT('',(16.234,-4.85,10));
#58=VERTEX_POINT('',#57);
#59=CARTESIAN_POINT('',(3.766,-1.15,10));
#60=VERTEX_POINT('',#59);
#61=CARTESIAN_POINT('',(4.001,-1.266,10));
#62=VERTEX_POINT('',#61);
#63=CARTESIAN_POINT('',(4.219,-1.411,10));
#64=VERTEX_POINT('',#63);
#65=CARTESIAN_POINT('',(4.416,-1.584,10));
#66=VERTEX_POINT('',#65);
#67=CARTESIAN_POINT('',(4.589,-1.781,10));
#68=VERTEX_POINT('',#67);
#69=CARTESIAN_POINT('',(4.985,-2.739,10));
#70=VERTEX_POINT('',#69);
#71=CARTESIAN_POINT('',(5.003,-3,10));
#72=VERTEX_POINT('',#71);
#73=CARTESIAN_POINT('',(15.015,-2.739,10));
#74=VERTEX_POINT('',#73);
#75=CARTESIAN_POINT('',(15.15,-3.766,10));
#76=VERTEX_POINT('',#75);
#77=CARTESIAN_POINT('',(15.066,-3.518,10));
#78=VERTEX_POINT('',#77);
#79=CARTESIAN_POINT('',(4.934,-3.518,10));
#80=VERTEX_POINT('',#79);
#81=CARTESIAN_POINT('',(4.985,-3.261,10));
#82=VERTEX_POINT('',#81);
#83=CARTESIAN_POINT('',(15.411,-4.219,10));
#84=VERTEX_POINT('',#83);
#85=CARTESIAN_POINT('',(15.266,-4.001,10));
#86=VERTEX_POINT('',#85);
#87=CARTESIAN_POINT('',(4.589,-4.219,10));
#88=VERTEX_POINT('',#87);
#89=CARTESIAN_POINT('',(4.734,-4.001,10));
#90=VERTEX_POINT('',#89);
#91=CARTESIAN_POINT('',(15.015,-3.261,10));
#92=VERTEX_POINT('',#91);
#93=CARTESIAN_POINT('',(14.998,-3,10));
#94=VERTEX_POINT('',#93);
#95=CARTESIAN_POINT('',(2.739,-1.015,10));
#96=VERTEX_POINT('',#95);
#97=CARTESIAN_POINT('',(3,-0.998,10));
#98=VERTEX_POINT('',#97);
#99=CARTESIAN_POINT('',(4.85,-3.766,10));
#100=VERTEX_POINT('',#99);
#101=CARTESIAN_POINT('',(4.416,-4.416,10));
#102=VERTEX_POINT('',#101);
#103=CARTESIAN_POINT('',(15.584,-4.416,10));
#104=VERTEX_POINT('',#103);
#105=CARTESIAN_POINT('',(15.066,-2.482,10));
#106=VERTEX_POINT('',#105);
#107=CARTESIAN_POINT('',(15.15,-2.234,10));
#108=VERTEX_POINT('',#107);
#109=CARTESIAN_POINT('',(15.584,-1.584,10));
#110=VERTEX_POINT('',#109);
#111=CARTESIAN_POINT('',(15.411,-1.781,10));
#112=VERTEX_POINT('',#111);
#113=CARTESIAN_POINT('',(15.999,-1.266,10));
#114=VERTEX_POINT('',#113);
#115=CARTESIAN_POINT('',(15.781,-1.411,10));
#116=VERTEX_POINT('',#115);
#117=CARTESIAN_POINT('',(15.266,-1.999,10));
#118=VERTEX_POINT('',#117);
#119=CARTESIAN_POINT('',(18.416,-4.416,10));
#120=VERTEX_POINT('',#119);
#121=CARTESIAN_POINT('',(18.589,-4.219,10));
#122=VERTEX_POINT('',#121);
#123=CARTESIAN_POINT('',(2.739,-4.985,10));
#124=VERTEX_POINT('',#123);
#125=CARTESIAN_POINT('',(3,-5.003,10));
#126=VERTEX_POINT('',#125);
#127=CARTESIAN_POINT('',(0.998,-3,10));
#128=VERTEX_POINT('',#127);
#129=CARTESIAN_POINT('',(1.015,-2.739,10));
#130=VERTEX_POINT('',#129);
#131=CARTESIAN_POINT('',(1.015,-3.261,10));
#132=VERTEX_POINT('',#131);
#133=CARTESIAN_POINT('',(15.999,-4.734,0));
#134=VERTEX_POINT('',#133);
#135=CARTESIAN_POINT('',(16.234,-4.85,0));
#136=VERTEX_POINT('',#135);
#137=CARTESIAN_POINT('',(4.219,-4.589,0));
#138=VERTEX_POINT('',#137);
#139=CARTESIAN_POINT('',(4.416,-4.416,0));
#140=VERTEX_POINT('',#139);
#141=CARTESIAN_POINT('',(15.266,-4.001,0));
#142=VERTEX_POINT('',#141);
#143=CARTESIAN_POINT('',(15.411,-4.219,0));
#144=VERTEX_POINT('',#143);
#145=CARTESIAN_POINT('',(15.584,-4.416,0));
#146=VERTEX_POINT('',#145);
#147=CARTESIAN_POINT('',(16.482,-4.934,0));
#148=VERTEX_POINT('',#147);
#149=CARTESIAN_POINT('',(16.739,-4.985,0));
#150=VERTEX_POINT('',#149);
#151=CARTESIAN_POINT('',(18.416,-4.416,0));
#152=VERTEX_POINT('',#151);
#153=CARTESIAN_POINT('',(18.589,-4.219,0));
#154=VERTEX_POINT('',#153);
#155=CARTESIAN_POINT('',(18.219,-4.589,0));
#156=VERTEX_POINT('',#155);
#157=CARTESIAN_POINT('',(18.001,-4.734,0));
#158=VERTEX_POINT('',#157);
#159=CARTESIAN_POINT('',(17.766,-4.85,0));
#160=VERTEX_POINT('',#159);
#161=CARTESIAN_POINT('',(17.518,-4.934,0));
#162=VERTEX_POINT('',#161);
#163=CARTESIAN_POINT('',(17.261,-4.985,0));
#164=VERTEX_POINT('',#163);
#165=CARTESIAN_POINT('',(4.734,-4.001,0));
#166=VERTEX_POINT('',#165);
#167=CARTESIAN_POINT('',(4.85,-3.766,0));
#168=VERTEX_POINT('',#167);
#169=CARTESIAN_POINT('',(15.15,-3.766,0));
#170=VERTEX_POINT('',#169);
#171=CARTESIAN_POINT('',(4.934,-3.518,0));
#172=VERTEX_POINT('',#171);
#173=CARTESIAN_POINT('',(4.985,-3.261,0));
#174=VERTEX_POINT('',#173);
#175=CARTESIAN_POINT('',(15.066,-3.518,0));
#176=VERTEX_POINT('',#175);
#177=CARTESIAN_POINT('',(18.219,-4.589,10));
#178=VERTEX_POINT('',#177);
#179=CARTESIAN_POINT('',(18.001,-4.734,10));
#180=VERTEX_POINT('',#179);
#181=CARTESIAN_POINT('',(17.766,-4.85,10));
#182=VERTEX_POINT('',#181);
#183=CARTESIAN_POINT('',(17.261,-4.985,10));
#184=VERTEX_POINT('',#183);
#185=CARTESIAN_POINT('',(17.518,-4.934,10));
#186=VERTEX_POINT('',#185);
#187=CARTESIAN_POINT('',(4.934,-2.482,10));
#188=VERTEX_POINT('',#187);
#189=CARTESIAN_POINT('',(4.85,-2.234,10));
#190=VERTEX_POINT('',#189);
#191=CARTESIAN_POINT('',(4.734,-1.999,10));
#192=VERTEX_POINT('',#191);
#193=CARTESIAN_POINT('',(16.234,-1.15,10));
#194=VERTEX_POINT('',#193);
#195=CARTESIAN_POINT('',(18.985,-2.739,10));
#196=VERTEX_POINT('',#195);
#197=CARTESIAN_POINT('',(18.934,-2.482,10));
#198=VERTEX_POINT('',#197);
#199=CARTESIAN_POINT('',(18.85,-2.234,10));
#200=VERTEX_POINT('',#199);
#201=CARTESIAN_POINT('',(19.003,-3,10));
#202=VERTEX_POINT('',#201);
#203=CARTESIAN_POINT('',(18.734,-4.001,10));
#204=VERTEX_POINT('',#203);
#205=CARTESIAN_POINT('',(18.85,-3.766,10));
#206=VERTEX_POINT('',#205);
#207=CARTESIAN_POINT('',(18.934,-3.518,10));
#208=VERTEX_POINT('',#207);
#209=CARTESIAN_POINT('',(16.739,-1.015,10));
#210=VERTEX_POINT('',#209);
#211=CARTESIAN_POINT('',(16.482,-1.066,10));
#212=VERTEX_POINT('',#211);
#213=CARTESIAN_POINT('',(17,-0.998,10));
#214=VERTEX_POINT('',#213);
#215=CARTESIAN_POINT('',(17.766,-1.15,10));
#216=VERTEX_POINT('',#215);
#217=CARTESIAN_POINT('',(17.518,-1.066,10));
#218=VERTEX_POINT('',#217);
#219=CARTESIAN_POINT('',(18.001,-1.266,10));
#220=VERTEX_POINT('',#219);
#221=CARTESIAN_POINT('',(18.219,-1.411,10));
#222=VERTEX_POINT('',#221);
#223=CARTESIAN_POINT('',(18.589,-1.781,10));
#224=VERTEX_POINT('',#223);
#225=CARTESIAN_POINT('',(18.416,-1.584,10));
#226=VERTEX_POINT('',#225);
#227=CARTESIAN_POINT('',(18.734,-1.999,10));
#228=VERTEX_POINT('',#227);
#229=CARTESIAN_POINT('',(17.261,-1.015,10));
#230=VERTEX_POINT('',#229);
#231=CARTESIAN_POINT('',(18.985,-3.261,10));
#232=VERTEX_POINT('',#231);
#233=CARTESIAN_POINT('',(17,-5.003,10));
#234=VERTEX_POINT('',#233);
#235=CARTESIAN_POINT('',(16.739,-4.985,10));
#236=VERTEX_POINT('',#235);
#237=CARTESIAN_POINT('',(16.482,-4.934,10));
#238=VERTEX_POINT('',#237);
#239=CARTESIAN_POINT('',(15.781,-4.589,10));
#240=VERTEX_POINT('',#239);
#241=CARTESIAN_POINT('',(2.234,-4.85,10));
#242=VERTEX_POINT('',#241);
#243=CARTESIAN_POINT('',(2.482,-4.934,10));
#244=VERTEX_POINT('',#243);
#245=CARTESIAN_POINT('',(1.999,-4.734,10));
#246=VERTEX_POINT('',#245);
#247=CARTESIAN_POINT('',(1.781,-4.589,10));
#248=VERTEX_POINT('',#247);
#249=CARTESIAN_POINT('',(1.584,-4.416,10));
#250=VERTEX_POINT('',#249);
#251=CARTESIAN_POINT('',(1.411,-4.219,10));
#252=VERTEX_POINT('',#251);
#253=CARTESIAN_POINT('',(1.15,-3.766,0));
#254=VERTEX_POINT('',#253);
#255=CARTESIAN_POINT('',(1.066,-3.518,0));
#256=VERTEX_POINT('',#255);
#257=CARTESIAN_POINT('',(1.266,-4.001,10));
#258=VERTEX_POINT('',#257);
#259=CARTESIAN_POINT('',(1.066,-3.518,10));
#260=VERTEX_POINT('',#259);
#261=CARTESIAN_POINT('',(1.15,-3.766,10));
#262=VERTEX_POINT('',#261);
#263=CARTESIAN_POINT('',(3.766,-4.85,10));
#264=VERTEX_POINT('',#263);
#265=CARTESIAN_POINT('',(4.001,-4.734,10));
#266=VERTEX_POINT('',#265);
#267=CARTESIAN_POINT('',(3.261,-4.985,10));
#268=VERTEX_POINT('',#267);
#269=CARTESIAN_POINT('',(3.518,-4.934,10));
#270=VERTEX_POINT('',#269);
#271=CARTESIAN_POINT('',(15.015,-2.739,0));
#272=VERTEX_POINT('',#271);
#273=CARTESIAN_POINT('',(14.998,-3,0));
#274=VERTEX_POINT('',#273);
#275=CARTESIAN_POINT('',(5.003,-3,0));
#276=VERTEX_POINT('',#275);
#277=CARTESIAN_POINT('',(4.985,-2.739,0));
#278=VERTEX_POINT('',#277);
#279=CARTESIAN_POINT('',(15.584,-1.584,0));
#280=VERTEX_POINT('',#279);
#281=CARTESIAN_POINT('',(15.411,-1.781,0));
#282=VERTEX_POINT('',#281);
#283=CARTESIAN_POINT('',(14.998,0,0));
#284=VERTEX_POINT('',#283);
#285=CARTESIAN_POINT('',(15.781,-1.411,0));
#286=VERTEX_POINT('',#285);
#287=CARTESIAN_POINT('',(4.589,-4.219,0));
#288=VERTEX_POINT('',#287);
#289=CARTESIAN_POINT('',(15.999,-1.266,0));
#290=VERTEX_POINT('',#289);
#291=CARTESIAN_POINT('',(16.234,-1.15,0));
#292=VERTEX_POINT('',#291);
#293=CARTESIAN_POINT('',(4.219,-4.589,10));
#294=VERTEX_POINT('',#293);
#295=CARTESIAN_POINT('',(1.066,-2.482,10));
#296=VERTEX_POINT('',#295);
#297=CARTESIAN_POINT('',(1.15,-2.234,10));
#298=VERTEX_POINT('',#297);
#299=CARTESIAN_POINT('',(1.411,-1.781,10));
#300=VERTEX_POINT('',#299);
#301=CARTESIAN_POINT('',(1.266,-1.999,10));
#302=VERTEX_POINT('',#301);
#303=CARTESIAN_POINT('',(1.584,-1.584,10));
#304=VERTEX_POINT('',#303);
#305=CARTESIAN_POINT('',(1.781,-1.411,10));
#306=VERTEX_POINT('',#305);
#307=CARTESIAN_POINT('',(2.234,-1.15,10));
#308=VERTEX_POINT('',#307);
#309=CARTESIAN_POINT('',(1.999,-1.266,10));
#310=VERTEX_POINT('',#309);
#311=CARTESIAN_POINT('',(2.482,-1.066,10));
#312=VERTEX_POINT('',#311);
#313=CARTESIAN_POINT('',(2.739,-1.015,0));
#314=VERTEX_POINT('',#313);
#315=CARTESIAN_POINT('',(3,-0.998,0));
#316=VERTEX_POINT('',#315);
#317=CARTESIAN_POINT('',(18.934,-2.482,0));
#318=VERTEX_POINT('',#317);
#319=CARTESIAN_POINT('',(18.85,-2.234,0));
#320=VERTEX_POINT('',#319);
#321=CARTESIAN_POINT('',(18.985,-2.739,0));
#322=VERTEX_POINT('',#321);
#323=CARTESIAN_POINT('',(18.934,-3.518,0));
#324=VERTEX_POINT('',#323);
#325=CARTESIAN_POINT('',(18.85,-3.766,0));
#326=VERTEX_POINT('',#325);
#327=CARTESIAN_POINT('',(18.734,-4.001,0));
#328=VERTEX_POINT('',#327);
#329=CARTESIAN_POINT('',(16.482,-1.066,0));
#330=VERTEX_POINT('',#329);
#331=CARTESIAN_POINT('',(16.739,-1.015,0));
#332=VERTEX_POINT('',#331);
#333=CARTESIAN_POINT('',(4.416,-1.584,0));
#334=VERTEX_POINT('',#333);
#335=CARTESIAN_POINT('',(4.589,-1.781,0));
#336=VERTEX_POINT('',#335);
#337=CARTESIAN_POINT('',(18.001,-1.266,0));
#338=VERTEX_POINT('',#337);
#339=CARTESIAN_POINT('',(18.219,-1.411,0));
#340=VERTEX_POINT('',#339);
#341=CARTESIAN_POINT('',(18.734,-1.999,0));
#342=VERTEX_POINT('',#341);
#343=CARTESIAN_POINT('',(18.589,-1.781,0));
#344=VERTEX_POINT('',#343);
#345=CARTESIAN_POINT('',(4.934,-2.482,0));
#346=VERTEX_POINT('',#345);
#347=CARTESIAN_POINT('',(18.416,-1.584,0));
#348=VERTEX_POINT('',#347);
#349=CARTESIAN_POINT('',(17.766,-1.15,0));
#350=VERTEX_POINT('',#349);
#351=CARTESIAN_POINT('',(17.518,-1.066,0));
#352=VERTEX_POINT('',#351);
#353=CARTESIAN_POINT('',(17.261,-1.015,0));
#354=VERTEX_POINT('',#353);
#355=CARTESIAN_POINT('',(17,-0.998,0));
#356=VERTEX_POINT('',#355);
#357=CARTESIAN_POINT('',(18.985,-3.261,0));
#358=VERTEX_POINT('',#357);
#359=CARTESIAN_POINT('',(19.003,-3,0));
#360=VERTEX_POINT('',#359);
#361=CARTESIAN_POINT('',(15.781,-4.589,0));
#362=VERTEX_POINT('',#361);
#363=CARTESIAN_POINT('',(17,-5.003,0));
#364=VERTEX_POINT('',#363);
#365=CARTESIAN_POINT('',(2.482,-4.934,0));
#366=VERTEX_POINT('',#365);
#367=CARTESIAN_POINT('',(2.739,-4.985,0));
#368=VERTEX_POINT('',#367);
#369=CARTESIAN_POINT('',(3,-5.003,0));
#370=VERTEX_POINT('',#369);
#371=CARTESIAN_POINT('',(3.261,-4.985,0));
#372=VERTEX_POINT('',#371);
#373=CARTESIAN_POINT('',(2.234,-4.85,0));
#374=VERTEX_POINT('',#373);
#375=CARTESIAN_POINT('',(1.999,-4.734,0));
#376=VERTEX_POINT('',#375);
#377=CARTESIAN_POINT('',(1.781,-4.589,0));
#378=VERTEX_POINT('',#377);
#379=CARTESIAN_POINT('',(1.584,-4.416,0));
#380=VERTEX_POINT('',#379);
#381=CARTESIAN_POINT('',(1.266,-4.001,0));
#382=VERTEX_POINT('',#381);
#383=CARTESIAN_POINT('',(1.411,-4.219,0));
#384=VERTEX_POINT('',#383);
#385=CARTESIAN_POINT('',(4.001,-4.734,0));
#386=VERTEX_POINT('',#385);
#387=CARTESIAN_POINT('',(3.766,-4.85,0));
#388=VERTEX_POINT('',#387);
#389=CARTESIAN_POINT('',(3.518,-4.934,0));
#390=VERTEX_POINT('',#389);
#391=CARTESIAN_POINT('',(15.015,-3.261,0));
#392=VERTEX_POINT('',#391);
#393=CARTESIAN_POINT('',(1.015,-3.261,0));
#394=VERTEX_POINT('',#393);
#395=CARTESIAN_POINT('',(15.15,-2.234,0));
#396=VERTEX_POINT('',#395);
#397=CARTESIAN_POINT('',(1.015,-2.739,0));
#398=VERTEX_POINT('',#397);
#399=CARTESIAN_POINT('',(1.066,-2.482,0));
#400=VERTEX_POINT('',#399);
#401=CARTESIAN_POINT('',(1.15,-2.234,0));
#402=VERTEX_POINT('',#401);
#403=CARTESIAN_POINT('',(1.411,-1.781,0));
#404=VERTEX_POINT('',#403);
#405=CARTESIAN_POINT('',(1.584,-1.584,0));
#406=VERTEX_POINT('',#405);
#407=CARTESIAN_POINT('',(0.998,-3,0));
#408=VERTEX_POINT('',#407);
#409=CARTESIAN_POINT('',(1.781,-1.411,0));
#410=VERTEX_POINT('',#409);
#411=CARTESIAN_POINT('',(1.999,-1.266,0));
#412=VERTEX_POINT('',#411);
#413=CARTESIAN_POINT('',(2.234,-1.15,0));
#414=VERTEX_POINT('',#413);
#415=CARTESIAN_POINT('',(3.518,-1.066,0));
#416=VERTEX_POINT('',#415);
#417=CARTESIAN_POINT('',(3.766,-1.15,0));
#418=VERTEX_POINT('',#417);
#419=CARTESIAN_POINT('',(4.001,-1.266,0));
#420=VERTEX_POINT('',#419);
#421=CARTESIAN_POINT('',(15.066,-2.482,0));
#422=VERTEX_POINT('',#421);
#423=CARTESIAN_POINT('',(15.266,-1.999,0));
#424=VERTEX_POINT('',#423);
#425=CARTESIAN_POINT('',(2.482,-1.066,0));
#426=VERTEX_POINT('',#425);
#427=CARTESIAN_POINT('',(3.261,-1.015,0));
#428=VERTEX_POINT('',#427);
#429=CARTESIAN_POINT('',(4.219,-1.411,0));
#430=VERTEX_POINT('',#429);
#431=CARTESIAN_POINT('',(1.266,-1.999,0));
#432=VERTEX_POINT('',#431);
#433=CARTESIAN_POINT('',(4.85,-2.234,0));
#434=VERTEX_POINT('',#433);
#435=CARTESIAN_POINT('',(4.734,-1.999,0));
#436=VERTEX_POINT('',#435);
#437=STYLED_ITEM('',(#18),#438);
#438=FACE_SURFACE('',(#443),#439,.T.);
#439=PLANE('',#440);
#440=AXIS2_PLACEMENT_3D('',#33,#441,#442);
#441=DIRECTION('',(1,-0,0));
#442=DIRECTION('',(0,0.813733471206735,-0.5812381937190965));
#443=FACE_BOUND('',#444,.T.);
#444=EDGE_LOOP('',(#445,#446,#447));
#445=ORIENTED_EDGE('',*,*,#448,.T.);
#446=ORIENTED_EDGE('',*,*,#449,.T.);
#447=ORIENTED_EDGE('',*,*,#450,.T.);
#448=EDGE_CURVE('',#34,#36,#451,.F.);
#449=EDGE_CURVE('',#36,#38,#452,.T.);
#450=EDGE_CURVE('',#38,#34,#453,.T.);
#451=LINE('',#33,#454);
#452=LINE('',#35,#455);
#453=LINE('',#37,#456);
#454=VECTOR('',#457,1.0);
#455=VECTOR('',#458,1.0);
#456=VECTOR('',#459,1.0);
#457=DIRECTION('',(0,0.813733471206735,-0.5812381937190965));
#458=DIRECTION('',(0,0,1));
#459=DIRECTION('',(0,-1,0));
#460=STYLED_ITEM('',(#18),#461);
#461=FACE_SURFACE('',(#466),#462,.T.);
#462=PLANE('',#463);
#463=AXIS2_PLACEMENT_3D('',#35,#464,#465);
#464=DIRECTION('',(1,0,0));
#465=DIRECTION('',(0,-0.813733471206735,0.5812381937190965));
#466=FACE_BOUND('',#467,.T.);
#467=EDGE_LOOP('',(#468,#469,#470));
#468=ORIENTED_EDGE('',*,*,#471,.T.);
#469=ORIENTED_EDGE('',*,*,#472,.T.);
#470=ORIENTED_EDGE('',*,*,#473,.T.);
#471=EDGE_CURVE('',#36,#34,#474,.F.);
#472=EDGE_CURVE('',#34,#40,#475,.T.);
#473=EDGE_CURVE('',#40,#36,#476,.T.);
#474=LINE('',#35,#477);
#475=LINE('',#33,#478);
#476=LINE('',#39,#479);
#477=VECTOR('',#480,1.0);
#478=VECTOR('',#481,1.0);
#479=VECTOR('',#482,1.0);
#480=DIRECTION('',(0,-0.813733471206735,0.5812381937190965));
#481=DIRECTION('',(0,0,-1));
#482=DIRECTION('',(0,1,0));
#483=STYLED_ITEM('',(#18),#484);
#484=FACE_SURFACE('',(#489),#485,.T.);
#485=PLANE('',#486);
#486=AXIS2_PLACEMENT_3D('',#41,#487,#488);
#487=DIRECTION('',(-1,0,-0));
#488=DIRECTION('',(0,0,-1));
#489=FACE_BOUND('',#490,.T.);
#490=EDGE_LOOP('',(#491,#492,#493));
#491=ORIENTED_EDGE('',*,*,#494,.T.);
#492=ORIENTED_EDGE('',*,*,#495,.T.);
#493=ORIENTED_EDGE('',*,*,#496,.T.);
#494=EDGE_CURVE('',#42,#44,#497,.F.);
#495=EDGE_CURVE('',#44,#46,#498,.T.);
#496=EDGE_CURVE('',#46,#42,#499,.T.);
#497=LINE('',#41,#500);
#498=LINE('',#43,#501);
#499=LINE('',#45,#502);
#500=VECTOR('',#503,1.0);
#501=VECTOR('',#504,1.0);
#502=VECTOR('',#505,1.0);
#503=DIRECTION('',(0,0,-1));
#504=DIRECTION('',(0,-1,0));
#505=DIRECTION('',(0,0.813733471206735,0.5812381937190965));
#506=STYLED_ITEM('',(#18),#507);
#507=FACE_SURFACE('',(#512),#508,.T.);
#508=PLANE('',#509);
#509=AXIS2_PLACEMENT_3D('',#41,#510,#511);
#510=DIRECTION('',(-1,-0,0));
#511=DIRECTION('',(0,-0.813733471206735,-0.5812381937190965));
#512=FACE_BOUND('',#513,.T.);
#513=EDGE_LOOP('',(#514,#515,#516));
#514=ORIENTED_EDGE('',*,*,#517,.T.);
#515=ORIENTED_EDGE('',*,*,#518,.T.);
#516=ORIENTED_EDGE('',*,*,#519,.T.);
#517=EDGE_CURVE('',#42,#46,#520,.F.);
#518=EDGE_CURVE('',#46,#48,#521,.T.);
#519=EDGE_CURVE('',#48,#42,#522,.T.);
#520=LINE('',#41,#523);
#521=LINE('',#45,#524);
#522=LINE('',#47,#525);
#523=VECTOR('',#526,1.0);
#524=VECTOR('',#527,1.0);
#525=VECTOR('',#528,1.0);
#526=DIRECTION('',(0,-0.813733471206735,-0.5812381937190965));
#527=DIRECTION('',(0,0,1));
#528=DIRECTION('',(0,1,0));
#529=STYLED_ITEM('',(#18),#530);
#530=FACE_SURFACE('',(#535),#531,.T.);
#531=PLANE('',#532);
#532=AXIS2_PLACEMENT_3D('',#49,#533,#534);
#533=DIRECTION('',(0,-0,1));
#534=DIRECTION('',(0.8123636031731294,0.5831512464528995,0));
#535=FACE_BOUND('',#536,.T.);
#536=EDGE_LOOP('',(#537,#538,#539));
#537=ORIENTED_EDGE('',*,*,#540,.T.);
#538=ORIENTED_EDGE('',*,*,#541,.T.);
#539=ORIENTED_EDGE('',*,*,#542,.T.);
#540=EDGE_CURVE('',#50,#52,#543,.F.);
#541=EDGE_CURVE('',#52,#54,#544,.T.);
#542=EDGE_CURVE('',#54,#50,#545,.T.);
#543=LINE('',#49,#546);
#544=LINE('',#51,#547);
#545=LINE('',#53,#548);
#546=VECTOR('',#549,1.0);
#547=VECTOR('',#550,1.0);
#548=VECTOR('',#551,1.0);
#549=DIRECTION('',(0.8123636031731294,0.5831512464528995,0));
#550=DIRECTION('',(-0.8640306475235177,-0.503439211961177,0));
#551=DIRECTION('',(0.9808731636385993,-0.19464798188937268,0));
#552=STYLED_ITEM('',(#18),#553);
#553=FACE_SURFACE('',(#558),#554,.T.);
#554=PLANE('',#555);
#555=AXIS2_PLACEMENT_3D('',#55,#556,#557);
#556=DIRECTION('',(0,0,1));
#557=DIRECTION('',(-0.8653460408408834,-0.5011748493300597,0));
#558=FACE_BOUND('',#559,.T.);
#559=EDGE_LOOP('',(#560,#561,#562));
#560=ORIENTED_EDGE('',*,*,#563,.T.);
#561=ORIENTED_EDGE('',*,*,#564,.T.);
#562=ORIENTED_EDGE('',*,*,#565,.T.);
#563=EDGE_CURVE('',#56,#48,#566,.F.);
#564=EDGE_CURVE('',#48,#58,#567,.T.);
#565=EDGE_CURVE('',#58,#56,#568,.T.);
#566=LINE('',#55,#569);
#567=LINE('',#47,#570);
#568=LINE('',#57,#571);
#569=VECTOR('',#572,1.0);
#570=VECTOR('',#573,1.0);
#571=VECTOR('',#574,1.0);
#572=DIRECTION('',(-0.8653460408408834,-0.5011748493300597,0));
#573=DIRECTION('',(0.8711538785730328,0.49101010157344155,0));
#574=DIRECTION('',(-0.8967049296897804,0.44262881635750506,0));
#575=STYLED_ITEM('',(#18),#576);
#576=FACE_SURFACE('',(#581),#577,.T.);
#577=PLANE('',#578);
#578=AXIS2_PLACEMENT_3D('',#59,#579,#580);
#579=DIRECTION('',(0,-0,1));
#580=DIRECTION('',(0.7323927023697862,0.6808824638037623,0));
#581=FACE_BOUND('',#582,.T.);
#582=EDGE_LOOP('',(#583,#584,#585));
#583=ORIENTED_EDGE('',*,*,#586,.T.);
#584=ORIENTED_EDGE('',*,*,#587,.T.);
#585=ORIENTED_EDGE('',*,*,#588,.T.);
#586=EDGE_CURVE('',#60,#52,#589,.F.);
#587=EDGE_CURVE('',#52,#50,#590,.T.);
#588=EDGE_CURVE('',#50,#60,#591,.T.);
#589=LINE('',#59,#592);
#590=LINE('',#51,#593);
#591=LINE('',#49,#594);
#592=VECTOR('',#595,1.0);
#593=VECTOR('',#596,1.0);
#594=VECTOR('',#597,1.0);
#595=DIRECTION('',(0.7323927023697862,0.6808824638037623,0));
#596=DIRECTION('',(-0.8123636031731294,-0.5831512464528995,0));
#597=DIRECTION('',(0.9471445756278135,-0.3208070336803876,0));
#598=STYLED_ITEM('',(#18),#599);
#599=FACE_SURFACE('',(#604),#600,.T.);
#600=PLANE('',#601);
#601=AXIS2_PLACEMENT_3D('',#61,#602,#603);
#602=DIRECTION('',(0,-0,1));
#603=DIRECTION('',(0.6206077539447263,0.7841211741457323,0));
#604=FACE_BOUND('',#605,.T.);
#605=EDGE_LOOP('',(#606,#607,#608));
#606=ORIENTED_EDGE('',*,*,#609,.T.);
#607=ORIENTED_EDGE('',*,*,#610,.T.);
#608=ORIENTED_EDGE('',*,*,#611,.T.);
#609=EDGE_CURVE('',#62,#52,#612,.F.);
#610=EDGE_CURVE('',#52,#60,#613,.T.);
#611=EDGE_CURVE('',#60,#62,#614,.T.);
#612=LINE('',#61,#615);
#613=LINE('',#51,#616);
#614=LINE('',#59,#617);
#615=VECTOR('',#618,1.0);
#616=VECTOR('',#619,1.0);
#617=VECTOR('',#620,1.0);
#618=DIRECTION('',(0.6206077539447263,0.7841211741457323,0));
#619=DIRECTION('',(-0.7323927023697862,-0.6808824638037623,0));
#620=DIRECTION('',(0.8967049296897791,-0.4426288163575078,0));
#621=STYLED_ITEM('',(#18),#622);
#622=FACE_SURFACE('',(#627),#623,.T.);
#623=PLANE('',#624);
#624=AXIS2_PLACEMENT_3D('',#61,#625,#626);
#625=DIRECTION('',(-0,0,1));
#626=DIRECTION('',(0.8326374333005123,-0.5538184762778638,0));
#627=FACE_BOUND('',#628,.T.);
#628=EDGE_LOOP('',(#629,#630,#631));
#629=ORIENTED_EDGE('',*,*,#632,.T.);
#630=ORIENTED_EDGE('',*,*,#633,.T.);
#631=ORIENTED_EDGE('',*,*,#634,.T.);
#632=EDGE_CURVE('',#62,#64,#635,.F.);
#633=EDGE_CURVE('',#64,#52,#636,.T.);
#634=EDGE_CURVE('',#52,#62,#637,.T.);
#635=LINE('',#61,#638);
#636=LINE('',#63,#639);
#637=LINE('',#51,#640);
#638=VECTOR('',#641,1.0);
#639=VECTOR('',#642,1.0);
#640=VECTOR('',#643,1.0);
#641=DIRECTION('',(0.8326374333005123,-0.5538184762778638,0));
#642=DIRECTION('',(0.4856955301715596,0.8741280523878453,0));
#643=DIRECTION('',(-0.6206077539447263,-0.7841211741457323,0));
#644=STYLED_ITEM('',(#18),#645);
#645=FACE_SURFACE('',(#650),#646,.T.);
#646=PLANE('',#647);
#647=AXIS2_PLACEMENT_3D('',#65,#648,#649);
#648=DIRECTION('',(0,-0,1));
#649=DIRECTION('',(0.3474878713772664,0.9376844774473427,0));
#650=FACE_BOUND('',#651,.T.);
#651=EDGE_LOOP('',(#652,#653,#654));
#652=ORIENTED_EDGE('',*,*,#655,.T.);
#653=ORIENTED_EDGE('',*,*,#656,.T.);
#654=ORIENTED_EDGE('',*,*,#657,.T.);
#655=EDGE_CURVE('',#66,#52,#658,.F.);
#656=EDGE_CURVE('',#52,#64,#659,.T.);
#657=EDGE_CURVE('',#64,#66,#660,.T.);
#658=LINE('',#65,#661);
#659=LINE('',#51,#662);
#660=LINE('',#63,#663);
#661=VECTOR('',#664,1.0);
#662=VECTOR('',#665,1.0);
#663=VECTOR('',#666,1.0);
#664=DIRECTION('',(0.3474878713772664,0.9376844774473427,0));
#665=DIRECTION('',(-0.4856955301715596,-0.8741280523878453,0));
#666=DIRECTION('',(0.7513940993995951,-0.6598537015031978,0));
#667=STYLED_ITEM('',(#18),#668);
#668=FACE_SURFACE('',(#673),#669,.T.);
#669=PLANE('',#670);
#670=AXIS2_PLACEMENT_3D('',#67,#671,#672);
#671=DIRECTION('',(0,-0,1));
#672=DIRECTION('',(0.22641696512133713,0.9740304707272988,0));
#673=FACE_BOUND('',#674,.T.);
#674=EDGE_LOOP('',(#675,#676,#677));
#675=ORIENTED_EDGE('',*,*,#678,.T.);
#676=ORIENTED_EDGE('',*,*,#679,.T.);
#677=ORIENTED_EDGE('',*,*,#680,.T.);
#678=EDGE_CURVE('',#68,#52,#681,.F.);
#679=EDGE_CURVE('',#52,#66,#682,.T.);
#680=EDGE_CURVE('',#66,#68,#683,.T.);
#681=LINE('',#67,#684);
#682=LINE('',#51,#685);
#683=LINE('',#65,#686);
#684=VECTOR('',#687,1.0);
#685=VECTOR('',#688,1.0);
#686=VECTOR('',#689,1.0);
#687=DIRECTION('',(0.22641696512133713,0.9740304707272988,0));
#688=DIRECTION('',(-0.3474878713772664,-0.9376844774473427,0));
#689=DIRECTION('',(0.6598537015031981,-0.7513940993995948,0));
#690=STYLED_ITEM('',(#18),#691);
#691=FACE_SURFACE('',(#696),#692,.T.);
#692=PLANE('',#693);
#693=AXIS2_PLACEMENT_3D('',#69,#694,#695);
#694=DIRECTION('',(-0,0,1));
#695=DIRECTION('',(0.06880209161537733,-0.9976303284229832,0));
#696=FACE_BOUND('',#697,.T.);
#697=EDGE_LOOP('',(#698,#699,#700));
#698=ORIENTED_EDGE('',*,*,#701,.T.);
#699=ORIENTED_EDGE('',*,*,#702,.T.);
#700=ORIENTED_EDGE('',*,*,#703,.T.);
#701=EDGE_CURVE('',#70,#72,#704,.F.);
#702=EDGE_CURVE('',#72,#74,#705,.T.);
#703=EDGE_CURVE('',#74,#70,#706,.T.);
#704=LINE('',#69,#707);
#705=LINE('',#71,#708);
#706=LINE('',#73,#709);
#707=VECTOR('',#710,1.0);
#708=VECTOR('',#711,1.0);
#709=VECTOR('',#712,1.0);
#710=DIRECTION('',(0.06880209161537733,-0.9976303284229832,0));
#711=DIRECTION('',(0.9996603840697823,0.026059864187196694,0));
#712=DIRECTION('',(-1,0,0));
#713=STYLED_ITEM('',(#18),#714);
#714=FACE_SURFACE('',(#719),#715,.T.);
#715=PLANE('',#716);
#716=AXIS2_PLACEMENT_3D('',#75,#717,#718);
#717=DIRECTION('',(0,0,1));
#718=DIRECTION('',(-0.3208070336803868,0.9471445756278137,0));
#719=FACE_BOUND('',#720,.T.);
#720=EDGE_LOOP('',(#721,#722,#723));
#721=ORIENTED_EDGE('',*,*,#724,.T.);
#722=ORIENTED_EDGE('',*,*,#725,.T.);
#723=ORIENTED_EDGE('',*,*,#726,.T.);
#724=EDGE_CURVE('',#76,#78,#727,.F.);
#725=EDGE_CURVE('',#78,#80,#728,.T.);
#726=EDGE_CURVE('',#80,#76,#729,.T.);
#727=LINE('',#75,#730);
#728=LINE('',#77,#731);
#729=LINE('',#79,#732);
#730=VECTOR('',#733,1.0);
#731=VECTOR('',#734,1.0);
#732=VECTOR('',#735,1.0);
#733=DIRECTION('',(-0.3208070336803868,0.9471445756278137,0));
#734=DIRECTION('',(-1,0,0));
#735=DIRECTION('',(0.9997054766716403,-0.02426849630134759,0));
#736=STYLED_ITEM('',(#18),#737);
#737=FACE_SURFACE('',(#742),#738,.T.);
#738=PLANE('',#739);
#739=AXIS2_PLACEMENT_3D('',#81,#740,#741);
#740=DIRECTION('',(0,0,1));
#741=DIRECTION('',(-0.19464798188937268,-0.9808731636385993,0));
#742=FACE_BOUND('',#743,.T.);
#743=EDGE_LOOP('',(#744,#745,#746));
#744=ORIENTED_EDGE('',*,*,#747,.T.);
#745=ORIENTED_EDGE('',*,*,#748,.T.);
#746=ORIENTED_EDGE('',*,*,#749,.T.);
#747=EDGE_CURVE('',#82,#80,#750,.F.);
#748=EDGE_CURVE('',#80,#78,#751,.T.);
#749=EDGE_CURVE('',#78,#82,#752,.T.);
#750=LINE('',#81,#753);
#751=LINE('',#79,#754);
#752=LINE('',#77,#755);
#753=VECTOR('',#756,1.0);
#754=VECTOR('',#757,1.0);
#755=VECTOR('',#758,1.0);
#756=DIRECTION('',(-0.19464798188937268,-0.9808731636385993,0));
#757=DIRECTION('',(1,0,0));
#758=DIRECTION('',(-0.9996751989739777,0.025485222312896735,0));
#759=STYLED_ITEM('',(#18),#760);
#760=FACE_SURFACE('',(#765),#761,.T.);
#761=PLANE('',#762);
#762=AXIS2_PLACEMENT_3D('',#83,#763,#764);
#763=DIRECTION('',(0,0,1));
#764=DIRECTION('',(-0.5538184762778627,0.8326374333005132,0));
#765=FACE_BOUND('',#766,.T.);
#766=EDGE_LOOP('',(#767,#768,#769));
#767=ORIENTED_EDGE('',*,*,#770,.T.);
#768=ORIENTED_EDGE('',*,*,#771,.T.);
#769=ORIENTED_EDGE('',*,*,#772,.T.);
#770=EDGE_CURVE('',#84,#86,#773,.F.);
#771=EDGE_CURVE('',#86,#88,#774,.T.);
#772=EDGE_CURVE('',#88,#84,#775,.T.);
#773=LINE('',#83,#776);
#774=LINE('',#85,#777);
#775=LINE('',#87,#778);
#776=VECTOR('',#779,1.0);
#777=VECTOR('',#780,1.0);
#778=VECTOR('',#781,1.0);
#779=DIRECTION('',(-0.5538184762778627,0.8326374333005132,0));
#780=DIRECTION('',(-0.9997916234974437,-0.02041346576027374,0));
#781=DIRECTION('',(1,0,0));
#782=STYLED_ITEM('',(#18),#783);
#783=FACE_SURFACE('',(#788),#784,.T.);
#784=PLANE('',#785);
#785=AXIS2_PLACEMENT_3D('',#89,#786,#787);
#786=DIRECTION('',(-0,0,1));
#787=DIRECTION('',(-0.5538184762778627,-0.8326374333005132,0));
#788=FACE_BOUND('',#789,.T.);
#789=EDGE_LOOP('',(#790,#791,#792));
#790=ORIENTED_EDGE('',*,*,#793,.T.);
#791=ORIENTED_EDGE('',*,*,#794,.T.);
#792=ORIENTED_EDGE('',*,*,#795,.T.);
#793=EDGE_CURVE('',#90,#88,#796,.F.);
#794=EDGE_CURVE('',#88,#86,#797,.T.);
#795=EDGE_CURVE('',#86,#90,#798,.T.);
#796=LINE('',#89,#799);
#797=LINE('',#87,#800);
#798=LINE('',#85,#801);
#799=VECTOR('',#802,1.0);
#800=VECTOR('',#803,1.0);
#801=VECTOR('',#804,1.0);
#802=DIRECTION('',(-0.5538184762778627,-0.8326374333005132,0));
#803=DIRECTION('',(0.9997916234974437,0.02041346576027374,0));
#804=DIRECTION('',(-1,0,0));
#805=STYLED_ITEM('',(#18),#806);
#806=FACE_SURFACE('',(#811),#807,.T.);
#807=PLANE('',#808);
#808=AXIS2_PLACEMENT_3D('',#91,#809,#810);
#809=DIRECTION('',(0,0,1));
#810=DIRECTION('',(-0.06499637357340737,0.9978855001563588,0));
#811=FACE_BOUND('',#812,.T.);
#812=EDGE_LOOP('',(#813,#814,#815));
#813=ORIENTED_EDGE('',*,*,#816,.T.);
#814=ORIENTED_EDGE('',*,*,#817,.T.);
#815=ORIENTED_EDGE('',*,*,#818,.T.);
#816=EDGE_CURVE('',#92,#94,#819,.F.);
#817=EDGE_CURVE('',#94,#72,#820,.T.);
#818=EDGE_CURVE('',#72,#92,#821,.T.);
#819=LINE('',#91,#822);
#820=LINE('',#93,#823);
#821=LINE('',#71,#824);
#822=VECTOR('',#825,1.0);
#823=VECTOR('',#826,1.0);
#824=VECTOR('',#827,1.0);
#825=DIRECTION('',(-0.06499637357340737,0.9978855001563588,0));
#826=DIRECTION('',(-1,0,0));
#827=DIRECTION('',(0.9996603840697823,-0.026059864187196694,0));
#828=STYLED_ITEM('',(#18),#829);
#829=FACE_SURFACE('',(#834),#830,.T.);
#830=PLANE('',#831);
#831=AXIS2_PLACEMENT_3D('',#71,#832,#833);
#832=DIRECTION('',(0,0,1));
#833=DIRECTION('',(-0.06880209161537733,-0.9976303284229832,0));
#834=FACE_BOUND('',#835,.T.);
#835=EDGE_LOOP('',(#836,#837,#838));
#836=ORIENTED_EDGE('',*,*,#839,.T.);
#837=ORIENTED_EDGE('',*,*,#840,.T.);
#838=ORIENTED_EDGE('',*,*,#841,.T.);
#839=EDGE_CURVE('',#72,#82,#842,.F.);
#840=EDGE_CURVE('',#82,#92,#843,.T.);
#841=EDGE_CURVE('',#92,#72,#844,.T.);
#842=LINE('',#71,#845);
#843=LINE('',#81,#846);
#844=LINE('',#91,#847);
#845=VECTOR('',#848,1.0);
#846=VECTOR('',#849,1.0);
#847=VECTOR('',#850,1.0);
#848=DIRECTION('',(-0.06880209161537733,-0.9976303284229832,0));
#849=DIRECTION('',(1,0,0));
#850=DIRECTION('',(-0.9996603840697823,0.026059864187196694,0));
#851=STYLED_ITEM('',(#18),#852);
#852=FACE_SURFACE('',(#857),#853,.T.);
#853=PLANE('',#854);
#854=AXIS2_PLACEMENT_3D('',#95,#855,#856);
#855=DIRECTION('',(0,-0,1));
#856=DIRECTION('',(0.997885500156359,0.0649963735734023,0));
#857=FACE_BOUND('',#858,.T.);
#858=EDGE_LOOP('',(#859,#860,#861));
#859=ORIENTED_EDGE('',*,*,#862,.T.);
#860=ORIENTED_EDGE('',*,*,#863,.T.);
#861=ORIENTED_EDGE('',*,*,#864,.T.);
#862=EDGE_CURVE('',#96,#98,#865,.F.);
#863=EDGE_CURVE('',#98,#42,#866,.T.);
#864=EDGE_CURVE('',#42,#96,#867,.T.);
#865=LINE('',#95,#868);
#866=LINE('',#97,#869);
#867=LINE('',#41,#870);
#868=VECTOR('',#871,1.0);
#869=VECTOR('',#872,1.0);
#870=VECTOR('',#873,1.0);
#871=DIRECTION('',(0.997885500156359,0.0649963735734023,0));
#872=DIRECTION('',(-0.9488729017996006,0.31565838533200047,0));
#873=DIRECTION('',(0.9376868013449671,-0.3474816003523701,0));
#874=STYLED_ITEM('',(#18),#875);
#875=FACE_SURFACE('',(#880),#876,.T.);
#876=PLANE('',#877);
#877=AXIS2_PLACEMENT_3D('',#79,#878,#879);
#878=DIRECTION('',(0,0,1));
#879=DIRECTION('',(-0.3208070336803899,-0.9471445756278127,0));
#880=FACE_BOUND('',#881,.T.);
#881=EDGE_LOOP('',(#882,#883,#884));
#882=ORIENTED_EDGE('',*,*,#885,.T.);
#883=ORIENTED_EDGE('',*,*,#886,.T.);
#884=ORIENTED_EDGE('',*,*,#887,.T.);
#885=EDGE_CURVE('',#80,#100,#888,.F.);
#886=EDGE_CURVE('',#100,#76,#889,.T.);
#887=EDGE_CURVE('',#76,#80,#890,.T.);
#888=LINE('',#79,#891);
#889=LINE('',#99,#892);
#890=LINE('',#75,#893);
#891=VECTOR('',#894,1.0);
#892=VECTOR('',#895,1.0);
#893=VECTOR('',#896,1.0);
#894=DIRECTION('',(-0.3208070336803899,-0.9471445756278127,0));
#895=DIRECTION('',(1,0,0));
#896=DIRECTION('',(-0.9997054766716403,0.02426849630134759,0));
#897=STYLED_ITEM('',(#18),#898);
#898=FACE_SURFACE('',(#903),#899,.T.);
#899=PLANE('',#900);
#900=AXIS2_PLACEMENT_3D('',#99,#901,#902);
#901=DIRECTION('',(-0,0,1));
#902=DIRECTION('',(-0.44262881635750634,-0.8967049296897797,0));
#903=FACE_BOUND('',#904,.T.);
#904=EDGE_LOOP('',(#905,#906,#907));
#905=ORIENTED_EDGE('',*,*,#908,.T.);
#906=ORIENTED_EDGE('',*,*,#909,.T.);
#907=ORIENTED_EDGE('',*,*,#910,.T.);
#908=EDGE_CURVE('',#100,#90,#911,.F.);
#909=EDGE_CURVE('',#90,#76,#912,.T.);
#910=EDGE_CURVE('',#76,#100,#913,.T.);
#911=LINE('',#99,#914);
#912=LINE('',#89,#915);
#913=LINE('',#75,#916);
#914=VECTOR('',#917,1.0);
#915=VECTOR('',#918,1.0);
#916=VECTOR('',#919,1.0);
#917=DIRECTION('',(-0.44262881635750634,-0.8967049296897797,0));
#918=DIRECTION('',(0.9997455877451799,0.02255570402458886,0));
#919=DIRECTION('',(-1,0,0));
#920=STYLED_ITEM('',(#18),#921);
#921=FACE_SURFACE('',(#926),#922,.T.);
#922=PLANE('',#923);
#923=AXIS2_PLACEMENT_3D('',#85,#924,#925);
#924=DIRECTION('',(0,0,1));
#925=DIRECTION('',(-0.44262881635750634,0.8967049296897797,0));
#926=FACE_BOUND('',#927,.T.);
#927=EDGE_LOOP('',(#928,#929,#930));
#928=ORIENTED_EDGE('',*,*,#931,.T.);
#929=ORIENTED_EDGE('',*,*,#932,.T.);
#930=ORIENTED_EDGE('',*,*,#933,.T.);
#931=EDGE_CURVE('',#86,#76,#934,.F.);
#932=EDGE_CURVE('',#76,#90,#935,.T.);
#933=EDGE_CURVE('',#90,#86,#936,.T.);
#934=LINE('',#85,#937);
#935=LINE('',#75,#938);
#936=LINE('',#89,#939);
#937=VECTOR('',#940,1.0);
#938=VECTOR('',#941,1.0);
#939=VECTOR('',#942,1.0);
#940=DIRECTION('',(-0.44262881635750634,0.8967049296897797,0));
#941=DIRECTION('',(-0.9997455877451799,-0.02255570402458886,0));
#942=DIRECTION('',(1,0,0));
#943=STYLED_ITEM('',(#18),#944);
#944=FACE_SURFACE('',(#949),#945,.T.);
#945=PLANE('',#946);
#946=AXIS2_PLACEMENT_3D('',#87,#947,#948);
#947=DIRECTION('',(0,0,1));
#948=DIRECTION('',(-0.6598537015031978,-0.7513940993995951,0));
#949=FACE_BOUND('',#950,.T.);
#950=EDGE_LOOP('',(#951,#952,#953));
#951=ORIENTED_EDGE('',*,*,#954,.T.);
#952=ORIENTED_EDGE('',*,*,#955,.T.);
#953=ORIENTED_EDGE('',*,*,#956,.T.);
#954=EDGE_CURVE('',#88,#102,#957,.F.);
#955=EDGE_CURVE('',#102,#104,#958,.T.);
#956=EDGE_CURVE('',#104,#88,#959,.T.);
#957=LINE('',#87,#960);
#958=LINE('',#101,#961);
#959=LINE('',#103,#962);
#960=VECTOR('',#963,1.0);
#961=VECTOR('',#964,1.0);
#962=VECTOR('',#965,1.0);
#963=DIRECTION('',(-0.6598537015031978,-0.7513940993995951,0));
#964=DIRECTION('',(1,0,0));
#965=DIRECTION('',(-0.9998395249796777,0.01791435983819887,0));
#966=STYLED_ITEM('',(#18),#967);
#967=FACE_SURFACE('',(#972),#968,.T.);
#968=PLANE('',#969);
#969=AXIS2_PLACEMENT_3D('',#77,#970,#971);
#970=DIRECTION('',(0,0,1));
#971=DIRECTION('',(-0.19464798188937268,0.9808731636385993,0));
#972=FACE_BOUND('',#973,.T.);
#973=EDGE_LOOP('',(#974,#975,#976));
#974=ORIENTED_EDGE('',*,*,#977,.T.);
#975=ORIENTED_EDGE('',*,*,#978,.T.);
#976=ORIENTED_EDGE('',*,*,#979,.T.);
#977=EDGE_CURVE('',#78,#92,#980,.F.);
#978=EDGE_CURVE('',#92,#82,#981,.T.);
#979=EDGE_CURVE('',#82,#78,#982,.T.);
#980=LINE('',#77,#983);
#981=LINE('',#91,#984);
#982=LINE('',#81,#985);
#983=VECTOR('',#986,1.0);
#984=VECTOR('',#987,1.0);
#985=VECTOR('',#988,1.0);
#986=DIRECTION('',(-0.19464798188937268,0.9808731636385993,0));
#987=DIRECTION('',(-1,0,0));
#988=DIRECTION('',(0.9996751989739777,-0.025485222312896735,0));
#989=STYLED_ITEM('',(#18),#990);
#990=FACE_SURFACE('',(#995),#991,.T.);
#991=PLANE('',#992);
#992=AXIS2_PLACEMENT_3D('',#51,#993,#994);
#993=DIRECTION('',(0,0,1));
#994=DIRECTION('',(-0.22641696512133713,-0.9740304707272988,0));
#995=FACE_BOUND('',#996,.T.);
#996=EDGE_LOOP('',(#997,#998,#999));
#997=ORIENTED_EDGE('',*,*,#1000,.T.);
#998=ORIENTED_EDGE('',*,*,#1001,.T.);
#999=ORIENTED_EDGE('',*,*,#1002,.T.);
#1000=EDGE_CURVE('',#52,#68,#1003,.F.);
#1001=EDGE_CURVE('',#68,#74,#1004,.T.);
#1002=EDGE_CURVE('',#74,#52,#1005,.T.);
#1003=LINE('',#51,#1006);
#1004=LINE('',#67,#1007);
#1005=LINE('',#73,#1008);
#1006=VECTOR('',#1009,1.0);
#1007=VECTOR('',#1010,1.0);
#1008=VECTOR('',#1011,1.0);
#1009=DIRECTION('',(-0.22641696512133713,-0.9740304707272988,0));
#1010=DIRECTION('',(0.9958050565296029,-0.09150021524605406,0));
#1011=DIRECTION('',(-0.9645567627593183,0.2638754467836369,0));
#1012=STYLED_ITEM('',(#18),#1013);
#1013=FACE_SURFACE('',(#1018),#1014,.T.);
#1014=PLANE('',#1015);
#1015=AXIS2_PLACEMENT_3D('',#73,#1016,#1017);
#1016=DIRECTION('',(0,-0,1));
#1017=DIRECTION('',(0.19464798188937268,0.9808731636385993,0));
#1018=FACE_BOUND('',#1019,.T.);
#1019=EDGE_LOOP('',(#1020,#1021,#1022));
#1020=ORIENTED_EDGE('',*,*,#1023,.T.);
#1021=ORIENTED_EDGE('',*,*,#1024,.T.);
#1022=ORIENTED_EDGE('',*,*,#1025,.T.);
#1023=EDGE_CURVE('',#74,#106,#1026,.F.);
#1024=EDGE_CURVE('',#106,#52,#1027,.T.);
#1025=EDGE_CURVE('',#52,#74,#1028,.T.);
#1026=LINE('',#73,#1029);
#1027=LINE('',#105,#1030);
#1028=LINE('',#51,#1031);
#1029=VECTOR('',#1032,1.0);
#1030=VECTOR('',#1033,1.0);
#1031=VECTOR('',#1034,1.0);
#1032=DIRECTION('',(0.19464798188937268,0.9808731636385993,0));
#1033=DIRECTION('',(-0.9709038441943529,0.2394696751754332,0));
#1034=DIRECTION('',(0.9645567627593183,-0.2638754467836369,0));
#1035=STYLED_ITEM('',(#18),#1036);
#1036=FACE_SURFACE('',(#1041),#1037,.T.);
#1037=PLANE('',#1038);
#1038=AXIS2_PLACEMENT_3D('',#51,#1039,#1040);
#1039=DIRECTION('',(0,0,1));
#1040=DIRECTION('',(0.9709038441943529,-0.2394696751754332,0));
#1041=FACE_BOUND('',#1042,.T.);
#1042=EDGE_LOOP('',(#1043,#1044,#1045));
#1043=ORIENTED_EDGE('',*,*,#1046,.T.);
#1044=ORIENTED_EDGE('',*,*,#1047,.T.);
#1045=ORIENTED_EDGE('',*,*,#1048,.T.);
#1046=EDGE_CURVE('',#52,#106,#1049,.F.);
#1047=EDGE_CURVE('',#106,#108,#1050,.T.);
#1048=EDGE_CURVE('',#108,#52,#1051,.T.);
#1049=LINE('',#51,#1052);
#1050=LINE('',#105,#1053);
#1051=LINE('',#107,#1054);
#1052=VECTOR('',#1055,1.0);
#1053=VECTOR('',#1056,1.0);
#1054=VECTOR('',#1057,1.0);
#1055=DIRECTION('',(0.9709038441943529,-0.2394696751754332,0));
#1056=DIRECTION('',(0.3208070336803868,0.9471445756278137,0));
#1057=DIRECTION('',(-0.9766109283574048,0.2150141730511917,0));
#1058=STYLED_ITEM('',(#18),#1059);
#1059=FACE_SURFACE('',(#1064),#1060,.T.);
#1060=PLANE('',#1061);
#1061=AXIS2_PLACEMENT_3D('',#109,#1062,#1063);
#1062=DIRECTION('',(0,0,1));
#1063=DIRECTION('',(-0.9889795025267896,0.1480525027882464,0));
#1064=FACE_BOUND('',#1065,.T.);
#1065=EDGE_LOOP('',(#1066,#1067,#1068));
#1066=ORIENTED_EDGE('',*,*,#1069,.T.);
#1067=ORIENTED_EDGE('',*,*,#1070,.T.);
#1068=ORIENTED_EDGE('',*,*,#1071,.T.);
#1069=EDGE_CURVE('',#110,#52,#1072,.F.);
#1070=EDGE_CURVE('',#52,#112,#1073,.T.);
#1071=EDGE_CURVE('',#112,#110,#1074,.T.);
#1072=LINE('',#109,#1075);
#1073=LINE('',#51,#1076);
#1074=LINE('',#111,#1077);
#1075=VECTOR('',#1078,1.0);
#1076=VECTOR('',#1079,1.0);
#1077=VECTOR('',#1080,1.0);
#1078=DIRECTION('',(-0.9889795025267896,0.1480525027882464,0));
#1079=DIRECTION('',(0.9856731291009959,-0.1686667796818672,0));
#1080=DIRECTION('',(0.6598537015031981,0.7513940993995948,0));
#1081=STYLED_ITEM('',(#18),#1082);
#1082=FACE_SURFACE('',(#1087),#1083,.T.);
#1083=PLANE('',#1084);
#1084=AXIS2_PLACEMENT_3D('',#113,#1085,#1086);
#1085=DIRECTION('',(0,0,1));
#1086=DIRECTION('',(-0.9934373936476852,0.11437720447053197,0));
#1087=FACE_BOUND('',#1088,.T.);
#1088=EDGE_LOOP('',(#1089,#1090,#1091));
#1089=ORIENTED_EDGE('',*,*,#1092,.T.);
#1090=ORIENTED_EDGE('',*,*,#1093,.T.);
#1091=ORIENTED_EDGE('',*,*,#1094,.T.);
#1092=EDGE_CURVE('',#114,#52,#1095,.F.);
#1093=EDGE_CURVE('',#52,#116,#1096,.T.);
#1094=EDGE_CURVE('',#116,#114,#1097,.T.);
#1095=LINE('',#113,#1098);
#1096=LINE('',#51,#1099);
#1097=LINE('',#115,#1100);
#1098=VECTOR('',#1101,1.0);
#1099=VECTOR('',#1102,1.0);
#1100=VECTOR('',#1103,1.0);
#1101=DIRECTION('',(-0.9934373936476852,0.11437720447053197,0));
#1102=DIRECTION('',(0.9915392546723694,-0.1298071894918086,0));
#1103=DIRECTION('',(0.8326374333005123,0.5538184762778638,0));
#1104=STYLED_ITEM('',(#18),#1105);
#1105=FACE_SURFACE('',(#1110),#1106,.T.);
#1106=PLANE('',#1107);
#1107=AXIS2_PLACEMENT_3D('',#107,#1108,#1109);
#1108=DIRECTION('',(0,-0,1));
#1109=DIRECTION('',(0.4426288163575071,0.8967049296897794,0));
#1110=FACE_BOUND('',#1111,.T.);
#1111=EDGE_LOOP('',(#1112,#1113,#1114));
#1112=ORIENTED_EDGE('',*,*,#1115,.T.);
#1113=ORIENTED_EDGE('',*,*,#1116,.T.);
#1114=ORIENTED_EDGE('',*,*,#1117,.T.);
#1115=EDGE_CURVE('',#108,#118,#1118,.F.);
#1116=EDGE_CURVE('',#118,#52,#1119,.T.);
#1117=EDGE_CURVE('',#52,#108,#1120,.T.);
#1118=LINE('',#107,#1121);
#1119=LINE('',#117,#1122);
#1120=LINE('',#51,#1123);
#1121=VECTOR('',#1124,1.0);
#1122=VECTOR('',#1125,1.0);
#1123=VECTOR('',#1126,1.0);
#1124=DIRECTION('',(0.4426288163575071,0.8967049296897794,0));
#1125=DIRECTION('',(-0.9815541152988354,0.19118451490620403,0));
#1126=DIRECTION('',(0.9766109283574048,-0.2150141730511917,0));
#1127=STYLED_ITEM('',(#18),#1128);
#1128=FACE_SURFACE('',(#1133),#1129,.T.);
#1129=PLANE('',#1130);
#1130=AXIS2_PLACEMENT_3D('',#119,#1131,#1132);
#1131=DIRECTION('',(-0,0,1));
#1132=DIRECTION('',(0.16306334648413032,-0.9866156014544857,0));
#1133=FACE_BOUND('',#1134,.T.);
#1134=EDGE_LOOP('',(#1135,#1136,#1137));
#1135=ORIENTED_EDGE('',*,*,#1138,.T.);
#1136=ORIENTED_EDGE('',*,*,#1139,.T.);
#1137=ORIENTED_EDGE('',*,*,#1140,.T.);
#1138=EDGE_CURVE('',#120,#34,#1141,.F.);
#1139=EDGE_CURVE('',#34,#122,#1142,.T.);
#1140=EDGE_CURVE('',#122,#120,#1143,.T.);
#1141=LINE('',#119,#1144);
#1142=LINE('',#33,#1145);
#1143=LINE('',#121,#1146);
#1144=VECTOR('',#1147,1.0);
#1145=VECTOR('',#1148,1.0);
#1146=VECTOR('',#1149,1.0);
#1147=DIRECTION('',(0.16306334648413032,-0.9866156014544857,0));
#1148=DIRECTION('',(-0.14278123682778457,0.9897542717310839,0));
#1149=DIRECTION('',(-0.6598537015031939,-0.7513940993995986,0));
#1150=STYLED_ITEM('',(#18),#1151);
#1151=FACE_SURFACE('',(#1156),#1152,.T.);
#1152=PLANE('',#1153);
#1153=AXIS2_PLACEMENT_3D('',#123,#1154,#1155);
#1154=DIRECTION('',(0,0,1));
#1155=DIRECTION('',(-0.29070545660914116,-0.9568125926730222,0));
#1156=FACE_BOUND('',#1157,.T.);
#1157=EDGE_LOOP('',(#1158,#1159,#1160));
#1158=ORIENTED_EDGE('',*,*,#1161,.T.);
#1159=ORIENTED_EDGE('',*,*,#1162,.T.);
#1160=ORIENTED_EDGE('',*,*,#1163,.T.);
#1161=EDGE_CURVE('',#124,#48,#1164,.F.);
#1162=EDGE_CURVE('',#48,#126,#1165,.T.);
#1163=EDGE_CURVE('',#126,#124,#1166,.T.);
#1164=LINE('',#123,#1167);
#1165=LINE('',#47,#1168);
#1166=LINE('',#125,#1169);
#1167=VECTOR('',#1170,1.0);
#1168=VECTOR('',#1171,1.0);
#1169=VECTOR('',#1172,1.0);
#1170=DIRECTION('',(-0.29070545660914116,-0.9568125926730222,0));
#1171=DIRECTION('',(0.3163226612331199,0.9486516610381267,0));
#1172=DIRECTION('',(-0.9976303284229832,0.06880209161537733,0));
#1173=STYLED_ITEM('',(#18),#1174);
#1174=FACE_SURFACE('',(#1179),#1175,.T.);
#1175=PLANE('',#1176);
#1176=AXIS2_PLACEMENT_3D('',#127,#1177,#1178);
#1177=DIRECTION('',(0,-0,1));
#1178=DIRECTION('',(0.0649963735734023,0.997885500156359,0));
#1179=FACE_BOUND('',#1180,.T.);
#1180=EDGE_LOOP('',(#1181,#1182,#1183));
#1181=ORIENTED_EDGE('',*,*,#1184,.T.);
#1182=ORIENTED_EDGE('',*,*,#1185,.T.);
#1183=ORIENTED_EDGE('',*,*,#1186,.T.);
#1184=EDGE_CURVE('',#128,#130,#1187,.F.);
#1185=EDGE_CURVE('',#130,#42,#1188,.T.);
#1186=EDGE_CURVE('',#42,#128,#1189,.T.);
#1187=LINE('',#127,#1190);
#1188=LINE('',#129,#1191);
#1189=LINE('',#41,#1192);
#1190=VECTOR('',#1193,1.0);
#1191=VECTOR('',#1194,1.0);
#1192=VECTOR('',#1195,1.0);
#1193=DIRECTION('',(0.0649963735734023,0.997885500156359,0));
#1194=DIRECTION('',(-0.3474816003523701,0.9376868013449671,0));
#1195=DIRECTION('',(0.31565838533200047,-0.9488729017996006,0));
#1196=STYLED_ITEM('',(#18),#1197);
#1197=FACE_SURFACE('',(#1202),#1198,.T.);
#1198=PLANE('',#1199);
#1199=AXIS2_PLACEMENT_3D('',#47,#1200,#1201);
#1200=DIRECTION('',(0,0,1));
#1201=DIRECTION('',(0.09409596598084288,0.9955631316928787,0));
#1202=FACE_BOUND('',#1203,.T.);
#1203=EDGE_LOOP('',(#1204,#1205,#1206));
#1204=ORIENTED_EDGE('',*,*,#1207,.T.);
#1205=ORIENTED_EDGE('',*,*,#1208,.T.);
#1206=ORIENTED_EDGE('',*,*,#1209,.T.);
#1207=EDGE_CURVE('',#48,#132,#1210,.F.);
#1208=EDGE_CURVE('',#132,#42,#1211,.T.);
#1209=EDGE_CURVE('',#42,#48,#1212,.T.);
#1210=LINE('',#47,#1213);
#1211=LINE('',#131,#1214);
#1212=LINE('',#41,#1215);
#1213=VECTOR('',#1216,1.0);
#1214=VECTOR('',#1217,1.0);
#1215=VECTOR('',#1218,1.0);
#1216=DIRECTION('',(0.09409596598084288,0.9955631316928787,0));
#1217=DIRECTION('',(-0.2971911314636586,0.954818009559597,0));
#1218=DIRECTION('',(0,-1,0));
#1219=STYLED_ITEM('',(#18),#1220);
#1220=FACE_SURFACE('',(#1225),#1221,.T.);
#1221=PLANE('',#1222);
#1222=AXIS2_PLACEMENT_3D('',#133,#1223,#1224);
#1223=DIRECTION('',(0,-0,-1));
#1224=DIRECTION('',(0.8967049296897804,-0.44262881635750506,0));
#1225=FACE_BOUND('',#1226,.T.);
#1226=EDGE_LOOP('',(#1227,#1228,#1229));
#1227=ORIENTED_EDGE('',*,*,#1230,.T.);
#1228=ORIENTED_EDGE('',*,*,#1231,.T.);
#1229=ORIENTED_EDGE('',*,*,#1232,.T.);
#1230=EDGE_CURVE('',#134,#136,#1233,.F.);
#1231=EDGE_CURVE('',#136,#46,#1234,.T.);
#1232=EDGE_CURVE('',#46,#134,#1235,.T.);
#1233=LINE('',#133,#1236);
#1234=LINE('',#135,#1237);
#1235=LINE('',#45,#1238);
#1236=VECTOR('',#1239,1.0);
#1237=VECTOR('',#1240,1.0);
#1238=VECTOR('',#1241,1.0);
#1239=DIRECTION('',(0.8967049296897804,-0.44262881635750506,0));
#1240=DIRECTION('',(-0.8711538785730328,-0.49101010157344155,0));
#1241=DIRECTION('',(0.8653460408408834,0.5011748493300597,0));
#1242=STYLED_ITEM('',(#18),#1243);
#1243=FACE_SURFACE('',(#1248),#1244,.T.);
#1244=PLANE('',#1245);
#1245=AXIS2_PLACEMENT_3D('',#137,#1246,#1247);
#1246=DIRECTION('',(0,0,-1));
#1247=DIRECTION('',(0.7513940993995951,0.6598537015031978,0));
#1248=FACE_BOUND('',#1249,.T.);
#1249=EDGE_LOOP('',(#1250,#1251,#1252));
#1250=ORIENTED_EDGE('',*,*,#1253,.T.);
#1251=ORIENTED_EDGE('',*,*,#1254,.T.);
#1252=ORIENTED_EDGE('',*,*,#1255,.T.);
#1253=EDGE_CURVE('',#138,#140,#1256,.F.);
#1254=EDGE_CURVE('',#140,#142,#1257,.T.);
#1255=EDGE_CURVE('',#142,#138,#1258,.T.);
#1256=LINE('',#137,#1259);
#1257=LINE('',#139,#1260);
#1258=LINE('',#141,#1261);
#1259=VECTOR('',#1262,1.0);
#1260=VECTOR('',#1263,1.0);
#1261=VECTOR('',#1264,1.0);
#1262=DIRECTION('',(0.7513940993995951,0.6598537015031978,0));
#1263=DIRECTION('',(0.9992693144491592,0.03822090004575125,0));
#1264=DIRECTION('',(-0.9985864397104822,-0.05315188074135635,0));
#1265=STYLED_ITEM('',(#18),#1266);
#1266=FACE_SURFACE('',(#1271),#1267,.T.);
#1267=PLANE('',#1268);
#1268=AXIS2_PLACEMENT_3D('',#143,#1269,#1270);
#1269=DIRECTION('',(0,-0,-1));
#1270=DIRECTION('',(0.6598537015031978,-0.7513940993995951,0));
#1271=FACE_BOUND('',#1272,.T.);
#1272=EDGE_LOOP('',(#1273,#1274,#1275));
#1273=ORIENTED_EDGE('',*,*,#1276,.T.);
#1274=ORIENTED_EDGE('',*,*,#1277,.T.);
#1275=ORIENTED_EDGE('',*,*,#1278,.T.);
#1276=EDGE_CURVE('',#144,#146,#1279,.F.);
#1277=EDGE_CURVE('',#146,#46,#1280,.T.);
#1278=EDGE_CURVE('',#46,#144,#1281,.T.);
#1279=LINE('',#143,#1282);
#1280=LINE('',#145,#1283);
#1281=LINE('',#45,#1284);
#1282=VECTOR('',#1285,1.0);
#1283=VECTOR('',#1286,1.0);
#1284=VECTOR('',#1287,1.0);
#1285=DIRECTION('',(0.6598537015031978,-0.7513940993995951,0));
#1286=DIRECTION('',(-0.8518084185201862,-0.5238534319236052,0));
#1287=DIRECTION('',(0.8443060634992312,0.5358612424298216,0));
#1288=STYLED_ITEM('',(#18),#1289);
#1289=FACE_SURFACE('',(#1294),#1290,.T.);
#1290=PLANE('',#1291);
#1291=AXIS2_PLACEMENT_3D('',#147,#1292,#1293);
#1292=DIRECTION('',(0,0,-1));
#1293=DIRECTION('',(0.9808731636385997,-0.1946479818893714,0));
#1294=FACE_BOUND('',#1295,.T.);
#1295=EDGE_LOOP('',(#1296,#1297,#1298));
#1296=ORIENTED_EDGE('',*,*,#1299,.T.);
#1297=ORIENTED_EDGE('',*,*,#1300,.T.);
#1298=ORIENTED_EDGE('',*,*,#1301,.T.);
#1299=EDGE_CURVE('',#148,#150,#1302,.F.);
#1300=EDGE_CURVE('',#150,#40,#1303,.T.);
#1301=EDGE_CURVE('',#40,#148,#1304,.T.);
#1302=LINE('',#147,#1305);
#1303=LINE('',#149,#1306);
#1304=LINE('',#39,#1307);
#1305=VECTOR('',#1308,1.0);
#1306=VECTOR('',#1309,1.0);
#1307=VECTOR('',#1310,1.0);
#1308=DIRECTION('',(0.9808731636385997,-0.1946479818893714,0));
#1309=DIRECTION('',(0.3401596330517142,-0.9403677068264963,0));
#1310=DIRECTION('',(-0.3617613548878766,0.9322707343415259,0));
#1311=STYLED_ITEM('',(#18),#1312);
#1312=FACE_SURFACE('',(#1317),#1313,.T.);
#1313=PLANE('',#1314);
#1314=AXIS2_PLACEMENT_3D('',#151,#1315,#1316);
#1315=DIRECTION('',(0,0,-1));
#1316=DIRECTION('',(0.6598537015031939,0.7513940993995986,0));
#1317=FACE_BOUND('',#1318,.T.);
#1318=EDGE_LOOP('',(#1319,#1320,#1321));
#1319=ORIENTED_EDGE('',*,*,#1322,.T.);
#1320=ORIENTED_EDGE('',*,*,#1323,.T.);
#1321=ORIENTED_EDGE('',*,*,#1324,.T.);
#1322=EDGE_CURVE('',#152,#154,#1325,.F.);
#1323=EDGE_CURVE('',#154,#40,#1326,.T.);
#1324=EDGE_CURVE('',#40,#152,#1327,.T.);
#1325=LINE('',#151,#1328);
#1326=LINE('',#153,#1329);
#1327=LINE('',#39,#1330);
#1328=VECTOR('',#1331,1.0);
#1329=VECTOR('',#1332,1.0);
#1330=VECTOR('',#1333,1.0);
#1331=DIRECTION('',(0.6598537015031939,0.7513940993995986,0));
#1332=DIRECTION('',(0.14278123682778457,-0.9897542717310839,0));
#1333=DIRECTION('',(-0.16306334648413032,0.9866156014544857,0));
#1334=STYLED_ITEM('',(#18),#1335);
#1335=FACE_SURFACE('',(#1340),#1336,.T.);
#1336=PLANE('',#1337);
#1337=AXIS2_PLACEMENT_3D('',#155,#1338,#1339);
#1338=DIRECTION('',(0,0,-1));
#1339=DIRECTION('',(0.7513940993995937,0.6598537015031994,0));
#1340=FACE_BOUND('',#1341,.T.);
#1341=EDGE_LOOP('',(#1342,#1343,#1344));
#1342=ORIENTED_EDGE('',*,*,#1345,.T.);
#1343=ORIENTED_EDGE('',*,*,#1346,.T.);
#1344=ORIENTED_EDGE('',*,*,#1347,.T.);
#1345=EDGE_CURVE('',#156,#152,#1348,.F.);
#1346=EDGE_CURVE('',#152,#40,#1349,.T.);
#1347=EDGE_CURVE('',#40,#156,#1350,.T.);
#1348=LINE('',#155,#1351);
#1349=LINE('',#151,#1352);
#1350=LINE('',#39,#1353);
#1351=VECTOR('',#1354,1.0);
#1352=VECTOR('',#1355,1.0);
#1353=VECTOR('',#1356,1.0);
#1354=DIRECTION('',(0.7513940993995937,0.6598537015031994,0));
#1355=DIRECTION('',(0.16306334648413032,-0.9866156014544857,0));
#1356=DIRECTION('',(-0.18594615304638656,0.9825599361704351,0));
#1357=STYLED_ITEM('',(#18),#1358);
#1358=FACE_SURFACE('',(#1363),#1359,.T.);
#1359=PLANE('',#1360);
#1360=AXIS2_PLACEMENT_3D('',#157,#1361,#1362);
#1361=DIRECTION('',(0,0,-1));
#1362=DIRECTION('',(0.8326374333005132,0.5538184762778627,0));
#1363=FACE_BOUND('',#1364,.T.);
#1364=EDGE_LOOP('',(#1365,#1366,#1367));
#1365=ORIENTED_EDGE('',*,*,#1368,.T.);
#1366=ORIENTED_EDGE('',*,*,#1369,.T.);
#1367=ORIENTED_EDGE('',*,*,#1370,.T.);
#1368=EDGE_CURVE('',#158,#156,#1371,.F.);
#1369=EDGE_CURVE('',#156,#40,#1372,.T.);
#1370=EDGE_CURVE('',#40,#158,#1373,.T.);
#1371=LINE('',#157,#1374);
#1372=LINE('',#155,#1375);
#1373=LINE('',#39,#1376);
#1374=VECTOR('',#1377,1.0);
#1375=VECTOR('',#1378,1.0);
#1376=VECTOR('',#1379,1.0);
#1377=DIRECTION('',(0.8326374333005132,0.5538184762778627,0));
#1378=DIRECTION('',(0.18594615304638656,-0.9825599361704351,0));
#1379=DIRECTION('',(-0.2108833330637363,0.9775112377031424,0));
#1380=STYLED_ITEM('',(#18),#1381);
#1381=FACE_SURFACE('',(#1386),#1382,.T.);
#1382=PLANE('',#1383);
#1383=AXIS2_PLACEMENT_3D('',#159,#1384,#1385);
#1384=DIRECTION('',(0,0,-1));
#1385=DIRECTION('',(0.8967049296897817,0.44262881635750234,0));
#1386=FACE_BOUND('',#1387,.T.);
#1387=EDGE_LOOP('',(#1388,#1389,#1390));
#1388=ORIENTED_EDGE('',*,*,#1391,.T.);
#1389=ORIENTED_EDGE('',*,*,#1392,.T.);
#1390=ORIENTED_EDGE('',*,*,#1393,.T.);
#1391=EDGE_CURVE('',#160,#158,#1394,.F.);
#1392=EDGE_CURVE('',#158,#40,#1395,.T.);
#1393=EDGE_CURVE('',#40,#160,#1396,.T.);
#1394=LINE('',#159,#1397);
#1395=LINE('',#157,#1398);
#1396=LINE('',#39,#1399);
#1397=VECTOR('',#1400,1.0);
#1398=VECTOR('',#1401,1.0);
#1399=VECTOR('',#1402,1.0);
#1400=DIRECTION('',(0.8967049296897817,0.44262881635750234,0));
#1401=DIRECTION('',(0.2108833330637363,-0.9775112377031424,0));
#1402=DIRECTION('',(-0.23718592251303963,0.9714642752884114,0));
#1403=STYLED_ITEM('',(#18),#1404);
#1404=FACE_SURFACE('',(#1409),#1405,.T.);
#1405=PLANE('',#1406);
#1406=AXIS2_PLACEMENT_3D('',#161,#1407,#1408);
#1407=DIRECTION('',(0,0,-1));
#1408=DIRECTION('',(0.9471445756278115,0.32080703368039293,0));
#1409=FACE_BOUND('',#1410,.T.);
#1410=EDGE_LOOP('',(#1411,#1412,#1413));
#1411=ORIENTED_EDGE('',*,*,#1414,.T.);
#1412=ORIENTED_EDGE('',*,*,#1415,.T.);
#1413=ORIENTED_EDGE('',*,*,#1416,.T.);
#1414=EDGE_CURVE('',#162,#160,#1417,.F.);
#1415=EDGE_CURVE('',#160,#40,#1418,.T.);
#1416=EDGE_CURVE('',#40,#162,#1419,.T.);
#1417=LINE('',#161,#1420);
#1418=LINE('',#159,#1421);
#1419=LINE('',#39,#1422);
#1420=VECTOR('',#1423,1.0);
#1421=VECTOR('',#1424,1.0);
#1422=VECTOR('',#1425,1.0);
#1423=DIRECTION('',(0.9471445756278115,0.32080703368039293,0));
#1424=DIRECTION('',(0.23718592251303963,-0.9714642752884114,0));
#1425=DIRECTION('',(-0.2640534908985186,0.9645080372626793,0));
#1426=STYLED_ITEM('',(#18),#1427);
#1427=FACE_SURFACE('',(#1432),#1428,.T.);
#1428=PLANE('',#1429);
#1429=AXIS2_PLACEMENT_3D('',#163,#1430,#1431);
#1430=DIRECTION('',(0,0,-1));
#1431=DIRECTION('',(0.9808731636385997,0.1946479818893714,0));
#1432=FACE_BOUND('',#1433,.T.);
#1433=EDGE_LOOP('',(#1434,#1435,#1436));
#1434=ORIENTED_EDGE('',*,*,#1437,.T.);
#1435=ORIENTED_EDGE('',*,*,#1438,.T.);
#1436=ORIENTED_EDGE('',*,*,#1439,.T.);
#1437=EDGE_CURVE('',#164,#162,#1440,.F.);
#1438=EDGE_CURVE('',#162,#40,#1441,.T.);
#1439=EDGE_CURVE('',#40,#164,#1442,.T.);
#1440=LINE('',#163,#1443);
#1441=LINE('',#161,#1444);
#1442=LINE('',#39,#1445);
#1443=VECTOR('',#1446,1.0);
#1444=VECTOR('',#1447,1.0);
#1445=VECTOR('',#1448,1.0);
#1446=DIRECTION('',(0.9808731636385997,0.1946479818893714,0));
#1447=DIRECTION('',(0.2640534908985186,-0.9645080372626793,0));
#1448=DIRECTION('',(-0.29070545660914127,0.9568125926730222,0));
#1449=STYLED_ITEM('',(#18),#1450);
#1450=FACE_SURFACE('',(#1455),#1451,.T.);
#1451=PLANE('',#1452);
#1452=AXIS2_PLACEMENT_3D('',#45,#1453,#1454);
#1453=DIRECTION('',(0,0,-1));
#1454=DIRECTION('',(0.8365330151251231,0.5479165215666255,0));
#1455=FACE_BOUND('',#1456,.T.);
#1456=EDGE_LOOP('',(#1457,#1458,#1459));
#1457=ORIENTED_EDGE('',*,*,#1460,.T.);
#1458=ORIENTED_EDGE('',*,*,#1461,.T.);
#1459=ORIENTED_EDGE('',*,*,#1462,.T.);
#1460=EDGE_CURVE('',#46,#142,#1463,.F.);
#1461=EDGE_CURVE('',#142,#144,#1464,.T.);
#1462=EDGE_CURVE('',#144,#46,#1465,.T.);
#1463=LINE('',#45,#1466);
#1464=LINE('',#141,#1467);
#1465=LINE('',#143,#1468);
#1466=VECTOR('',#1469,1.0);
#1467=VECTOR('',#1470,1.0);
#1468=VECTOR('',#1471,1.0);
#1469=DIRECTION('',(0.8365330151251231,0.5479165215666255,0));
#1470=DIRECTION('',(0.5538184762778627,-0.8326374333005132,0));
#1471=DIRECTION('',(-0.8443060634992312,-0.5358612424298216,0));
#1472=STYLED_ITEM('',(#18),#1473);
#1473=FACE_SURFACE('',(#1478),#1474,.T.);
#1474=PLANE('',#1475);
#1475=AXIS2_PLACEMENT_3D('',#45,#1476,#1477);
#1476=DIRECTION('',(0,0,-1));
#1477=DIRECTION('',(0.4090781761853702,0.9124993401470771,0));
#1478=FACE_BOUND('',#1479,.T.);
#1479=EDGE_LOOP('',(#1480,#1481,#1482));
#1480=ORIENTED_EDGE('',*,*,#1483,.T.);
#1481=ORIENTED_EDGE('',*,*,#1484,.T.);
#1482=ORIENTED_EDGE('',*,*,#1485,.T.);
#1483=EDGE_CURVE('',#46,#138,#1486,.F.);
#1484=EDGE_CURVE('',#138,#142,#1487,.T.);
#1485=EDGE_CURVE('',#142,#46,#1488,.T.);
#1486=LINE('',#45,#1489);
#1487=LINE('',#137,#1490);
#1488=LINE('',#141,#1491);
#1489=VECTOR('',#1492,1.0);
#1490=VECTOR('',#1493,1.0);
#1491=VECTOR('',#1494,1.0);
#1492=DIRECTION('',(0.4090781761853702,0.9124993401470771,0));
#1493=DIRECTION('',(0.9985864397104822,0.05315188074135635,0));
#1494=DIRECTION('',(-0.8365330151251231,-0.5479165215666255,0));
#1495=STYLED_ITEM('',(#18),#1496);
#1496=FACE_SURFACE('',(#1501),#1497,.T.);
#1497=PLANE('',#1498);
#1498=AXIS2_PLACEMENT_3D('',#165,#1499,#1500);
#1499=DIRECTION('',(0,0,-1));
#1500=DIRECTION('',(0.44262881635750634,0.8967049296897797,0));
#1501=FACE_BOUND('',#1502,.T.);
#1502=EDGE_LOOP('',(#1503,#1504,#1505));
#1503=ORIENTED_EDGE('',*,*,#1506,.T.);
#1504=ORIENTED_EDGE('',*,*,#1507,.T.);
#1505=ORIENTED_EDGE('',*,*,#1508,.T.);
#1506=EDGE_CURVE('',#166,#168,#1509,.F.);
#1507=EDGE_CURVE('',#168,#170,#1510,.T.);
#1508=EDGE_CURVE('',#170,#166,#1511,.T.);
#1509=LINE('',#165,#1512);
#1510=LINE('',#167,#1513);
#1511=LINE('',#169,#1514);
#1512=VECTOR('',#1515,1.0);
#1513=VECTOR('',#1516,1.0);
#1514=VECTOR('',#1517,1.0);
#1515=DIRECTION('',(0.44262881635750634,0.8967049296897797,0));
#1516=DIRECTION('',(1,0,0));
#1517=DIRECTION('',(-0.9997455877451799,-0.02255570402458886,0));
#1518=STYLED_ITEM('',(#18),#1519);
#1519=FACE_SURFACE('',(#1524),#1520,.T.);
#1520=PLANE('',#1521);
#1521=AXIS2_PLACEMENT_3D('',#171,#1522,#1523);
#1522=DIRECTION('',(0,0,-1));
#1523=DIRECTION('',(0.19464798188937268,0.9808731636385993,0));
#1524=FACE_BOUND('',#1525,.T.);
#1525=EDGE_LOOP('',(#1526,#1527,#1528));
#1526=ORIENTED_EDGE('',*,*,#1529,.T.);
#1527=ORIENTED_EDGE('',*,*,#1530,.T.);
#1528=ORIENTED_EDGE('',*,*,#1531,.T.);
#1529=EDGE_CURVE('',#172,#174,#1532,.F.);
#1530=EDGE_CURVE('',#174,#176,#1533,.T.);
#1531=EDGE_CURVE('',#176,#172,#1534,.T.);
#1532=LINE('',#171,#1535);
#1533=LINE('',#173,#1536);
#1534=LINE('',#175,#1537);
#1535=VECTOR('',#1538,1.0);
#1536=VECTOR('',#1539,1.0);
#1537=VECTOR('',#1540,1.0);
#1538=DIRECTION('',(0.19464798188937268,0.9808731636385993,0));
#1539=DIRECTION('',(0.9996751989739777,-0.025485222312896735,0));
#1540=DIRECTION('',(-1,0,0));
#1541=STYLED_ITEM('',(#18),#1542);
#1542=FACE_SURFACE('',(#1547),#1543,.T.);
#1543=PLANE('',#1544);
#1544=AXIS2_PLACEMENT_3D('',#175,#1545,#1546);
#1545=DIRECTION('',(-0,-0,-1));
#1546=DIRECTION('',(0.3208070336803868,-0.9471445756278137,0));
#1547=FACE_BOUND('',#1548,.T.);
#1548=EDGE_LOOP('',(#1549,#1550,#1551));
#1549=ORIENTED_EDGE('',*,*,#1552,.T.);
#1550=ORIENTED_EDGE('',*,*,#1553,.T.);
#1551=ORIENTED_EDGE('',*,*,#1554,.T.);
#1552=EDGE_CURVE('',#176,#170,#1555,.F.);
#1553=EDGE_CURVE('',#170,#172,#1556,.T.);
#1554=EDGE_CURVE('',#172,#176,#1557,.T.);
#1555=LINE('',#175,#1558);
#1556=LINE('',#169,#1559);
#1557=LINE('',#171,#1560);
#1558=VECTOR('',#1561,1.0);
#1559=VECTOR('',#1562,1.0);
#1560=VECTOR('',#1563,1.0);
#1561=DIRECTION('',(0.3208070336803868,-0.9471445756278137,0));
#1562=DIRECTION('',(-0.9997054766716403,0.02426849630134759,0));
#1563=DIRECTION('',(1,0,0));
#1564=STYLED_ITEM('',(#18),#1565);
#1565=FACE_SURFACE('',(#1570),#1566,.T.);
#1566=PLANE('',#1567);
#1567=AXIS2_PLACEMENT_3D('',#177,#1568,#1569);
#1568=DIRECTION('',(-0,0,1));
#1569=DIRECTION('',(0.18594615304638656,-0.9825599361704351,0));
#1570=FACE_BOUND('',#1571,.T.);
#1571=EDGE_LOOP('',(#1572,#1573,#1574));
#1572=ORIENTED_EDGE('',*,*,#1575,.T.);
#1573=ORIENTED_EDGE('',*,*,#1576,.T.);
#1574=ORIENTED_EDGE('',*,*,#1577,.T.);
#1575=EDGE_CURVE('',#178,#34,#1578,.F.);
#1576=EDGE_CURVE('',#34,#120,#1579,.T.);
#1577=EDGE_CURVE('',#120,#178,#1580,.T.);
#1578=LINE('',#177,#1581);
#1579=LINE('',#33,#1582);
#1580=LINE('',#119,#1583);
#1581=VECTOR('',#1584,1.0);
#1582=VECTOR('',#1585,1.0);
#1583=VECTOR('',#1586,1.0);
#1584=DIRECTION('',(0.18594615304638656,-0.9825599361704351,0));
#1585=DIRECTION('',(-0.16306334648413032,0.9866156014544857,0));
#1586=DIRECTION('',(-0.7513940993995937,-0.6598537015031994,0));
#1587=STYLED_ITEM('',(#18),#1588);
#1588=FACE_SURFACE('',(#1593),#1589,.T.);
#1589=PLANE('',#1590);
#1590=AXIS2_PLACEMENT_3D('',#179,#1591,#1592);
#1591=DIRECTION('',(-0,0,1));
#1592=DIRECTION('',(0.2108833330637363,-0.9775112377031424,0));
#1593=FACE_BOUND('',#1594,.T.);
#1594=EDGE_LOOP('',(#1595,#1596,#1597));
#1595=ORIENTED_EDGE('',*,*,#1598,.T.);
#1596=ORIENTED_EDGE('',*,*,#1599,.T.);
#1597=ORIENTED_EDGE('',*,*,#1600,.T.);
#1598=EDGE_CURVE('',#180,#34,#1601,.F.);
#1599=EDGE_CURVE('',#34,#178,#1602,.T.);
#1600=EDGE_CURVE('',#178,#180,#1603,.T.);
#1601=LINE('',#179,#1604);
#1602=LINE('',#33,#1605);
#1603=LINE('',#177,#1606);
#1604=VECTOR('',#1607,1.0);
#1605=VECTOR('',#1608,1.0);
#1606=VECTOR('',#1609,1.0);
#1607=DIRECTION('',(0.2108833330637363,-0.9775112377031424,0));
#1608=DIRECTION('',(-0.18594615304638656,0.9825599361704351,0));
#1609=DIRECTION('',(-0.8326374333005132,-0.5538184762778627,0));
#1610=STYLED_ITEM('',(#18),#1611);
#1611=FACE_SURFACE('',(#1616),#1612,.T.);
#1612=PLANE('',#1613);
#1613=AXIS2_PLACEMENT_3D('',#181,#1614,#1615);
#1614=DIRECTION('',(-0,0,1));
#1615=DIRECTION('',(0.23718592251303963,-0.9714642752884114,0));
#1616=FACE_BOUND('',#1617,.T.);
#1617=EDGE_LOOP('',(#1618,#1619,#1620));
#1618=ORIENTED_EDGE('',*,*,#1621,.T.);
#1619=ORIENTED_EDGE('',*,*,#1622,.T.);
#1620=ORIENTED_EDGE('',*,*,#1623,.T.);
#1621=EDGE_CURVE('',#182,#34,#1624,.F.);
#1622=EDGE_CURVE('',#34,#180,#1625,.T.);
#1623=EDGE_CURVE('',#180,#182,#1626,.T.);
#1624=LINE('',#181,#1627);
#1625=LINE('',#33,#1628);
#1626=LINE('',#179,#1629);
#1627=VECTOR('',#1630,1.0);
#1628=VECTOR('',#1631,1.0);
#1629=VECTOR('',#1632,1.0);
#1630=DIRECTION('',(0.23718592251303963,-0.9714642752884114,0));
#1631=DIRECTION('',(-0.2108833330637363,0.9775112377031424,0));
#1632=DIRECTION('',(-0.8967049296897817,-0.44262881635750234,0));
#1633=STYLED_ITEM('',(#18),#1634);
#1634=FACE_SURFACE('',(#1639),#1635,.T.);
#1635=PLANE('',#1636);
#1636=AXIS2_PLACEMENT_3D('',#183,#1637,#1638);
#1637=DIRECTION('',(-0,0,1));
#1638=DIRECTION('',(0.29070545660914127,-0.9568125926730222,0));
#1639=FACE_BOUND('',#1640,.T.);
#1640=EDGE_LOOP('',(#1641,#1642,#1643));
#1641=ORIENTED_EDGE('',*,*,#1644,.T.);
#1642=ORIENTED_EDGE('',*,*,#1645,.T.);
#1643=ORIENTED_EDGE('',*,*,#1646,.T.);
#1644=EDGE_CURVE('',#184,#34,#1647,.F.);
#1645=EDGE_CURVE('',#34,#186,#1648,.T.);
#1646=EDGE_CURVE('',#186,#184,#1649,.T.);
#1647=LINE('',#183,#1650);
#1648=LINE('',#33,#1651);
#1649=LINE('',#185,#1652);
#1650=VECTOR('',#1653,1.0);
#1651=VECTOR('',#1654,1.0);
#1652=VECTOR('',#1655,1.0);
#1653=DIRECTION('',(0.29070545660914127,-0.9568125926730222,0));
#1654=DIRECTION('',(-0.2640534908985186,0.9645080372626793,0));
#1655=DIRECTION('',(-0.9808731636385997,-0.1946479818893714,0));
#1656=STYLED_ITEM('',(#18),#1657);
#1657=FACE_SURFACE('',(#1662),#1658,.T.);
#1658=PLANE('',#1659);
#1659=AXIS2_PLACEMENT_3D('',#187,#1660,#1661);
#1660=DIRECTION('',(0,0,1));
#1661=DIRECTION('',(0.19464798188937268,-0.9808731636385993,0));
#1662=FACE_BOUND('',#1663,.T.);
#1663=EDGE_LOOP('',(#1664,#1665,#1666));
#1664=ORIENTED_EDGE('',*,*,#1667,.T.);
#1665=ORIENTED_EDGE('',*,*,#1668,.T.);
#1666=ORIENTED_EDGE('',*,*,#1669,.T.);
#1667=EDGE_CURVE('',#188,#70,#1670,.F.);
#1668=EDGE_CURVE('',#70,#74,#1671,.T.);
#1669=EDGE_CURVE('',#74,#188,#1672,.T.);
#1670=LINE('',#187,#1673);
#1671=LINE('',#69,#1674);
#1672=LINE('',#73,#1675);
#1673=VECTOR('',#1676,1.0);
#1674=VECTOR('',#1677,1.0);
#1675=VECTOR('',#1678,1.0);
#1676=DIRECTION('',(0.19464798188937268,-0.9808731636385993,0));
#1677=DIRECTION('',(1,0,0));
#1678=DIRECTION('',(-0.9996751989739777,0.025485222312896735,0));
#1679=STYLED_ITEM('',(#18),#1680);
#1680=FACE_SURFACE('',(#1685),#1681,.T.);
#1681=PLANE('',#1682);
#1682=AXIS2_PLACEMENT_3D('',#93,#1683,#1684);
#1683=DIRECTION('',(0,-0,1));
#1684=DIRECTION('',(0.06499637357340737,0.9978855001563588,0));
#1685=FACE_BOUND('',#1686,.T.);
#1686=EDGE_LOOP('',(#1687,#1688,#1689));
#1687=ORIENTED_EDGE('',*,*,#1690,.T.);
#1688=ORIENTED_EDGE('',*,*,#1691,.T.);
#1689=ORIENTED_EDGE('',*,*,#1692,.T.);
#1690=EDGE_CURVE('',#94,#74,#1693,.F.);
#1691=EDGE_CURVE('',#74,#72,#1694,.T.);
#1692=EDGE_CURVE('',#72,#94,#1695,.T.);
#1693=LINE('',#93,#1696);
#1694=LINE('',#73,#1697);
#1695=LINE('',#71,#1698);
#1696=VECTOR('',#1699,1.0);
#1697=VECTOR('',#1700,1.0);
#1698=VECTOR('',#1701,1.0);
#1699=DIRECTION('',(0.06499637357340737,0.9978855001563588,0));
#1700=DIRECTION('',(-0.9996603840697823,-0.026059864187196694,0));
#1701=DIRECTION('',(1,0,0));
#1702=STYLED_ITEM('',(#18),#1703);
#1703=FACE_SURFACE('',(#1708),#1704,.T.);
#1704=PLANE('',#1705);
#1705=AXIS2_PLACEMENT_3D('',#189,#1706,#1707);
#1706=DIRECTION('',(0,0,1));
#1707=DIRECTION('',(0.3208070336803899,-0.9471445756278127,0));
#1708=FACE_BOUND('',#1709,.T.);
#1709=EDGE_LOOP('',(#1710,#1711,#1712));
#1710=ORIENTED_EDGE('',*,*,#1713,.T.);
#1711=ORIENTED_EDGE('',*,*,#1714,.T.);
#1712=ORIENTED_EDGE('',*,*,#1715,.T.);
#1713=EDGE_CURVE('',#190,#188,#1716,.F.);
#1714=EDGE_CURVE('',#188,#74,#1717,.T.);
#1715=EDGE_CURVE('',#74,#190,#1718,.T.);
#1716=LINE('',#189,#1719);
#1717=LINE('',#187,#1720);
#1718=LINE('',#73,#1721);
#1719=VECTOR('',#1722,1.0);
#1720=VECTOR('',#1723,1.0);
#1721=VECTOR('',#1724,1.0);
#1722=DIRECTION('',(0.3208070336803899,-0.9471445756278127,0));
#1723=DIRECTION('',(0.9996751989739777,-0.025485222312896735,0));
#1724=DIRECTION('',(-0.9987682148012483,0.049619080027017246,0));
#1725=STYLED_ITEM('',(#18),#1726);
#1726=FACE_SURFACE('',(#1731),#1727,.T.);
#1727=PLANE('',#1728);
#1728=AXIS2_PLACEMENT_3D('',#191,#1729,#1730);
#1729=DIRECTION('',(0,0,1));
#1730=DIRECTION('',(0.4426288163575071,-0.8967049296897794,0));
#1731=FACE_BOUND('',#1732,.T.);
#1732=EDGE_LOOP('',(#1733,#1734,#1735));
#1733=ORIENTED_EDGE('',*,*,#1736,.T.);
#1734=ORIENTED_EDGE('',*,*,#1737,.T.);
#1735=ORIENTED_EDGE('',*,*,#1738,.T.);
#1736=EDGE_CURVE('',#192,#190,#1739,.F.);
#1737=EDGE_CURVE('',#190,#74,#1740,.T.);
#1738=EDGE_CURVE('',#74,#192,#1741,.T.);
#1739=LINE('',#191,#1742);
#1740=LINE('',#189,#1743);
#1741=LINE('',#73,#1744);
#1742=VECTOR('',#1745,1.0);
#1743=VECTOR('',#1746,1.0);
#1744=VECTOR('',#1747,1.0);
#1745=DIRECTION('',(0.4426288163575071,-0.8967049296897794,0));
#1746=DIRECTION('',(0.9987682148012483,-0.049619080027017246,0));
#1747=DIRECTION('',(-0.9974196463002151,0.07179170686335559,0));
#1748=STYLED_ITEM('',(#18),#1749);
#1749=FACE_SURFACE('',(#1754),#1750,.T.);
#1750=PLANE('',#1751);
#1751=AXIS2_PLACEMENT_3D('',#67,#1752,#1753);
#1752=DIRECTION('',(0,0,1));
#1753=DIRECTION('',(0.5538184762778623,-0.8326374333005133,0));
#1754=FACE_BOUND('',#1755,.T.);
#1755=EDGE_LOOP('',(#1756,#1757,#1758));
#1756=ORIENTED_EDGE('',*,*,#1759,.T.);
#1757=ORIENTED_EDGE('',*,*,#1760,.T.);
#1758=ORIENTED_EDGE('',*,*,#1761,.T.);
#1759=EDGE_CURVE('',#68,#192,#1762,.F.);
#1760=EDGE_CURVE('',#192,#74,#1763,.T.);
#1761=EDGE_CURVE('',#74,#68,#1764,.T.);
#1762=LINE('',#67,#1765);
#1763=LINE('',#191,#1766);
#1764=LINE('',#73,#1767);
#1765=VECTOR('',#1768,1.0);
#1766=VECTOR('',#1769,1.0);
#1767=VECTOR('',#1770,1.0);
#1768=DIRECTION('',(0.5538184762778623,-0.8326374333005133,0));
#1769=DIRECTION('',(0.9974196463002151,-0.07179170686335559,0));
#1770=DIRECTION('',(-0.9958050565296029,0.09150021524605406,0));
#1771=STYLED_ITEM('',(#18),#1772);
#1772=FACE_SURFACE('',(#1777),#1773,.T.);
#1773=PLANE('',#1774);
#1774=AXIS2_PLACEMENT_3D('',#111,#1775,#1776);
#1775=DIRECTION('',(0,0,1));
#1776=DIRECTION('',(-0.9856731291009959,0.1686667796818672,0));
#1777=FACE_BOUND('',#1778,.T.);
#1778=EDGE_LOOP('',(#1779,#1780,#1781));
#1779=ORIENTED_EDGE('',*,*,#1782,.T.);
#1780=ORIENTED_EDGE('',*,*,#1783,.T.);
#1781=ORIENTED_EDGE('',*,*,#1784,.T.);
#1782=EDGE_CURVE('',#112,#52,#1785,.F.);
#1783=EDGE_CURVE('',#52,#118,#1786,.T.);
#1784=EDGE_CURVE('',#118,#112,#1787,.T.);
#1785=LINE('',#111,#1788);
#1786=LINE('',#51,#1789);
#1787=LINE('',#117,#1790);
#1788=VECTOR('',#1791,1.0);
#1789=VECTOR('',#1792,1.0);
#1790=VECTOR('',#1793,1.0);
#1791=DIRECTION('',(-0.9856731291009959,0.1686667796818672,0));
#1792=DIRECTION('',(0.9815541152988354,-0.19118451490620403,0));
#1793=DIRECTION('',(0.5538184762778623,0.8326374333005133,0));
#1794=STYLED_ITEM('',(#18),#1795);
#1795=FACE_SURFACE('',(#1800),#1796,.T.);
#1796=PLANE('',#1797);
#1797=AXIS2_PLACEMENT_3D('',#115,#1798,#1799);
#1798=DIRECTION('',(0,0,1));
#1799=DIRECTION('',(-0.9915392546723694,0.1298071894918086,0));
#1800=FACE_BOUND('',#1801,.T.);
#1801=EDGE_LOOP('',(#1802,#1803,#1804));
#1802=ORIENTED_EDGE('',*,*,#1805,.T.);
#1803=ORIENTED_EDGE('',*,*,#1806,.T.);
#1804=ORIENTED_EDGE('',*,*,#1807,.T.);
#1805=EDGE_CURVE('',#116,#52,#1808,.F.);
#1806=EDGE_CURVE('',#52,#110,#1809,.T.);
#1807=EDGE_CURVE('',#110,#116,#1810,.T.);
#1808=LINE('',#115,#1811);
#1809=LINE('',#51,#1812);
#1810=LINE('',#109,#1813);
#1811=VECTOR('',#1814,1.0);
#1812=VECTOR('',#1815,1.0);
#1813=VECTOR('',#1816,1.0);
#1814=DIRECTION('',(-0.9915392546723694,0.1298071894918086,0));
#1815=DIRECTION('',(0.9889795025267896,-0.1480525027882464,0));
#1816=DIRECTION('',(0.7513940993995967,0.659853701503196,0));
#1817=STYLED_ITEM('',(#18),#1818);
#1818=FACE_SURFACE('',(#1823),#1819,.T.);
#1819=PLANE('',#1820);
#1820=AXIS2_PLACEMENT_3D('',#193,#1821,#1822);
#1821=DIRECTION('',(0,0,1));
#1822=DIRECTION('',(-0.9947984829598499,0.10186254611377679,0));
#1823=FACE_BOUND('',#1824,.T.);
#1824=EDGE_LOOP('',(#1825,#1826,#1827));
#1825=ORIENTED_EDGE('',*,*,#1828,.T.);
#1826=ORIENTED_EDGE('',*,*,#1829,.T.);
#1827=ORIENTED_EDGE('',*,*,#1830,.T.);
#1828=EDGE_CURVE('',#194,#52,#1831,.F.);
#1829=EDGE_CURVE('',#52,#114,#1832,.T.);
#1830=EDGE_CURVE('',#114,#194,#1833,.T.);
#1831=LINE('',#193,#1834);
#1832=LINE('',#51,#1835);
#1833=LINE('',#113,#1836);
#1834=VECTOR('',#1837,1.0);
#1835=VECTOR('',#1838,1.0);
#1836=VECTOR('',#1839,1.0);
#1837=DIRECTION('',(-0.9947984829598499,0.10186254611377679,0));
#1838=DIRECTION('',(0.9934373936476852,-0.11437720447053197,0));
#1839=DIRECTION('',(0.8967049296897799,0.44262881635750645,0));
#1840=STYLED_ITEM('',(#18),#1841);
#1841=FACE_SURFACE('',(#1846),#1842,.T.);
#1842=PLANE('',#1843);
#1843=AXIS2_PLACEMENT_3D('',#195,#1844,#1845);
#1844=DIRECTION('',(0,-0,1));
#1845=DIRECTION('',(0.34748160035237025,0.937686801344967,0));
#1846=FACE_BOUND('',#1847,.T.);
#1847=EDGE_LOOP('',(#1848,#1849,#1850));
#1848=ORIENTED_EDGE('',*,*,#1851,.T.);
#1849=ORIENTED_EDGE('',*,*,#1852,.T.);
#1850=ORIENTED_EDGE('',*,*,#1853,.T.);
#1851=EDGE_CURVE('',#196,#38,#1854,.F.);
#1852=EDGE_CURVE('',#38,#198,#1855,.T.);
#1853=EDGE_CURVE('',#198,#196,#1856,.T.);
#1854=LINE('',#195,#1857);
#1855=LINE('',#37,#1858);
#1856=LINE('',#197,#1859);
#1857=VECTOR('',#1860,1.0);
#1858=VECTOR('',#1861,1.0);
#1859=VECTOR('',#1862,1.0);
#1860=DIRECTION('',(0.34748160035237025,0.937686801344967,0));
#1861=DIRECTION('',(-0.3946340499425793,-0.9188383789469821,0));
#1862=DIRECTION('',(0.19464798188936616,-0.9808731636386006,0));
#1863=STYLED_ITEM('',(#18),#1864);
#1864=FACE_SURFACE('',(#1869),#1865,.T.);
#1865=PLANE('',#1866);
#1866=AXIS2_PLACEMENT_3D('',#199,#1867,#1868);
#1867=DIRECTION('',(-0,0,1));
#1868=DIRECTION('',(0.3208070336803868,-0.9471445756278137,0));
#1869=FACE_BOUND('',#1870,.T.);
#1870=EDGE_LOOP('',(#1871,#1872,#1873));
#1871=ORIENTED_EDGE('',*,*,#1874,.T.);
#1872=ORIENTED_EDGE('',*,*,#1875,.T.);
#1873=ORIENTED_EDGE('',*,*,#1876,.T.);
#1874=EDGE_CURVE('',#200,#198,#1877,.F.);
#1875=EDGE_CURVE('',#198,#38,#1878,.T.);
#1876=EDGE_CURVE('',#38,#200,#1879,.T.);
#1877=LINE('',#199,#1880);
#1878=LINE('',#197,#1881);
#1879=LINE('',#37,#1882);
#1880=VECTOR('',#1883,1.0);
#1881=VECTOR('',#1884,1.0);
#1882=VECTOR('',#1885,1.0);
#1883=DIRECTION('',(0.3208070336803868,-0.9471445756278137,0));
#1884=DIRECTION('',(0.3946340499425793,0.9188383789469821,0));
#1885=DIRECTION('',(-0.4576897013140229,-0.8891119936830683,0));
#1886=STYLED_ITEM('',(#18),#1887);
#1887=FACE_SURFACE('',(#1892),#1888,.T.);
#1888=PLANE('',#1889);
#1889=AXIS2_PLACEMENT_3D('',#201,#1890,#1891);
#1890=DIRECTION('',(0,-0,1));
#1891=DIRECTION('',(0.31537356702429653,0.9489676038845434,0));
#1892=FACE_BOUND('',#1893,.T.);
#1893=EDGE_LOOP('',(#1894,#1895,#1896));
#1894=ORIENTED_EDGE('',*,*,#1897,.T.);
#1895=ORIENTED_EDGE('',*,*,#1898,.T.);
#1896=ORIENTED_EDGE('',*,*,#1899,.T.);
#1897=EDGE_CURVE('',#202,#38,#1900,.F.);
#1898=EDGE_CURVE('',#38,#196,#1901,.T.);
#1899=EDGE_CURVE('',#196,#202,#1902,.T.);
#1900=LINE('',#201,#1903);
#1901=LINE('',#37,#1904);
#1902=LINE('',#195,#1905);
#1903=VECTOR('',#1906,1.0);
#1904=VECTOR('',#1907,1.0);
#1905=VECTOR('',#1908,1.0);
#1906=DIRECTION('',(0.31537356702429653,0.9489676038845434,0));
#1907=DIRECTION('',(-0.34748160035237025,-0.937686801344967,0));
#1908=DIRECTION('',(0.06880209161538071,-0.9976303284229832,0));
#1909=STYLED_ITEM('',(#18),#1910);
#1910=FACE_SURFACE('',(#1915),#1911,.T.);
#1911=PLANE('',#1912);
#1912=AXIS2_PLACEMENT_3D('',#203,#1913,#1914);
#1913=DIRECTION('',(0,0,1));
#1914=DIRECTION('',(-0.5538184762778721,-0.8326374333005069,0));
#1915=FACE_BOUND('',#1916,.T.);
#1916=EDGE_LOOP('',(#1917,#1918,#1919));
#1917=ORIENTED_EDGE('',*,*,#1920,.T.);
#1918=ORIENTED_EDGE('',*,*,#1921,.T.);
#1919=ORIENTED_EDGE('',*,*,#1922,.T.);
#1920=EDGE_CURVE('',#204,#122,#1923,.F.);
#1921=EDGE_CURVE('',#122,#34,#1924,.T.);
#1922=EDGE_CURVE('',#34,#204,#1925,.T.);
#1923=LINE('',#203,#1926);
#1924=LINE('',#121,#1927);
#1925=LINE('',#33,#1928);
#1926=VECTOR('',#1929,1.0);
#1927=VECTOR('',#1930,1.0);
#1928=VECTOR('',#1931,1.0);
#1929=DIRECTION('',(-0.5538184762778721,-0.8326374333005069,0));
#1930=DIRECTION('',(0.14278123682778457,-0.9897542717310839,0));
#1931=DIRECTION('',(-0.12560985315167142,0.9920797169538421,0));
#1932=STYLED_ITEM('',(#18),#1933);
#1933=FACE_SURFACE('',(#1938),#1934,.T.);
#1934=PLANE('',#1935);
#1935=AXIS2_PLACEMENT_3D('',#205,#1936,#1937);
#1936=DIRECTION('',(0,0,1));
#1937=DIRECTION('',(-0.44262881635750634,-0.8967049296897797,0));
#1938=FACE_BOUND('',#1939,.T.);
#1939=EDGE_LOOP('',(#1940,#1941,#1942));
#1940=ORIENTED_EDGE('',*,*,#1943,.T.);
#1941=ORIENTED_EDGE('',*,*,#1944,.T.);
#1942=ORIENTED_EDGE('',*,*,#1945,.T.);
#1943=EDGE_CURVE('',#206,#204,#1946,.F.);
#1944=EDGE_CURVE('',#204,#34,#1947,.T.);
#1945=EDGE_CURVE('',#34,#206,#1948,.T.);
#1946=LINE('',#205,#1949);
#1947=LINE('',#203,#1950);
#1948=LINE('',#33,#1951);
#1949=VECTOR('',#1952,1.0);
#1950=VECTOR('',#1953,1.0);
#1951=VECTOR('',#1954,1.0);
#1952=DIRECTION('',(-0.44262881635750634,-0.8967049296897797,0));
#1953=DIRECTION('',(0.12560985315167142,-0.9920797169538421,0));
#1954=DIRECTION('',(-0.11166771953052425,0.9937456014568579,0));
#1955=STYLED_ITEM('',(#18),#1956);
#1956=FACE_SURFACE('',(#1961),#1957,.T.);
#1957=PLANE('',#1958);
#1958=AXIS2_PLACEMENT_3D('',#207,#1959,#1960);
#1959=DIRECTION('',(0,0,1));
#1960=DIRECTION('',(-0.3208070336803868,-0.9471445756278137,0));
#1961=FACE_BOUND('',#1962,.T.);
#1962=EDGE_LOOP('',(#1963,#1964,#1965));
#1963=ORIENTED_EDGE('',*,*,#1966,.T.);
#1964=ORIENTED_EDGE('',*,*,#1967,.T.);
#1965=ORIENTED_EDGE('',*,*,#1968,.T.);
#1966=EDGE_CURVE('',#208,#206,#1969,.F.);
#1967=EDGE_CURVE('',#206,#34,#1970,.T.);
#1968=EDGE_CURVE('',#34,#208,#1971,.T.);
#1969=LINE('',#207,#1972);
#1970=LINE('',#205,#1973);
#1971=LINE('',#33,#1974);
#1972=VECTOR('',#1975,1.0);
#1973=VECTOR('',#1976,1.0);
#1974=VECTOR('',#1977,1.0);
#1975=DIRECTION('',(-0.3208070336803868,-0.9471445756278137,0));
#1976=DIRECTION('',(0.11166771953052425,-0.9937456014568579,0));
#1977=DIRECTION('',(-0.10117628652289613,0.9948685134455894,0));
#1978=STYLED_ITEM('',(#18),#1979);
#1979=FACE_SURFACE('',(#1984),#1980,.T.);
#1980=PLANE('',#1981);
#1981=AXIS2_PLACEMENT_3D('',#209,#1982,#1983);
#1982=DIRECTION('',(0,0,1));
#1983=DIRECTION('',(-0.9962809341979599,0.08616437868191285,0));
#1984=FACE_BOUND('',#1985,.T.);
#1985=EDGE_LOOP('',(#1986,#1987,#1988));
#1986=ORIENTED_EDGE('',*,*,#1989,.T.);
#1987=ORIENTED_EDGE('',*,*,#1990,.T.);
#1988=ORIENTED_EDGE('',*,*,#1991,.T.);
#1989=EDGE_CURVE('',#210,#52,#1992,.F.);
#1990=EDGE_CURVE('',#52,#212,#1993,.T.);
#1991=EDGE_CURVE('',#212,#210,#1994,.T.);
#1992=LINE('',#209,#1995);
#1993=LINE('',#51,#1996);
#1994=LINE('',#211,#1997);
#1995=VECTOR('',#1998,1.0);
#1996=VECTOR('',#1999,1.0);
#1997=VECTOR('',#2000,1.0);
#1998=DIRECTION('',(-0.9962809341979599,0.08616437868191285,0));
#1999=DIRECTION('',(0.9957157150969019,-0.09246737105090144,0));
#2000=DIRECTION('',(0.9808731636385997,0.1946479818893714,0));
#2001=STYLED_ITEM('',(#18),#2002);
#2002=FACE_SURFACE('',(#2007),#2003,.T.);
#2003=PLANE('',#2004);
#2004=AXIS2_PLACEMENT_3D('',#193,#2005,#2006);
#2005=DIRECTION('',(0,-0,1));
#2006=DIRECTION('',(0.9471445756278124,0.32080703368039065,0));
#2007=FACE_BOUND('',#2008,.T.);
#2008=EDGE_LOOP('',(#2009,#2010,#2011));
#2009=ORIENTED_EDGE('',*,*,#2012,.T.);
#2010=ORIENTED_EDGE('',*,*,#2013,.T.);
#2011=ORIENTED_EDGE('',*,*,#2014,.T.);
#2012=EDGE_CURVE('',#194,#212,#2015,.F.);
#2013=EDGE_CURVE('',#212,#52,#2016,.T.);
#2014=EDGE_CURVE('',#52,#194,#2017,.T.);
#2015=LINE('',#193,#2018);
#2016=LINE('',#211,#2019);
#2017=LINE('',#51,#2020);
#2018=VECTOR('',#2021,1.0);
#2019=VECTOR('',#2022,1.0);
#2020=VECTOR('',#2023,1.0);
#2021=DIRECTION('',(0.9471445756278124,0.32080703368039065,0));
#2022=DIRECTION('',(-0.9957157150969019,0.09246737105090144,0));
#2023=DIRECTION('',(0.9947984829598499,-0.10186254611377679,0));
#2024=STYLED_ITEM('',(#18),#2025);
#2025=FACE_SURFACE('',(#2030),#2026,.T.);
#2026=PLANE('',#2027);
#2027=AXIS2_PLACEMENT_3D('',#213,#2028,#2029);
#2028=DIRECTION('',(0,-0,1));
#2029=DIRECTION('',(0.9488729017996006,0.31565838533200047,0));
#2030=FACE_BOUND('',#2031,.T.);
#2031=EDGE_LOOP('',(#2032,#2033,#2034));
#2032=ORIENTED_EDGE('',*,*,#2035,.T.);
#2033=ORIENTED_EDGE('',*,*,#2036,.T.);
#2034=ORIENTED_EDGE('',*,*,#2037,.T.);
#2035=EDGE_CURVE('',#214,#38,#2038,.F.);
#2036=EDGE_CURVE('',#38,#210,#2039,.T.);
#2037=EDGE_CURVE('',#210,#214,#2040,.T.);
#2038=LINE('',#213,#2041);
#2039=LINE('',#37,#2042);
#2040=LINE('',#209,#2043);
#2041=VECTOR('',#2044,1.0);
#2042=VECTOR('',#2045,1.0);
#2043=VECTOR('',#2046,1.0);
#2044=DIRECTION('',(0.9488729017996006,0.31565838533200047,0));
#2045=DIRECTION('',(-0.9548180095595968,-0.29719113146365866,0));
#2046=DIRECTION('',(0.997885500156359,0.06499637357340252,0));
#2047=STYLED_ITEM('',(#18),#2048);
#2048=FACE_SURFACE('',(#2053),#2049,.T.);
#2049=PLANE('',#2050);
#2050=AXIS2_PLACEMENT_3D('',#215,#2051,#2052);
#2051=DIRECTION('',(0,-0,1));
#2052=DIRECTION('',(0.8891119936830681,0.4576897013140231,0));
#2053=FACE_BOUND('',#2054,.T.);
#2054=EDGE_LOOP('',(#2055,#2056,#2057));
#2055=ORIENTED_EDGE('',*,*,#2058,.T.);
#2056=ORIENTED_EDGE('',*,*,#2059,.T.);
#2057=ORIENTED_EDGE('',*,*,#2060,.T.);
#2058=EDGE_CURVE('',#216,#38,#2061,.F.);
#2059=EDGE_CURVE('',#38,#218,#2062,.T.);
#2060=EDGE_CURVE('',#218,#216,#2063,.T.);
#2061=LINE('',#215,#2064);
#2062=LINE('',#37,#2065);
#2063=LINE('',#217,#2066);
#2064=VECTOR('',#2067,1.0);
#2065=VECTOR('',#2068,1.0);
#2066=VECTOR('',#2069,1.0);
#2067=DIRECTION('',(0.8891119936830681,0.4576897013140231,0));
#2068=DIRECTION('',(-0.9188383789469818,-0.3946340499425798,0));
#2069=DIRECTION('',(0.9471445756278124,-0.32080703368039065,0));
#2070=STYLED_ITEM('',(#18),#2071);
#2071=FACE_SURFACE('',(#2076),#2072,.T.);
#2072=PLANE('',#2073);
#2073=AXIS2_PLACEMENT_3D('',#219,#2074,#2075);
#2074=DIRECTION('',(0,-0,1));
#2075=DIRECTION('',(0.8448254433426448,0.5350420266492191,0));
#2076=FACE_BOUND('',#2077,.T.);
#2077=EDGE_LOOP('',(#2078,#2079,#2080));
#2078=ORIENTED_EDGE('',*,*,#2081,.T.);
#2079=ORIENTED_EDGE('',*,*,#2082,.T.);
#2080=ORIENTED_EDGE('',*,*,#2083,.T.);
#2081=EDGE_CURVE('',#220,#38,#2084,.F.);
#2082=EDGE_CURVE('',#38,#216,#2085,.T.);
#2083=EDGE_CURVE('',#216,#220,#2086,.T.);
#2084=LINE('',#219,#2087);
#2085=LINE('',#37,#2088);
#2086=LINE('',#215,#2089);
#2087=VECTOR('',#2090,1.0);
#2088=VECTOR('',#2091,1.0);
#2089=VECTOR('',#2092,1.0);
#2090=DIRECTION('',(0.8448254433426448,0.5350420266492191,0));
#2091=DIRECTION('',(-0.8891119936830681,-0.4576897013140231,0));
#2092=DIRECTION('',(0.8967049296897811,-0.44262881635750373,0));
#2093=STYLED_ITEM('',(#18),#2094);
#2094=FACE_SURFACE('',(#2099),#2095,.T.);
#2095=PLANE('',#2096);
#2096=AXIS2_PLACEMENT_3D('',#221,#2097,#2098);
#2097=DIRECTION('',(0,-0,1));
#2098=DIRECTION('',(0.7838226695251528,0.6209847202133584,0));
#2099=FACE_BOUND('',#2100,.T.);
#2100=EDGE_LOOP('',(#2101,#2102,#2103));
#2101=ORIENTED_EDGE('',*,*,#2104,.T.);
#2102=ORIENTED_EDGE('',*,*,#2105,.T.);
#2103=ORIENTED_EDGE('',*,*,#2106,.T.);
#2104=EDGE_CURVE('',#222,#38,#2107,.F.);
#2105=EDGE_CURVE('',#38,#220,#2108,.T.);
#2106=EDGE_CURVE('',#220,#222,#2109,.T.);
#2107=LINE('',#221,#2110);
#2108=LINE('',#37,#2111);
#2109=LINE('',#219,#2112);
#2110=VECTOR('',#2113,1.0);
#2111=VECTOR('',#2114,1.0);
#2112=VECTOR('',#2115,1.0);
#2113=DIRECTION('',(0.7838226695251528,0.6209847202133584,0));
#2114=DIRECTION('',(-0.8448254433426448,-0.5350420266492191,0));
#2115=DIRECTION('',(0.8326374333005123,-0.5538184762778638,0));
#2116=STYLED_ITEM('',(#18),#2117);
#2117=FACE_SURFACE('',(#2122),#2118,.T.);
#2118=PLANE('',#2119);
#2119=AXIS2_PLACEMENT_3D('',#223,#2120,#2121);
#2120=DIRECTION('',(0,-0,1));
#2121=DIRECTION('',(0.6209847202133585,0.7838226695251527,0));
#2122=FACE_BOUND('',#2123,.T.);
#2123=EDGE_LOOP('',(#2124,#2125,#2126));
#2124=ORIENTED_EDGE('',*,*,#2127,.T.);
#2125=ORIENTED_EDGE('',*,*,#2128,.T.);
#2126=ORIENTED_EDGE('',*,*,#2129,.T.);
#2127=EDGE_CURVE('',#224,#38,#2130,.F.);
#2128=EDGE_CURVE('',#38,#226,#2131,.T.);
#2129=EDGE_CURVE('',#226,#224,#2132,.T.);
#2130=LINE('',#223,#2133);
#2131=LINE('',#37,#2134);
#2132=LINE('',#225,#2135);
#2133=VECTOR('',#2136,1.0);
#2134=VECTOR('',#2137,1.0);
#2135=VECTOR('',#2138,1.0);
#2136=DIRECTION('',(0.6209847202133585,0.7838226695251527,0));
#2137=DIRECTION('',(-0.7071067811865475,-0.7071067811865477,0));
#2138=DIRECTION('',(0.6598537015031943,-0.7513940993995981,0));
#2139=STYLED_ITEM('',(#18),#2140);
#2140=FACE_SURFACE('',(#2145),#2141,.T.);
#2141=PLANE('',#2142);
#2142=AXIS2_PLACEMENT_3D('',#227,#2143,#2144);
#2143=DIRECTION('',(0,-0,1));
#2144=DIRECTION('',(0.5350420266492183,0.8448254433426453,0));
#2145=FACE_BOUND('',#2146,.T.);
#2146=EDGE_LOOP('',(#2147,#2148,#2149));
#2147=ORIENTED_EDGE('',*,*,#2150,.T.);
#2148=ORIENTED_EDGE('',*,*,#2151,.T.);
#2149=ORIENTED_EDGE('',*,*,#2152,.T.);
#2150=EDGE_CURVE('',#228,#38,#2153,.F.);
#2151=EDGE_CURVE('',#38,#224,#2154,.T.);
#2152=EDGE_CURVE('',#224,#228,#2155,.T.);
#2153=LINE('',#227,#2156);
#2154=LINE('',#37,#2157);
#2155=LINE('',#223,#2158);
#2156=VECTOR('',#2159,1.0);
#2157=VECTOR('',#2160,1.0);
#2158=VECTOR('',#2161,1.0);
#2159=DIRECTION('',(0.5350420266492183,0.8448254433426453,0));
#2160=DIRECTION('',(-0.6209847202133585,-0.7838226695251527,0));
#2161=DIRECTION('',(0.5538184762778717,-0.8326374333005072,0));
#2162=STYLED_ITEM('',(#18),#2163);
#2163=FACE_SURFACE('',(#2168),#2164,.T.);
#2164=PLANE('',#2165);
#2165=AXIS2_PLACEMENT_3D('',#227,#2166,#2167);
#2166=DIRECTION('',(-0,0,1));
#2167=DIRECTION('',(0.4426288163575071,-0.8967049296897794,0));
#2168=FACE_BOUND('',#2169,.T.);
#2169=EDGE_LOOP('',(#2170,#2171,#2172));
#2170=ORIENTED_EDGE('',*,*,#2173,.T.);
#2171=ORIENTED_EDGE('',*,*,#2174,.T.);
#2172=ORIENTED_EDGE('',*,*,#2175,.T.);
#2173=EDGE_CURVE('',#228,#200,#2176,.F.);
#2174=EDGE_CURVE('',#200,#38,#2177,.T.);
#2175=EDGE_CURVE('',#38,#228,#2178,.T.);
#2176=LINE('',#227,#2179);
#2177=LINE('',#199,#2180);
#2178=LINE('',#37,#2181);
#2179=VECTOR('',#2182,1.0);
#2180=VECTOR('',#2183,1.0);
#2181=VECTOR('',#2184,1.0);
#2182=DIRECTION('',(0.4426288163575071,-0.8967049296897794,0));
#2183=DIRECTION('',(0.4576897013140229,0.8891119936830683,0));
#2184=DIRECTION('',(-0.5350420266492183,-0.8448254433426453,0));
#2185=STYLED_ITEM('',(#18),#2186);
#2186=FACE_SURFACE('',(#2191),#2187,.T.);
#2187=PLANE('',#2188);
#2188=AXIS2_PLACEMENT_3D('',#221,#2189,#2190);
#2189=DIRECTION('',(-0,0,1));
#2190=DIRECTION('',(0.7513940993995937,-0.6598537015031994,0));
#2191=FACE_BOUND('',#2192,.T.);
#2192=EDGE_LOOP('',(#2193,#2194,#2195));
#2193=ORIENTED_EDGE('',*,*,#2196,.T.);
#2194=ORIENTED_EDGE('',*,*,#2197,.T.);
#2195=ORIENTED_EDGE('',*,*,#2198,.T.);
#2196=EDGE_CURVE('',#222,#226,#2199,.F.);
#2197=EDGE_CURVE('',#226,#38,#2200,.T.);
#2198=EDGE_CURVE('',#38,#222,#2201,.T.);
#2199=LINE('',#221,#2202);
#2200=LINE('',#225,#2203);
#2201=LINE('',#37,#2204);
#2202=VECTOR('',#2205,1.0);
#2203=VECTOR('',#2206,1.0);
#2204=VECTOR('',#2207,1.0);
#2205=DIRECTION('',(0.7513940993995937,-0.6598537015031994,0));
#2206=DIRECTION('',(0.7071067811865475,0.7071067811865477,0));
#2207=DIRECTION('',(-0.7838226695251528,-0.6209847202133584,0));
#2208=STYLED_ITEM('',(#18),#2209);
#2209=FACE_SURFACE('',(#2214),#2210,.T.);
#2210=PLANE('',#2211);
#2211=AXIS2_PLACEMENT_3D('',#229,#2212,#2213);
#2212=DIRECTION('',(0,-0,1));
#2213=DIRECTION('',(0.9376868013449672,0.34748160035236997,0));
#2214=FACE_BOUND('',#2215,.T.);
#2215=EDGE_LOOP('',(#2216,#2217,#2218));
#2216=ORIENTED_EDGE('',*,*,#2219,.T.);
#2217=ORIENTED_EDGE('',*,*,#2220,.T.);
#2218=ORIENTED_EDGE('',*,*,#2221,.T.);
#2219=EDGE_CURVE('',#230,#38,#2222,.F.);
#2220=EDGE_CURVE('',#38,#214,#2223,.T.);
#2221=EDGE_CURVE('',#214,#230,#2224,.T.);
#2222=LINE('',#229,#2225);
#2223=LINE('',#37,#2226);
#2224=LINE('',#213,#2227);
#2225=VECTOR('',#2228,1.0);
#2226=VECTOR('',#2229,1.0);
#2227=VECTOR('',#2230,1.0);
#2228=DIRECTION('',(0.9376868013449672,0.34748160035236997,0));
#2229=DIRECTION('',(-0.9488729017996006,-0.31565838533200047,0));
#2230=DIRECTION('',(0.997885500156359,-0.06499637357340252,0));
#2231=STYLED_ITEM('',(#18),#2232);
#2232=FACE_SURFACE('',(#2237),#2233,.T.);
#2233=PLANE('',#2234);
#2234=AXIS2_PLACEMENT_3D('',#229,#2235,#2236);
#2235=DIRECTION('',(-0,0,1));
#2236=DIRECTION('',(0.9808731636385997,-0.1946479818893714,0));
#2237=FACE_BOUND('',#2238,.T.);
#2238=EDGE_LOOP('',(#2239,#2240,#2241));
#2239=ORIENTED_EDGE('',*,*,#2242,.T.);
#2240=ORIENTED_EDGE('',*,*,#2243,.T.);
#2241=ORIENTED_EDGE('',*,*,#2244,.T.);
#2242=EDGE_CURVE('',#230,#218,#2245,.F.);
#2243=EDGE_CURVE('',#218,#38,#2246,.T.);
#2244=EDGE_CURVE('',#38,#230,#2247,.T.);
#2245=LINE('',#229,#2248);
#2246=LINE('',#217,#2249);
#2247=LINE('',#37,#2250);
#2248=VECTOR('',#2251,1.0);
#2249=VECTOR('',#2252,1.0);
#2250=VECTOR('',#2253,1.0);
#2251=DIRECTION('',(0.9808731636385997,-0.1946479818893714,0));
#2252=DIRECTION('',(0.9188383789469818,0.3946340499425798,0));
#2253=DIRECTION('',(-0.9376868013449672,-0.34748160035236997,0));
#2254=STYLED_ITEM('',(#18),#2255);
#2255=FACE_SURFACE('',(#2260),#2256,.T.);
#2256=PLANE('',#2257);
#2257=AXIS2_PLACEMENT_3D('',#51,#2258,#2259);
#2258=DIRECTION('',(-0,0,1));
#2259=DIRECTION('',(0.9962809341979599,-0.08616437868191285,0));
#2260=FACE_BOUND('',#2261,.T.);
#2261=EDGE_LOOP('',(#2262,#2263,#2264));
#2262=ORIENTED_EDGE('',*,*,#2265,.T.);
#2263=ORIENTED_EDGE('',*,*,#2266,.T.);
#2264=ORIENTED_EDGE('',*,*,#2267,.T.);
#2265=EDGE_CURVE('',#52,#210,#2268,.F.);
#2266=EDGE_CURVE('',#210,#38,#2269,.T.);
#2267=EDGE_CURVE('',#38,#52,#2270,.T.);
#2268=LINE('',#51,#2271);
#2269=LINE('',#209,#2272);
#2270=LINE('',#37,#2273);
#2271=VECTOR('',#2274,1.0);
#2272=VECTOR('',#2275,1.0);
#2273=VECTOR('',#2276,1.0);
#2274=DIRECTION('',(0.9962809341979599,-0.08616437868191285,0));
#2275=DIRECTION('',(0.9548180095595968,0.29719113146365866,0));
#2276=DIRECTION('',(-1,0,0));
#2277=STYLED_ITEM('',(#18),#2278);
#2278=FACE_SURFACE('',(#2283),#2279,.T.);
#2279=PLANE('',#2280);
#2280=AXIS2_PLACEMENT_3D('',#37,#2281,#2282);
#2281=DIRECTION('',(0,0,1));
#2282=DIRECTION('',(-0.31537356702429653,-0.9489676038845434,0));
#2283=FACE_BOUND('',#2284,.T.);
#2284=EDGE_LOOP('',(#2285,#2286,#2287));
#2285=ORIENTED_EDGE('',*,*,#2288,.T.);
#2286=ORIENTED_EDGE('',*,*,#2289,.T.);
#2287=ORIENTED_EDGE('',*,*,#2290,.T.);
#2288=EDGE_CURVE('',#38,#202,#2291,.F.);
#2289=EDGE_CURVE('',#202,#232,#2292,.T.);
#2290=EDGE_CURVE('',#232,#38,#2293,.T.);
#2291=LINE('',#37,#2294);
#2292=LINE('',#201,#2295);
#2293=LINE('',#231,#2296);
#2294=VECTOR('',#2297,1.0);
#2295=VECTOR('',#2298,1.0);
#2296=VECTOR('',#2299,1.0);
#2297=DIRECTION('',(-0.31537356702429653,-0.9489676038845434,0));
#2298=DIRECTION('',(-0.06880209161538071,-0.9976303284229832,0));
#2299=DIRECTION('',(0.2971911314636588,0.9548180095595968,0));
#2300=STYLED_ITEM('',(#18),#2301);
#2301=FACE_SURFACE('',(#2306),#2302,.T.);
#2302=PLANE('',#2303);
#2303=AXIS2_PLACEMENT_3D('',#207,#2304,#2305);
#2304=DIRECTION('',(-0,0,1));
#2305=DIRECTION('',(0.10117628652289613,-0.9948685134455894,0));
#2306=FACE_BOUND('',#2307,.T.);
#2307=EDGE_LOOP('',(#2308,#2309,#2310));
#2308=ORIENTED_EDGE('',*,*,#2311,.T.);
#2309=ORIENTED_EDGE('',*,*,#2312,.T.);
#2310=ORIENTED_EDGE('',*,*,#2313,.T.);
#2311=EDGE_CURVE('',#208,#34,#2314,.F.);
#2312=EDGE_CURVE('',#34,#232,#2315,.T.);
#2313=EDGE_CURVE('',#232,#208,#2316,.T.);
#2314=LINE('',#207,#2317);
#2315=LINE('',#33,#2318);
#2316=LINE('',#231,#2319);
#2317=VECTOR('',#2320,1.0);
#2318=VECTOR('',#2321,1.0);
#2319=VECTOR('',#2322,1.0);
#2320=DIRECTION('',(0.10117628652289613,-0.9948685134455894,0));
#2321=DIRECTION('',(-0.09409596598084295,0.9955631316928787,0));
#2322=DIRECTION('',(-0.19464798188936616,-0.9808731636386006,0));
#2323=STYLED_ITEM('',(#18),#2324);
#2324=FACE_SURFACE('',(#2329),#2325,.T.);
#2325=PLANE('',#2326);
#2326=AXIS2_PLACEMENT_3D('',#37,#2327,#2328);
#2327=DIRECTION('',(0,0,1));
#2328=DIRECTION('',(-0.2971911314636588,-0.9548180095595968,0));
#2329=FACE_BOUND('',#2330,.T.);
#2330=EDGE_LOOP('',(#2331,#2332,#2333));
#2331=ORIENTED_EDGE('',*,*,#2334,.T.);
#2332=ORIENTED_EDGE('',*,*,#2335,.T.);
#2333=ORIENTED_EDGE('',*,*,#2336,.T.);
#2334=EDGE_CURVE('',#38,#232,#2337,.F.);
#2335=EDGE_CURVE('',#232,#34,#2338,.T.);
#2336=EDGE_CURVE('',#34,#38,#2339,.T.);
#2337=LINE('',#37,#2340);
#2338=LINE('',#231,#2341);
#2339=LINE('',#33,#2342);
#2340=VECTOR('',#2343,1.0);
#2341=VECTOR('',#2344,1.0);
#2342=VECTOR('',#2345,1.0);
#2343=DIRECTION('',(-0.2971911314636588,-0.9548180095595968,0));
#2344=DIRECTION('',(0.09409596598084295,-0.9955631316928787,0));
#2345=DIRECTION('',(0,1,0));
#2346=STYLED_ITEM('',(#18),#2347);
#2347=FACE_SURFACE('',(#2352),#2348,.T.);
#2348=PLANE('',#2349);
#2349=AXIS2_PLACEMENT_3D('',#181,#2350,#2351);
#2350=DIRECTION('',(0,0,1));
#2351=DIRECTION('',(-0.9471445756278115,-0.32080703368039293,0));
#2352=FACE_BOUND('',#2353,.T.);
#2353=EDGE_LOOP('',(#2354,#2355,#2356));
#2354=ORIENTED_EDGE('',*,*,#2357,.T.);
#2355=ORIENTED_EDGE('',*,*,#2358,.T.);
#2356=ORIENTED_EDGE('',*,*,#2359,.T.);
#2357=EDGE_CURVE('',#182,#186,#2360,.F.);
#2358=EDGE_CURVE('',#186,#34,#2361,.T.);
#2359=EDGE_CURVE('',#34,#182,#2362,.T.);
#2360=LINE('',#181,#2363);
#2361=LINE('',#185,#2364);
#2362=LINE('',#33,#2365);
#2363=VECTOR('',#2366,1.0);
#2364=VECTOR('',#2367,1.0);
#2365=VECTOR('',#2368,1.0);
#2366=DIRECTION('',(-0.9471445756278115,-0.32080703368039293,0));
#2367=DIRECTION('',(0.2640534908985186,-0.9645080372626793,0));
#2368=DIRECTION('',(-0.23718592251303963,0.9714642752884114,0));
#2369=STYLED_ITEM('',(#18),#2370);
#2370=FACE_SURFACE('',(#2375),#2371,.T.);
#2371=PLANE('',#2372);
#2372=AXIS2_PLACEMENT_3D('',#33,#2373,#2374);
#2373=DIRECTION('',(0,0,1));
#2374=DIRECTION('',(-0.29070545660914127,0.9568125926730222,0));
#2375=FACE_BOUND('',#2376,.T.);
#2376=EDGE_LOOP('',(#2377,#2378,#2379));
#2377=ORIENTED_EDGE('',*,*,#2380,.T.);
#2378=ORIENTED_EDGE('',*,*,#2381,.T.);
#2379=ORIENTED_EDGE('',*,*,#2382,.T.);
#2380=EDGE_CURVE('',#34,#184,#2383,.F.);
#2381=EDGE_CURVE('',#184,#234,#2384,.T.);
#2382=EDGE_CURVE('',#234,#34,#2385,.T.);
#2383=LINE('',#33,#2386);
#2384=LINE('',#183,#2387);
#2385=LINE('',#233,#2388);
#2386=VECTOR('',#2389,1.0);
#2387=VECTOR('',#2390,1.0);
#2388=VECTOR('',#2391,1.0);
#2389=DIRECTION('',(-0.29070545660914127,0.9568125926730222,0));
#2390=DIRECTION('',(-0.9976303284229832,-0.06880209161537756,0));
#2391=DIRECTION('',(0.3163226612331199,-0.9486516610381267,0));
#2392=STYLED_ITEM('',(#18),#2393);
#2393=FACE_SURFACE('',(#2398),#2394,.T.);
#2394=PLANE('',#2395);
#2395=AXIS2_PLACEMENT_3D('',#33,#2396,#2397);
#2396=DIRECTION('',(0,0,1));
#2397=DIRECTION('',(-0.3163226612331199,0.9486516610381267,0));
#2398=FACE_BOUND('',#2399,.T.);
#2399=EDGE_LOOP('',(#2400,#2401,#2402));
#2400=ORIENTED_EDGE('',*,*,#2403,.T.);
#2401=ORIENTED_EDGE('',*,*,#2404,.T.);
#2402=ORIENTED_EDGE('',*,*,#2405,.T.);
#2403=EDGE_CURVE('',#34,#234,#2406,.F.);
#2404=EDGE_CURVE('',#234,#236,#2407,.T.);
#2405=EDGE_CURVE('',#236,#34,#2408,.T.);
#2406=LINE('',#33,#2409);
#2407=LINE('',#233,#2410);
#2408=LINE('',#235,#2411);
#2409=VECTOR('',#2412,1.0);
#2410=VECTOR('',#2413,1.0);
#2411=VECTOR('',#2414,1.0);
#2412=DIRECTION('',(-0.3163226612331199,0.9486516610381267,0));
#2413=DIRECTION('',(-0.9976303284229832,0.06880209161537756,0));
#2414=DIRECTION('',(0.3401596330517142,-0.9403677068264963,0));
#2415=STYLED_ITEM('',(#18),#2416);
#2416=FACE_SURFACE('',(#2421),#2417,.T.);
#2417=PLANE('',#2418);
#2418=AXIS2_PLACEMENT_3D('',#237,#2419,#2420);
#2419=DIRECTION('',(0,0,1));
#2420=DIRECTION('',(-0.9471445756278115,0.32080703368039293,0));
#2421=FACE_BOUND('',#2422,.T.);
#2422=EDGE_LOOP('',(#2423,#2424,#2425));
#2423=ORIENTED_EDGE('',*,*,#2426,.T.);
#2424=ORIENTED_EDGE('',*,*,#2427,.T.);
#2425=ORIENTED_EDGE('',*,*,#2428,.T.);
#2426=EDGE_CURVE('',#238,#58,#2429,.F.);
#2427=EDGE_CURVE('',#58,#34,#2430,.T.);
#2428=EDGE_CURVE('',#34,#238,#2431,.T.);
#2429=LINE('',#237,#2432);
#2430=LINE('',#57,#2433);
#2431=LINE('',#33,#2434);
#2432=VECTOR('',#2435,1.0);
#2433=VECTOR('',#2436,1.0);
#2434=VECTOR('',#2437,1.0);
#2435=DIRECTION('',(-0.9471445756278115,0.32080703368039293,0));
#2436=DIRECTION('',(0.38060747375926524,-0.9247366927502068,0));
#2437=DIRECTION('',(-0.3617613548878766,0.9322707343415259,0));
#2438=STYLED_ITEM('',(#18),#2439);
#2439=FACE_SURFACE('',(#2444),#2440,.T.);
#2440=PLANE('',#2441);
#2441=AXIS2_PLACEMENT_3D('',#47,#2442,#2443);
#2442=DIRECTION('',(0,0,1));
#2443=DIRECTION('',(1,0,0));
#2444=FACE_BOUND('',#2445,.T.);
#2445=EDGE_LOOP('',(#2446,#2447,#2448));
#2446=ORIENTED_EDGE('',*,*,#2449,.T.);
#2447=ORIENTED_EDGE('',*,*,#2450,.T.);
#2448=ORIENTED_EDGE('',*,*,#2451,.T.);
#2449=EDGE_CURVE('',#48,#34,#2452,.F.);
#2450=EDGE_CURVE('',#34,#58,#2453,.T.);
#2451=EDGE_CURVE('',#58,#48,#2454,.T.);
#2452=LINE('',#47,#2455);
#2453=LINE('',#33,#2456);
#2454=LINE('',#57,#2457);
#2455=VECTOR('',#2458,1.0);
#2456=VECTOR('',#2459,1.0);
#2457=VECTOR('',#2460,1.0);
#2458=DIRECTION('',(1,0,0));
#2459=DIRECTION('',(-0.38060747375926524,0.9247366927502068,0));
#2460=DIRECTION('',(-0.8711538785730328,-0.49101010157344155,0));
#2461=STYLED_ITEM('',(#18),#2462);
#2462=FACE_SURFACE('',(#2467),#2463,.T.);
#2463=PLANE('',#2464);
#2464=AXIS2_PLACEMENT_3D('',#239,#2465,#2466);
#2465=DIRECTION('',(0,0,1));
#2466=DIRECTION('',(-0.8588728498987379,-0.5121888594130297,0));
#2467=FACE_BOUND('',#2468,.T.);
#2468=EDGE_LOOP('',(#2469,#2470,#2471));
#2469=ORIENTED_EDGE('',*,*,#2472,.T.);
#2470=ORIENTED_EDGE('',*,*,#2473,.T.);
#2471=ORIENTED_EDGE('',*,*,#2474,.T.);
#2472=EDGE_CURVE('',#240,#48,#2475,.F.);
#2473=EDGE_CURVE('',#48,#56,#2476,.T.);
#2474=EDGE_CURVE('',#56,#240,#2477,.T.);
#2475=LINE('',#239,#2478);
#2476=LINE('',#47,#2479);
#2477=LINE('',#55,#2480);
#2478=VECTOR('',#2481,1.0);
#2479=VECTOR('',#2482,1.0);
#2480=VECTOR('',#2483,1.0);
#2481=DIRECTION('',(-0.8588728498987379,-0.5121888594130297,0));
#2482=DIRECTION('',(0.8653460408408834,0.5011748493300597,0));
#2483=DIRECTION('',(-0.8326374333005132,0.5538184762778627,0));
#2484=STYLED_ITEM('',(#18),#2485);
#2485=FACE_SURFACE('',(#2490),#2486,.T.);
#2486=PLANE('',#2487);
#2487=AXIS2_PLACEMENT_3D('',#47,#2488,#2489);
#2488=DIRECTION('',(0,0,1));
#2489=DIRECTION('',(0.8588728498987379,0.5121888594130297,0));
#2490=FACE_BOUND('',#2491,.T.);
#2491=EDGE_LOOP('',(#2492,#2493,#2494));
#2492=ORIENTED_EDGE('',*,*,#2495,.T.);
#2493=ORIENTED_EDGE('',*,*,#2496,.T.);
#2494=ORIENTED_EDGE('',*,*,#2497,.T.);
#2495=EDGE_CURVE('',#48,#240,#2498,.F.);
#2496=EDGE_CURVE('',#240,#104,#2499,.T.);
#2497=EDGE_CURVE('',#104,#48,#2500,.T.);
#2498=LINE('',#47,#2501);
#2499=LINE('',#239,#2502);
#2500=LINE('',#103,#2503);
#2501=VECTOR('',#2504,1.0);
#2502=VECTOR('',#2505,1.0);
#2503=VECTOR('',#2506,1.0);
#2504=DIRECTION('',(0.8588728498987379,0.5121888594130297,0));
#2505=DIRECTION('',(-0.7513940993995967,0.659853701503196,0));
#2506=DIRECTION('',(-0.8518084185201862,-0.5238534319236052,0));
#2507=STYLED_ITEM('',(#18),#2508);
#2508=FACE_SURFACE('',(#2513),#2509,.T.);
#2509=PLANE('',#2510);
#2510=AXIS2_PLACEMENT_3D('',#235,#2511,#2512);
#2511=DIRECTION('',(0,0,1));
#2512=DIRECTION('',(-0.9808731636385997,0.1946479818893714,0));
#2513=FACE_BOUND('',#2514,.T.);
#2514=EDGE_LOOP('',(#2515,#2516,#2517));
#2515=ORIENTED_EDGE('',*,*,#2518,.T.);
#2516=ORIENTED_EDGE('',*,*,#2519,.T.);
#2517=ORIENTED_EDGE('',*,*,#2520,.T.);
#2518=EDGE_CURVE('',#236,#238,#2521,.F.);
#2519=EDGE_CURVE('',#238,#34,#2522,.T.);
#2520=EDGE_CURVE('',#34,#236,#2523,.T.);
#2521=LINE('',#235,#2524);
#2522=LINE('',#237,#2525);
#2523=LINE('',#33,#2526);
#2524=VECTOR('',#2527,1.0);
#2525=VECTOR('',#2528,1.0);
#2526=VECTOR('',#2529,1.0);
#2527=DIRECTION('',(-0.9808731636385997,0.1946479818893714,0));
#2528=DIRECTION('',(0.3617613548878766,-0.9322707343415259,0));
#2529=DIRECTION('',(-0.3401596330517142,0.9403677068264963,0));
#2530=STYLED_ITEM('',(#18),#2531);
#2531=FACE_SURFACE('',(#2536),#2532,.T.);
#2532=PLANE('',#2533);
#2533=AXIS2_PLACEMENT_3D('',#241,#2534,#2535);
#2534=DIRECTION('',(0,0,1));
#2535=DIRECTION('',(-0.23718592251303944,-0.9714642752884114,0));
#2536=FACE_BOUND('',#2537,.T.);
#2537=EDGE_LOOP('',(#2538,#2539,#2540));
#2538=ORIENTED_EDGE('',*,*,#2541,.T.);
#2539=ORIENTED_EDGE('',*,*,#2542,.T.);
#2540=ORIENTED_EDGE('',*,*,#2543,.T.);
#2541=EDGE_CURVE('',#242,#48,#2544,.F.);
#2542=EDGE_CURVE('',#48,#244,#2545,.T.);
#2543=EDGE_CURVE('',#244,#242,#2546,.T.);
#2544=LINE('',#241,#2547);
#2545=LINE('',#47,#2548);
#2546=LINE('',#243,#2549);
#2547=VECTOR('',#2550,1.0);
#2548=VECTOR('',#2551,1.0);
#2549=VECTOR('',#2552,1.0);
#2550=DIRECTION('',(-0.23718592251303944,-0.9714642752884114,0));
#2551=DIRECTION('',(0.2640534908985187,0.9645080372626793,0));
#2552=DIRECTION('',(-0.9471445756278127,0.3208070336803899,0));
#2553=STYLED_ITEM('',(#18),#2554);
#2554=FACE_SURFACE('',(#2559),#2555,.T.);
#2555=PLANE('',#2556);
#2556=AXIS2_PLACEMENT_3D('',#123,#2557,#2558);
#2557=DIRECTION('',(0,0,1));
#2558=DIRECTION('',(-0.9808731636385993,0.19464798188937268,0));
#2559=FACE_BOUND('',#2560,.T.);
#2560=EDGE_LOOP('',(#2561,#2562,#2563));
#2561=ORIENTED_EDGE('',*,*,#2564,.T.);
#2562=ORIENTED_EDGE('',*,*,#2565,.T.);
#2563=ORIENTED_EDGE('',*,*,#2566,.T.);
#2564=EDGE_CURVE('',#124,#244,#2567,.F.);
#2565=EDGE_CURVE('',#244,#48,#2568,.T.);
#2566=EDGE_CURVE('',#48,#124,#2569,.T.);
#2567=LINE('',#123,#2570);
#2568=LINE('',#243,#2571);
#2569=LINE('',#47,#2572);
#2570=VECTOR('',#2573,1.0);
#2571=VECTOR('',#2574,1.0);
#2572=VECTOR('',#2575,1.0);
#2573=DIRECTION('',(-0.9808731636385993,0.19464798188937268,0));
#2574=DIRECTION('',(-0.2640534908985187,-0.9645080372626793,0));
#2575=DIRECTION('',(0.29070545660914116,0.9568125926730222,0));
#2576=STYLED_ITEM('',(#18),#2577);
#2577=FACE_SURFACE('',(#2582),#2578,.T.);
#2578=PLANE('',#2579);
#2579=AXIS2_PLACEMENT_3D('',#47,#2580,#2581);
#2580=DIRECTION('',(0,0,1));
#2581=DIRECTION('',(0.23718592251303944,0.9714642752884114,0));
#2582=FACE_BOUND('',#2583,.T.);
#2583=EDGE_LOOP('',(#2584,#2585,#2586));
#2584=ORIENTED_EDGE('',*,*,#2587,.T.);
#2585=ORIENTED_EDGE('',*,*,#2588,.T.);
#2586=ORIENTED_EDGE('',*,*,#2589,.T.);
#2587=EDGE_CURVE('',#48,#242,#2590,.F.);
#2588=EDGE_CURVE('',#242,#246,#2591,.T.);
#2589=EDGE_CURVE('',#246,#48,#2592,.T.);
#2590=LINE('',#47,#2593);
#2591=LINE('',#241,#2594);
#2592=LINE('',#245,#2595);
#2593=VECTOR('',#2596,1.0);
#2594=VECTOR('',#2597,1.0);
#2595=VECTOR('',#2598,1.0);
#2596=DIRECTION('',(0.23718592251303944,0.9714642752884114,0));
#2597=DIRECTION('',(-0.8967049296897794,0.4426288163575071,0));
#2598=DIRECTION('',(-0.21088333306373638,-0.9775112377031422,0));
#2599=STYLED_ITEM('',(#18),#2600);
#2600=FACE_SURFACE('',(#2605),#2601,.T.);
#2601=PLANE('',#2602);
#2602=AXIS2_PLACEMENT_3D('',#247,#2603,#2604);
#2603=DIRECTION('',(0,0,1));
#2604=DIRECTION('',(-0.18594615304638668,-0.9825599361704351,0));
#2605=FACE_BOUND('',#2606,.T.);
#2606=EDGE_LOOP('',(#2607,#2608,#2609));
#2607=ORIENTED_EDGE('',*,*,#2610,.T.);
#2608=ORIENTED_EDGE('',*,*,#2611,.T.);
#2609=ORIENTED_EDGE('',*,*,#2612,.T.);
#2610=EDGE_CURVE('',#248,#48,#2613,.F.);
#2611=EDGE_CURVE('',#48,#246,#2614,.T.);
#2612=EDGE_CURVE('',#246,#248,#2615,.T.);
#2613=LINE('',#247,#2616);
#2614=LINE('',#47,#2617);
#2615=LINE('',#245,#2618);
#2616=VECTOR('',#2619,1.0);
#2617=VECTOR('',#2620,1.0);
#2618=VECTOR('',#2621,1.0);
#2619=DIRECTION('',(-0.18594615304638668,-0.9825599361704351,0));
#2620=DIRECTION('',(0.21088333306373638,0.9775112377031422,0));
#2621=DIRECTION('',(-0.8326374333005133,0.5538184762778623,0));
#2622=STYLED_ITEM('',(#18),#2623);
#2623=FACE_SURFACE('',(#2628),#2624,.T.);
#2624=PLANE('',#2625);
#2625=AXIS2_PLACEMENT_3D('',#249,#2626,#2627);
#2626=DIRECTION('',(0,0,1));
#2627=DIRECTION('',(-0.16306334648413037,-0.9866156014544857,0));
#2628=FACE_BOUND('',#2629,.T.);
#2629=EDGE_LOOP('',(#2630,#2631,#2632));
#2630=ORIENTED_EDGE('',*,*,#2633,.T.);
#2631=ORIENTED_EDGE('',*,*,#2634,.T.);
#2632=ORIENTED_EDGE('',*,*,#2635,.T.);
#2633=EDGE_CURVE('',#250,#48,#2636,.F.);
#2634=EDGE_CURVE('',#48,#248,#2637,.T.);
#2635=EDGE_CURVE('',#248,#250,#2638,.T.);
#2636=LINE('',#249,#2639);
#2637=LINE('',#47,#2640);
#2638=LINE('',#247,#2641);
#2639=VECTOR('',#2642,1.0);
#2640=VECTOR('',#2643,1.0);
#2641=VECTOR('',#2644,1.0);
#2642=DIRECTION('',(-0.16306334648413037,-0.9866156014544857,0));
#2643=DIRECTION('',(0.18594615304638668,0.9825599361704351,0));
#2644=DIRECTION('',(-0.7513940993995948,0.6598537015031981,0));
#2645=STYLED_ITEM('',(#18),#2646);
#2646=FACE_SURFACE('',(#2651),#2647,.T.);
#2647=PLANE('',#2648);
#2648=AXIS2_PLACEMENT_3D('',#251,#2649,#2650);
#2649=DIRECTION('',(0,0,1));
#2650=DIRECTION('',(-0.14278123682778443,-0.9897542717310839,0));
#2651=FACE_BOUND('',#2652,.T.);
#2652=EDGE_LOOP('',(#2653,#2654,#2655));
#2653=ORIENTED_EDGE('',*,*,#2656,.T.);
#2654=ORIENTED_EDGE('',*,*,#2657,.T.);
#2655=ORIENTED_EDGE('',*,*,#2658,.T.);
#2656=EDGE_CURVE('',#252,#48,#2659,.F.);
#2657=EDGE_CURVE('',#48,#250,#2660,.T.);
#2658=EDGE_CURVE('',#250,#252,#2661,.T.);
#2659=LINE('',#251,#2662);
#2660=LINE('',#47,#2663);
#2661=LINE('',#249,#2664);
#2662=VECTOR('',#2665,1.0);
#2663=VECTOR('',#2666,1.0);
#2664=VECTOR('',#2667,1.0);
#2665=DIRECTION('',(-0.14278123682778443,-0.9897542717310839,0));
#2666=DIRECTION('',(0.16306334648413037,0.9866156014544857,0));
#2667=DIRECTION('',(-0.6598537015031978,0.7513940993995951,0));
#2668=STYLED_ITEM('',(#18),#2669);
#2669=FACE_SURFACE('',(#2674),#2670,.T.);
#2670=PLANE('',#2671);
#2671=AXIS2_PLACEMENT_3D('',#253,#2672,#2673);
#2672=DIRECTION('',(-0,0,-1));
#2673=DIRECTION('',(-0.11166771953052436,-0.9937456014568578,0));
#2674=FACE_BOUND('',#2675,.T.);
#2675=EDGE_LOOP('',(#2676,#2677,#2678));
#2676=ORIENTED_EDGE('',*,*,#2679,.T.);
#2677=ORIENTED_EDGE('',*,*,#2680,.T.);
#2678=ORIENTED_EDGE('',*,*,#2681,.T.);
#2679=EDGE_CURVE('',#254,#46,#2682,.F.);
#2680=EDGE_CURVE('',#46,#256,#2683,.T.);
#2681=EDGE_CURVE('',#256,#254,#2684,.T.);
#2682=LINE('',#253,#2685);
#2683=LINE('',#45,#2686);
#2684=LINE('',#255,#2687);
#2685=VECTOR('',#2688,1.0);
#2686=VECTOR('',#2689,1.0);
#2687=VECTOR('',#2690,1.0);
#2688=DIRECTION('',(-0.11166771953052436,-0.9937456014568578,0));
#2689=DIRECTION('',(0.10117628652289623,0.9948685134455892,0));
#2690=DIRECTION('',(0.3208070336803876,-0.9471445756278135,0));
#2691=STYLED_ITEM('',(#18),#2692);
#2692=FACE_SURFACE('',(#2697),#2693,.T.);
#2693=PLANE('',#2694);
#2694=AXIS2_PLACEMENT_3D('',#257,#2695,#2696);
#2695=DIRECTION('',(0,0,1));
#2696=DIRECTION('',(-0.1256098531516716,-0.9920797169538421,0));
#2697=FACE_BOUND('',#2698,.T.);
#2698=EDGE_LOOP('',(#2699,#2700,#2701));
#2699=ORIENTED_EDGE('',*,*,#2702,.T.);
#2700=ORIENTED_EDGE('',*,*,#2703,.T.);
#2701=ORIENTED_EDGE('',*,*,#2704,.T.);
#2702=EDGE_CURVE('',#258,#48,#2705,.F.);
#2703=EDGE_CURVE('',#48,#252,#2706,.T.);
#2704=EDGE_CURVE('',#252,#258,#2707,.T.);
#2705=LINE('',#257,#2708);
#2706=LINE('',#47,#2709);
#2707=LINE('',#251,#2710);
#2708=VECTOR('',#2711,1.0);
#2709=VECTOR('',#2712,1.0);
#2710=VECTOR('',#2713,1.0);
#2711=DIRECTION('',(-0.1256098531516716,-0.9920797169538421,0));
#2712=DIRECTION('',(0.14278123682778443,0.9897542717310839,0));
#2713=DIRECTION('',(-0.5538184762778638,0.8326374333005123,0));
#2714=STYLED_ITEM('',(#18),#2715);
#2715=FACE_SURFACE('',(#2720),#2716,.T.);
#2716=PLANE('',#2717);
#2717=AXIS2_PLACEMENT_3D('',#259,#2718,#2719);
#2718=DIRECTION('',(0,0,1));
#2719=DIRECTION('',(-0.10117628652289623,-0.9948685134455892,0));
#2720=FACE_BOUND('',#2721,.T.);
#2721=EDGE_LOOP('',(#2722,#2723,#2724));
#2722=ORIENTED_EDGE('',*,*,#2725,.T.);
#2723=ORIENTED_EDGE('',*,*,#2726,.T.);
#2724=ORIENTED_EDGE('',*,*,#2727,.T.);
#2725=EDGE_CURVE('',#260,#48,#2728,.F.);
#2726=EDGE_CURVE('',#48,#262,#2729,.T.);
#2727=EDGE_CURVE('',#262,#260,#2730,.T.);
#2728=LINE('',#259,#2731);
#2729=LINE('',#47,#2732);
#2730=LINE('',#261,#2733);
#2731=VECTOR('',#2734,1.0);
#2732=VECTOR('',#2735,1.0);
#2733=VECTOR('',#2736,1.0);
#2734=DIRECTION('',(-0.10117628652289623,-0.9948685134455892,0));
#2735=DIRECTION('',(0.11166771953052436,0.9937456014568578,0));
#2736=DIRECTION('',(-0.3208070336803876,0.9471445756278135,0));
#2737=STYLED_ITEM('',(#18),#2738);
#2738=FACE_SURFACE('',(#2743),#2739,.T.);
#2739=PLANE('',#2740);
#2740=AXIS2_PLACEMENT_3D('',#263,#2741,#2742);
#2741=DIRECTION('',(-0,0,1));
#2742=DIRECTION('',(-0.3806074737592654,-0.9247366927502068,0));
#2743=FACE_BOUND('',#2744,.T.);
#2744=EDGE_LOOP('',(#2745,#2746,#2747));
#2745=ORIENTED_EDGE('',*,*,#2748,.T.);
#2746=ORIENTED_EDGE('',*,*,#2749,.T.);
#2747=ORIENTED_EDGE('',*,*,#2750,.T.);
#2748=EDGE_CURVE('',#264,#48,#2751,.F.);
#2749=EDGE_CURVE('',#48,#266,#2752,.T.);
#2750=EDGE_CURVE('',#266,#264,#2753,.T.);
#2751=LINE('',#263,#2754);
#2752=LINE('',#47,#2755);
#2753=LINE('',#265,#2756);
#2754=VECTOR('',#2757,1.0);
#2755=VECTOR('',#2758,1.0);
#2756=VECTOR('',#2759,1.0);
#2757=DIRECTION('',(-0.3806074737592654,-0.9247366927502068,0));
#2758=DIRECTION('',(0.39641703712256354,0.9180705488572041,0));
#2759=DIRECTION('',(-0.8967049296897797,-0.44262881635750634,0));
#2760=STYLED_ITEM('',(#18),#2761);
#2761=FACE_SURFACE('',(#2766),#2762,.T.);
#2762=PLANE('',#2763);
#2763=AXIS2_PLACEMENT_3D('',#267,#2764,#2765);
#2764=DIRECTION('',(-0,0,1));
#2765=DIRECTION('',(-0.34015963305171426,-0.9403677068264963,0));
#2766=FACE_BOUND('',#2767,.T.);
#2767=EDGE_LOOP('',(#2768,#2769,#2770));
#2768=ORIENTED_EDGE('',*,*,#2771,.T.);
#2769=ORIENTED_EDGE('',*,*,#2772,.T.);
#2770=ORIENTED_EDGE('',*,*,#2773,.T.);
#2771=EDGE_CURVE('',#268,#48,#2774,.F.);
#2772=EDGE_CURVE('',#48,#270,#2775,.T.);
#2773=EDGE_CURVE('',#270,#268,#2776,.T.);
#2774=LINE('',#267,#2777);
#2775=LINE('',#47,#2778);
#2776=LINE('',#269,#2779);
#2777=VECTOR('',#2780,1.0);
#2778=VECTOR('',#2781,1.0);
#2779=VECTOR('',#2782,1.0);
#2780=DIRECTION('',(-0.34015963305171426,-0.9403677068264963,0));
#2781=DIRECTION('',(0.3617613548878765,0.9322707343415259,0));
#2782=DIRECTION('',(-0.9808731636385993,-0.19464798188937268,0));
#2783=STYLED_ITEM('',(#18),#2784);
#2784=FACE_SURFACE('',(#2789),#2785,.T.);
#2785=PLANE('',#2786);
#2786=AXIS2_PLACEMENT_3D('',#271,#2787,#2788);
#2787=DIRECTION('',(0,0,-1));
#2788=DIRECTION('',(-0.06499637357340737,-0.9978855001563588,0));
#2789=FACE_BOUND('',#2790,.T.);
#2790=EDGE_LOOP('',(#2791,#2792,#2793));
#2791=ORIENTED_EDGE('',*,*,#2794,.T.);
#2792=ORIENTED_EDGE('',*,*,#2795,.T.);
#2793=ORIENTED_EDGE('',*,*,#2796,.T.);
#2794=EDGE_CURVE('',#272,#274,#2797,.F.);
#2795=EDGE_CURVE('',#274,#276,#2798,.T.);
#2796=EDGE_CURVE('',#276,#272,#2799,.T.);
#2797=LINE('',#271,#2800);
#2798=LINE('',#273,#2801);
#2799=LINE('',#275,#2802);
#2800=VECTOR('',#2803,1.0);
#2801=VECTOR('',#2804,1.0);
#2802=VECTOR('',#2805,1.0);
#2803=DIRECTION('',(-0.06499637357340737,-0.9978855001563588,0));
#2804=DIRECTION('',(-1,0,0));
#2805=DIRECTION('',(0.9996603840697823,0.026059864187196694,0));
#2806=STYLED_ITEM('',(#18),#2807);
#2807=FACE_SURFACE('',(#2812),#2808,.T.);
#2808=PLANE('',#2809);
#2809=AXIS2_PLACEMENT_3D('',#275,#2810,#2811);
#2810=DIRECTION('',(0,0,-1));
#2811=DIRECTION('',(-0.06880209161537733,0.9976303284229832,0));
#2812=FACE_BOUND('',#2813,.T.);
#2813=EDGE_LOOP('',(#2814,#2815,#2816));
#2814=ORIENTED_EDGE('',*,*,#2817,.T.);
#2815=ORIENTED_EDGE('',*,*,#2818,.T.);
#2816=ORIENTED_EDGE('',*,*,#2819,.T.);
#2817=EDGE_CURVE('',#276,#278,#2820,.F.);
#2818=EDGE_CURVE('',#278,#272,#2821,.T.);
#2819=EDGE_CURVE('',#272,#276,#2822,.T.);
#2820=LINE('',#275,#2823);
#2821=LINE('',#277,#2824);
#2822=LINE('',#271,#2825);
#2823=VECTOR('',#2826,1.0);
#2824=VECTOR('',#2827,1.0);
#2825=VECTOR('',#2828,1.0);
#2826=DIRECTION('',(-0.06880209161537733,0.9976303284229832,0));
#2827=DIRECTION('',(1,0,0));
#2828=DIRECTION('',(-0.9996603840697823,-0.026059864187196694,0));
#2829=STYLED_ITEM('',(#18),#2830);
#2830=FACE_SURFACE('',(#2835),#2831,.T.);
#2831=PLANE('',#2832);
#2832=AXIS2_PLACEMENT_3D('',#279,#2833,#2834);
#2833=DIRECTION('',(-0,0,-1));
#2834=DIRECTION('',(-0.6598537015031981,-0.7513940993995948,0));
#2835=FACE_BOUND('',#2836,.T.);
#2836=EDGE_LOOP('',(#2837,#2838,#2839));
#2837=ORIENTED_EDGE('',*,*,#2840,.T.);
#2838=ORIENTED_EDGE('',*,*,#2841,.T.);
#2839=ORIENTED_EDGE('',*,*,#2842,.T.);
#2840=EDGE_CURVE('',#280,#282,#2843,.F.);
#2841=EDGE_CURVE('',#282,#284,#2844,.T.);
#2842=EDGE_CURVE('',#284,#280,#2845,.T.);
#2843=LINE('',#279,#2846);
#2844=LINE('',#281,#2847);
#2845=LINE('',#283,#2848);
#2846=VECTOR('',#2849,1.0);
#2847=VECTOR('',#2850,1.0);
#2848=VECTOR('',#2851,1.0);
#2849=DIRECTION('',(-0.6598537015031981,-0.7513940993995948,0));
#2850=DIRECTION('',(-0.22589800460052067,0.9741509593063609,0));
#2851=DIRECTION('',(0.34696721768128036,-0.9378772573500815,0));
#2852=STYLED_ITEM('',(#18),#2853);
#2853=FACE_SURFACE('',(#2858),#2854,.T.);
#2854=PLANE('',#2855);
#2855=AXIS2_PLACEMENT_3D('',#285,#2856,#2857);
#2856=DIRECTION('',(-0,0,-1));
#2857=DIRECTION('',(-0.7513940993995967,-0.659853701503196,0));
#2858=FACE_BOUND('',#2859,.T.);
#2859=EDGE_LOOP('',(#2860,#2861,#2862));
#2860=ORIENTED_EDGE('',*,*,#2863,.T.);
#2861=ORIENTED_EDGE('',*,*,#2864,.T.);
#2862=ORIENTED_EDGE('',*,*,#2865,.T.);
#2863=EDGE_CURVE('',#286,#280,#2866,.F.);
#2864=EDGE_CURVE('',#280,#284,#2867,.T.);
#2865=EDGE_CURVE('',#284,#286,#2868,.T.);
#2866=LINE('',#285,#2869);
#2867=LINE('',#279,#2870);
#2868=LINE('',#283,#2871);
#2869=VECTOR('',#2872,1.0);
#2870=VECTOR('',#2873,1.0);
#2871=VECTOR('',#2874,1.0);
#2872=DIRECTION('',(-0.7513940993995967,-0.659853701503196,0));
#2873=DIRECTION('',(-0.34696721768128036,0.9378772573500815,0));
#2874=DIRECTION('',(0.4852219493086235,-0.8743910223173266,0));
#2875=STYLED_ITEM('',(#18),#2876);
#2876=FACE_SURFACE('',(#2881),#2877,.T.);
#2877=PLANE('',#2878);
#2878=AXIS2_PLACEMENT_3D('',#87,#2879,#2880);
#2879=DIRECTION('',(-0.7513940993995952,0.6598537015031978,0));
#2880=DIRECTION('',(0,0,-1));
#2881=FACE_BOUND('',#2882,.T.);
#2882=EDGE_LOOP('',(#2883,#2884,#2885));
#2883=ORIENTED_EDGE('',*,*,#2886,.T.);
#2884=ORIENTED_EDGE('',*,*,#2887,.T.);
#2885=ORIENTED_EDGE('',*,*,#2888,.T.);
#2886=EDGE_CURVE('',#88,#288,#2889,.F.);
#2887=EDGE_CURVE('',#288,#102,#2890,.T.);
#2888=EDGE_CURVE('',#102,#88,#2891,.T.);
#2889=LINE('',#87,#2892);
#2890=LINE('',#287,#2893);
#2891=LINE('',#101,#2894);
#2892=VECTOR('',#2895,1.0);
#2893=VECTOR('',#2896,1.0);
#2894=VECTOR('',#2897,1.0);
#2895=DIRECTION('',(0,0,-1));
#2896=DIRECTION('',(-0.017294057226532288,-0.01969323279553099,0.999656487082791));
#2897=DIRECTION('',(0.6598537015031978,0.7513940993995951,0));
#2898=STYLED_ITEM('',(#18),#2899);
#2899=FACE_SURFACE('',(#2904),#2900,.T.);
#2900=PLANE('',#2901);
#2901=AXIS2_PLACEMENT_3D('',#289,#2902,#2903);
#2902=DIRECTION('',(0,0,-1));
#2903=DIRECTION('',(-0.6202267177350176,0.7844226020504808,0));
#2904=FACE_BOUND('',#2905,.T.);
#2905=EDGE_LOOP('',(#2906,#2907,#2908));
#2906=ORIENTED_EDGE('',*,*,#2909,.T.);
#2907=ORIENTED_EDGE('',*,*,#2910,.T.);
#2908=ORIENTED_EDGE('',*,*,#2911,.T.);
#2909=EDGE_CURVE('',#290,#284,#2912,.F.);
#2910=EDGE_CURVE('',#284,#292,#2913,.T.);
#2911=EDGE_CURVE('',#292,#290,#2914,.T.);
#2912=LINE('',#289,#2915);
#2913=LINE('',#283,#2916);
#2914=LINE('',#291,#2917);
#2915=VECTOR('',#2918,1.0);
#2916=VECTOR('',#2919,1.0);
#2917=VECTOR('',#2920,1.0);
#2918=DIRECTION('',(-0.6202267177350176,0.7844226020504808,0));
#2919=DIRECTION('',(0.7321180387578579,-0.6811777868701737,0));
#2920=DIRECTION('',(-0.8967049296897799,-0.44262881635750645,0));
#2921=STYLED_ITEM('',(#18),#2922);
#2922=FACE_SURFACE('',(#2927),#2923,.T.);
#2923=PLANE('',#2924);
#2924=AXIS2_PLACEMENT_3D('',#125,#2925,#2926);
#2925=DIRECTION('',(-0,0,1));
#2926=DIRECTION('',(-0.3163226612331199,-0.9486516610381267,0));
#2927=FACE_BOUND('',#2928,.T.);
#2928=EDGE_LOOP('',(#2929,#2930,#2931));
#2929=ORIENTED_EDGE('',*,*,#2932,.T.);
#2930=ORIENTED_EDGE('',*,*,#2933,.T.);
#2931=ORIENTED_EDGE('',*,*,#2934,.T.);
#2932=EDGE_CURVE('',#126,#48,#2935,.F.);
#2933=EDGE_CURVE('',#48,#268,#2936,.T.);
#2934=EDGE_CURVE('',#268,#126,#2937,.T.);
#2935=LINE('',#125,#2938);
#2936=LINE('',#47,#2939);
#2937=LINE('',#267,#2940);
#2938=VECTOR('',#2941,1.0);
#2939=VECTOR('',#2942,1.0);
#2940=VECTOR('',#2943,1.0);
#2941=DIRECTION('',(-0.3163226612331199,-0.9486516610381267,0));
#2942=DIRECTION('',(0.34015963305171426,0.9403677068264963,0));
#2943=DIRECTION('',(-0.9976303284229832,-0.06880209161537733,0));
#2944=STYLED_ITEM('',(#18),#2945);
#2945=FACE_SURFACE('',(#2950),#2946,.T.);
#2946=PLANE('',#2947);
#2947=AXIS2_PLACEMENT_3D('',#101,#2948,#2949);
#2948=DIRECTION('',(-0,0,1));
#2949=DIRECTION('',(-0.7513940993995951,-0.6598537015031978,0));
#2950=FACE_BOUND('',#2951,.T.);
#2951=EDGE_LOOP('',(#2952,#2953,#2954));
#2952=ORIENTED_EDGE('',*,*,#2955,.T.);
#2953=ORIENTED_EDGE('',*,*,#2956,.T.);
#2954=ORIENTED_EDGE('',*,*,#2957,.T.);
#2955=EDGE_CURVE('',#102,#294,#2958,.F.);
#2956=EDGE_CURVE('',#294,#104,#2959,.T.);
#2957=EDGE_CURVE('',#104,#102,#2960,.T.);
#2958=LINE('',#101,#2961);
#2959=LINE('',#293,#2962);
#2960=LINE('',#103,#2963);
#2961=VECTOR('',#2964,1.0);
#2962=VECTOR('',#2965,1.0);
#2963=VECTOR('',#2966,1.0);
#2964=DIRECTION('',(-0.7513940993995951,-0.6598537015031978,0));
#2965=DIRECTION('',(0.9998841628498928,0.015220410046021251,0));
#2966=DIRECTION('',(-1,0,0));
#2967=STYLED_ITEM('',(#18),#2968);
#2968=FACE_SURFACE('',(#2973),#2969,.T.);
#2969=PLANE('',#2970);
#2970=AXIS2_PLACEMENT_3D('',#103,#2971,#2972);
#2971=DIRECTION('',(0,0,1));
#2972=DIRECTION('',(-0.6598537015031978,0.7513940993995951,0));
#2973=FACE_BOUND('',#2974,.T.);
#2974=EDGE_LOOP('',(#2975,#2976,#2977));
#2975=ORIENTED_EDGE('',*,*,#2978,.T.);
#2976=ORIENTED_EDGE('',*,*,#2979,.T.);
#2977=ORIENTED_EDGE('',*,*,#2980,.T.);
#2978=EDGE_CURVE('',#104,#84,#2981,.F.);
#2979=EDGE_CURVE('',#84,#88,#2982,.T.);
#2980=EDGE_CURVE('',#88,#104,#2983,.T.);
#2981=LINE('',#103,#2984);
#2982=LINE('',#83,#2985);
#2983=LINE('',#87,#2986);
#2984=VECTOR('',#2987,1.0);
#2985=VECTOR('',#2988,1.0);
#2986=VECTOR('',#2989,1.0);
#2987=DIRECTION('',(-0.6598537015031978,0.7513940993995951,0));
#2988=DIRECTION('',(-1,0,0));
#2989=DIRECTION('',(0.9998395249796777,-0.01791435983819887,0));
#2990=STYLED_ITEM('',(#18),#2991);
#2991=FACE_SURFACE('',(#2996),#2992,.T.);
#2992=PLANE('',#2993);
#2993=AXIS2_PLACEMENT_3D('',#47,#2994,#2995);
#2994=DIRECTION('',(0,0,1));
#2995=DIRECTION('',(0.8518084185201862,0.5238534319236052,0));
#2996=FACE_BOUND('',#2997,.T.);
#2997=EDGE_LOOP('',(#2998,#2999,#3000));
#2998=ORIENTED_EDGE('',*,*,#3001,.T.);
#2999=ORIENTED_EDGE('',*,*,#3002,.T.);
#3000=ORIENTED_EDGE('',*,*,#3003,.T.);
#3001=EDGE_CURVE('',#48,#104,#3004,.F.);
#3002=EDGE_CURVE('',#104,#294,#3005,.T.);
#3003=EDGE_CURVE('',#294,#48,#3006,.T.);
#3004=LINE('',#47,#3007);
#3005=LINE('',#103,#3008);
#3006=LINE('',#293,#3009);
#3007=VECTOR('',#3010,1.0);
#3008=VECTOR('',#3011,1.0);
#3009=VECTOR('',#3012,1.0);
#3010=DIRECTION('',(0.8518084185201862,0.5238534319236052,0));
#3011=DIRECTION('',(-0.9998841628498928,-0.015220410046021251,0));
#3012=DIRECTION('',(-0.4090781761853702,-0.9124993401470771,0));
#3013=STYLED_ITEM('',(#18),#3014);
#3014=FACE_SURFACE('',(#3019),#3015,.T.);
#3015=PLANE('',#3016);
#3016=AXIS2_PLACEMENT_3D('',#265,#3017,#3018);
#3017=DIRECTION('',(-0,0,1));
#3018=DIRECTION('',(-0.39641703712256354,-0.9180705488572041,0));
#3019=FACE_BOUND('',#3020,.T.);
#3020=EDGE_LOOP('',(#3021,#3022,#3023));
#3021=ORIENTED_EDGE('',*,*,#3024,.T.);
#3022=ORIENTED_EDGE('',*,*,#3025,.T.);
#3023=ORIENTED_EDGE('',*,*,#3026,.T.);
#3024=EDGE_CURVE('',#266,#48,#3027,.F.);
#3025=EDGE_CURVE('',#48,#294,#3028,.T.);
#3026=EDGE_CURVE('',#294,#266,#3029,.T.);
#3027=LINE('',#265,#3030);
#3028=LINE('',#47,#3031);
#3029=LINE('',#293,#3032);
#3030=VECTOR('',#3033,1.0);
#3031=VECTOR('',#3034,1.0);
#3032=VECTOR('',#3035,1.0);
#3033=DIRECTION('',(-0.39641703712256354,-0.9180705488572041,0));
#3034=DIRECTION('',(0.4090781761853702,0.9124993401470771,0));
#3035=DIRECTION('',(-0.8326374333005132,-0.5538184762778627,0));
#3036=STYLED_ITEM('',(#18),#3037);
#3037=FACE_SURFACE('',(#3042),#3038,.T.);
#3038=PLANE('',#3039);
#3039=AXIS2_PLACEMENT_3D('',#269,#3040,#3041);
#3040=DIRECTION('',(-0,0,1));
#3041=DIRECTION('',(-0.3617613548878765,-0.9322707343415259,0));
#3042=FACE_BOUND('',#3043,.T.);
#3043=EDGE_LOOP('',(#3044,#3045,#3046));
#3044=ORIENTED_EDGE('',*,*,#3047,.T.);
#3045=ORIENTED_EDGE('',*,*,#3048,.T.);
#3046=ORIENTED_EDGE('',*,*,#3049,.T.);
#3047=EDGE_CURVE('',#270,#48,#3050,.F.);
#3048=EDGE_CURVE('',#48,#264,#3051,.T.);
#3049=EDGE_CURVE('',#264,#270,#3052,.T.);
#3050=LINE('',#269,#3053);
#3051=LINE('',#47,#3054);
#3052=LINE('',#263,#3055);
#3053=VECTOR('',#3056,1.0);
#3054=VECTOR('',#3057,1.0);
#3055=VECTOR('',#3058,1.0);
#3056=DIRECTION('',(-0.3617613548878765,-0.9322707343415259,0));
#3057=DIRECTION('',(0.3806074737592654,0.9247366927502068,0));
#3058=DIRECTION('',(-0.9471445756278127,-0.3208070336803899,0));
#3059=STYLED_ITEM('',(#18),#3060);
#3060=FACE_SURFACE('',(#3065),#3061,.T.);
#3061=PLANE('',#3062);
#3062=AXIS2_PLACEMENT_3D('',#261,#3063,#3064);
#3063=DIRECTION('',(0,0,1));
#3064=DIRECTION('',(-0.11166771953052436,-0.9937456014568578,0));
#3065=FACE_BOUND('',#3066,.T.);
#3066=EDGE_LOOP('',(#3067,#3068,#3069));
#3067=ORIENTED_EDGE('',*,*,#3070,.T.);
#3068=ORIENTED_EDGE('',*,*,#3071,.T.);
#3069=ORIENTED_EDGE('',*,*,#3072,.T.);
#3070=EDGE_CURVE('',#262,#48,#3073,.F.);
#3071=EDGE_CURVE('',#48,#258,#3074,.T.);
#3072=EDGE_CURVE('',#258,#262,#3075,.T.);
#3073=LINE('',#261,#3076);
#3074=LINE('',#47,#3077);
#3075=LINE('',#257,#3078);
#3076=VECTOR('',#3079,1.0);
#3077=VECTOR('',#3080,1.0);
#3078=VECTOR('',#3081,1.0);
#3079=DIRECTION('',(-0.11166771953052436,-0.9937456014568578,0));
#3080=DIRECTION('',(0.1256098531516716,0.9920797169538421,0));
#3081=DIRECTION('',(-0.4426288163575078,0.8967049296897791,0));
#3082=STYLED_ITEM('',(#18),#3083);
#3083=FACE_SURFACE('',(#3088),#3084,.T.);
#3084=PLANE('',#3085);
#3085=AXIS2_PLACEMENT_3D('',#47,#3086,#3087);
#3086=DIRECTION('',(0,0,1));
#3087=DIRECTION('',(0.10117628652289623,0.9948685134455892,0));
#3088=FACE_BOUND('',#3089,.T.);
#3089=EDGE_LOOP('',(#3090,#3091,#3092));
#3090=ORIENTED_EDGE('',*,*,#3093,.T.);
#3091=ORIENTED_EDGE('',*,*,#3094,.T.);
#3092=ORIENTED_EDGE('',*,*,#3095,.T.);
#3093=EDGE_CURVE('',#48,#260,#3096,.F.);
#3094=EDGE_CURVE('',#260,#132,#3097,.T.);
#3095=EDGE_CURVE('',#132,#48,#3098,.T.);
#3096=LINE('',#47,#3099);
#3097=LINE('',#259,#3100);
#3098=LINE('',#131,#3101);
#3099=VECTOR('',#3102,1.0);
#3100=VECTOR('',#3103,1.0);
#3101=VECTOR('',#3104,1.0);
#3102=DIRECTION('',(0.10117628652289623,0.9948685134455892,0));
#3103=DIRECTION('',(-0.19464798188937268,0.9808731636385993,0));
#3104=DIRECTION('',(-0.09409596598084288,-0.9955631316928787,0));
#3105=STYLED_ITEM('',(#18),#3106);
#3106=FACE_SURFACE('',(#3111),#3107,.T.);
#3107=PLANE('',#3108);
#3108=AXIS2_PLACEMENT_3D('',#127,#3109,#3110);
#3109=DIRECTION('',(0,0,1));
#3110=DIRECTION('',(-0.31565838533200047,0.9488729017996006,0));
#3111=FACE_BOUND('',#3112,.T.);
#3112=EDGE_LOOP('',(#3113,#3114,#3115));
#3113=ORIENTED_EDGE('',*,*,#3116,.T.);
#3114=ORIENTED_EDGE('',*,*,#3117,.T.);
#3115=ORIENTED_EDGE('',*,*,#3118,.T.);
#3116=EDGE_CURVE('',#128,#42,#3119,.F.);
#3117=EDGE_CURVE('',#42,#132,#3120,.T.);
#3118=EDGE_CURVE('',#132,#128,#3121,.T.);
#3119=LINE('',#127,#3122);
#3120=LINE('',#41,#3123);
#3121=LINE('',#131,#3124);
#3122=VECTOR('',#3125,1.0);
#3123=VECTOR('',#3126,1.0);
#3124=VECTOR('',#3127,1.0);
#3125=DIRECTION('',(-0.31565838533200047,0.9488729017996006,0));
#3126=DIRECTION('',(0.2971911314636586,-0.954818009559597,0));
#3127=DIRECTION('',(-0.0649963735734023,0.997885500156359,0));
#3128=STYLED_ITEM('',(#18),#3129);
#3129=FACE_SURFACE('',(#3134),#3130,.T.);
#3130=PLANE('',#3131);
#3131=AXIS2_PLACEMENT_3D('',#129,#3132,#3133);
#3132=DIRECTION('',(0,-0,1));
#3133=DIRECTION('',(0.19464798188937268,0.9808731636385993,0));
#3134=FACE_BOUND('',#3135,.T.);
#3135=EDGE_LOOP('',(#3136,#3137,#3138));
#3136=ORIENTED_EDGE('',*,*,#3139,.T.);
#3137=ORIENTED_EDGE('',*,*,#3140,.T.);
#3138=ORIENTED_EDGE('',*,*,#3141,.T.);
#3139=EDGE_CURVE('',#130,#296,#3142,.F.);
#3140=EDGE_CURVE('',#296,#42,#3143,.T.);
#3141=EDGE_CURVE('',#42,#130,#3144,.T.);
#3142=LINE('',#129,#3145);
#3143=LINE('',#295,#3146);
#3144=LINE('',#41,#3147);
#3145=VECTOR('',#3148,1.0);
#3146=VECTOR('',#3149,1.0);
#3147=VECTOR('',#3150,1.0);
#3148=DIRECTION('',(0.19464798188937268,0.9808731636385993,0));
#3149=DIRECTION('',(-0.3946340499425796,0.9188383789469818,0));
#3150=DIRECTION('',(0.3474816003523701,-0.9376868013449671,0));
#3151=STYLED_ITEM('',(#18),#3152);
#3152=FACE_SURFACE('',(#3157),#3153,.T.);
#3153=PLANE('',#3154);
#3154=AXIS2_PLACEMENT_3D('',#295,#3155,#3156);
#3155=DIRECTION('',(0,-0,1));
#3156=DIRECTION('',(0.3208070336803876,0.9471445756278135,0));
#3157=FACE_BOUND('',#3158,.T.);
#3158=EDGE_LOOP('',(#3159,#3160,#3161));
#3159=ORIENTED_EDGE('',*,*,#3162,.T.);
#3160=ORIENTED_EDGE('',*,*,#3163,.T.);
#3161=ORIENTED_EDGE('',*,*,#3164,.T.);
#3162=EDGE_CURVE('',#296,#298,#3165,.F.);
#3163=EDGE_CURVE('',#298,#42,#3166,.T.);
#3164=EDGE_CURVE('',#42,#296,#3167,.T.);
#3165=LINE('',#295,#3168);
#3166=LINE('',#297,#3169);
#3167=LINE('',#41,#3170);
#3168=VECTOR('',#3171,1.0);
#3169=VECTOR('',#3172,1.0);
#3170=VECTOR('',#3173,1.0);
#3171=DIRECTION('',(0.3208070336803876,0.9471445756278135,0));
#3172=DIRECTION('',(-0.45768970131402337,0.8891119936830681,0));
#3173=DIRECTION('',(0.3946340499425796,-0.9188383789469818,0));
#3174=STYLED_ITEM('',(#18),#3175);
#3175=FACE_SURFACE('',(#3180),#3176,.T.);
#3176=PLANE('',#3177);
#3177=AXIS2_PLACEMENT_3D('',#299,#3178,#3179);
#3178=DIRECTION('',(0,0,1));
#3179=DIRECTION('',(-0.6209847202133582,0.783822669525153,0));
#3180=FACE_BOUND('',#3181,.T.);
#3181=EDGE_LOOP('',(#3182,#3183,#3184));
#3182=ORIENTED_EDGE('',*,*,#3185,.T.);
#3183=ORIENTED_EDGE('',*,*,#3186,.T.);
#3184=ORIENTED_EDGE('',*,*,#3187,.T.);
#3185=EDGE_CURVE('',#300,#42,#3188,.F.);
#3186=EDGE_CURVE('',#42,#302,#3189,.T.);
#3187=EDGE_CURVE('',#302,#300,#3190,.T.);
#3188=LINE('',#299,#3191);
#3189=LINE('',#41,#3192);
#3190=LINE('',#301,#3193);
#3191=VECTOR('',#3194,1.0);
#3192=VECTOR('',#3195,1.0);
#3193=VECTOR('',#3196,1.0);
#3194=DIRECTION('',(-0.6209847202133582,0.783822669525153,0));
#3195=DIRECTION('',(0.5350420266492188,-0.844825443342645,0));
#3196=DIRECTION('',(0.5538184762778635,0.8326374333005127,0));
#3197=STYLED_ITEM('',(#18),#3198);
#3198=FACE_SURFACE('',(#3203),#3199,.T.);
#3199=PLANE('',#3200);
#3200=AXIS2_PLACEMENT_3D('',#297,#3201,#3202);
#3201=DIRECTION('',(0,-0,1));
#3202=DIRECTION('',(0.44262881635750845,0.8967049296897788,0));
#3203=FACE_BOUND('',#3204,.T.);
#3204=EDGE_LOOP('',(#3205,#3206,#3207));
#3205=ORIENTED_EDGE('',*,*,#3208,.T.);
#3206=ORIENTED_EDGE('',*,*,#3209,.T.);
#3207=ORIENTED_EDGE('',*,*,#3210,.T.);
#3208=EDGE_CURVE('',#298,#302,#3211,.F.);
#3209=EDGE_CURVE('',#302,#42,#3212,.T.);
#3210=EDGE_CURVE('',#42,#298,#3213,.T.);
#3211=LINE('',#297,#3214);
#3212=LINE('',#301,#3215);
#3213=LINE('',#41,#3216);
#3214=VECTOR('',#3217,1.0);
#3215=VECTOR('',#3218,1.0);
#3216=VECTOR('',#3219,1.0);
#3217=DIRECTION('',(0.44262881635750845,0.8967049296897788,0));
#3218=DIRECTION('',(-0.5350420266492188,0.844825443342645,0));
#3219=DIRECTION('',(0.45768970131402337,-0.8891119936830681,0));
#3220=STYLED_ITEM('',(#18),#3221);
#3221=FACE_SURFACE('',(#3226),#3222,.T.);
#3222=PLANE('',#3223);
#3223=AXIS2_PLACEMENT_3D('',#303,#3224,#3225);
#3224=DIRECTION('',(0,0,1));
#3225=DIRECTION('',(-0.7071067811865476,0.7071067811865476,0));
#3226=FACE_BOUND('',#3227,.T.);
#3227=EDGE_LOOP('',(#3228,#3229,#3230));
#3228=ORIENTED_EDGE('',*,*,#3231,.T.);
#3229=ORIENTED_EDGE('',*,*,#3232,.T.);
#3230=ORIENTED_EDGE('',*,*,#3233,.T.);
#3231=EDGE_CURVE('',#304,#42,#3234,.F.);
#3232=EDGE_CURVE('',#42,#300,#3235,.T.);
#3233=EDGE_CURVE('',#300,#304,#3236,.T.);
#3234=LINE('',#303,#3237);
#3235=LINE('',#41,#3238);
#3236=LINE('',#299,#3239);
#3237=VECTOR('',#3240,1.0);
#3238=VECTOR('',#3241,1.0);
#3239=VECTOR('',#3242,1.0);
#3240=DIRECTION('',(-0.7071067811865476,0.7071067811865476,0));
#3241=DIRECTION('',(0.6209847202133582,-0.783822669525153,0));
#3242=DIRECTION('',(0.6598537015031981,0.7513940993995948,0));
#3243=STYLED_ITEM('',(#18),#3244);
#3244=FACE_SURFACE('',(#3249),#3245,.T.);
#3245=PLANE('',#3246);
#3246=AXIS2_PLACEMENT_3D('',#305,#3247,#3248);
#3247=DIRECTION('',(0,0,1));
#3248=DIRECTION('',(-0.783822669525153,0.6209847202133582,0));
#3249=FACE_BOUND('',#3250,.T.);
#3250=EDGE_LOOP('',(#3251,#3252,#3253));
#3251=ORIENTED_EDGE('',*,*,#3254,.T.);
#3252=ORIENTED_EDGE('',*,*,#3255,.T.);
#3253=ORIENTED_EDGE('',*,*,#3256,.T.);
#3254=EDGE_CURVE('',#306,#42,#3257,.F.);
#3255=EDGE_CURVE('',#42,#304,#3258,.T.);
#3256=EDGE_CURVE('',#304,#306,#3259,.T.);
#3257=LINE('',#305,#3260);
#3258=LINE('',#41,#3261);
#3259=LINE('',#303,#3262);
#3260=VECTOR('',#3263,1.0);
#3261=VECTOR('',#3264,1.0);
#3262=VECTOR('',#3265,1.0);
#3263=DIRECTION('',(-0.783822669525153,0.6209847202133582,0));
#3264=DIRECTION('',(0.7071067811865476,-0.7071067811865476,0));
#3265=DIRECTION('',(0.7513940993995948,0.6598537015031981,0));
#3266=STYLED_ITEM('',(#18),#3267);
#3267=FACE_SURFACE('',(#3272),#3268,.T.);
#3268=PLANE('',#3269);
#3269=AXIS2_PLACEMENT_3D('',#307,#3270,#3271);
#3270=DIRECTION('',(0,0,1));
#3271=DIRECTION('',(-0.8891119936830681,0.45768970131402337,0));
#3272=FACE_BOUND('',#3273,.T.);
#3273=EDGE_LOOP('',(#3274,#3275,#3276));
#3274=ORIENTED_EDGE('',*,*,#3277,.T.);
#3275=ORIENTED_EDGE('',*,*,#3278,.T.);
#3276=ORIENTED_EDGE('',*,*,#3279,.T.);
#3277=EDGE_CURVE('',#308,#42,#3280,.F.);
#3278=EDGE_CURVE('',#42,#310,#3281,.T.);
#3279=EDGE_CURVE('',#310,#308,#3282,.T.);
#3280=LINE('',#307,#3283);
#3281=LINE('',#41,#3284);
#3282=LINE('',#309,#3285);
#3283=VECTOR('',#3286,1.0);
#3284=VECTOR('',#3287,1.0);
#3285=VECTOR('',#3288,1.0);
#3286=DIRECTION('',(-0.8891119936830681,0.45768970131402337,0));
#3287=DIRECTION('',(0.844825443342645,-0.5350420266492188,0));
#3288=DIRECTION('',(0.8967049296897788,0.44262881635750845,0));
#3289=STYLED_ITEM('',(#18),#3290);
#3290=FACE_SURFACE('',(#3295),#3291,.T.);
#3291=PLANE('',#3292);
#3292=AXIS2_PLACEMENT_3D('',#311,#3293,#3294);
#3293=DIRECTION('',(0,0,1));
#3294=DIRECTION('',(-0.9188383789469818,0.3946340499425796,0));
#3295=FACE_BOUND('',#3296,.T.);
#3296=EDGE_LOOP('',(#3297,#3298,#3299));
#3297=ORIENTED_EDGE('',*,*,#3300,.T.);
#3298=ORIENTED_EDGE('',*,*,#3301,.T.);
#3299=ORIENTED_EDGE('',*,*,#3302,.T.);
#3300=EDGE_CURVE('',#312,#42,#3303,.F.);
#3301=EDGE_CURVE('',#42,#308,#3304,.T.);
#3302=EDGE_CURVE('',#308,#312,#3305,.T.);
#3303=LINE('',#311,#3306);
#3304=LINE('',#41,#3307);
#3305=LINE('',#307,#3308);
#3306=VECTOR('',#3309,1.0);
#3307=VECTOR('',#3310,1.0);
#3308=VECTOR('',#3311,1.0);
#3309=DIRECTION('',(-0.9188383789469818,0.3946340499425796,0));
#3310=DIRECTION('',(0.8891119936830681,-0.45768970131402337,0));
#3311=DIRECTION('',(0.9471445756278135,0.3208070336803876,0));
#3312=STYLED_ITEM('',(#18),#3313);
#3313=FACE_SURFACE('',(#3318),#3314,.T.);
#3314=PLANE('',#3315);
#3315=AXIS2_PLACEMENT_3D('',#95,#3316,#3317);
#3316=DIRECTION('',(0,0,1));
#3317=DIRECTION('',(-0.9376868013449671,0.3474816003523701,0));
#3318=FACE_BOUND('',#3319,.T.);
#3319=EDGE_LOOP('',(#3320,#3321,#3322));
#3320=ORIENTED_EDGE('',*,*,#3323,.T.);
#3321=ORIENTED_EDGE('',*,*,#3324,.T.);
#3322=ORIENTED_EDGE('',*,*,#3325,.T.);
#3323=EDGE_CURVE('',#96,#42,#3326,.F.);
#3324=EDGE_CURVE('',#42,#312,#3327,.T.);
#3325=EDGE_CURVE('',#312,#96,#3328,.T.);
#3326=LINE('',#95,#3329);
#3327=LINE('',#41,#3330);
#3328=LINE('',#311,#3331);
#3329=VECTOR('',#3332,1.0);
#3330=VECTOR('',#3333,1.0);
#3331=VECTOR('',#3334,1.0);
#3332=DIRECTION('',(-0.9376868013449671,0.3474816003523701,0));
#3333=DIRECTION('',(0.9188383789469818,-0.3946340499425796,0));
#3334=DIRECTION('',(0.9808731636385993,0.19464798188937268,0));
#3335=STYLED_ITEM('',(#18),#3336);
#3336=FACE_SURFACE('',(#3341),#3337,.T.);
#3337=PLANE('',#3338);
#3338=AXIS2_PLACEMENT_3D('',#51,#3339,#3340);
#3339=DIRECTION('',(0,0,1));
#3340=DIRECTION('',(-1,0,0));
#3341=FACE_BOUND('',#3342,.T.);
#3342=EDGE_LOOP('',(#3343,#3344,#3345));
#3343=ORIENTED_EDGE('',*,*,#3346,.T.);
#3344=ORIENTED_EDGE('',*,*,#3347,.T.);
#3345=ORIENTED_EDGE('',*,*,#3348,.T.);
#3346=EDGE_CURVE('',#52,#42,#3349,.F.);
#3347=EDGE_CURVE('',#42,#98,#3350,.T.);
#3348=EDGE_CURVE('',#98,#52,#3351,.T.);
#3349=LINE('',#51,#3352);
#3350=LINE('',#41,#3353);
#3351=LINE('',#97,#3354);
#3352=VECTOR('',#3355,1.0);
#3353=VECTOR('',#3356,1.0);
#3354=VECTOR('',#3357,1.0);
#3355=DIRECTION('',(-1,0,0));
#3356=DIRECTION('',(0.9488729017996006,-0.31565838533200047,0));
#3357=DIRECTION('',(0.8950519138060838,0.44596196204616656,0));
#3358=STYLED_ITEM('',(#18),#3359);
#3359=FACE_SURFACE('',(#3364),#3360,.T.);
#3360=PLANE('',#3361);
#3361=AXIS2_PLACEMENT_3D('',#305,#3362,#3363);
#3362=DIRECTION('',(0,-0,1));
#3363=DIRECTION('',(0.8326374333005127,0.5538184762778635,0));
#3364=FACE_BOUND('',#3365,.T.);
#3365=EDGE_LOOP('',(#3366,#3367,#3368));
#3366=ORIENTED_EDGE('',*,*,#3369,.T.);
#3367=ORIENTED_EDGE('',*,*,#3370,.T.);
#3368=ORIENTED_EDGE('',*,*,#3371,.T.);
#3369=EDGE_CURVE('',#306,#310,#3372,.F.);
#3370=EDGE_CURVE('',#310,#42,#3373,.T.);
#3371=EDGE_CURVE('',#42,#306,#3374,.T.);
#3372=LINE('',#305,#3375);
#3373=LINE('',#309,#3376);
#3374=LINE('',#41,#3377);
#3375=VECTOR('',#3378,1.0);
#3376=VECTOR('',#3379,1.0);
#3377=VECTOR('',#3380,1.0);
#3378=DIRECTION('',(0.8326374333005127,0.5538184762778635,0));
#3379=DIRECTION('',(-0.844825443342645,0.5350420266492188,0));
#3380=DIRECTION('',(0.783822669525153,-0.6209847202133582,0));
#3381=STYLED_ITEM('',(#18),#3382);
#3382=FACE_SURFACE('',(#3387),#3383,.T.);
#3383=PLANE('',#3384);
#3384=AXIS2_PLACEMENT_3D('',#97,#3385,#3386);
#3385=DIRECTION('',(-0,0,1));
#3386=DIRECTION('',(0.997885500156359,-0.0649963735734023,0));
#3387=FACE_BOUND('',#3388,.T.);
#3388=EDGE_LOOP('',(#3389,#3390,#3391));
#3389=ORIENTED_EDGE('',*,*,#3392,.T.);
#3390=ORIENTED_EDGE('',*,*,#3393,.T.);
#3391=ORIENTED_EDGE('',*,*,#3394,.T.);
#3392=EDGE_CURVE('',#98,#54,#3395,.F.);
#3393=EDGE_CURVE('',#54,#52,#3396,.T.);
#3394=EDGE_CURVE('',#52,#98,#3397,.T.);
#3395=LINE('',#97,#3398);
#3396=LINE('',#53,#3399);
#3397=LINE('',#51,#3400);
#3398=VECTOR('',#3401,1.0);
#3399=VECTOR('',#3402,1.0);
#3400=VECTOR('',#3403,1.0);
#3401=DIRECTION('',(0.997885500156359,-0.0649963735734023,0));
#3402=DIRECTION('',(0.8640306475235177,0.503439211961177,0));
#3403=DIRECTION('',(-0.8950519138060838,-0.44596196204616656,0));
#3404=STYLED_ITEM('',(#18),#3405);
#3405=FACE_SURFACE('',(#3410),#3406,.T.);
#3406=PLANE('',#3407);
#3407=AXIS2_PLACEMENT_3D('',#313,#3408,#3409);
#3408=DIRECTION('',(0.0649963735734023,-0.997885500156359,0));
#3409=DIRECTION('',(0.997885500156359,0.0649963735734023,0));
#3410=FACE_BOUND('',#3411,.T.);
#3411=EDGE_LOOP('',(#3412,#3413,#3414));
#3412=ORIENTED_EDGE('',*,*,#3415,.T.);
#3413=ORIENTED_EDGE('',*,*,#3416,.T.);
#3414=ORIENTED_EDGE('',*,*,#3417,.T.);
#3415=EDGE_CURVE('',#314,#316,#3418,.F.);
#3416=EDGE_CURVE('',#316,#96,#3419,.T.);
#3417=EDGE_CURVE('',#96,#314,#3420,.T.);
#3418=LINE('',#313,#3421);
#3419=LINE('',#315,#3422);
#3420=LINE('',#95,#3423);
#3421=VECTOR('',#3424,1.0);
#3422=VECTOR('',#3425,1.0);
#3423=VECTOR('',#3426,1.0);
#3424=DIRECTION('',(0.997885500156359,0.0649963735734023,0));
#3425=DIRECTION('',(-0.026091077072869947,-0.0016994188131754268,0.9996581253973156));
#3426=DIRECTION('',(0,0,-1));
#3427=STYLED_ITEM('',(#18),#3428);
#3428=FACE_SURFACE('',(#3433),#3429,.T.);
#3429=PLANE('',#3430);
#3430=AXIS2_PLACEMENT_3D('',#317,#3431,#3432);
#3431=DIRECTION('',(0,0,-1));
#3432=DIRECTION('',(-0.3208070336803868,0.9471445756278137,0));
#3433=FACE_BOUND('',#3434,.T.);
#3434=EDGE_LOOP('',(#3435,#3436,#3437));
#3435=ORIENTED_EDGE('',*,*,#3438,.T.);
#3436=ORIENTED_EDGE('',*,*,#3439,.T.);
#3437=ORIENTED_EDGE('',*,*,#3440,.T.);
#3438=EDGE_CURVE('',#318,#320,#3441,.F.);
#3439=EDGE_CURVE('',#320,#36,#3442,.T.);
#3440=EDGE_CURVE('',#36,#318,#3443,.T.);
#3441=LINE('',#317,#3444);
#3442=LINE('',#319,#3445);
#3443=LINE('',#35,#3446);
#3444=VECTOR('',#3447,1.0);
#3445=VECTOR('',#3448,1.0);
#3446=VECTOR('',#3449,1.0);
#3447=DIRECTION('',(-0.3208070336803868,0.9471445756278137,0));
#3448=DIRECTION('',(0.4576897013140229,0.8891119936830683,0));
#3449=DIRECTION('',(-0.3946340499425793,-0.9188383789469821,0));
#3450=STYLED_ITEM('',(#18),#3451);
#3451=FACE_SURFACE('',(#3456),#3452,.T.);
#3452=PLANE('',#3453);
#3453=AXIS2_PLACEMENT_3D('',#321,#3454,#3455);
#3454=DIRECTION('',(0,0,-1));
#3455=DIRECTION('',(-0.19464798188936616,0.9808731636386006,0));
#3456=FACE_BOUND('',#3457,.T.);
#3457=EDGE_LOOP('',(#3458,#3459,#3460));
#3458=ORIENTED_EDGE('',*,*,#3461,.T.);
#3459=ORIENTED_EDGE('',*,*,#3462,.T.);
#3460=ORIENTED_EDGE('',*,*,#3463,.T.);
#3461=EDGE_CURVE('',#322,#318,#3464,.F.);
#3462=EDGE_CURVE('',#318,#36,#3465,.T.);
#3463=EDGE_CURVE('',#36,#322,#3466,.T.);
#3464=LINE('',#321,#3467);
#3465=LINE('',#317,#3468);
#3466=LINE('',#35,#3469);
#3467=VECTOR('',#3470,1.0);
#3468=VECTOR('',#3471,1.0);
#3469=VECTOR('',#3472,1.0);
#3470=DIRECTION('',(-0.19464798188936616,0.9808731636386006,0));
#3471=DIRECTION('',(0.3946340499425793,0.9188383789469821,0));
#3472=DIRECTION('',(-0.34748160035237025,-0.937686801344967,0));
#3473=STYLED_ITEM('',(#18),#3474);
#3474=FACE_SURFACE('',(#3479),#3475,.T.);
#3475=PLANE('',#3476);
#3476=AXIS2_PLACEMENT_3D('',#323,#3477,#3478);
#3477=DIRECTION('',(0,-0,-1));
#3478=DIRECTION('',(0.10117628652289613,-0.9948685134455894,0));
#3479=FACE_BOUND('',#3480,.T.);
#3480=EDGE_LOOP('',(#3481,#3482,#3483));
#3481=ORIENTED_EDGE('',*,*,#3484,.T.);
#3482=ORIENTED_EDGE('',*,*,#3485,.T.);
#3483=ORIENTED_EDGE('',*,*,#3486,.T.);
#3484=EDGE_CURVE('',#324,#40,#3487,.F.);
#3485=EDGE_CURVE('',#40,#326,#3488,.T.);
#3486=EDGE_CURVE('',#326,#324,#3489,.T.);
#3487=LINE('',#323,#3490);
#3488=LINE('',#39,#3491);
#3489=LINE('',#325,#3492);
#3490=VECTOR('',#3493,1.0);
#3491=VECTOR('',#3494,1.0);
#3492=VECTOR('',#3495,1.0);
#3493=DIRECTION('',(0.10117628652289613,-0.9948685134455894,0));
#3494=DIRECTION('',(-0.11166771953052425,0.9937456014568579,0));
#3495=DIRECTION('',(0.3208070336803868,0.9471445756278137,0));
#3496=STYLED_ITEM('',(#18),#3497);
#3497=FACE_SURFACE('',(#3502),#3498,.T.);
#3498=PLANE('',#3499);
#3499=AXIS2_PLACEMENT_3D('',#327,#3500,#3501);
#3500=DIRECTION('',(0,0,-1));
#3501=DIRECTION('',(0.44262881635750634,0.8967049296897797,0));
#3502=FACE_BOUND('',#3503,.T.);
#3503=EDGE_LOOP('',(#3504,#3505,#3506));
#3504=ORIENTED_EDGE('',*,*,#3507,.T.);
#3505=ORIENTED_EDGE('',*,*,#3508,.T.);
#3506=ORIENTED_EDGE('',*,*,#3509,.T.);
#3507=EDGE_CURVE('',#328,#326,#3510,.F.);
#3508=EDGE_CURVE('',#326,#40,#3511,.T.);
#3509=EDGE_CURVE('',#40,#328,#3512,.T.);
#3510=LINE('',#327,#3513);
#3511=LINE('',#325,#3514);
#3512=LINE('',#39,#3515);
#3513=VECTOR('',#3516,1.0);
#3514=VECTOR('',#3517,1.0);
#3515=VECTOR('',#3518,1.0);
#3516=DIRECTION('',(0.44262881635750634,0.8967049296897797,0));
#3517=DIRECTION('',(0.11166771953052425,-0.9937456014568579,0));
#3518=DIRECTION('',(-0.12560985315167142,0.9920797169538421,0));
#3519=STYLED_ITEM('',(#18),#3520);
#3520=FACE_SURFACE('',(#3525),#3521,.T.);
#3521=PLANE('',#3522);
#3522=AXIS2_PLACEMENT_3D('',#153,#3523,#3524);
#3523=DIRECTION('',(0,0,-1));
#3524=DIRECTION('',(0.5538184762778721,0.8326374333005069,0));
#3525=FACE_BOUND('',#3526,.T.);
#3526=EDGE_LOOP('',(#3527,#3528,#3529));
#3527=ORIENTED_EDGE('',*,*,#3530,.T.);
#3528=ORIENTED_EDGE('',*,*,#3531,.T.);
#3529=ORIENTED_EDGE('',*,*,#3532,.T.);
#3530=EDGE_CURVE('',#154,#328,#3533,.F.);
#3531=EDGE_CURVE('',#328,#40,#3534,.T.);
#3532=EDGE_CURVE('',#40,#154,#3535,.T.);
#3533=LINE('',#153,#3536);
#3534=LINE('',#327,#3537);
#3535=LINE('',#39,#3538);
#3536=VECTOR('',#3539,1.0);
#3537=VECTOR('',#3540,1.0);
#3538=VECTOR('',#3541,1.0);
#3539=DIRECTION('',(0.5538184762778721,0.8326374333005069,0));
#3540=DIRECTION('',(0.12560985315167142,-0.9920797169538421,0));
#3541=DIRECTION('',(-0.14278123682778457,0.9897542717310839,0));
#3542=STYLED_ITEM('',(#18),#3543);
#3543=FACE_SURFACE('',(#3548),#3544,.T.);
#3544=PLANE('',#3545);
#3545=AXIS2_PLACEMENT_3D('',#329,#3546,#3547);
#3546=DIRECTION('',(0,0,-1));
#3547=DIRECTION('',(-0.8121774476294482,0.583410484617919,0));
#3548=FACE_BOUND('',#3549,.T.);
#3549=EDGE_LOOP('',(#3550,#3551,#3552));
#3550=ORIENTED_EDGE('',*,*,#3553,.T.);
#3551=ORIENTED_EDGE('',*,*,#3554,.T.);
#3552=ORIENTED_EDGE('',*,*,#3555,.T.);
#3553=EDGE_CURVE('',#330,#284,#3556,.F.);
#3554=EDGE_CURVE('',#284,#332,#3557,.T.);
#3555=EDGE_CURVE('',#332,#330,#3558,.T.);
#3556=LINE('',#329,#3559);
#3557=LINE('',#283,#3560);
#3558=LINE('',#331,#3561);
#3559=VECTOR('',#3562,1.0);
#3560=VECTOR('',#3563,1.0);
#3561=VECTOR('',#3564,1.0);
#3562=DIRECTION('',(-0.8121774476294482,0.583410484617919,0));
#3563=DIRECTION('',(0.8639048551499939,-0.5036550419168542,0));
#3564=DIRECTION('',(-0.9808731636385997,-0.1946479818893714,0));
#3565=STYLED_ITEM('',(#18),#3566);
#3566=FACE_SURFACE('',(#3571),#3567,.T.);
#3567=PLANE('',#3568);
#3568=AXIS2_PLACEMENT_3D('',#65,#3569,#3570);
#3569=DIRECTION('',(-0.7513940993995948,-0.6598537015031981,-0));
#3570=DIRECTION('',(0,0,-1));
#3571=FACE_BOUND('',#3572,.T.);
#3572=EDGE_LOOP('',(#3573,#3574,#3575));
#3573=ORIENTED_EDGE('',*,*,#3576,.T.);
#3574=ORIENTED_EDGE('',*,*,#3577,.T.);
#3575=ORIENTED_EDGE('',*,*,#3578,.T.);
#3576=EDGE_CURVE('',#66,#334,#3579,.F.);
#3577=EDGE_CURVE('',#334,#68,#3580,.T.);
#3578=EDGE_CURVE('',#68,#66,#3581,.T.);
#3579=LINE('',#65,#3582);
#3580=LINE('',#333,#3583);
#3581=LINE('',#67,#3584);
#3582=VECTOR('',#3585,1.0);
#3583=VECTOR('',#3586,1.0);
#3584=VECTOR('',#3587,1.0);
#3585=DIRECTION('',(0,0,-1));
#3586=DIRECTION('',(0.017294057226532288,-0.01969323279553097,0.999656487082791));
#3587=DIRECTION('',(-0.6598537015031981,0.7513940993995948,0));
#3588=STYLED_ITEM('',(#18),#3589);
#3589=FACE_SURFACE('',(#3594),#3590,.T.);
#3590=PLANE('',#3591);
#3591=AXIS2_PLACEMENT_3D('',#335,#3592,#3593);
#3592=DIRECTION('',(-0.8326374333005133,-0.5538184762778623,0));
#3593=DIRECTION('',(0.014495032751103712,-0.02179253199821118,0.9996574311106038));
#3594=FACE_BOUND('',#3595,.T.);
#3595=EDGE_LOOP('',(#3596,#3597,#3598));
#3596=ORIENTED_EDGE('',*,*,#3599,.T.);
#3597=ORIENTED_EDGE('',*,*,#3600,.T.);
#3598=ORIENTED_EDGE('',*,*,#3601,.T.);
#3599=EDGE_CURVE('',#336,#192,#3602,.F.);
#3600=EDGE_CURVE('',#192,#68,#3603,.T.);
#3601=EDGE_CURVE('',#68,#336,#3604,.T.);
#3602=LINE('',#335,#3605);
#3603=LINE('',#191,#3606);
#3604=LINE('',#67,#3607);
#3605=VECTOR('',#3608,1.0);
#3606=VECTOR('',#3609,1.0);
#3607=VECTOR('',#3610,1.0);
#3608=DIRECTION('',(0.014495032751103712,-0.02179253199821118,0.9996574311106038));
#3609=DIRECTION('',(-0.5538184762778623,0.8326374333005133,0));
#3610=DIRECTION('',(0,0,-1));
#3611=STYLED_ITEM('',(#18),#3612);
#3612=FACE_SURFACE('',(#3617),#3613,.T.);
#3613=PLANE('',#3614);
#3614=AXIS2_PLACEMENT_3D('',#337,#3615,#3616);
#3615=DIRECTION('',(0,0,-1));
#3616=DIRECTION('',(0.8448254433426448,0.5350420266492191,0));
#3617=FACE_BOUND('',#3618,.T.);
#3618=EDGE_LOOP('',(#3619,#3620,#3621));
#3619=ORIENTED_EDGE('',*,*,#3622,.T.);
#3620=ORIENTED_EDGE('',*,*,#3623,.T.);
#3621=ORIENTED_EDGE('',*,*,#3624,.T.);
#3622=EDGE_CURVE('',#338,#36,#3625,.F.);
#3623=EDGE_CURVE('',#36,#340,#3626,.T.);
#3624=EDGE_CURVE('',#340,#338,#3627,.T.);
#3625=LINE('',#337,#3628);
#3626=LINE('',#35,#3629);
#3627=LINE('',#339,#3630);
#3628=VECTOR('',#3631,1.0);
#3629=VECTOR('',#3632,1.0);
#3630=VECTOR('',#3633,1.0);
#3631=DIRECTION('',(0.8448254433426448,0.5350420266492191,0));
#3632=DIRECTION('',(-0.7838226695251528,-0.6209847202133584,0));
#3633=DIRECTION('',(-0.8326374333005123,0.5538184762778638,0));
#3634=STYLED_ITEM('',(#18),#3635);
#3635=FACE_SURFACE('',(#3640),#3636,.T.);
#3636=PLANE('',#3637);
#3637=AXIS2_PLACEMENT_3D('',#319,#3638,#3639);
#3638=DIRECTION('',(0,0,-1));
#3639=DIRECTION('',(-0.4426288163575071,0.8967049296897794,0));
#3640=FACE_BOUND('',#3641,.T.);
#3641=EDGE_LOOP('',(#3642,#3643,#3644));
#3642=ORIENTED_EDGE('',*,*,#3645,.T.);
#3643=ORIENTED_EDGE('',*,*,#3646,.T.);
#3644=ORIENTED_EDGE('',*,*,#3647,.T.);
#3645=EDGE_CURVE('',#320,#342,#3648,.F.);
#3646=EDGE_CURVE('',#342,#36,#3649,.T.);
#3647=EDGE_CURVE('',#36,#320,#3650,.T.);
#3648=LINE('',#319,#3651);
#3649=LINE('',#341,#3652);
#3650=LINE('',#35,#3653);
#3651=VECTOR('',#3654,1.0);
#3652=VECTOR('',#3655,1.0);
#3653=VECTOR('',#3656,1.0);
#3654=DIRECTION('',(-0.4426288163575071,0.8967049296897794,0));
#3655=DIRECTION('',(0.5350420266492183,0.8448254433426453,0));
#3656=DIRECTION('',(-0.4576897013140229,-0.8891119936830683,0));
#3657=STYLED_ITEM('',(#18),#3658);
#3658=FACE_SURFACE('',(#3663),#3659,.T.);
#3659=PLANE('',#3660);
#3660=AXIS2_PLACEMENT_3D('',#343,#3661,#3662);
#3661=DIRECTION('',(0,0,-1));
#3662=DIRECTION('',(0.6209847202133585,0.7838226695251527,0));
#3663=FACE_BOUND('',#3664,.T.);
#3664=EDGE_LOOP('',(#3665,#3666,#3667));
#3665=ORIENTED_EDGE('',*,*,#3668,.T.);
#3666=ORIENTED_EDGE('',*,*,#3669,.T.);
#3667=ORIENTED_EDGE('',*,*,#3670,.T.);
#3668=EDGE_CURVE('',#344,#36,#3671,.F.);
#3669=EDGE_CURVE('',#36,#342,#3672,.T.);
#3670=EDGE_CURVE('',#342,#344,#3673,.T.);
#3671=LINE('',#343,#3674);
#3672=LINE('',#35,#3675);
#3673=LINE('',#341,#3676);
#3674=VECTOR('',#3677,1.0);
#3675=VECTOR('',#3678,1.0);
#3676=VECTOR('',#3679,1.0);
#3677=DIRECTION('',(0.6209847202133585,0.7838226695251527,0));
#3678=DIRECTION('',(-0.5350420266492183,-0.8448254433426453,0));
#3679=DIRECTION('',(-0.5538184762778717,0.8326374333005072,0));
#3680=STYLED_ITEM('',(#18),#3681);
#3681=FACE_SURFACE('',(#3686),#3682,.T.);
#3682=PLANE('',#3683);
#3683=AXIS2_PLACEMENT_3D('',#187,#3684,#3685);
#3684=DIRECTION('',(-0.9808731636385993,-0.1946479818893727,-0));
#3685=DIRECTION('',(0,0,-1));
#3686=FACE_BOUND('',#3687,.T.);
#3687=EDGE_LOOP('',(#3688,#3689,#3690));
#3688=ORIENTED_EDGE('',*,*,#3691,.T.);
#3689=ORIENTED_EDGE('',*,*,#3692,.T.);
#3690=ORIENTED_EDGE('',*,*,#3693,.T.);
#3691=EDGE_CURVE('',#188,#346,#3694,.F.);
#3692=EDGE_CURVE('',#346,#70,#3695,.T.);
#3693=EDGE_CURVE('',#70,#188,#3696,.T.);
#3694=LINE('',#187,#3697);
#3695=LINE('',#345,#3698);
#3696=LINE('',#69,#3699);
#3697=VECTOR('',#3700,1.0);
#3698=VECTOR('',#3701,1.0);
#3699=VECTOR('',#3702,1.0);
#3700=DIRECTION('',(0,0,-1));
#3701=DIRECTION('',(0.005098250325811994,-0.02569118301438582,0.9996569266297997));
#3702=DIRECTION('',(-0.19464798188937268,0.9808731636385993,0));
#3703=STYLED_ITEM('',(#18),#3704);
#3704=FACE_SURFACE('',(#3709),#3705,.T.);
#3705=PLANE('',#3706);
#3706=AXIS2_PLACEMENT_3D('',#347,#3707,#3708);
#3707=DIRECTION('',(0,0,-1));
#3708=DIRECTION('',(-0.7513940993995937,0.6598537015031994,0));
#3709=FACE_BOUND('',#3710,.T.);
#3710=EDGE_LOOP('',(#3711,#3712,#3713));
#3711=ORIENTED_EDGE('',*,*,#3714,.T.);
#3712=ORIENTED_EDGE('',*,*,#3715,.T.);
#3713=ORIENTED_EDGE('',*,*,#3716,.T.);
#3714=EDGE_CURVE('',#348,#340,#3717,.F.);
#3715=EDGE_CURVE('',#340,#36,#3718,.T.);
#3716=EDGE_CURVE('',#36,#348,#3719,.T.);
#3717=LINE('',#347,#3720);
#3718=LINE('',#339,#3721);
#3719=LINE('',#35,#3722);
#3720=VECTOR('',#3723,1.0);
#3721=VECTOR('',#3724,1.0);
#3722=VECTOR('',#3725,1.0);
#3723=DIRECTION('',(-0.7513940993995937,0.6598537015031994,0));
#3724=DIRECTION('',(0.7838226695251528,0.6209847202133584,0));
#3725=DIRECTION('',(-0.7071067811865475,-0.7071067811865477,0));
#3726=STYLED_ITEM('',(#18),#3727);
#3727=FACE_SURFACE('',(#3732),#3728,.T.);
#3728=PLANE('',#3729);
#3729=AXIS2_PLACEMENT_3D('',#35,#3730,#3731);
#3730=DIRECTION('',(0,0,-1));
#3731=DIRECTION('',(-0.8448254433426448,-0.5350420266492191,0));
#3732=FACE_BOUND('',#3733,.T.);
#3733=EDGE_LOOP('',(#3734,#3735,#3736));
#3734=ORIENTED_EDGE('',*,*,#3737,.T.);
#3735=ORIENTED_EDGE('',*,*,#3738,.T.);
#3736=ORIENTED_EDGE('',*,*,#3739,.T.);
#3737=EDGE_CURVE('',#36,#338,#3740,.F.);
#3738=EDGE_CURVE('',#338,#350,#3741,.T.);
#3739=EDGE_CURVE('',#350,#36,#3742,.T.);
#3740=LINE('',#35,#3743);
#3741=LINE('',#337,#3744);
#3742=LINE('',#349,#3745);
#3743=VECTOR('',#3746,1.0);
#3744=VECTOR('',#3747,1.0);
#3745=VECTOR('',#3748,1.0);
#3746=DIRECTION('',(-0.8448254433426448,-0.5350420266492191,0));
#3747=DIRECTION('',(-0.8967049296897811,0.44262881635750373,0));
#3748=DIRECTION('',(0.8891119936830681,0.4576897013140231,0));
#3749=STYLED_ITEM('',(#18),#3750);
#3750=FACE_SURFACE('',(#3755),#3751,.T.);
#3751=PLANE('',#3752);
#3752=AXIS2_PLACEMENT_3D('',#35,#3753,#3754);
#3753=DIRECTION('',(0,0,-1));
#3754=DIRECTION('',(-0.8891119936830681,-0.4576897013140231,0));
#3755=FACE_BOUND('',#3756,.T.);
#3756=EDGE_LOOP('',(#3757,#3758,#3759));
#3757=ORIENTED_EDGE('',*,*,#3760,.T.);
#3758=ORIENTED_EDGE('',*,*,#3761,.T.);
#3759=ORIENTED_EDGE('',*,*,#3762,.T.);
#3760=EDGE_CURVE('',#36,#350,#3763,.F.);
#3761=EDGE_CURVE('',#350,#352,#3764,.T.);
#3762=EDGE_CURVE('',#352,#36,#3765,.T.);
#3763=LINE('',#35,#3766);
#3764=LINE('',#349,#3767);
#3765=LINE('',#351,#3768);
#3766=VECTOR('',#3769,1.0);
#3767=VECTOR('',#3770,1.0);
#3768=VECTOR('',#3771,1.0);
#3769=DIRECTION('',(-0.8891119936830681,-0.4576897013140231,0));
#3770=DIRECTION('',(-0.9471445756278124,0.32080703368039065,0));
#3771=DIRECTION('',(0.9188383789469818,0.3946340499425798,0));
#3772=STYLED_ITEM('',(#18),#3773);
#3773=FACE_SURFACE('',(#3778),#3774,.T.);
#3774=PLANE('',#3775);
#3775=AXIS2_PLACEMENT_3D('',#35,#3776,#3777);
#3776=DIRECTION('',(0,0,-1));
#3777=DIRECTION('',(-0.9188383789469818,-0.3946340499425798,0));
#3778=FACE_BOUND('',#3779,.T.);
#3779=EDGE_LOOP('',(#3780,#3781,#3782));
#3780=ORIENTED_EDGE('',*,*,#3783,.T.);
#3781=ORIENTED_EDGE('',*,*,#3784,.T.);
#3782=ORIENTED_EDGE('',*,*,#3785,.T.);
#3783=EDGE_CURVE('',#36,#352,#3786,.F.);
#3784=EDGE_CURVE('',#352,#354,#3787,.T.);
#3785=EDGE_CURVE('',#354,#36,#3788,.T.);
#3786=LINE('',#35,#3789);
#3787=LINE('',#351,#3790);
#3788=LINE('',#353,#3791);
#3789=VECTOR('',#3792,1.0);
#3790=VECTOR('',#3793,1.0);
#3791=VECTOR('',#3794,1.0);
#3792=DIRECTION('',(-0.9188383789469818,-0.3946340499425798,0));
#3793=DIRECTION('',(-0.9808731636385997,0.1946479818893714,0));
#3794=DIRECTION('',(0.9376868013449672,0.34748160035236997,0));
#3795=STYLED_ITEM('',(#18),#3796);
#3796=FACE_SURFACE('',(#3801),#3797,.T.);
#3797=PLANE('',#3798);
#3798=AXIS2_PLACEMENT_3D('',#35,#3799,#3800);
#3799=DIRECTION('',(0,0,-1));
#3800=DIRECTION('',(-0.9376868013449672,-0.34748160035236997,0));
#3801=FACE_BOUND('',#3802,.T.);
#3802=EDGE_LOOP('',(#3803,#3804,#3805));
#3803=ORIENTED_EDGE('',*,*,#3806,.T.);
#3804=ORIENTED_EDGE('',*,*,#3807,.T.);
#3805=ORIENTED_EDGE('',*,*,#3808,.T.);
#3806=EDGE_CURVE('',#36,#354,#3809,.F.);
#3807=EDGE_CURVE('',#354,#356,#3810,.T.);
#3808=EDGE_CURVE('',#356,#36,#3811,.T.);
#3809=LINE('',#35,#3812);
#3810=LINE('',#353,#3813);
#3811=LINE('',#355,#3814);
#3812=VECTOR('',#3815,1.0);
#3813=VECTOR('',#3816,1.0);
#3814=VECTOR('',#3817,1.0);
#3815=DIRECTION('',(-0.9376868013449672,-0.34748160035236997,0));
#3816=DIRECTION('',(-0.997885500156359,0.06499637357340252,0));
#3817=DIRECTION('',(0.9488729017996006,0.31565838533200047,0));
#3818=STYLED_ITEM('',(#18),#3819);
#3819=FACE_SURFACE('',(#3824),#3820,.T.);
#3820=PLANE('',#3821);
#3821=AXIS2_PLACEMENT_3D('',#331,#3822,#3823);
#3822=DIRECTION('',(0,0,-1));
#3823=DIRECTION('',(-0.8639048551499939,0.5036550419168542,0));
#3824=FACE_BOUND('',#3825,.T.);
#3825=EDGE_LOOP('',(#3826,#3827,#3828));
#3826=ORIENTED_EDGE('',*,*,#3829,.T.);
#3827=ORIENTED_EDGE('',*,*,#3830,.T.);
#3828=ORIENTED_EDGE('',*,*,#3831,.T.);
#3829=EDGE_CURVE('',#332,#284,#3832,.F.);
#3830=EDGE_CURVE('',#284,#356,#3833,.T.);
#3831=EDGE_CURVE('',#356,#332,#3834,.T.);
#3832=LINE('',#331,#3835);
#3833=LINE('',#283,#3836);
#3834=LINE('',#355,#3837);
#3835=VECTOR('',#3838,1.0);
#3836=VECTOR('',#3839,1.0);
#3837=VECTOR('',#3840,1.0);
#3838=DIRECTION('',(-0.8639048551499939,0.5036550419168542,0));
#3839=DIRECTION('',(0.89496298887989,-0.44614039106000497,0));
#3840=DIRECTION('',(-0.997885500156359,-0.06499637357340252,0));
#3841=STYLED_ITEM('',(#18),#3842);
#3842=FACE_SURFACE('',(#3847),#3843,.T.);
#3843=PLANE('',#3844);
#3844=AXIS2_PLACEMENT_3D('',#329,#3845,#3846);
#3845=DIRECTION('',(-0,0,-1));
#3846=DIRECTION('',(-0.9471445756278124,-0.32080703368039065,0));
#3847=FACE_BOUND('',#3848,.T.);
#3848=EDGE_LOOP('',(#3849,#3850,#3851));
#3849=ORIENTED_EDGE('',*,*,#3852,.T.);
#3850=ORIENTED_EDGE('',*,*,#3853,.T.);
#3851=ORIENTED_EDGE('',*,*,#3854,.T.);
#3852=EDGE_CURVE('',#330,#292,#3855,.F.);
#3853=EDGE_CURVE('',#292,#284,#3856,.T.);
#3854=EDGE_CURVE('',#284,#330,#3857,.T.);
#3855=LINE('',#329,#3858);
#3856=LINE('',#291,#3859);
#3857=LINE('',#283,#3860);
#3858=VECTOR('',#3861,1.0);
#3859=VECTOR('',#3862,1.0);
#3860=VECTOR('',#3863,1.0);
#3861=DIRECTION('',(-0.9471445756278124,-0.32080703368039065,0));
#3862=DIRECTION('',(-0.7321180387578579,0.6811777868701737,0));
#3863=DIRECTION('',(0.8121774476294482,-0.583410484617919,0));
#3864=STYLED_ITEM('',(#18),#3865);
#3865=FACE_SURFACE('',(#3870),#3866,.T.);
#3866=PLANE('',#3867);
#3867=AXIS2_PLACEMENT_3D('',#35,#3868,#3869);
#3868=DIRECTION('',(-0,0,-1));
#3869=DIRECTION('',(-0.9488729017996006,-0.31565838533200047,0));
#3870=FACE_BOUND('',#3871,.T.);
#3871=EDGE_LOOP('',(#3872,#3873,#3874));
#3872=ORIENTED_EDGE('',*,*,#3875,.T.);
#3873=ORIENTED_EDGE('',*,*,#3876,.T.);
#3874=ORIENTED_EDGE('',*,*,#3877,.T.);
#3875=EDGE_CURVE('',#36,#356,#3878,.F.);
#3876=EDGE_CURVE('',#356,#284,#3879,.T.);
#3877=EDGE_CURVE('',#284,#36,#3880,.T.);
#3878=LINE('',#35,#3881);
#3879=LINE('',#355,#3882);
#3880=LINE('',#283,#3883);
#3881=VECTOR('',#3884,1.0);
#3882=VECTOR('',#3885,1.0);
#3883=VECTOR('',#3886,1.0);
#3884=DIRECTION('',(-0.9488729017996006,-0.31565838533200047,0));
#3885=DIRECTION('',(-0.89496298887989,0.44614039106000497,0));
#3886=DIRECTION('',(1,0,0));
#3887=STYLED_ITEM('',(#18),#3888);
#3888=FACE_SURFACE('',(#3893),#3889,.T.);
#3889=PLANE('',#3890);
#3890=AXIS2_PLACEMENT_3D('',#323,#3891,#3892);
#3891=DIRECTION('',(0,0,-1));
#3892=DIRECTION('',(0.19464798188936616,0.9808731636386006,0));
#3893=FACE_BOUND('',#3894,.T.);
#3894=EDGE_LOOP('',(#3895,#3896,#3897));
#3895=ORIENTED_EDGE('',*,*,#3898,.T.);
#3896=ORIENTED_EDGE('',*,*,#3899,.T.);
#3897=ORIENTED_EDGE('',*,*,#3900,.T.);
#3898=EDGE_CURVE('',#324,#358,#3901,.F.);
#3899=EDGE_CURVE('',#358,#40,#3902,.T.);
#3900=EDGE_CURVE('',#40,#324,#3903,.T.);
#3901=LINE('',#323,#3904);
#3902=LINE('',#357,#3905);
#3903=LINE('',#39,#3906);
#3904=VECTOR('',#3907,1.0);
#3905=VECTOR('',#3908,1.0);
#3906=VECTOR('',#3909,1.0);
#3907=DIRECTION('',(0.19464798188936616,0.9808731636386006,0));
#3908=DIRECTION('',(0.09409596598084295,-0.9955631316928787,0));
#3909=DIRECTION('',(-0.10117628652289613,0.9948685134455894,0));
#3910=STYLED_ITEM('',(#18),#3911);
#3911=FACE_SURFACE('',(#3916),#3912,.T.);
#3912=PLANE('',#3913);
#3913=AXIS2_PLACEMENT_3D('',#35,#3914,#3915);
#3914=DIRECTION('',(0,-0,-1));
#3915=DIRECTION('',(0,-1,0));
#3916=FACE_BOUND('',#3917,.T.);
#3917=EDGE_LOOP('',(#3918,#3919,#3920));
#3918=ORIENTED_EDGE('',*,*,#3921,.T.);
#3919=ORIENTED_EDGE('',*,*,#3922,.T.);
#3920=ORIENTED_EDGE('',*,*,#3923,.T.);
#3921=EDGE_CURVE('',#36,#40,#3924,.F.);
#3922=EDGE_CURVE('',#40,#358,#3925,.T.);
#3923=EDGE_CURVE('',#358,#36,#3926,.T.);
#3924=LINE('',#35,#3927);
#3925=LINE('',#39,#3928);
#3926=LINE('',#357,#3929);
#3927=VECTOR('',#3930,1.0);
#3928=VECTOR('',#3931,1.0);
#3929=VECTOR('',#3932,1.0);
#3930=DIRECTION('',(0,-1,0));
#3931=DIRECTION('',(-0.09409596598084295,0.9955631316928787,0));
#3932=DIRECTION('',(0.2971911314636588,0.9548180095595968,0));
#3933=STYLED_ITEM('',(#18),#3934);
#3934=FACE_SURFACE('',(#3939),#3935,.T.);
#3935=PLANE('',#3936);
#3936=AXIS2_PLACEMENT_3D('',#35,#3937,#3938);
#3937=DIRECTION('',(0,0,-1));
#3938=DIRECTION('',(-0.2971911314636588,-0.9548180095595968,0));
#3939=FACE_BOUND('',#3940,.T.);
#3940=EDGE_LOOP('',(#3941,#3942,#3943));
#3941=ORIENTED_EDGE('',*,*,#3944,.T.);
#3942=ORIENTED_EDGE('',*,*,#3945,.T.);
#3943=ORIENTED_EDGE('',*,*,#3946,.T.);
#3944=EDGE_CURVE('',#36,#358,#3947,.F.);
#3945=EDGE_CURVE('',#358,#360,#3948,.T.);
#3946=EDGE_CURVE('',#360,#36,#3949,.T.);
#3947=LINE('',#35,#3950);
#3948=LINE('',#357,#3951);
#3949=LINE('',#359,#3952);
#3950=VECTOR('',#3953,1.0);
#3951=VECTOR('',#3954,1.0);
#3952=VECTOR('',#3955,1.0);
#3953=DIRECTION('',(-0.2971911314636588,-0.9548180095595968,0));
#3954=DIRECTION('',(0.06880209161538071,0.9976303284229832,0));
#3955=DIRECTION('',(0.31537356702429653,0.9489676038845434,0));
#3956=STYLED_ITEM('',(#18),#3957);
#3957=FACE_SURFACE('',(#3962),#3958,.T.);
#3958=PLANE('',#3959);
#3959=AXIS2_PLACEMENT_3D('',#359,#3960,#3961);
#3960=DIRECTION('',(0,0,-1));
#3961=DIRECTION('',(-0.06880209161538071,0.9976303284229832,0));
#3962=FACE_BOUND('',#3963,.T.);
#3963=EDGE_LOOP('',(#3964,#3965,#3966));
#3964=ORIENTED_EDGE('',*,*,#3967,.T.);
#3965=ORIENTED_EDGE('',*,*,#3968,.T.);
#3966=ORIENTED_EDGE('',*,*,#3969,.T.);
#3967=EDGE_CURVE('',#360,#322,#3970,.F.);
#3968=EDGE_CURVE('',#322,#36,#3971,.T.);
#3969=EDGE_CURVE('',#36,#360,#3972,.T.);
#3970=LINE('',#359,#3973);
#3971=LINE('',#321,#3974);
#3972=LINE('',#35,#3975);
#3973=VECTOR('',#3976,1.0);
#3974=VECTOR('',#3977,1.0);
#3975=VECTOR('',#3978,1.0);
#3976=DIRECTION('',(-0.06880209161538071,0.9976303284229832,0));
#3977=DIRECTION('',(0.34748160035237025,0.937686801344967,0));
#3978=DIRECTION('',(-0.31537356702429653,-0.9489676038845434,0));
#3979=STYLED_ITEM('',(#18),#3980);
#3980=FACE_SURFACE('',(#3985),#3981,.T.);
#3981=PLANE('',#3982);
#3982=AXIS2_PLACEMENT_3D('',#343,#3983,#3984);
#3983=DIRECTION('',(0,0,-1));
#3984=DIRECTION('',(-0.6598537015031943,0.7513940993995981,0));
#3985=FACE_BOUND('',#3986,.T.);
#3986=EDGE_LOOP('',(#3987,#3988,#3989));
#3987=ORIENTED_EDGE('',*,*,#3990,.T.);
#3988=ORIENTED_EDGE('',*,*,#3991,.T.);
#3989=ORIENTED_EDGE('',*,*,#3992,.T.);
#3990=EDGE_CURVE('',#344,#348,#3993,.F.);
#3991=EDGE_CURVE('',#348,#36,#3994,.T.);
#3992=EDGE_CURVE('',#36,#344,#3995,.T.);
#3993=LINE('',#343,#3996);
#3994=LINE('',#347,#3997);
#3995=LINE('',#35,#3998);
#3996=VECTOR('',#3999,1.0);
#3997=VECTOR('',#4000,1.0);
#3998=VECTOR('',#4001,1.0);
#3999=DIRECTION('',(-0.6598537015031943,0.7513940993995981,0));
#4000=DIRECTION('',(0.7071067811865475,0.7071067811865477,0));
#4001=DIRECTION('',(-0.6209847202133585,-0.7838226695251527,0));
#4002=STYLED_ITEM('',(#18),#4003);
#4003=FACE_SURFACE('',(#4008),#4004,.T.);
#4004=PLANE('',#4005);
#4005=AXIS2_PLACEMENT_3D('',#361,#4006,#4007);
#4006=DIRECTION('',(0,-0,-1));
#4007=DIRECTION('',(0.8326374333005132,-0.5538184762778627,0));
#4008=FACE_BOUND('',#4009,.T.);
#4009=EDGE_LOOP('',(#4010,#4011,#4012));
#4010=ORIENTED_EDGE('',*,*,#4013,.T.);
#4011=ORIENTED_EDGE('',*,*,#4014,.T.);
#4012=ORIENTED_EDGE('',*,*,#4015,.T.);
#4013=EDGE_CURVE('',#362,#134,#4016,.F.);
#4014=EDGE_CURVE('',#134,#46,#4017,.T.);
#4015=EDGE_CURVE('',#46,#362,#4018,.T.);
#4016=LINE('',#361,#4019);
#4017=LINE('',#133,#4020);
#4018=LINE('',#45,#4021);
#4019=VECTOR('',#4022,1.0);
#4020=VECTOR('',#4023,1.0);
#4021=VECTOR('',#4024,1.0);
#4022=DIRECTION('',(0.8326374333005132,-0.5538184762778627,0));
#4023=DIRECTION('',(-0.8653460408408834,-0.5011748493300597,0));
#4024=DIRECTION('',(0.8588728498987379,0.5121888594130297,0));
#4025=STYLED_ITEM('',(#18),#4026);
#4026=FACE_SURFACE('',(#4031),#4027,.T.);
#4027=PLANE('',#4028);
#4028=AXIS2_PLACEMENT_3D('',#39,#4029,#4030);
#4029=DIRECTION('',(0,0,-1));
#4030=DIRECTION('',(-1,0,0));
#4031=FACE_BOUND('',#4032,.T.);
#4032=EDGE_LOOP('',(#4033,#4034,#4035));
#4033=ORIENTED_EDGE('',*,*,#4036,.T.);
#4034=ORIENTED_EDGE('',*,*,#4037,.T.);
#4035=ORIENTED_EDGE('',*,*,#4038,.T.);
#4036=EDGE_CURVE('',#40,#46,#4039,.F.);
#4037=EDGE_CURVE('',#46,#136,#4040,.T.);
#4038=EDGE_CURVE('',#136,#40,#4041,.T.);
#4039=LINE('',#39,#4042);
#4040=LINE('',#45,#4043);
#4041=LINE('',#135,#4044);
#4042=VECTOR('',#4045,1.0);
#4043=VECTOR('',#4046,1.0);
#4044=VECTOR('',#4047,1.0);
#4045=DIRECTION('',(-1,0,0));
#4046=DIRECTION('',(0.8711538785730328,0.49101010157344155,0));
#4047=DIRECTION('',(0.38060747375926524,-0.9247366927502068,0));
#4048=STYLED_ITEM('',(#18),#4049);
#4049=FACE_SURFACE('',(#4054),#4050,.T.);
#4050=PLANE('',#4051);
#4051=AXIS2_PLACEMENT_3D('',#135,#4052,#4053);
#4052=DIRECTION('',(0,0,-1));
#4053=DIRECTION('',(0.9471445756278115,-0.32080703368039293,0));
#4054=FACE_BOUND('',#4055,.T.);
#4055=EDGE_LOOP('',(#4056,#4057,#4058));
#4056=ORIENTED_EDGE('',*,*,#4059,.T.);
#4057=ORIENTED_EDGE('',*,*,#4060,.T.);
#4058=ORIENTED_EDGE('',*,*,#4061,.T.);
#4059=EDGE_CURVE('',#136,#148,#4062,.F.);
#4060=EDGE_CURVE('',#148,#40,#4063,.T.);
#4061=EDGE_CURVE('',#40,#136,#4064,.T.);
#4062=LINE('',#135,#4065);
#4063=LINE('',#147,#4066);
#4064=LINE('',#39,#4067);
#4065=VECTOR('',#4068,1.0);
#4066=VECTOR('',#4069,1.0);
#4067=VECTOR('',#4070,1.0);
#4068=DIRECTION('',(0.9471445756278115,-0.32080703368039293,0));
#4069=DIRECTION('',(0.3617613548878766,-0.9322707343415259,0));
#4070=DIRECTION('',(-0.38060747375926524,0.9247366927502068,0));
#4071=STYLED_ITEM('',(#18),#4072);
#4072=FACE_SURFACE('',(#4077),#4073,.T.);
#4073=PLANE('',#4074);
#4074=AXIS2_PLACEMENT_3D('',#39,#4075,#4076);
#4075=DIRECTION('',(0,0,-1));
#4076=DIRECTION('',(-0.3401596330517142,0.9403677068264963,0));
#4077=FACE_BOUND('',#4078,.T.);
#4078=EDGE_LOOP('',(#4079,#4080,#4081));
#4079=ORIENTED_EDGE('',*,*,#4082,.T.);
#4080=ORIENTED_EDGE('',*,*,#4083,.T.);
#4081=ORIENTED_EDGE('',*,*,#4084,.T.);
#4082=EDGE_CURVE('',#40,#150,#4085,.F.);
#4083=EDGE_CURVE('',#150,#364,#4086,.T.);
#4084=EDGE_CURVE('',#364,#40,#4087,.T.);
#4085=LINE('',#39,#4088);
#4086=LINE('',#149,#4089);
#4087=LINE('',#363,#4090);
#4088=VECTOR('',#4091,1.0);
#4089=VECTOR('',#4092,1.0);
#4090=VECTOR('',#4093,1.0);
#4091=DIRECTION('',(-0.3401596330517142,0.9403677068264963,0));
#4092=DIRECTION('',(0.9976303284229832,-0.06880209161537756,0));
#4093=DIRECTION('',(0.3163226612331199,-0.9486516610381267,0));
#4094=STYLED_ITEM('',(#18),#4095);
#4095=FACE_SURFACE('',(#4100),#4096,.T.);
#4096=PLANE('',#4097);
#4097=AXIS2_PLACEMENT_3D('',#363,#4098,#4099);
#4098=DIRECTION('',(0,0,-1));
#4099=DIRECTION('',(0.9976303284229832,0.06880209161537756,0));
#4100=FACE_BOUND('',#4101,.T.);
#4101=EDGE_LOOP('',(#4102,#4103,#4104));
#4102=ORIENTED_EDGE('',*,*,#4105,.T.);
#4103=ORIENTED_EDGE('',*,*,#4106,.T.);
#4104=ORIENTED_EDGE('',*,*,#4107,.T.);
#4105=EDGE_CURVE('',#364,#164,#4108,.F.);
#4106=EDGE_CURVE('',#164,#40,#4109,.T.);
#4107=EDGE_CURVE('',#40,#364,#4110,.T.);
#4108=LINE('',#363,#4111);
#4109=LINE('',#163,#4112);
#4110=LINE('',#39,#4113);
#4111=VECTOR('',#4114,1.0);
#4112=VECTOR('',#4115,1.0);
#4113=VECTOR('',#4116,1.0);
#4114=DIRECTION('',(0.9976303284229832,0.06880209161537756,0));
#4115=DIRECTION('',(0.29070545660914127,-0.9568125926730222,0));
#4116=DIRECTION('',(-0.3163226612331199,0.9486516610381267,0));
#4117=STYLED_ITEM('',(#18),#4118);
#4118=FACE_SURFACE('',(#4123),#4119,.T.);
#4119=PLANE('',#4120);
#4120=AXIS2_PLACEMENT_3D('',#45,#4121,#4122);
#4121=DIRECTION('',(0,0,-1));
#4122=DIRECTION('',(0.2640534908985187,0.9645080372626793,0));
#4123=FACE_BOUND('',#4124,.T.);
#4124=EDGE_LOOP('',(#4125,#4126,#4127));
#4125=ORIENTED_EDGE('',*,*,#4128,.T.);
#4126=ORIENTED_EDGE('',*,*,#4129,.T.);
#4127=ORIENTED_EDGE('',*,*,#4130,.T.);
#4128=EDGE_CURVE('',#46,#366,#4131,.F.);
#4129=EDGE_CURVE('',#366,#368,#4132,.T.);
#4130=EDGE_CURVE('',#368,#46,#4133,.T.);
#4131=LINE('',#45,#4134);
#4132=LINE('',#365,#4135);
#4133=LINE('',#367,#4136);
#4134=VECTOR('',#4137,1.0);
#4135=VECTOR('',#4138,1.0);
#4136=VECTOR('',#4139,1.0);
#4137=DIRECTION('',(0.2640534908985187,0.9645080372626793,0));
#4138=DIRECTION('',(0.9808731636385993,-0.19464798188937268,0));
#4139=DIRECTION('',(-0.29070545660914116,-0.9568125926730222,0));
#4140=STYLED_ITEM('',(#18),#4141);
#4141=FACE_SURFACE('',(#4146),#4142,.T.);
#4142=PLANE('',#4143);
#4143=AXIS2_PLACEMENT_3D('',#369,#4144,#4145);
#4144=DIRECTION('',(0,-0,-1));
#4145=DIRECTION('',(0.9976303284229832,0.06880209161537733,0));
#4146=FACE_BOUND('',#4147,.T.);
#4147=EDGE_LOOP('',(#4148,#4149,#4150));
#4148=ORIENTED_EDGE('',*,*,#4151,.T.);
#4149=ORIENTED_EDGE('',*,*,#4152,.T.);
#4150=ORIENTED_EDGE('',*,*,#4153,.T.);
#4151=EDGE_CURVE('',#370,#372,#4154,.F.);
#4152=EDGE_CURVE('',#372,#46,#4155,.T.);
#4153=EDGE_CURVE('',#46,#370,#4156,.T.);
#4154=LINE('',#369,#4157);
#4155=LINE('',#371,#4158);
#4156=LINE('',#45,#4159);
#4157=VECTOR('',#4160,1.0);
#4158=VECTOR('',#4161,1.0);
#4159=VECTOR('',#4162,1.0);
#4160=DIRECTION('',(0.9976303284229832,0.06880209161537733,0));
#4161=DIRECTION('',(-0.34015963305171426,-0.9403677068264963,0));
#4162=DIRECTION('',(0.3163226612331199,0.9486516610381267,0));
#4163=STYLED_ITEM('',(#18),#4164);
#4164=FACE_SURFACE('',(#4169),#4165,.T.);
#4165=PLANE('',#4166);
#4166=AXIS2_PLACEMENT_3D('',#213,#4167,#4168);
#4167=DIRECTION('',(-0.06499637357340252,-0.997885500156359,-0));
#4168=DIRECTION('',(0,0,-1));
#4169=FACE_BOUND('',#4170,.T.);
#4170=EDGE_LOOP('',(#4171,#4172,#4173));
#4171=ORIENTED_EDGE('',*,*,#4174,.T.);
#4172=ORIENTED_EDGE('',*,*,#4175,.T.);
#4173=ORIENTED_EDGE('',*,*,#4176,.T.);
#4174=EDGE_CURVE('',#214,#356,#4177,.F.);
#4175=EDGE_CURVE('',#356,#354,#4178,.T.);
#4176=EDGE_CURVE('',#354,#214,#4179,.T.);
#4177=LINE('',#213,#4180);
#4178=LINE('',#355,#4181);
#4179=LINE('',#353,#4182);
#4180=VECTOR('',#4183,1.0);
#4181=VECTOR('',#4184,1.0);
#4182=VECTOR('',#4185,1.0);
#4183=DIRECTION('',(0,0,-1));
#4184=DIRECTION('',(0.997885500156359,-0.06499637357340252,0));
#4185=DIRECTION('',(-0.02609107707286986,0.0016994188131754268,0.9996581253973156));
#4186=STYLED_ITEM('',(#18),#4187);
#4187=FACE_SURFACE('',(#4192),#4188,.T.);
#4188=PLANE('',#4189);
#4189=AXIS2_PLACEMENT_3D('',#373,#4190,#4191);
#4190=DIRECTION('',(0,-0,-1));
#4191=DIRECTION('',(0.9471445756278127,-0.3208070336803899,0));
#4192=FACE_BOUND('',#4193,.T.);
#4193=EDGE_LOOP('',(#4194,#4195,#4196));
#4194=ORIENTED_EDGE('',*,*,#4197,.T.);
#4195=ORIENTED_EDGE('',*,*,#4198,.T.);
#4196=ORIENTED_EDGE('',*,*,#4199,.T.);
#4197=EDGE_CURVE('',#374,#366,#4200,.F.);
#4198=EDGE_CURVE('',#366,#46,#4201,.T.);
#4199=EDGE_CURVE('',#46,#374,#4202,.T.);
#4200=LINE('',#373,#4203);
#4201=LINE('',#365,#4204);
#4202=LINE('',#45,#4205);
#4203=VECTOR('',#4206,1.0);
#4204=VECTOR('',#4207,1.0);
#4205=VECTOR('',#4208,1.0);
#4206=DIRECTION('',(0.9471445756278127,-0.3208070336803899,0));
#4207=DIRECTION('',(-0.2640534908985187,-0.9645080372626793,0));
#4208=DIRECTION('',(0.23718592251303944,0.9714642752884114,0));
#4209=STYLED_ITEM('',(#18),#4210);
#4210=FACE_SURFACE('',(#4215),#4211,.T.);
#4211=PLANE('',#4212);
#4212=AXIS2_PLACEMENT_3D('',#89,#4213,#4214);
#4213=DIRECTION('',(-0.8326374333005131,0.5538184762778626,0));
#4214=DIRECTION('',(0,0,-1));
#4215=FACE_BOUND('',#4216,.T.);
#4216=EDGE_LOOP('',(#4217,#4218,#4219));
#4217=ORIENTED_EDGE('',*,*,#4220,.T.);
#4218=ORIENTED_EDGE('',*,*,#4221,.T.);
#4219=ORIENTED_EDGE('',*,*,#4222,.T.);
#4220=EDGE_CURVE('',#90,#166,#4223,.F.);
#4221=EDGE_CURVE('',#166,#88,#4224,.T.);
#4222=EDGE_CURVE('',#88,#90,#4225,.T.);
#4223=LINE('',#89,#4226);
#4224=LINE('',#165,#4227);
#4225=LINE('',#87,#4228);
#4226=VECTOR('',#4229,1.0);
#4227=VECTOR('',#4230,1.0);
#4228=VECTOR('',#4231,1.0);
#4229=DIRECTION('',(0,0,-1));
#4230=DIRECTION('',(-0.014495032751103712,-0.02179253199821116,0.9996574311106038));
#4231=DIRECTION('',(0.5538184762778627,0.8326374333005132,0));
#4232=STYLED_ITEM('',(#18),#4233);
#4233=FACE_SURFACE('',(#4238),#4234,.T.);
#4234=PLANE('',#4235);
#4235=AXIS2_PLACEMENT_3D('',#373,#4236,#4237);
#4236=DIRECTION('',(-0,0,-1));
#4237=DIRECTION('',(-0.23718592251303944,-0.9714642752884114,0));
#4238=FACE_BOUND('',#4239,.T.);
#4239=EDGE_LOOP('',(#4240,#4241,#4242));
#4240=ORIENTED_EDGE('',*,*,#4243,.T.);
#4241=ORIENTED_EDGE('',*,*,#4244,.T.);
#4242=ORIENTED_EDGE('',*,*,#4245,.T.);
#4243=EDGE_CURVE('',#374,#46,#4246,.F.);
#4244=EDGE_CURVE('',#46,#376,#4247,.T.);
#4245=EDGE_CURVE('',#376,#374,#4248,.T.);
#4246=LINE('',#373,#4249);
#4247=LINE('',#45,#4250);
#4248=LINE('',#375,#4251);
#4249=VECTOR('',#4252,1.0);
#4250=VECTOR('',#4253,1.0);
#4251=VECTOR('',#4254,1.0);
#4252=DIRECTION('',(-0.23718592251303944,-0.9714642752884114,0));
#4253=DIRECTION('',(0.21088333306373638,0.9775112377031422,0));
#4254=DIRECTION('',(0.8967049296897794,-0.4426288163575071,0));
#4255=STYLED_ITEM('',(#18),#4256);
#4256=FACE_SURFACE('',(#4261),#4257,.T.);
#4257=PLANE('',#4258);
#4258=AXIS2_PLACEMENT_3D('',#377,#4259,#4260);
#4259=DIRECTION('',(-0,0,-1));
#4260=DIRECTION('',(-0.18594615304638668,-0.9825599361704351,0));
#4261=FACE_BOUND('',#4262,.T.);
#4262=EDGE_LOOP('',(#4263,#4264,#4265));
#4263=ORIENTED_EDGE('',*,*,#4266,.T.);
#4264=ORIENTED_EDGE('',*,*,#4267,.T.);
#4265=ORIENTED_EDGE('',*,*,#4268,.T.);
#4266=EDGE_CURVE('',#378,#46,#4269,.F.);
#4267=EDGE_CURVE('',#46,#380,#4270,.T.);
#4268=EDGE_CURVE('',#380,#378,#4271,.T.);
#4269=LINE('',#377,#4272);
#4270=LINE('',#45,#4273);
#4271=LINE('',#379,#4274);
#4272=VECTOR('',#4275,1.0);
#4273=VECTOR('',#4276,1.0);
#4274=VECTOR('',#4277,1.0);
#4275=DIRECTION('',(-0.18594615304638668,-0.9825599361704351,0));
#4276=DIRECTION('',(0.16306334648413037,0.9866156014544857,0));
#4277=DIRECTION('',(0.7513940993995948,-0.6598537015031981,0));
#4278=STYLED_ITEM('',(#18),#4279);
#4279=FACE_SURFACE('',(#4284),#4280,.T.);
#4280=PLANE('',#4281);
#4281=AXIS2_PLACEMENT_3D('',#253,#4282,#4283);
#4282=DIRECTION('',(0,-0,-1));
#4283=DIRECTION('',(0.4426288163575078,-0.8967049296897791,0));
#4284=FACE_BOUND('',#4285,.T.);
#4285=EDGE_LOOP('',(#4286,#4287,#4288));
#4286=ORIENTED_EDGE('',*,*,#4289,.T.);
#4287=ORIENTED_EDGE('',*,*,#4290,.T.);
#4288=ORIENTED_EDGE('',*,*,#4291,.T.);
#4289=EDGE_CURVE('',#254,#382,#4292,.F.);
#4290=EDGE_CURVE('',#382,#46,#4293,.T.);
#4291=EDGE_CURVE('',#46,#254,#4294,.T.);
#4292=LINE('',#253,#4295);
#4293=LINE('',#381,#4296);
#4294=LINE('',#45,#4297);
#4295=VECTOR('',#4298,1.0);
#4296=VECTOR('',#4299,1.0);
#4297=VECTOR('',#4300,1.0);
#4298=DIRECTION('',(0.4426288163575078,-0.8967049296897791,0));
#4299=DIRECTION('',(-0.1256098531516716,-0.9920797169538421,0));
#4300=DIRECTION('',(0.11166771953052436,0.9937456014568578,0));
#4301=STYLED_ITEM('',(#18),#4302);
#4302=FACE_SURFACE('',(#4307),#4303,.T.);
#4303=PLANE('',#4304);
#4304=AXIS2_PLACEMENT_3D('',#379,#4305,#4306);
#4305=DIRECTION('',(-0,0,-1));
#4306=DIRECTION('',(-0.16306334648413037,-0.9866156014544857,0));
#4307=FACE_BOUND('',#4308,.T.);
#4308=EDGE_LOOP('',(#4309,#4310,#4311));
#4309=ORIENTED_EDGE('',*,*,#4312,.T.);
#4310=ORIENTED_EDGE('',*,*,#4313,.T.);
#4311=ORIENTED_EDGE('',*,*,#4314,.T.);
#4312=EDGE_CURVE('',#380,#46,#4315,.F.);
#4313=EDGE_CURVE('',#46,#384,#4316,.T.);
#4314=EDGE_CURVE('',#384,#380,#4317,.T.);
#4315=LINE('',#379,#4318);
#4316=LINE('',#45,#4319);
#4317=LINE('',#383,#4320);
#4318=VECTOR('',#4321,1.0);
#4319=VECTOR('',#4322,1.0);
#4320=VECTOR('',#4323,1.0);
#4321=DIRECTION('',(-0.16306334648413037,-0.9866156014544857,0));
#4322=DIRECTION('',(0.14278123682778443,0.9897542717310839,0));
#4323=DIRECTION('',(0.6598537015031978,-0.7513940993995951,0));
#4324=STYLED_ITEM('',(#18),#4325);
#4325=FACE_SURFACE('',(#4330),#4326,.T.);
#4326=PLANE('',#4327);
#4327=AXIS2_PLACEMENT_3D('',#381,#4328,#4329);
#4328=DIRECTION('',(0,-0,-1));
#4329=DIRECTION('',(0.5538184762778638,-0.8326374333005123,0));
#4330=FACE_BOUND('',#4331,.T.);
#4331=EDGE_LOOP('',(#4332,#4333,#4334));
#4332=ORIENTED_EDGE('',*,*,#4335,.T.);
#4333=ORIENTED_EDGE('',*,*,#4336,.T.);
#4334=ORIENTED_EDGE('',*,*,#4337,.T.);
#4335=EDGE_CURVE('',#382,#384,#4338,.F.);
#4336=EDGE_CURVE('',#384,#46,#4339,.T.);
#4337=EDGE_CURVE('',#46,#382,#4340,.T.);
#4338=LINE('',#381,#4341);
#4339=LINE('',#383,#4342);
#4340=LINE('',#45,#4343);
#4341=VECTOR('',#4344,1.0);
#4342=VECTOR('',#4345,1.0);
#4343=VECTOR('',#4346,1.0);
#4344=DIRECTION('',(0.5538184762778638,-0.8326374333005123,0));
#4345=DIRECTION('',(-0.14278123682778443,-0.9897542717310839,0));
#4346=DIRECTION('',(0.1256098531516716,0.9920797169538421,0));
#4347=STYLED_ITEM('',(#18),#4348);
#4348=FACE_SURFACE('',(#4353),#4349,.T.);
#4349=PLANE('',#4350);
#4350=AXIS2_PLACEMENT_3D('',#385,#4351,#4352);
#4351=DIRECTION('',(0,0,-1));
#4352=DIRECTION('',(-0.39641703712256354,-0.9180705488572041,0));
#4353=FACE_BOUND('',#4354,.T.);
#4354=EDGE_LOOP('',(#4355,#4356,#4357));
#4355=ORIENTED_EDGE('',*,*,#4358,.T.);
#4356=ORIENTED_EDGE('',*,*,#4359,.T.);
#4357=ORIENTED_EDGE('',*,*,#4360,.T.);
#4358=EDGE_CURVE('',#386,#46,#4361,.F.);
#4359=EDGE_CURVE('',#46,#388,#4362,.T.);
#4360=EDGE_CURVE('',#388,#386,#4363,.T.);
#4361=LINE('',#385,#4364);
#4362=LINE('',#45,#4365);
#4363=LINE('',#387,#4366);
#4364=VECTOR('',#4367,1.0);
#4365=VECTOR('',#4368,1.0);
#4366=VECTOR('',#4369,1.0);
#4367=DIRECTION('',(-0.39641703712256354,-0.9180705488572041,0));
#4368=DIRECTION('',(0.3806074737592654,0.9247366927502068,0));
#4369=DIRECTION('',(0.8967049296897797,0.44262881635750634,0));
#4370=STYLED_ITEM('',(#18),#4371);
#4371=FACE_SURFACE('',(#4376),#4372,.T.);
#4372=PLANE('',#4373);
#4373=AXIS2_PLACEMENT_3D('',#287,#4374,#4375);
#4374=DIRECTION('',(0,0,-1));
#4375=DIRECTION('',(0.5538184762778627,0.8326374333005132,0));
#4376=FACE_BOUND('',#4377,.T.);
#4377=EDGE_LOOP('',(#4378,#4379,#4380));
#4378=ORIENTED_EDGE('',*,*,#4381,.T.);
#4379=ORIENTED_EDGE('',*,*,#4382,.T.);
#4380=ORIENTED_EDGE('',*,*,#4383,.T.);
#4381=EDGE_CURVE('',#288,#166,#4384,.F.);
#4382=EDGE_CURVE('',#166,#142,#4385,.T.);
#4383=EDGE_CURVE('',#142,#288,#4386,.T.);
#4384=LINE('',#287,#4387);
#4385=LINE('',#165,#4388);
#4386=LINE('',#141,#4389);
#4387=VECTOR('',#4390,1.0);
#4388=VECTOR('',#4391,1.0);
#4389=VECTOR('',#4392,1.0);
#4390=DIRECTION('',(0.5538184762778627,0.8326374333005132,0));
#4391=DIRECTION('',(1,0,0));
#4392=DIRECTION('',(-0.9997916234974437,-0.02041346576027374,0));
#4393=STYLED_ITEM('',(#18),#4394);
#4394=FACE_SURFACE('',(#4399),#4395,.T.);
#4395=PLANE('',#4396);
#4396=AXIS2_PLACEMENT_3D('',#387,#4397,#4398);
#4397=DIRECTION('',(0,0,-1));
#4398=DIRECTION('',(-0.3806074737592654,-0.9247366927502068,0));
#4399=FACE_BOUND('',#4400,.T.);
#4400=EDGE_LOOP('',(#4401,#4402,#4403));
#4401=ORIENTED_EDGE('',*,*,#4404,.T.);
#4402=ORIENTED_EDGE('',*,*,#4405,.T.);
#4403=ORIENTED_EDGE('',*,*,#4406,.T.);
#4404=EDGE_CURVE('',#388,#46,#4407,.F.);
#4405=EDGE_CURVE('',#46,#390,#4408,.T.);
#4406=EDGE_CURVE('',#390,#388,#4409,.T.);
#4407=LINE('',#387,#4410);
#4408=LINE('',#45,#4411);
#4409=LINE('',#389,#4412);
#4410=VECTOR('',#4413,1.0);
#4411=VECTOR('',#4414,1.0);
#4412=VECTOR('',#4415,1.0);
#4413=DIRECTION('',(-0.3806074737592654,-0.9247366927502068,0));
#4414=DIRECTION('',(0.3617613548878765,0.9322707343415259,0));
#4415=DIRECTION('',(0.9471445756278127,0.3208070336803899,0));
#4416=STYLED_ITEM('',(#18),#4417);
#4417=FACE_SURFACE('',(#4422),#4418,.T.);
#4418=PLANE('',#4419);
#4419=AXIS2_PLACEMENT_3D('',#137,#4420,#4421);
#4420=DIRECTION('',(0,0,-1));
#4421=DIRECTION('',(-0.4090781761853702,-0.9124993401470771,0));
#4422=FACE_BOUND('',#4423,.T.);
#4423=EDGE_LOOP('',(#4424,#4425,#4426));
#4424=ORIENTED_EDGE('',*,*,#4427,.T.);
#4425=ORIENTED_EDGE('',*,*,#4428,.T.);
#4426=ORIENTED_EDGE('',*,*,#4429,.T.);
#4427=EDGE_CURVE('',#138,#46,#4430,.F.);
#4428=EDGE_CURVE('',#46,#386,#4431,.T.);
#4429=EDGE_CURVE('',#386,#138,#4432,.T.);
#4430=LINE('',#137,#4433);
#4431=LINE('',#45,#4434);
#4432=LINE('',#385,#4435);
#4433=VECTOR('',#4436,1.0);
#4434=VECTOR('',#4437,1.0);
#4435=VECTOR('',#4438,1.0);
#4436=DIRECTION('',(-0.4090781761853702,-0.9124993401470771,0));
#4437=DIRECTION('',(0.39641703712256354,0.9180705488572041,0));
#4438=DIRECTION('',(0.8326374333005132,0.5538184762778627,0));
#4439=STYLED_ITEM('',(#18),#4440);
#4440=FACE_SURFACE('',(#4445),#4441,.T.);
#4441=PLANE('',#4442);
#4442=AXIS2_PLACEMENT_3D('',#139,#4443,#4444);
#4443=DIRECTION('',(0,0,-1));
#4444=DIRECTION('',(0.6598537015031978,0.7513940993995951,0));
#4445=FACE_BOUND('',#4446,.T.);
#4446=EDGE_LOOP('',(#4447,#4448,#4449));
#4447=ORIENTED_EDGE('',*,*,#4450,.T.);
#4448=ORIENTED_EDGE('',*,*,#4451,.T.);
#4449=ORIENTED_EDGE('',*,*,#4452,.T.);
#4450=EDGE_CURVE('',#140,#288,#4453,.F.);
#4451=EDGE_CURVE('',#288,#142,#4454,.T.);
#4452=EDGE_CURVE('',#142,#140,#4455,.T.);
#4453=LINE('',#139,#4456);
#4454=LINE('',#287,#4457);
#4455=LINE('',#141,#4458);
#4456=VECTOR('',#4459,1.0);
#4457=VECTOR('',#4460,1.0);
#4458=VECTOR('',#4461,1.0);
#4459=DIRECTION('',(0.6598537015031978,0.7513940993995951,0));
#4460=DIRECTION('',(0.9997916234974437,0.02041346576027374,0));
#4461=DIRECTION('',(-0.9992693144491592,-0.03822090004575125,0));
#4462=STYLED_ITEM('',(#18),#4463);
#4463=FACE_SURFACE('',(#4468),#4464,.T.);
#4464=PLANE('',#4465);
#4465=AXIS2_PLACEMENT_3D('',#169,#4466,#4467);
#4466=DIRECTION('',(0,-0,-1));
#4467=DIRECTION('',(0.44262881635750634,-0.8967049296897797,0));
#4468=FACE_BOUND('',#4469,.T.);
#4469=EDGE_LOOP('',(#4470,#4471,#4472));
#4470=ORIENTED_EDGE('',*,*,#4473,.T.);
#4471=ORIENTED_EDGE('',*,*,#4474,.T.);
#4472=ORIENTED_EDGE('',*,*,#4475,.T.);
#4473=EDGE_CURVE('',#170,#142,#4476,.F.);
#4474=EDGE_CURVE('',#142,#166,#4477,.T.);
#4475=EDGE_CURVE('',#166,#170,#4478,.T.);
#4476=LINE('',#169,#4479);
#4477=LINE('',#141,#4480);
#4478=LINE('',#165,#4481);
#4479=VECTOR('',#4482,1.0);
#4480=VECTOR('',#4483,1.0);
#4481=VECTOR('',#4484,1.0);
#4482=DIRECTION('',(0.44262881635750634,-0.8967049296897797,0));
#4483=DIRECTION('',(-1,0,0));
#4484=DIRECTION('',(0.9997455877451799,0.02255570402458886,0));
#4485=STYLED_ITEM('',(#18),#4486);
#4486=FACE_SURFACE('',(#4491),#4487,.T.);
#4487=PLANE('',#4488);
#4488=AXIS2_PLACEMENT_3D('',#143,#4489,#4490);
#4489=DIRECTION('',(0.7513940993995952,0.6598537015031978,-0));
#4490=DIRECTION('',(0,0,1));
#4491=FACE_BOUND('',#4492,.T.);
#4492=EDGE_LOOP('',(#4493,#4494,#4495));
#4493=ORIENTED_EDGE('',*,*,#4496,.T.);
#4494=ORIENTED_EDGE('',*,*,#4497,.T.);
#4495=ORIENTED_EDGE('',*,*,#4498,.T.);
#4496=EDGE_CURVE('',#144,#84,#4499,.F.);
#4497=EDGE_CURVE('',#84,#104,#4500,.T.);
#4498=EDGE_CURVE('',#104,#144,#4501,.T.);
#4499=LINE('',#143,#4502);
#4500=LINE('',#83,#4503);
#4501=LINE('',#103,#4504);
#4502=VECTOR('',#4505,1.0);
#4503=VECTOR('',#4506,1.0);
#4504=VECTOR('',#4507,1.0);
#4505=DIRECTION('',(0,0,1));
#4506=DIRECTION('',(0.6598537015031978,-0.7513940993995951,0));
#4507=DIRECTION('',(-0.017294057226532288,0.01969323279553099,-0.999656487082791));
#4508=STYLED_ITEM('',(#18),#4509);
#4509=FACE_SURFACE('',(#4514),#4510,.T.);
#4510=PLANE('',#4511);
#4511=AXIS2_PLACEMENT_3D('',#85,#4512,#4513);
#4512=DIRECTION('',(0.8326374333005131,0.5538184762778626,0));
#4513=DIRECTION('',(0.5538184762778627,-0.8326374333005132,0));
#4514=FACE_BOUND('',#4515,.T.);
#4515=EDGE_LOOP('',(#4516,#4517,#4518));
#4516=ORIENTED_EDGE('',*,*,#4519,.T.);
#4517=ORIENTED_EDGE('',*,*,#4520,.T.);
#4518=ORIENTED_EDGE('',*,*,#4521,.T.);
#4519=EDGE_CURVE('',#86,#84,#4522,.F.);
#4520=EDGE_CURVE('',#84,#144,#4523,.T.);
#4521=EDGE_CURVE('',#144,#86,#4524,.T.);
#4522=LINE('',#85,#4525);
#4523=LINE('',#83,#4526);
#4524=LINE('',#143,#4527);
#4525=VECTOR('',#4528,1.0);
#4526=VECTOR('',#4529,1.0);
#4527=VECTOR('',#4530,1.0);
#4528=DIRECTION('',(0.5538184762778627,-0.8326374333005132,0));
#4529=DIRECTION('',(0,0,-1));
#4530=DIRECTION('',(-0.014495032751103712,0.02179253199821116,0.9996574311106038));
#4531=STYLED_ITEM('',(#18),#4532);
#4532=FACE_SURFACE('',(#4537),#4533,.T.);
#4533=PLANE('',#4534);
#4534=AXIS2_PLACEMENT_3D('',#149,#4535,#4536);
#4535=DIRECTION('',(0.06880209161537756,0.9976303284229832,-0));
#4536=DIRECTION('',(0,0,1));
#4537=FACE_BOUND('',#4538,.T.);
#4538=EDGE_LOOP('',(#4539,#4540,#4541));
#4539=ORIENTED_EDGE('',*,*,#4542,.T.);
#4540=ORIENTED_EDGE('',*,*,#4543,.T.);
#4541=ORIENTED_EDGE('',*,*,#4544,.T.);
#4542=EDGE_CURVE('',#150,#236,#4545,.F.);
#4543=EDGE_CURVE('',#236,#234,#4546,.T.);
#4544=EDGE_CURVE('',#234,#150,#4547,.T.);
#4545=LINE('',#149,#4548);
#4546=LINE('',#235,#4549);
#4547=LINE('',#233,#4550);
#4548=VECTOR('',#4551,1.0);
#4549=VECTOR('',#4552,1.0);
#4550=VECTOR('',#4553,1.0);
#4551=DIRECTION('',(0,0,1));
#4552=DIRECTION('',(0.9976303284229832,-0.06880209161537756,0));
#4553=DIRECTION('',(-0.02609107251005399,0.0017993843110381909,-0.9996579505767841));
#4554=STYLED_ITEM('',(#18),#4555);
#4555=FACE_SURFACE('',(#4560),#4556,.T.);
#4556=PLANE('',#4557);
#4557=AXIS2_PLACEMENT_3D('',#149,#4558,#4559);
#4558=DIRECTION('',(0.1946479818893714,0.9808731636385997,-0));
#4559=DIRECTION('',(-0.025691183014385995,0.005098250325811994,0.9996569266297997));
#4560=FACE_BOUND('',#4561,.T.);
#4561=EDGE_LOOP('',(#4562,#4563,#4564));
#4562=ORIENTED_EDGE('',*,*,#4565,.T.);
#4563=ORIENTED_EDGE('',*,*,#4566,.T.);
#4564=ORIENTED_EDGE('',*,*,#4567,.T.);
#4565=EDGE_CURVE('',#150,#238,#4568,.F.);
#4566=EDGE_CURVE('',#238,#236,#4569,.T.);
#4567=EDGE_CURVE('',#236,#150,#4570,.T.);
#4568=LINE('',#149,#4571);
#4569=LINE('',#237,#4572);
#4570=LINE('',#235,#4573);
#4571=VECTOR('',#4574,1.0);
#4572=VECTOR('',#4575,1.0);
#4573=VECTOR('',#4576,1.0);
#4574=DIRECTION('',(-0.025691183014385995,0.005098250325811994,0.9996569266297997));
#4575=DIRECTION('',(0.9808731636385997,-0.1946479818893714,0));
#4576=DIRECTION('',(0,0,-1));
#4577=STYLED_ITEM('',(#18),#4578);
#4578=FACE_SURFACE('',(#4583),#4579,.T.);
#4579=PLANE('',#4580);
#4580=AXIS2_PLACEMENT_3D('',#175,#4581,#4582);
#4581=DIRECTION('',(0.9808731636385993,0.1946479818893727,-0));
#4582=DIRECTION('',(-0.19464798188937268,0.9808731636385993,0));
#4583=FACE_BOUND('',#4584,.T.);
#4584=EDGE_LOOP('',(#4585,#4586,#4587));
#4585=ORIENTED_EDGE('',*,*,#4588,.T.);
#4586=ORIENTED_EDGE('',*,*,#4589,.T.);
#4587=ORIENTED_EDGE('',*,*,#4590,.T.);
#4588=EDGE_CURVE('',#176,#392,#4591,.F.);
#4589=EDGE_CURVE('',#392,#78,#4592,.T.);
#4590=EDGE_CURVE('',#78,#176,#4593,.T.);
#4591=LINE('',#175,#4594);
#4592=LINE('',#391,#4595);
#4593=LINE('',#77,#4596);
#4594=VECTOR('',#4597,1.0);
#4595=VECTOR('',#4598,1.0);
#4596=VECTOR('',#4599,1.0);
#4597=DIRECTION('',(-0.19464798188937268,0.9808731636385993,0));
#4598=DIRECTION('',(0.005098250325811994,-0.02569118301438582,0.9996569266297997));
#4599=DIRECTION('',(0,0,-1));
#4600=STYLED_ITEM('',(#18),#4601);
#4601=FACE_SURFACE('',(#4606),#4602,.T.);
#4602=PLANE('',#4603);
#4603=AXIS2_PLACEMENT_3D('',#393,#4604,#4605);
#4604=DIRECTION('',(0,-0,-1));
#4605=DIRECTION('',(0.19464798188937268,-0.9808731636385993,0));
#4606=FACE_BOUND('',#4607,.T.);
#4607=EDGE_LOOP('',(#4608,#4609,#4610));
#4608=ORIENTED_EDGE('',*,*,#4611,.T.);
#4609=ORIENTED_EDGE('',*,*,#4612,.T.);
#4610=ORIENTED_EDGE('',*,*,#4613,.T.);
#4611=EDGE_CURVE('',#394,#256,#4614,.F.);
#4612=EDGE_CURVE('',#256,#46,#4615,.T.);
#4613=EDGE_CURVE('',#46,#394,#4616,.T.);
#4614=LINE('',#393,#4617);
#4615=LINE('',#255,#4618);
#4616=LINE('',#45,#4619);
#4617=VECTOR('',#4620,1.0);
#4618=VECTOR('',#4621,1.0);
#4619=VECTOR('',#4622,1.0);
#4620=DIRECTION('',(0.19464798188937268,-0.9808731636385993,0));
#4621=DIRECTION('',(-0.10117628652289623,-0.9948685134455892,0));
#4622=DIRECTION('',(0.09409596598084288,0.9955631316928787,0));
#4623=STYLED_ITEM('',(#18),#4624);
#4624=FACE_SURFACE('',(#4629),#4625,.T.);
#4625=PLANE('',#4626);
#4626=AXIS2_PLACEMENT_3D('',#395,#4627,#4628);
#4627=DIRECTION('',(0.9471445756278136,-0.3208070336803868,0));
#4628=DIRECTION('',(0,0,1));
#4629=FACE_BOUND('',#4630,.T.);
#4630=EDGE_LOOP('',(#4631,#4632,#4633));
#4631=ORIENTED_EDGE('',*,*,#4634,.T.);
#4632=ORIENTED_EDGE('',*,*,#4635,.T.);
#4633=ORIENTED_EDGE('',*,*,#4636,.T.);
#4634=EDGE_CURVE('',#396,#108,#4637,.F.);
#4635=EDGE_CURVE('',#108,#106,#4638,.T.);
#4636=EDGE_CURVE('',#106,#396,#4639,.T.);
#4637=LINE('',#395,#4640);
#4638=LINE('',#107,#4641);
#4639=LINE('',#105,#4642);
#4640=VECTOR('',#4643,1.0);
#4641=VECTOR('',#4644,1.0);
#4642=VECTOR('',#4645,1.0);
#4643=DIRECTION('',(0,0,1));
#4644=DIRECTION('',(-0.3208070336803868,-0.9471445756278137,0));
#4645=DIRECTION('',(0.008397121959803711,0.024791502928944418,-0.9996573761671128));
#4646=STYLED_ITEM('',(#18),#4647);
#4647=FACE_SURFACE('',(#4652),#4648,.T.);
#4648=PLANE('',#4649);
#4649=AXIS2_PLACEMENT_3D('',#227,#4650,#4651);
#4650=DIRECTION('',(-0.8967049296897794,-0.44262881635750706,-0));
#4651=DIRECTION('',(0,0,-1));
#4652=FACE_BOUND('',#4653,.T.);
#4653=EDGE_LOOP('',(#4654,#4655,#4656));
#4654=ORIENTED_EDGE('',*,*,#4657,.T.);
#4655=ORIENTED_EDGE('',*,*,#4658,.T.);
#4656=ORIENTED_EDGE('',*,*,#4659,.T.);
#4657=EDGE_CURVE('',#228,#342,#4660,.F.);
#4658=EDGE_CURVE('',#342,#320,#4661,.T.);
#4659=EDGE_CURVE('',#320,#228,#4662,.T.);
#4660=LINE('',#227,#4663);
#4661=LINE('',#341,#4664);
#4662=LINE('',#319,#4665);
#4663=VECTOR('',#4666,1.0);
#4664=VECTOR('',#4667,1.0);
#4665=VECTOR('',#4668,1.0);
#4666=DIRECTION('',(0,0,-1));
#4667=DIRECTION('',(0.4426288163575071,-0.8967049296897794,0));
#4668=DIRECTION('',(-0.011596018552755962,0.02349193413704877,0.99965677178931));
#4669=STYLED_ITEM('',(#18),#4670);
#4670=FACE_SURFACE('',(#4675),#4671,.T.);
#4671=PLANE('',#4672);
#4672=AXIS2_PLACEMENT_3D('',#205,#4673,#4674);
#4673=DIRECTION('',(-0.8967049296897798,0.4426288163575064,0));
#4674=DIRECTION('',(0,0,-1));
#4675=FACE_BOUND('',#4676,.T.);
#4676=EDGE_LOOP('',(#4677,#4678,#4679));
#4677=ORIENTED_EDGE('',*,*,#4680,.T.);
#4678=ORIENTED_EDGE('',*,*,#4681,.T.);
#4679=ORIENTED_EDGE('',*,*,#4682,.T.);
#4680=EDGE_CURVE('',#206,#326,#4683,.F.);
#4681=EDGE_CURVE('',#326,#204,#4684,.T.);
#4682=EDGE_CURVE('',#204,#206,#4685,.T.);
#4683=LINE('',#205,#4686);
#4684=LINE('',#325,#4687);
#4685=LINE('',#203,#4688);
#4686=VECTOR('',#4689,1.0);
#4687=VECTOR('',#4690,1.0);
#4688=VECTOR('',#4691,1.0);
#4689=DIRECTION('',(0,0,-1));
#4690=DIRECTION('',(-0.011596018552755962,-0.023491934137048816,0.99965677178931));
#4691=DIRECTION('',(0.44262881635750634,0.8967049296897797,0));
#4692=STYLED_ITEM('',(#18),#4693);
#4693=FACE_SURFACE('',(#4698),#4694,.T.);
#4694=PLANE('',#4695);
#4695=AXIS2_PLACEMENT_3D('',#293,#4696,#4697);
#4696=DIRECTION('',(-0.5538184762778626,0.8326374333005131,0));
#4697=DIRECTION('',(0,0,-1));
#4698=FACE_BOUND('',#4699,.T.);
#4699=EDGE_LOOP('',(#4700,#4701,#4702));
#4700=ORIENTED_EDGE('',*,*,#4703,.T.);
#4701=ORIENTED_EDGE('',*,*,#4704,.T.);
#4702=ORIENTED_EDGE('',*,*,#4705,.T.);
#4703=EDGE_CURVE('',#294,#138,#4706,.F.);
#4704=EDGE_CURVE('',#138,#266,#4707,.T.);
#4705=EDGE_CURVE('',#266,#294,#4708,.T.);
#4706=LINE('',#293,#4709);
#4707=LINE('',#137,#4710);
#4708=LINE('',#265,#4711);
#4709=VECTOR('',#4712,1.0);
#4710=VECTOR('',#4713,1.0);
#4711=VECTOR('',#4714,1.0);
#4712=DIRECTION('',(0,0,-1));
#4713=DIRECTION('',(-0.02179253199821116,-0.014495032751103712,0.9996574311106038));
#4714=DIRECTION('',(0.8326374333005132,0.5538184762778627,0));
#4715=STYLED_ITEM('',(#18),#4716);
#4716=FACE_SURFACE('',(#4721),#4717,.T.);
#4717=PLANE('',#4718);
#4718=AXIS2_PLACEMENT_3D('',#263,#4719,#4720);
#4719=DIRECTION('',(-0.4426288163575064,0.8967049296897798,0));
#4720=DIRECTION('',(0.8967049296897797,0.44262881635750634,0));
#4721=FACE_BOUND('',#4722,.T.);
#4722=EDGE_LOOP('',(#4723,#4724,#4725));
#4723=ORIENTED_EDGE('',*,*,#4726,.T.);
#4724=ORIENTED_EDGE('',*,*,#4727,.T.);
#4725=ORIENTED_EDGE('',*,*,#4728,.T.);
#4726=EDGE_CURVE('',#264,#266,#4729,.F.);
#4727=EDGE_CURVE('',#266,#388,#4730,.T.);
#4728=EDGE_CURVE('',#388,#264,#4731,.T.);
#4729=LINE('',#263,#4732);
#4730=LINE('',#265,#4733);
#4731=LINE('',#387,#4734);
#4732=VECTOR('',#4735,1.0);
#4733=VECTOR('',#4736,1.0);
#4734=VECTOR('',#4737,1.0);
#4735=DIRECTION('',(0.8967049296897797,0.44262881635750634,0));
#4736=DIRECTION('',(-0.023491934137048816,-0.011596018552755962,-0.99965677178931));
#4737=DIRECTION('',(0,0,1));
#4738=STYLED_ITEM('',(#18),#4739);
#4739=FACE_SURFACE('',(#4744),#4740,.T.);
#4740=PLANE('',#4741);
#4741=AXIS2_PLACEMENT_3D('',#263,#4742,#4743);
#4742=DIRECTION('',(-0.3208070336803899,0.9471445756278127,0));
#4743=DIRECTION('',(0,0,-1));
#4744=FACE_BOUND('',#4745,.T.);
#4745=EDGE_LOOP('',(#4746,#4747,#4748));
#4746=ORIENTED_EDGE('',*,*,#4749,.T.);
#4747=ORIENTED_EDGE('',*,*,#4750,.T.);
#4748=ORIENTED_EDGE('',*,*,#4751,.T.);
#4749=EDGE_CURVE('',#264,#388,#4752,.F.);
#4750=EDGE_CURVE('',#388,#270,#4753,.T.);
#4751=EDGE_CURVE('',#270,#264,#4754,.T.);
#4752=LINE('',#263,#4755);
#4753=LINE('',#387,#4756);
#4754=LINE('',#269,#4757);
#4755=VECTOR('',#4758,1.0);
#4756=VECTOR('',#4759,1.0);
#4757=VECTOR('',#4760,1.0);
#4758=DIRECTION('',(0,0,-1));
#4759=DIRECTION('',(-0.024791502928944418,-0.0083971219598038,0.9996573761671128));
#4760=DIRECTION('',(0.9471445756278127,0.3208070336803899,0));
#4761=STYLED_ITEM('',(#18),#4762);
#4762=FACE_SURFACE('',(#4767),#4763,.T.);
#4763=PLANE('',#4764);
#4764=AXIS2_PLACEMENT_3D('',#331,#4765,#4766);
#4765=DIRECTION('',(0.1946479818893714,-0.9808731636385997,0));
#4766=DIRECTION('',(0,0,1));
#4767=FACE_BOUND('',#4768,.T.);
#4768=EDGE_LOOP('',(#4769,#4770,#4771));
#4769=ORIENTED_EDGE('',*,*,#4772,.T.);
#4770=ORIENTED_EDGE('',*,*,#4773,.T.);
#4771=ORIENTED_EDGE('',*,*,#4774,.T.);
#4772=EDGE_CURVE('',#332,#210,#4775,.F.);
#4773=EDGE_CURVE('',#210,#212,#4776,.T.);
#4774=EDGE_CURVE('',#212,#332,#4777,.T.);
#4775=LINE('',#331,#4778);
#4776=LINE('',#209,#4779);
#4777=LINE('',#211,#4780);
#4778=VECTOR('',#4781,1.0);
#4779=VECTOR('',#4782,1.0);
#4780=VECTOR('',#4783,1.0);
#4781=DIRECTION('',(0,0,1));
#4782=DIRECTION('',(-0.9808731636385997,-0.1946479818893714,0));
#4783=DIRECTION('',(0.025691183014385995,0.005098250325811994,-0.9996569266297997));
#4784=STYLED_ITEM('',(#18),#4785);
#4785=FACE_SURFACE('',(#4790),#4786,.T.);
#4786=PLANE('',#4787);
#4787=AXIS2_PLACEMENT_3D('',#269,#4788,#4789);
#4788=DIRECTION('',(-0.1946479818893727,0.9808731636385993,0));
#4789=DIRECTION('',(-0.02569118301438582,-0.005098250325811994,-0.9996569266297997));
#4790=FACE_BOUND('',#4791,.T.);
#4791=EDGE_LOOP('',(#4792,#4793,#4794));
#4792=ORIENTED_EDGE('',*,*,#4795,.T.);
#4793=ORIENTED_EDGE('',*,*,#4796,.T.);
#4794=ORIENTED_EDGE('',*,*,#4797,.T.);
#4795=EDGE_CURVE('',#270,#372,#4798,.F.);
#4796=EDGE_CURVE('',#372,#268,#4799,.T.);
#4797=EDGE_CURVE('',#268,#270,#4800,.T.);
#4798=LINE('',#269,#4801);
#4799=LINE('',#371,#4802);
#4800=LINE('',#267,#4803);
#4801=VECTOR('',#4804,1.0);
#4802=VECTOR('',#4805,1.0);
#4803=VECTOR('',#4806,1.0);
#4804=DIRECTION('',(-0.02569118301438582,-0.005098250325811994,-0.9996569266297997));
#4805=DIRECTION('',(0,0,1));
#4806=DIRECTION('',(0.9808731636385993,0.19464798188937268,0));
#4807=STYLED_ITEM('',(#18),#4808);
#4808=FACE_SURFACE('',(#4813),#4809,.T.);
#4809=PLANE('',#4810);
#4810=AXIS2_PLACEMENT_3D('',#199,#4811,#4812);
#4811=DIRECTION('',(-0.9471445756278136,-0.3208070336803868,-0));
#4812=DIRECTION('',(0,0,-1));
#4813=FACE_BOUND('',#4814,.T.);
#4814=EDGE_LOOP('',(#4815,#4816,#4817));
#4815=ORIENTED_EDGE('',*,*,#4818,.T.);
#4816=ORIENTED_EDGE('',*,*,#4819,.T.);
#4817=ORIENTED_EDGE('',*,*,#4820,.T.);
#4818=EDGE_CURVE('',#200,#320,#4821,.F.);
#4819=EDGE_CURVE('',#320,#198,#4822,.T.);
#4820=EDGE_CURVE('',#198,#200,#4823,.T.);
#4821=LINE('',#199,#4824);
#4822=LINE('',#319,#4825);
#4823=LINE('',#197,#4826);
#4824=VECTOR('',#4827,1.0);
#4825=VECTOR('',#4828,1.0);
#4826=VECTOR('',#4829,1.0);
#4827=DIRECTION('',(0,0,-1));
#4828=DIRECTION('',(0.008397121959803711,-0.024791502928944418,0.9996573761671128));
#4829=DIRECTION('',(-0.3208070336803868,0.9471445756278137,0));
#4830=STYLED_ITEM('',(#18),#4831);
#4831=FACE_SURFACE('',(#4836),#4832,.T.);
#4832=PLANE('',#4833);
#4833=AXIS2_PLACEMENT_3D('',#267,#4834,#4835);
#4834=DIRECTION('',(-0.06880209161537733,0.9976303284229832,0));
#4835=DIRECTION('',(0,0,-1));
#4836=FACE_BOUND('',#4837,.T.);
#4837=EDGE_LOOP('',(#4838,#4839,#4840));
#4838=ORIENTED_EDGE('',*,*,#4841,.T.);
#4839=ORIENTED_EDGE('',*,*,#4842,.T.);
#4840=ORIENTED_EDGE('',*,*,#4843,.T.);
#4841=EDGE_CURVE('',#268,#372,#4844,.F.);
#4842=EDGE_CURVE('',#372,#126,#4845,.T.);
#4843=EDGE_CURVE('',#126,#268,#4846,.T.);
#4844=LINE('',#267,#4847);
#4845=LINE('',#371,#4848);
#4846=LINE('',#125,#4849);
#4847=VECTOR('',#4850,1.0);
#4848=VECTOR('',#4851,1.0);
#4849=VECTOR('',#4852,1.0);
#4850=DIRECTION('',(0,0,-1));
#4851=DIRECTION('',(-0.02609107251005408,-0.0017993843110381909,0.9996579505767841));
#4852=DIRECTION('',(0.9976303284229832,0.06880209161537733,0));
#4853=STYLED_ITEM('',(#18),#4854);
#4854=FACE_SURFACE('',(#4859),#4855,.T.);
#4855=PLANE('',#4856);
#4856=AXIS2_PLACEMENT_3D('',#197,#4857,#4858);
#4857=DIRECTION('',(-0.9808731636386007,-0.1946479818893662,-0));
#4858=DIRECTION('',(0,0,-1));
#4859=FACE_BOUND('',#4860,.T.);
#4860=EDGE_LOOP('',(#4861,#4862,#4863));
#4861=ORIENTED_EDGE('',*,*,#4864,.T.);
#4862=ORIENTED_EDGE('',*,*,#4865,.T.);
#4863=ORIENTED_EDGE('',*,*,#4866,.T.);
#4864=EDGE_CURVE('',#198,#318,#4867,.F.);
#4865=EDGE_CURVE('',#318,#196,#4868,.T.);
#4866=EDGE_CURVE('',#196,#198,#4869,.T.);
#4867=LINE('',#197,#4870);
#4868=LINE('',#317,#4871);
#4869=LINE('',#195,#4872);
#4870=VECTOR('',#4873,1.0);
#4871=VECTOR('',#4874,1.0);
#4872=VECTOR('',#4875,1.0);
#4873=DIRECTION('',(0,0,-1));
#4874=DIRECTION('',(0.005098250325811816,-0.02569118301438582,0.9996569266297997));
#4875=DIRECTION('',(-0.19464798188936616,0.9808731636386006,0));
#4876=STYLED_ITEM('',(#18),#4877);
#4877=FACE_SURFACE('',(#4882),#4878,.T.);
#4878=PLANE('',#4879);
#4879=AXIS2_PLACEMENT_3D('',#217,#4880,#4881);
#4880=DIRECTION('',(-0.1946479818893714,-0.9808731636385997,-0));
#4881=DIRECTION('',(-0.025691183014385995,0.005098250325811994,-0.9996569266297997));
#4882=FACE_BOUND('',#4883,.T.);
#4883=EDGE_LOOP('',(#4884,#4885,#4886));
#4884=ORIENTED_EDGE('',*,*,#4887,.T.);
#4885=ORIENTED_EDGE('',*,*,#4888,.T.);
#4886=ORIENTED_EDGE('',*,*,#4889,.T.);
#4887=EDGE_CURVE('',#218,#354,#4890,.F.);
#4888=EDGE_CURVE('',#354,#352,#4891,.T.);
#4889=EDGE_CURVE('',#352,#218,#4892,.T.);
#4890=LINE('',#217,#4893);
#4891=LINE('',#353,#4894);
#4892=LINE('',#351,#4895);
#4893=VECTOR('',#4896,1.0);
#4894=VECTOR('',#4897,1.0);
#4895=VECTOR('',#4898,1.0);
#4896=DIRECTION('',(-0.025691183014385995,0.005098250325811994,-0.9996569266297997));
#4897=DIRECTION('',(0.9808731636385997,-0.1946479818893714,0));
#4898=DIRECTION('',(0,0,1));
#4899=STYLED_ITEM('',(#18),#4900);
#4900=FACE_SURFACE('',(#4905),#4901,.T.);
#4901=PLANE('',#4902);
#4902=AXIS2_PLACEMENT_3D('',#101,#4903,#4904);
#4903=DIRECTION('',(-0.7513940993995952,0.6598537015031978,0));
#4904=DIRECTION('',(0.017294057226532288,0.01969323279553099,-0.999656487082791));
#4905=FACE_BOUND('',#4906,.T.);
#4906=EDGE_LOOP('',(#4907,#4908,#4909));
#4907=ORIENTED_EDGE('',*,*,#4910,.T.);
#4908=ORIENTED_EDGE('',*,*,#4911,.T.);
#4909=ORIENTED_EDGE('',*,*,#4912,.T.);
#4910=EDGE_CURVE('',#102,#288,#4913,.F.);
#4911=EDGE_CURVE('',#288,#140,#4914,.T.);
#4912=EDGE_CURVE('',#140,#102,#4915,.T.);
#4913=LINE('',#101,#4916);
#4914=LINE('',#287,#4917);
#4915=LINE('',#139,#4918);
#4916=VECTOR('',#4919,1.0);
#4917=VECTOR('',#4920,1.0);
#4918=VECTOR('',#4921,1.0);
#4919=DIRECTION('',(0.017294057226532288,0.01969323279553099,-0.999656487082791));
#4920=DIRECTION('',(-0.6598537015031978,-0.7513940993995951,0));
#4921=DIRECTION('',(0,0,1));
#4922=STYLED_ITEM('',(#18),#4923);
#4923=FACE_SURFACE('',(#4928),#4924,.T.);
#4924=PLANE('',#4925);
#4925=AXIS2_PLACEMENT_3D('',#217,#4926,#4927);
#4926=DIRECTION('',(-0.32080703368039065,-0.9471445756278123,-0));
#4927=DIRECTION('',(0,0,-1));
#4928=FACE_BOUND('',#4929,.T.);
#4929=EDGE_LOOP('',(#4930,#4931,#4932));
#4930=ORIENTED_EDGE('',*,*,#4933,.T.);
#4931=ORIENTED_EDGE('',*,*,#4934,.T.);
#4932=ORIENTED_EDGE('',*,*,#4935,.T.);
#4933=EDGE_CURVE('',#218,#352,#4936,.F.);
#4934=EDGE_CURVE('',#352,#216,#4937,.T.);
#4935=EDGE_CURVE('',#216,#218,#4938,.T.);
#4936=LINE('',#217,#4939);
#4937=LINE('',#351,#4940);
#4938=LINE('',#215,#4941);
#4939=VECTOR('',#4942,1.0);
#4940=VECTOR('',#4943,1.0);
#4941=VECTOR('',#4944,1.0);
#4942=DIRECTION('',(0,0,-1));
#4943=DIRECTION('',(0.02479150292894415,-0.008397121959803732,0.9996573761671128));
#4944=DIRECTION('',(-0.9471445756278124,0.32080703368039065,0));
#4945=STYLED_ITEM('',(#18),#4946);
#4946=FACE_SURFACE('',(#4951),#4947,.T.);
#4947=PLANE('',#4948);
#4948=AXIS2_PLACEMENT_3D('',#349,#4949,#4950);
#4949=DIRECTION('',(-0.32080703368039065,-0.9471445756278123,0));
#4950=DIRECTION('',(0,0,1));
#4951=FACE_BOUND('',#4952,.T.);
#4952=EDGE_LOOP('',(#4953,#4954,#4955));
#4953=ORIENTED_EDGE('',*,*,#4956,.T.);
#4954=ORIENTED_EDGE('',*,*,#4957,.T.);
#4955=ORIENTED_EDGE('',*,*,#4958,.T.);
#4956=EDGE_CURVE('',#350,#216,#4959,.F.);
#4957=EDGE_CURVE('',#216,#352,#4960,.T.);
#4958=EDGE_CURVE('',#352,#350,#4961,.T.);
#4959=LINE('',#349,#4962);
#4960=LINE('',#215,#4963);
#4961=LINE('',#351,#4964);
#4962=VECTOR('',#4965,1.0);
#4963=VECTOR('',#4966,1.0);
#4964=VECTOR('',#4967,1.0);
#4965=DIRECTION('',(0,0,1));
#4966=DIRECTION('',(-0.02479150292894415,0.008397121959803732,-0.9996573761671128));
#4967=DIRECTION('',(0.9471445756278124,-0.32080703368039065,0));
#4968=STYLED_ITEM('',(#18),#4969);
#4969=FACE_SURFACE('',(#4974),#4970,.T.);
#4970=PLANE('',#4971);
#4971=AXIS2_PLACEMENT_3D('',#293,#4972,#4973);
#4972=DIRECTION('',(-0.6598537015031978,0.7513940993995952,0));
#4973=DIRECTION('',(0.7513940993995951,0.6598537015031978,0));
#4974=FACE_BOUND('',#4975,.T.);
#4975=EDGE_LOOP('',(#4976,#4977,#4978));
#4976=ORIENTED_EDGE('',*,*,#4979,.T.);
#4977=ORIENTED_EDGE('',*,*,#4980,.T.);
#4978=ORIENTED_EDGE('',*,*,#4981,.T.);
#4979=EDGE_CURVE('',#294,#102,#4982,.F.);
#4980=EDGE_CURVE('',#102,#138,#4983,.T.);
#4981=EDGE_CURVE('',#138,#294,#4984,.T.);
#4982=LINE('',#293,#4985);
#4983=LINE('',#101,#4986);
#4984=LINE('',#137,#4987);
#4985=VECTOR('',#4988,1.0);
#4986=VECTOR('',#4989,1.0);
#4987=VECTOR('',#4990,1.0);
#4988=DIRECTION('',(0.7513940993995951,0.6598537015031978,0));
#4989=DIRECTION('',(-0.01969323279553099,-0.017294057226532288,-0.999656487082791));
#4990=DIRECTION('',(0,0,1));
#4991=STYLED_ITEM('',(#18),#4992);
#4992=FACE_SURFACE('',(#4997),#4993,.T.);
#4993=PLANE('',#4994);
#4994=AXIS2_PLACEMENT_3D('',#139,#4995,#4996);
#4995=DIRECTION('',(-0.6598537015031978,0.7513940993995952,0));
#4996=DIRECTION('',(-0.7513940993995951,-0.6598537015031978,0));
#4997=FACE_BOUND('',#4998,.T.);
#4998=EDGE_LOOP('',(#4999,#5000,#5001));
#4999=ORIENTED_EDGE('',*,*,#5002,.T.);
#5000=ORIENTED_EDGE('',*,*,#5003,.T.);
#5001=ORIENTED_EDGE('',*,*,#5004,.T.);
#5002=EDGE_CURVE('',#140,#138,#5005,.F.);
#5003=EDGE_CURVE('',#138,#102,#5006,.T.);
#5004=EDGE_CURVE('',#102,#140,#5007,.T.);
#5005=LINE('',#139,#5008);
#5006=LINE('',#137,#5009);
#5007=LINE('',#101,#5010);
#5008=VECTOR('',#5011,1.0);
#5009=VECTOR('',#5012,1.0);
#5010=VECTOR('',#5013,1.0);
#5011=DIRECTION('',(-0.7513940993995951,-0.6598537015031978,0));
#5012=DIRECTION('',(0.01969323279553099,0.017294057226532288,0.999656487082791));
#5013=DIRECTION('',(0,0,-1));
#5014=STYLED_ITEM('',(#18),#5015);
#5015=FACE_SURFACE('',(#5020),#5016,.T.);
#5016=PLANE('',#5017);
#5017=AXIS2_PLACEMENT_3D('',#349,#5018,#5019);
#5018=DIRECTION('',(-0.44262881635750373,-0.8967049296897811,0));
#5019=DIRECTION('',(0.8967049296897811,-0.44262881635750373,0));
#5020=FACE_BOUND('',#5021,.T.);
#5021=EDGE_LOOP('',(#5022,#5023,#5024));
#5022=ORIENTED_EDGE('',*,*,#5025,.T.);
#5023=ORIENTED_EDGE('',*,*,#5026,.T.);
#5024=ORIENTED_EDGE('',*,*,#5027,.T.);
#5025=EDGE_CURVE('',#350,#338,#5028,.F.);
#5026=EDGE_CURVE('',#338,#216,#5029,.T.);
#5027=EDGE_CURVE('',#216,#350,#5030,.T.);
#5028=LINE('',#349,#5031);
#5029=LINE('',#337,#5032);
#5030=LINE('',#215,#5033);
#5031=VECTOR('',#5034,1.0);
#5032=VECTOR('',#5035,1.0);
#5033=VECTOR('',#5036,1.0);
#5034=DIRECTION('',(0.8967049296897811,-0.44262881635750373,0));
#5035=DIRECTION('',(-0.023491934137049083,0.011596018552756006,0.99965677178931));
#5036=DIRECTION('',(0,0,-1));
#5037=STYLED_ITEM('',(#18),#5038);
#5038=FACE_SURFACE('',(#5043),#5039,.T.);
#5039=PLANE('',#5040);
#5040=AXIS2_PLACEMENT_3D('',#385,#5041,#5042);
#5041=DIRECTION('',(-0.5538184762778626,0.8326374333005131,0));
#5042=DIRECTION('',(0,0,1));
#5043=FACE_BOUND('',#5044,.T.);
#5044=EDGE_LOOP('',(#5045,#5046,#5047));
#5045=ORIENTED_EDGE('',*,*,#5048,.T.);
#5046=ORIENTED_EDGE('',*,*,#5049,.T.);
#5047=ORIENTED_EDGE('',*,*,#5050,.T.);
#5048=EDGE_CURVE('',#386,#266,#5051,.F.);
#5049=EDGE_CURVE('',#266,#138,#5052,.T.);
#5050=EDGE_CURVE('',#138,#386,#5053,.T.);
#5051=LINE('',#385,#5054);
#5052=LINE('',#265,#5055);
#5053=LINE('',#137,#5056);
#5054=VECTOR('',#5057,1.0);
#5055=VECTOR('',#5058,1.0);
#5056=VECTOR('',#5059,1.0);
#5057=DIRECTION('',(0,0,1));
#5058=DIRECTION('',(0.02179253199821116,0.014495032751103712,-0.9996574311106038));
#5059=DIRECTION('',(-0.8326374333005132,-0.5538184762778627,0));
#5060=STYLED_ITEM('',(#18),#5061);
#5061=FACE_SURFACE('',(#5066),#5062,.T.);
#5062=PLANE('',#5063);
#5063=AXIS2_PLACEMENT_3D('',#219,#5064,#5065);
#5064=DIRECTION('',(-0.5538184762778638,-0.8326374333005123,-0));
#5065=DIRECTION('',(0,0,-1));
#5066=FACE_BOUND('',#5067,.T.);
#5067=EDGE_LOOP('',(#5068,#5069,#5070));
#5068=ORIENTED_EDGE('',*,*,#5071,.T.);
#5069=ORIENTED_EDGE('',*,*,#5072,.T.);
#5070=ORIENTED_EDGE('',*,*,#5073,.T.);
#5071=EDGE_CURVE('',#220,#338,#5074,.F.);
#5072=EDGE_CURVE('',#338,#340,#5075,.T.);
#5073=EDGE_CURVE('',#340,#220,#5076,.T.);
#5074=LINE('',#219,#5077);
#5075=LINE('',#337,#5078);
#5076=LINE('',#339,#5079);
#5077=VECTOR('',#5080,1.0);
#5078=VECTOR('',#5081,1.0);
#5079=VECTOR('',#5082,1.0);
#5080=DIRECTION('',(0,0,-1));
#5081=DIRECTION('',(0.8326374333005123,-0.5538184762778638,0));
#5082=DIRECTION('',(-0.02179253199821116,0.014495032751103755,0.9996574311106038));
#5083=STYLED_ITEM('',(#18),#5084);
#5084=FACE_SURFACE('',(#5089),#5085,.T.);
#5085=PLANE('',#5086);
#5086=AXIS2_PLACEMENT_3D('',#225,#5087,#5088);
#5087=DIRECTION('',(-0.7513940993995982,-0.6598537015031943,-0));
#5088=DIRECTION('',(0,0,-1));
#5089=FACE_BOUND('',#5090,.T.);
#5090=EDGE_LOOP('',(#5091,#5092,#5093));
#5091=ORIENTED_EDGE('',*,*,#5094,.T.);
#5092=ORIENTED_EDGE('',*,*,#5095,.T.);
#5093=ORIENTED_EDGE('',*,*,#5096,.T.);
#5094=EDGE_CURVE('',#226,#348,#5097,.F.);
#5095=EDGE_CURVE('',#348,#344,#5098,.T.);
#5096=EDGE_CURVE('',#344,#226,#5099,.T.);
#5097=LINE('',#225,#5100);
#5098=LINE('',#347,#5101);
#5099=LINE('',#343,#5102);
#5100=VECTOR('',#5103,1.0);
#5101=VECTOR('',#5104,1.0);
#5102=VECTOR('',#5105,1.0);
#5103=DIRECTION('',(0,0,-1));
#5104=DIRECTION('',(0.6598537015031943,-0.7513940993995981,0));
#5105=DIRECTION('',(-0.01729405722653211,0.01969323279553097,0.999656487082791));
#5106=STYLED_ITEM('',(#18),#5107);
#5107=FACE_SURFACE('',(#5112),#5108,.T.);
#5108=PLANE('',#5109);
#5109=AXIS2_PLACEMENT_3D('',#255,#5110,#5111);
#5110=DIRECTION('',(0.9471445756278133,0.32080703368038754,-0));
#5111=DIRECTION('',(0,0,1));
#5112=FACE_BOUND('',#5113,.T.);
#5113=EDGE_LOOP('',(#5114,#5115,#5116));
#5114=ORIENTED_EDGE('',*,*,#5117,.T.);
#5115=ORIENTED_EDGE('',*,*,#5118,.T.);
#5116=ORIENTED_EDGE('',*,*,#5119,.T.);
#5117=EDGE_CURVE('',#256,#260,#5120,.F.);
#5118=EDGE_CURVE('',#260,#262,#5121,.T.);
#5119=EDGE_CURVE('',#262,#256,#5122,.T.);
#5120=LINE('',#255,#5123);
#5121=LINE('',#259,#5124);
#5122=LINE('',#261,#5125);
#5123=VECTOR('',#5126,1.0);
#5124=VECTOR('',#5127,1.0);
#5125=VECTOR('',#5128,1.0);
#5126=DIRECTION('',(0,0,1));
#5127=DIRECTION('',(0.3208070336803876,-0.9471445756278135,0));
#5128=DIRECTION('',(-0.008397121959803732,0.024791502928944418,-0.9996573761671128));
#5129=STYLED_ITEM('',(#18),#5130);
#5130=FACE_SURFACE('',(#5135),#5131,.T.);
#5131=PLANE('',#5132);
#5132=AXIS2_PLACEMENT_3D('',#341,#5133,#5134);
#5133=DIRECTION('',(-0.8326374333005071,-0.5538184762778717,0));
#5134=DIRECTION('',(0,0,1));
#5135=FACE_BOUND('',#5136,.T.);
#5136=EDGE_LOOP('',(#5137,#5138,#5139));
#5137=ORIENTED_EDGE('',*,*,#5140,.T.);
#5138=ORIENTED_EDGE('',*,*,#5141,.T.);
#5139=ORIENTED_EDGE('',*,*,#5142,.T.);
#5140=EDGE_CURVE('',#342,#228,#5143,.F.);
#5141=EDGE_CURVE('',#228,#344,#5144,.T.);
#5142=EDGE_CURVE('',#344,#342,#5145,.T.);
#5143=LINE('',#341,#5146);
#5144=LINE('',#227,#5147);
#5145=LINE('',#343,#5148);
#5146=VECTOR('',#5149,1.0);
#5147=VECTOR('',#5150,1.0);
#5148=VECTOR('',#5151,1.0);
#5149=DIRECTION('',(0,0,1));
#5150=DIRECTION('',(-0.014495032751104068,0.02179253199821118,-0.9996574311106038));
#5151=DIRECTION('',(0.5538184762778717,-0.8326374333005072,0));
#5152=STYLED_ITEM('',(#18),#5153);
#5153=FACE_SURFACE('',(#5158),#5154,.T.);
#5154=PLANE('',#5155);
#5155=AXIS2_PLACEMENT_3D('',#259,#5156,#5157);
#5156=DIRECTION('',(0.9808731636385993,0.1946479818893727,0));
#5157=DIRECTION('',(0,0,-1));
#5158=FACE_BOUND('',#5159,.T.);
#5159=EDGE_LOOP('',(#5160,#5161,#5162));
#5160=ORIENTED_EDGE('',*,*,#5163,.T.);
#5161=ORIENTED_EDGE('',*,*,#5164,.T.);
#5162=ORIENTED_EDGE('',*,*,#5165,.T.);
#5163=EDGE_CURVE('',#260,#256,#5166,.F.);
#5164=EDGE_CURVE('',#256,#132,#5167,.T.);
#5165=EDGE_CURVE('',#132,#260,#5168,.T.);
#5166=LINE('',#259,#5169);
#5167=LINE('',#255,#5170);
#5168=LINE('',#131,#5171);
#5169=VECTOR('',#5172,1.0);
#5170=VECTOR('',#5173,1.0);
#5171=VECTOR('',#5174,1.0);
#5172=DIRECTION('',(0,0,-1));
#5173=DIRECTION('',(-0.005098250325811994,0.02569118301438582,0.9996569266297997));
#5174=DIRECTION('',(0.19464798188937268,-0.9808731636385993,0));
#5175=STYLED_ITEM('',(#18),#5176);
#5176=FACE_SURFACE('',(#5181),#5177,.T.);
#5177=PLANE('',#5178);
#5178=AXIS2_PLACEMENT_3D('',#393,#5179,#5180);
#5179=DIRECTION('',(0.9808731636385993,0.1946479818893727,-0));
#5180=DIRECTION('',(0,0,1));
#5181=FACE_BOUND('',#5182,.T.);
#5182=EDGE_LOOP('',(#5183,#5184,#5185));
#5183=ORIENTED_EDGE('',*,*,#5186,.T.);
#5184=ORIENTED_EDGE('',*,*,#5187,.T.);
#5185=ORIENTED_EDGE('',*,*,#5188,.T.);
#5186=EDGE_CURVE('',#394,#132,#5189,.F.);
#5187=EDGE_CURVE('',#132,#256,#5190,.T.);
#5188=EDGE_CURVE('',#256,#394,#5191,.T.);
#5189=LINE('',#393,#5192);
#5190=LINE('',#131,#5193);
#5191=LINE('',#255,#5194);
#5192=VECTOR('',#5195,1.0);
#5193=VECTOR('',#5196,1.0);
#5194=VECTOR('',#5197,1.0);
#5195=DIRECTION('',(0,0,1));
#5196=DIRECTION('',(0.005098250325811994,-0.02569118301438582,-0.9996569266297997));
#5197=DIRECTION('',(-0.19464798188937268,0.9808731636385993,0));
#5198=STYLED_ITEM('',(#18),#5199);
#5199=FACE_SURFACE('',(#5204),#5200,.T.);
#5200=PLANE('',#5201);
#5201=AXIS2_PLACEMENT_3D('',#209,#5202,#5203);
#5202=DIRECTION('',(0.06499637357340252,-0.997885500156359,0));
#5203=DIRECTION('',(0,0,-1));
#5204=FACE_BOUND('',#5205,.T.);
#5205=EDGE_LOOP('',(#5206,#5207,#5208));
#5206=ORIENTED_EDGE('',*,*,#5209,.T.);
#5207=ORIENTED_EDGE('',*,*,#5210,.T.);
#5208=ORIENTED_EDGE('',*,*,#5211,.T.);
#5209=EDGE_CURVE('',#210,#332,#5212,.F.);
#5210=EDGE_CURVE('',#332,#214,#5213,.T.);
#5211=EDGE_CURVE('',#214,#210,#5214,.T.);
#5212=LINE('',#209,#5215);
#5213=LINE('',#331,#5216);
#5214=LINE('',#213,#5217);
#5215=VECTOR('',#5218,1.0);
#5216=VECTOR('',#5219,1.0);
#5217=VECTOR('',#5220,1.0);
#5218=DIRECTION('',(0,0,-1));
#5219=DIRECTION('',(0.02609107707286986,0.0016994188131754268,0.9996581253973156));
#5220=DIRECTION('',(-0.997885500156359,-0.06499637357340252,0));
#5221=STYLED_ITEM('',(#18),#5222);
#5222=FACE_SURFACE('',(#5227),#5223,.T.);
#5223=PLANE('',#5224);
#5224=AXIS2_PLACEMENT_3D('',#127,#5225,#5226);
#5225=DIRECTION('',(0.997885500156359,0.0649963735734023,0));
#5226=DIRECTION('',(0.0649963735734023,-0.997885500156359,0));
#5227=FACE_BOUND('',#5228,.T.);
#5228=EDGE_LOOP('',(#5229,#5230,#5231));
#5229=ORIENTED_EDGE('',*,*,#5232,.T.);
#5230=ORIENTED_EDGE('',*,*,#5233,.T.);
#5231=ORIENTED_EDGE('',*,*,#5234,.T.);
#5232=EDGE_CURVE('',#128,#132,#5235,.F.);
#5233=EDGE_CURVE('',#132,#394,#5236,.T.);
#5234=EDGE_CURVE('',#394,#128,#5237,.T.);
#5235=LINE('',#127,#5238);
#5236=LINE('',#131,#5239);
#5237=LINE('',#393,#5240);
#5238=VECTOR('',#5241,1.0);
#5239=VECTOR('',#5242,1.0);
#5240=VECTOR('',#5243,1.0);
#5241=DIRECTION('',(0.0649963735734023,-0.997885500156359,0));
#5242=DIRECTION('',(0,0,-1));
#5243=DIRECTION('',(-0.0016994188131754268,0.026091077072869947,0.9996581253973156));
#5244=STYLED_ITEM('',(#18),#5245);
#5245=FACE_SURFACE('',(#5250),#5246,.T.);
#5246=PLANE('',#5247);
#5247=AXIS2_PLACEMENT_3D('',#57,#5248,#5249);
#5248=DIRECTION('',(0.44262881635750506,0.8967049296897804,0));
#5249=DIRECTION('',(0,0,-1));
#5250=FACE_BOUND('',#5251,.T.);
#5251=EDGE_LOOP('',(#5252,#5253,#5254));
#5252=ORIENTED_EDGE('',*,*,#5255,.T.);
#5253=ORIENTED_EDGE('',*,*,#5256,.T.);
#5254=ORIENTED_EDGE('',*,*,#5257,.T.);
#5255=EDGE_CURVE('',#58,#136,#5258,.F.);
#5256=EDGE_CURVE('',#136,#56,#5259,.T.);
#5257=EDGE_CURVE('',#56,#58,#5260,.T.);
#5258=LINE('',#57,#5261);
#5259=LINE('',#135,#5262);
#5260=LINE('',#55,#5263);
#5261=VECTOR('',#5264,1.0);
#5262=VECTOR('',#5265,1.0);
#5263=VECTOR('',#5266,1.0);
#5264=DIRECTION('',(0,0,-1));
#5265=DIRECTION('',(-0.023491934137048906,0.011596018552755962,0.99965677178931));
#5266=DIRECTION('',(0.8967049296897804,-0.44262881635750506,0));
#5267=STYLED_ITEM('',(#18),#5268);
#5268=FACE_SURFACE('',(#5273),#5269,.T.);
#5269=PLANE('',#5270);
#5270=AXIS2_PLACEMENT_3D('',#129,#5271,#5272);
#5271=DIRECTION('',(0.9808731636385993,-0.1946479818893727,0));
#5272=DIRECTION('',(0,0,-1));
#5273=FACE_BOUND('',#5274,.T.);
#5274=EDGE_LOOP('',(#5275,#5276,#5277));
#5275=ORIENTED_EDGE('',*,*,#5278,.T.);
#5276=ORIENTED_EDGE('',*,*,#5279,.T.);
#5277=ORIENTED_EDGE('',*,*,#5280,.T.);
#5278=EDGE_CURVE('',#130,#398,#5281,.F.);
#5279=EDGE_CURVE('',#398,#296,#5282,.T.);
#5280=EDGE_CURVE('',#296,#130,#5283,.T.);
#5281=LINE('',#129,#5284);
#5282=LINE('',#397,#5285);
#5283=LINE('',#295,#5286);
#5284=VECTOR('',#5287,1.0);
#5285=VECTOR('',#5288,1.0);
#5286=VECTOR('',#5289,1.0);
#5287=DIRECTION('',(0,0,-1));
#5288=DIRECTION('',(0.005098250325811994,0.02569118301438582,0.9996569266297997));
#5289=DIRECTION('',(-0.19464798188937268,-0.9808731636385993,0));
#5290=STYLED_ITEM('',(#18),#5291);
#5291=FACE_SURFACE('',(#5296),#5292,.T.);
#5292=PLANE('',#5293);
#5293=AXIS2_PLACEMENT_3D('',#133,#5294,#5295);
#5294=DIRECTION('',(0.5538184762778626,0.8326374333005131,-0));
#5295=DIRECTION('',(-0.8326374333005132,0.5538184762778627,0));
#5296=FACE_BOUND('',#5297,.T.);
#5297=EDGE_LOOP('',(#5298,#5299,#5300));
#5298=ORIENTED_EDGE('',*,*,#5301,.T.);
#5299=ORIENTED_EDGE('',*,*,#5302,.T.);
#5300=ORIENTED_EDGE('',*,*,#5303,.T.);
#5301=EDGE_CURVE('',#134,#362,#5304,.F.);
#5302=EDGE_CURVE('',#362,#56,#5305,.T.);
#5303=EDGE_CURVE('',#56,#134,#5306,.T.);
#5304=LINE('',#133,#5307);
#5305=LINE('',#361,#5308);
#5306=LINE('',#55,#5309);
#5307=VECTOR('',#5310,1.0);
#5308=VECTOR('',#5311,1.0);
#5309=VECTOR('',#5312,1.0);
#5310=DIRECTION('',(-0.8326374333005132,0.5538184762778627,0));
#5311=DIRECTION('',(0.02179253199821116,-0.014495032751103712,0.9996574311106038));
#5312=DIRECTION('',(0,0,-1));
#5313=STYLED_ITEM('',(#18),#5314);
#5314=FACE_SURFACE('',(#5319),#5315,.T.);
#5315=PLANE('',#5316);
#5316=AXIS2_PLACEMENT_3D('',#399,#5317,#5318);
#5317=DIRECTION('',(0.9471445756278133,-0.32080703368038754,0));
#5318=DIRECTION('',(0.3208070336803876,0.9471445756278135,0));
#5319=FACE_BOUND('',#5320,.T.);
#5320=EDGE_LOOP('',(#5321,#5322,#5323));
#5321=ORIENTED_EDGE('',*,*,#5324,.T.);
#5322=ORIENTED_EDGE('',*,*,#5325,.T.);
#5323=ORIENTED_EDGE('',*,*,#5326,.T.);
#5324=EDGE_CURVE('',#400,#402,#5327,.F.);
#5325=EDGE_CURVE('',#402,#296,#5328,.T.);
#5326=EDGE_CURVE('',#296,#400,#5329,.T.);
#5327=LINE('',#399,#5330);
#5328=LINE('',#401,#5331);
#5329=LINE('',#295,#5332);
#5330=VECTOR('',#5333,1.0);
#5331=VECTOR('',#5334,1.0);
#5332=VECTOR('',#5335,1.0);
#5333=DIRECTION('',(0.3208070336803876,0.9471445756278135,0));
#5334=DIRECTION('',(-0.008397121959803732,-0.024791502928944418,0.9996573761671128));
#5335=DIRECTION('',(0,0,-1));
#5336=STYLED_ITEM('',(#18),#5337);
#5337=FACE_SURFACE('',(#5342),#5338,.T.);
#5338=PLANE('',#5339);
#5339=AXIS2_PLACEMENT_3D('',#353,#5340,#5341);
#5340=DIRECTION('',(-0.06499637357340252,-0.997885500156359,0));
#5341=DIRECTION('',(0,0,1));
#5342=FACE_BOUND('',#5343,.T.);
#5343=EDGE_LOOP('',(#5344,#5345,#5346));
#5344=ORIENTED_EDGE('',*,*,#5347,.T.);
#5345=ORIENTED_EDGE('',*,*,#5348,.T.);
#5346=ORIENTED_EDGE('',*,*,#5349,.T.);
#5347=EDGE_CURVE('',#354,#230,#5350,.F.);
#5348=EDGE_CURVE('',#230,#214,#5351,.T.);
#5349=EDGE_CURVE('',#214,#354,#5352,.T.);
#5350=LINE('',#353,#5353);
#5351=LINE('',#229,#5354);
#5352=LINE('',#213,#5355);
#5353=VECTOR('',#5356,1.0);
#5354=VECTOR('',#5357,1.0);
#5355=VECTOR('',#5358,1.0);
#5356=DIRECTION('',(0,0,1));
#5357=DIRECTION('',(-0.997885500156359,0.06499637357340252,0));
#5358=DIRECTION('',(0.02609107707286986,-0.0016994188131754268,-0.9996581253973156));
#5359=STYLED_ITEM('',(#18),#5360);
#5360=FACE_SURFACE('',(#5365),#5361,.T.);
#5361=PLANE('',#5362);
#5362=AXIS2_PLACEMENT_3D('',#103,#5363,#5364);
#5363=DIRECTION('',(0.7513940993995952,0.6598537015031978,0));
#5364=DIRECTION('',(0,0,-1));
#5365=FACE_BOUND('',#5366,.T.);
#5366=EDGE_LOOP('',(#5367,#5368,#5369));
#5367=ORIENTED_EDGE('',*,*,#5370,.T.);
#5368=ORIENTED_EDGE('',*,*,#5371,.T.);
#5369=ORIENTED_EDGE('',*,*,#5372,.T.);
#5370=EDGE_CURVE('',#104,#146,#5373,.F.);
#5371=EDGE_CURVE('',#146,#144,#5374,.T.);
#5372=EDGE_CURVE('',#144,#104,#5375,.T.);
#5373=LINE('',#103,#5376);
#5374=LINE('',#145,#5377);
#5375=LINE('',#143,#5378);
#5376=VECTOR('',#5379,1.0);
#5377=VECTOR('',#5380,1.0);
#5378=VECTOR('',#5381,1.0);
#5379=DIRECTION('',(0,0,-1));
#5380=DIRECTION('',(-0.6598537015031978,0.7513940993995951,0));
#5381=DIRECTION('',(0.017294057226532288,-0.01969323279553099,0.999656487082791));
#5382=STYLED_ITEM('',(#18),#5383);
#5383=FACE_SURFACE('',(#5388),#5384,.T.);
#5384=PLANE('',#5385);
#5385=AXIS2_PLACEMENT_3D('',#297,#5386,#5387);
#5386=DIRECTION('',(0.8967049296897788,-0.44262881635750845,0));
#5387=DIRECTION('',(0,0,-1));
#5388=FACE_BOUND('',#5389,.T.);
#5389=EDGE_LOOP('',(#5390,#5391,#5392));
#5390=ORIENTED_EDGE('',*,*,#5393,.T.);
#5391=ORIENTED_EDGE('',*,*,#5394,.T.);
#5392=ORIENTED_EDGE('',*,*,#5395,.T.);
#5393=EDGE_CURVE('',#298,#402,#5396,.F.);
#5394=EDGE_CURVE('',#402,#302,#5397,.T.);
#5395=EDGE_CURVE('',#302,#298,#5398,.T.);
#5396=LINE('',#297,#5399);
#5397=LINE('',#401,#5400);
#5398=LINE('',#301,#5401);
#5399=VECTOR('',#5402,1.0);
#5400=VECTOR('',#5403,1.0);
#5401=VECTOR('',#5404,1.0);
#5402=DIRECTION('',(0,0,-1));
#5403=DIRECTION('',(0.011596018552756006,0.02349193413704877,0.99965677178931));
#5404=DIRECTION('',(-0.44262881635750845,-0.8967049296897788,0));
#5405=STYLED_ITEM('',(#18),#5406);
#5406=FACE_SURFACE('',(#5411),#5407,.T.);
#5407=PLANE('',#5408);
#5408=AXIS2_PLACEMENT_3D('',#217,#5409,#5410);
#5409=DIRECTION('',(-0.1946479818893714,-0.9808731636385997,0));
#5410=DIRECTION('',(-0.9808731636385997,0.1946479818893714,0));
#5411=FACE_BOUND('',#5412,.T.);
#5412=EDGE_LOOP('',(#5413,#5414,#5415));
#5413=ORIENTED_EDGE('',*,*,#5416,.T.);
#5414=ORIENTED_EDGE('',*,*,#5417,.T.);
#5415=ORIENTED_EDGE('',*,*,#5418,.T.);
#5416=EDGE_CURVE('',#218,#230,#5419,.F.);
#5417=EDGE_CURVE('',#230,#354,#5420,.T.);
#5418=EDGE_CURVE('',#354,#218,#5421,.T.);
#5419=LINE('',#217,#5422);
#5420=LINE('',#229,#5423);
#5421=LINE('',#353,#5424);
#5422=VECTOR('',#5425,1.0);
#5423=VECTOR('',#5426,1.0);
#5424=VECTOR('',#5427,1.0);
#5425=DIRECTION('',(-0.9808731636385997,0.1946479818893714,0));
#5426=DIRECTION('',(0,0,-1));
#5427=DIRECTION('',(0.025691183014385995,-0.005098250325811994,0.9996569266297997));
#5428=STYLED_ITEM('',(#18),#5429);
#5429=FACE_SURFACE('',(#5434),#5430,.T.);
#5430=PLANE('',#5431);
#5431=AXIS2_PLACEMENT_3D('',#363,#5432,#5433);
#5432=DIRECTION('',(0.06880209161537756,0.9976303284229832,-0));
#5433=DIRECTION('',(-0.9976303284229832,0.06880209161537756,0));
#5434=FACE_BOUND('',#5435,.T.);
#5435=EDGE_LOOP('',(#5436,#5437,#5438));
#5436=ORIENTED_EDGE('',*,*,#5439,.T.);
#5437=ORIENTED_EDGE('',*,*,#5440,.T.);
#5438=ORIENTED_EDGE('',*,*,#5441,.T.);
#5439=EDGE_CURVE('',#364,#150,#5442,.F.);
#5440=EDGE_CURVE('',#150,#234,#5443,.T.);
#5441=EDGE_CURVE('',#234,#364,#5444,.T.);
#5442=LINE('',#363,#5445);
#5443=LINE('',#149,#5446);
#5444=LINE('',#233,#5447);
#5445=VECTOR('',#5448,1.0);
#5446=VECTOR('',#5449,1.0);
#5447=VECTOR('',#5450,1.0);
#5448=DIRECTION('',(-0.9976303284229832,0.06880209161537756,0));
#5449=DIRECTION('',(0.02609107251005399,-0.0017993843110381909,0.9996579505767841));
#5450=DIRECTION('',(0,0,-1));
#5451=STYLED_ITEM('',(#18),#5452);
#5452=FACE_SURFACE('',(#5457),#5453,.T.);
#5453=PLANE('',#5454);
#5454=AXIS2_PLACEMENT_3D('',#403,#5455,#5456);
#5455=DIRECTION('',(0.8326374333005125,-0.5538184762778634,0));
#5456=DIRECTION('',(0,0,1));
#5457=FACE_BOUND('',#5458,.T.);
#5458=EDGE_LOOP('',(#5459,#5460,#5461));
#5459=ORIENTED_EDGE('',*,*,#5462,.T.);
#5460=ORIENTED_EDGE('',*,*,#5463,.T.);
#5461=ORIENTED_EDGE('',*,*,#5464,.T.);
#5462=EDGE_CURVE('',#404,#300,#5465,.F.);
#5463=EDGE_CURVE('',#300,#302,#5466,.T.);
#5464=EDGE_CURVE('',#302,#404,#5467,.T.);
#5465=LINE('',#403,#5468);
#5466=LINE('',#299,#5469);
#5467=LINE('',#301,#5470);
#5468=VECTOR('',#5471,1.0);
#5469=VECTOR('',#5472,1.0);
#5470=VECTOR('',#5473,1.0);
#5471=DIRECTION('',(0,0,1));
#5472=DIRECTION('',(-0.5538184762778635,-0.8326374333005127,0));
#5473=DIRECTION('',(0.014495032751103755,0.02179253199821118,-0.9996574311106038));
#5474=STYLED_ITEM('',(#18),#5475);
#5475=FACE_SURFACE('',(#5480),#5476,.T.);
#5476=PLANE('',#5477);
#5477=AXIS2_PLACEMENT_3D('',#339,#5478,#5479);
#5478=DIRECTION('',(-0.5538184762778638,-0.8326374333005123,0));
#5479=DIRECTION('',(0,0,1));
#5480=FACE_BOUND('',#5481,.T.);
#5481=EDGE_LOOP('',(#5482,#5483,#5484));
#5482=ORIENTED_EDGE('',*,*,#5485,.T.);
#5483=ORIENTED_EDGE('',*,*,#5486,.T.);
#5484=ORIENTED_EDGE('',*,*,#5487,.T.);
#5485=EDGE_CURVE('',#340,#222,#5488,.F.);
#5486=EDGE_CURVE('',#222,#220,#5489,.T.);
#5487=EDGE_CURVE('',#220,#340,#5490,.T.);
#5488=LINE('',#339,#5491);
#5489=LINE('',#221,#5492);
#5490=LINE('',#219,#5493);
#5491=VECTOR('',#5494,1.0);
#5492=VECTOR('',#5495,1.0);
#5493=VECTOR('',#5496,1.0);
#5494=DIRECTION('',(0,0,1));
#5495=DIRECTION('',(-0.8326374333005123,0.5538184762778638,0));
#5496=DIRECTION('',(0.02179253199821116,-0.014495032751103755,-0.9996574311106038));
#5497=STYLED_ITEM('',(#18),#5498);
#5498=FACE_SURFACE('',(#5503),#5499,.T.);
#5499=PLANE('',#5500);
#5500=AXIS2_PLACEMENT_3D('',#303,#5501,#5502);
#5501=DIRECTION('',(0.7513940993995948,-0.6598537015031981,0));
#5502=DIRECTION('',(-0.6598537015031981,-0.7513940993995948,0));
#5503=FACE_BOUND('',#5504,.T.);
#5504=EDGE_LOOP('',(#5505,#5506,#5507));
#5505=ORIENTED_EDGE('',*,*,#5508,.T.);
#5506=ORIENTED_EDGE('',*,*,#5509,.T.);
#5507=ORIENTED_EDGE('',*,*,#5510,.T.);
#5508=EDGE_CURVE('',#304,#300,#5511,.F.);
#5509=EDGE_CURVE('',#300,#404,#5512,.T.);
#5510=EDGE_CURVE('',#404,#304,#5513,.T.);
#5511=LINE('',#303,#5514);
#5512=LINE('',#299,#5515);
#5513=LINE('',#403,#5516);
#5514=VECTOR('',#5517,1.0);
#5515=VECTOR('',#5518,1.0);
#5516=VECTOR('',#5519,1.0);
#5517=DIRECTION('',(-0.6598537015031981,-0.7513940993995948,0));
#5518=DIRECTION('',(0,0,-1));
#5519=DIRECTION('',(0.017294057226532288,0.01969323279553097,0.999656487082791));
#5520=STYLED_ITEM('',(#18),#5521);
#5521=FACE_SURFACE('',(#5526),#5522,.T.);
#5522=PLANE('',#5523);
#5523=AXIS2_PLACEMENT_3D('',#225,#5524,#5525);
#5524=DIRECTION('',(-0.6598537015031994,-0.7513940993995938,0));
#5525=DIRECTION('',(-0.7513940993995937,0.6598537015031994,0));
#5526=FACE_BOUND('',#5527,.T.);
#5527=EDGE_LOOP('',(#5528,#5529,#5530));
#5528=ORIENTED_EDGE('',*,*,#5531,.T.);
#5529=ORIENTED_EDGE('',*,*,#5532,.T.);
#5530=ORIENTED_EDGE('',*,*,#5533,.T.);
#5531=EDGE_CURVE('',#226,#222,#5534,.F.);
#5532=EDGE_CURVE('',#222,#340,#5535,.T.);
#5533=EDGE_CURVE('',#340,#226,#5536,.T.);
#5534=LINE('',#225,#5537);
#5535=LINE('',#221,#5538);
#5536=LINE('',#339,#5539);
#5537=VECTOR('',#5540,1.0);
#5538=VECTOR('',#5541,1.0);
#5539=VECTOR('',#5542,1.0);
#5540=DIRECTION('',(-0.7513940993995937,0.6598537015031994,0));
#5541=DIRECTION('',(0,0,-1));
#5542=DIRECTION('',(0.0196932327955309,-0.017294057226532288,0.999656487082791));
#5543=STYLED_ITEM('',(#18),#5544);
#5544=FACE_SURFACE('',(#5549),#5545,.T.);
#5545=PLANE('',#5546);
#5546=AXIS2_PLACEMENT_3D('',#121,#5547,#5548);
#5547=DIRECTION('',(-0.8326374333005069,0.5538184762778721,0));
#5548=DIRECTION('',(0.5538184762778721,0.8326374333005069,0));
#5549=FACE_BOUND('',#5550,.T.);
#5550=EDGE_LOOP('',(#5551,#5552,#5553));
#5551=ORIENTED_EDGE('',*,*,#5554,.T.);
#5552=ORIENTED_EDGE('',*,*,#5555,.T.);
#5553=ORIENTED_EDGE('',*,*,#5556,.T.);
#5554=EDGE_CURVE('',#122,#204,#5557,.F.);
#5555=EDGE_CURVE('',#204,#154,#5558,.T.);
#5556=EDGE_CURVE('',#154,#122,#5559,.T.);
#5557=LINE('',#121,#5560);
#5558=LINE('',#203,#5561);
#5559=LINE('',#153,#5562);
#5560=VECTOR('',#5563,1.0);
#5561=VECTOR('',#5564,1.0);
#5562=VECTOR('',#5565,1.0);
#5563=DIRECTION('',(0.5538184762778721,0.8326374333005069,0));
#5564=DIRECTION('',(-0.014495032751104068,-0.02179253199821116,-0.9996574311106038));
#5565=DIRECTION('',(0,0,1));
#5566=STYLED_ITEM('',(#18),#5567);
#5567=FACE_SURFACE('',(#5572),#5568,.T.);
#5568=PLANE('',#5569);
#5569=AXIS2_PLACEMENT_3D('',#303,#5570,#5571);
#5570=DIRECTION('',(0.6598537015031981,-0.7513940993995948,0));
#5571=DIRECTION('',(0,0,-1));
#5572=FACE_BOUND('',#5573,.T.);
#5573=EDGE_LOOP('',(#5574,#5575,#5576));
#5574=ORIENTED_EDGE('',*,*,#5577,.T.);
#5575=ORIENTED_EDGE('',*,*,#5578,.T.);
#5576=ORIENTED_EDGE('',*,*,#5579,.T.);
#5577=EDGE_CURVE('',#304,#406,#5580,.F.);
#5578=EDGE_CURVE('',#406,#306,#5581,.T.);
#5579=EDGE_CURVE('',#306,#304,#5582,.T.);
#5580=LINE('',#303,#5583);
#5581=LINE('',#405,#5584);
#5582=LINE('',#305,#5585);
#5583=VECTOR('',#5586,1.0);
#5584=VECTOR('',#5587,1.0);
#5585=VECTOR('',#5588,1.0);
#5586=DIRECTION('',(0,0,-1));
#5587=DIRECTION('',(0.01969323279553097,0.017294057226532288,0.999656487082791));
#5588=DIRECTION('',(-0.7513940993995948,-0.6598537015031981,0));
#5589=STYLED_ITEM('',(#18),#5590);
#5590=FACE_SURFACE('',(#5595),#5591,.T.);
#5591=PLANE('',#5592);
#5592=AXIS2_PLACEMENT_3D('',#151,#5593,#5594);
#5593=DIRECTION('',(-0.7513940993995986,0.6598537015031939,0));
#5594=DIRECTION('',(0,0,1));
#5595=FACE_BOUND('',#5596,.T.);
#5596=EDGE_LOOP('',(#5597,#5598,#5599));
#5597=ORIENTED_EDGE('',*,*,#5600,.T.);
#5598=ORIENTED_EDGE('',*,*,#5601,.T.);
#5599=ORIENTED_EDGE('',*,*,#5602,.T.);
#5600=EDGE_CURVE('',#152,#120,#5603,.F.);
#5601=EDGE_CURVE('',#120,#154,#5604,.T.);
#5602=EDGE_CURVE('',#154,#152,#5605,.T.);
#5603=LINE('',#151,#5606);
#5604=LINE('',#119,#5607);
#5605=LINE('',#153,#5608);
#5606=VECTOR('',#5609,1.0);
#5607=VECTOR('',#5610,1.0);
#5608=VECTOR('',#5611,1.0);
#5609=DIRECTION('',(0,0,1));
#5610=DIRECTION('',(0.01729405722653211,0.01969323279553099,-0.999656487082791));
#5611=DIRECTION('',(-0.6598537015031939,-0.7513940993995986,0));
#5612=STYLED_ITEM('',(#18),#5613);
#5613=FACE_SURFACE('',(#5618),#5614,.T.);
#5614=PLANE('',#5615);
#5615=AXIS2_PLACEMENT_3D('',#121,#5616,#5617);
#5616=DIRECTION('',(-0.7513940993995986,0.6598537015031939,0));
#5617=DIRECTION('',(0,0,-1));
#5618=FACE_BOUND('',#5619,.T.);
#5619=EDGE_LOOP('',(#5620,#5621,#5622));
#5620=ORIENTED_EDGE('',*,*,#5623,.T.);
#5621=ORIENTED_EDGE('',*,*,#5624,.T.);
#5622=ORIENTED_EDGE('',*,*,#5625,.T.);
#5623=EDGE_CURVE('',#122,#154,#5626,.F.);
#5624=EDGE_CURVE('',#154,#120,#5627,.T.);
#5625=EDGE_CURVE('',#120,#122,#5628,.T.);
#5626=LINE('',#121,#5629);
#5627=LINE('',#153,#5630);
#5628=LINE('',#119,#5631);
#5629=VECTOR('',#5632,1.0);
#5630=VECTOR('',#5633,1.0);
#5631=VECTOR('',#5634,1.0);
#5632=DIRECTION('',(0,0,-1));
#5633=DIRECTION('',(-0.01729405722653211,-0.01969323279553099,0.999656487082791));
#5634=DIRECTION('',(0.6598537015031939,0.7513940993995986,0));
#5635=STYLED_ITEM('',(#18),#5636);
#5636=FACE_SURFACE('',(#5641),#5637,.T.);
#5637=PLANE('',#5638);
#5638=AXIS2_PLACEMENT_3D('',#43,#5639,#5640);
#5639=DIRECTION('',(0,0,-1));
#5640=DIRECTION('',(0.3946340499425796,-0.9188383789469818,0));
#5641=FACE_BOUND('',#5642,.T.);
#5642=EDGE_LOOP('',(#5643,#5644,#5645));
#5643=ORIENTED_EDGE('',*,*,#5646,.T.);
#5644=ORIENTED_EDGE('',*,*,#5647,.T.);
#5645=ORIENTED_EDGE('',*,*,#5648,.T.);
#5646=EDGE_CURVE('',#44,#400,#5649,.F.);
#5647=EDGE_CURVE('',#400,#398,#5650,.T.);
#5648=EDGE_CURVE('',#398,#44,#5651,.T.);
#5649=LINE('',#43,#5652);
#5650=LINE('',#399,#5653);
#5651=LINE('',#397,#5654);
#5652=VECTOR('',#5655,1.0);
#5653=VECTOR('',#5656,1.0);
#5654=VECTOR('',#5657,1.0);
#5655=DIRECTION('',(0.3946340499425796,-0.9188383789469818,0));
#5656=DIRECTION('',(-0.19464798188937268,-0.9808731636385993,0));
#5657=DIRECTION('',(-0.3474816003523701,0.9376868013449671,0));
#5658=STYLED_ITEM('',(#18),#5659);
#5659=FACE_SURFACE('',(#5664),#5660,.T.);
#5660=PLANE('',#5661);
#5661=AXIS2_PLACEMENT_3D('',#407,#5662,#5663);
#5662=DIRECTION('',(0,0,-1));
#5663=DIRECTION('',(-0.31565838533200047,0.9488729017996006,0));
#5664=FACE_BOUND('',#5665,.T.);
#5665=EDGE_LOOP('',(#5666,#5667,#5668));
#5666=ORIENTED_EDGE('',*,*,#5669,.T.);
#5667=ORIENTED_EDGE('',*,*,#5670,.T.);
#5668=ORIENTED_EDGE('',*,*,#5671,.T.);
#5669=EDGE_CURVE('',#408,#44,#5672,.F.);
#5670=EDGE_CURVE('',#44,#398,#5673,.T.);
#5671=EDGE_CURVE('',#398,#408,#5674,.T.);
#5672=LINE('',#407,#5675);
#5673=LINE('',#43,#5676);
#5674=LINE('',#397,#5677);
#5675=VECTOR('',#5678,1.0);
#5676=VECTOR('',#5679,1.0);
#5677=VECTOR('',#5680,1.0);
#5678=DIRECTION('',(-0.31565838533200047,0.9488729017996006,0));
#5679=DIRECTION('',(0.3474816003523701,-0.9376868013449671,0));
#5680=DIRECTION('',(-0.0649963735734023,-0.997885500156359,0));
#5681=STYLED_ITEM('',(#18),#5682);
#5682=FACE_SURFACE('',(#5687),#5683,.T.);
#5683=PLANE('',#5684);
#5684=AXIS2_PLACEMENT_3D('',#409,#5685,#5686);
#5685=DIRECTION('',(0.5538184762778634,-0.8326374333005125,0));
#5686=DIRECTION('',(0.8326374333005127,0.5538184762778635,0));
#5687=FACE_BOUND('',#5688,.T.);
#5688=EDGE_LOOP('',(#5689,#5690,#5691));
#5689=ORIENTED_EDGE('',*,*,#5692,.T.);
#5690=ORIENTED_EDGE('',*,*,#5693,.T.);
#5691=ORIENTED_EDGE('',*,*,#5694,.T.);
#5692=EDGE_CURVE('',#410,#412,#5695,.F.);
#5693=EDGE_CURVE('',#412,#306,#5696,.T.);
#5694=EDGE_CURVE('',#306,#410,#5697,.T.);
#5695=LINE('',#409,#5698);
#5696=LINE('',#411,#5699);
#5697=LINE('',#305,#5700);
#5698=VECTOR('',#5701,1.0);
#5699=VECTOR('',#5702,1.0);
#5700=VECTOR('',#5703,1.0);
#5701=DIRECTION('',(0.8326374333005127,0.5538184762778635,0));
#5702=DIRECTION('',(-0.02179253199821118,-0.014495032751103755,0.9996574311106038));
#5703=DIRECTION('',(0,0,-1));
#5704=STYLED_ITEM('',(#18),#5705);
#5705=FACE_SURFACE('',(#5710),#5706,.T.);
#5706=PLANE('',#5707);
#5707=AXIS2_PLACEMENT_3D('',#309,#5708,#5709);
#5708=DIRECTION('',(0.5538184762778634,-0.8326374333005125,0));
#5709=DIRECTION('',(-0.8326374333005127,-0.5538184762778635,0));
#5710=FACE_BOUND('',#5711,.T.);
#5711=EDGE_LOOP('',(#5712,#5713,#5714));
#5712=ORIENTED_EDGE('',*,*,#5715,.T.);
#5713=ORIENTED_EDGE('',*,*,#5716,.T.);
#5714=ORIENTED_EDGE('',*,*,#5717,.T.);
#5715=EDGE_CURVE('',#310,#306,#5718,.F.);
#5716=EDGE_CURVE('',#306,#412,#5719,.T.);
#5717=EDGE_CURVE('',#412,#310,#5720,.T.);
#5718=LINE('',#309,#5721);
#5719=LINE('',#305,#5722);
#5720=LINE('',#411,#5723);
#5721=VECTOR('',#5724,1.0);
#5722=VECTOR('',#5725,1.0);
#5723=VECTOR('',#5726,1.0);
#5724=DIRECTION('',(-0.8326374333005127,-0.5538184762778635,0));
#5725=DIRECTION('',(0.02179253199821118,0.014495032751103755,-0.9996574311106038));
#5726=DIRECTION('',(0,0,1));
#5727=STYLED_ITEM('',(#18),#5728);
#5728=FACE_SURFACE('',(#5733),#5729,.T.);
#5729=PLANE('',#5730);
#5730=AXIS2_PLACEMENT_3D('',#119,#5731,#5732);
#5731=DIRECTION('',(-0.6598537015031994,0.7513940993995938,0));
#5732=DIRECTION('',(0,0,-1));
#5733=FACE_BOUND('',#5734,.T.);
#5734=EDGE_LOOP('',(#5735,#5736,#5737));
#5735=ORIENTED_EDGE('',*,*,#5738,.T.);
#5736=ORIENTED_EDGE('',*,*,#5739,.T.);
#5737=ORIENTED_EDGE('',*,*,#5740,.T.);
#5738=EDGE_CURVE('',#120,#152,#5741,.F.);
#5739=EDGE_CURVE('',#152,#178,#5742,.T.);
#5740=EDGE_CURVE('',#178,#120,#5743,.T.);
#5741=LINE('',#119,#5744);
#5742=LINE('',#151,#5745);
#5743=LINE('',#177,#5746);
#5744=VECTOR('',#5747,1.0);
#5745=VECTOR('',#5748,1.0);
#5746=VECTOR('',#5749,1.0);
#5747=DIRECTION('',(0,0,-1));
#5748=DIRECTION('',(-0.0196932327955309,-0.017294057226532288,0.999656487082791));
#5749=DIRECTION('',(0.7513940993995937,0.6598537015031994,0));
#5750=STYLED_ITEM('',(#18),#5751);
#5751=FACE_SURFACE('',(#5756),#5752,.T.);
#5752=PLANE('',#5753);
#5753=AXIS2_PLACEMENT_3D('',#411,#5754,#5755);
#5754=DIRECTION('',(0.44262881635750845,-0.8967049296897788,0));
#5755=DIRECTION('',(0.8967049296897788,0.44262881635750845,0));
#5756=FACE_BOUND('',#5757,.T.);
#5757=EDGE_LOOP('',(#5758,#5759,#5760));
#5758=ORIENTED_EDGE('',*,*,#5761,.T.);
#5759=ORIENTED_EDGE('',*,*,#5762,.T.);
#5760=ORIENTED_EDGE('',*,*,#5763,.T.);
#5761=EDGE_CURVE('',#412,#414,#5764,.F.);
#5762=EDGE_CURVE('',#414,#310,#5765,.T.);
#5763=EDGE_CURVE('',#310,#412,#5766,.T.);
#5764=LINE('',#411,#5767);
#5765=LINE('',#413,#5768);
#5766=LINE('',#309,#5769);
#5767=VECTOR('',#5770,1.0);
#5768=VECTOR('',#5771,1.0);
#5769=VECTOR('',#5772,1.0);
#5770=DIRECTION('',(0.8967049296897788,0.44262881635750845,0));
#5771=DIRECTION('',(-0.02349193413704877,-0.011596018552756006,0.99965677178931));
#5772=DIRECTION('',(0,0,-1));
#5773=STYLED_ITEM('',(#18),#5774);
#5774=FACE_SURFACE('',(#5779),#5775,.T.);
#5775=PLANE('',#5776);
#5776=AXIS2_PLACEMENT_3D('',#307,#5777,#5778);
#5777=DIRECTION('',(0.44262881635750845,-0.8967049296897788,0));
#5778=DIRECTION('',(-0.8967049296897788,-0.44262881635750845,0));
#5779=FACE_BOUND('',#5780,.T.);
#5780=EDGE_LOOP('',(#5781,#5782,#5783));
#5781=ORIENTED_EDGE('',*,*,#5784,.T.);
#5782=ORIENTED_EDGE('',*,*,#5785,.T.);
#5783=ORIENTED_EDGE('',*,*,#5786,.T.);
#5784=EDGE_CURVE('',#308,#310,#5787,.F.);
#5785=EDGE_CURVE('',#310,#414,#5788,.T.);
#5786=EDGE_CURVE('',#414,#308,#5789,.T.);
#5787=LINE('',#307,#5790);
#5788=LINE('',#309,#5791);
#5789=LINE('',#413,#5792);
#5790=VECTOR('',#5793,1.0);
#5791=VECTOR('',#5794,1.0);
#5792=VECTOR('',#5795,1.0);
#5793=DIRECTION('',(-0.8967049296897788,-0.44262881635750845,0));
#5794=DIRECTION('',(0.02349193413704877,0.011596018552756006,-0.99965677178931));
#5795=DIRECTION('',(0,0,1));
#5796=STYLED_ITEM('',(#18),#5797);
#5797=FACE_SURFACE('',(#5802),#5798,.T.);
#5798=PLANE('',#5799);
#5799=AXIS2_PLACEMENT_3D('',#225,#5800,#5801);
#5800=DIRECTION('',(-0.7513940993995982,-0.6598537015031943,0));
#5801=DIRECTION('',(0.01729405722653211,-0.01969323279553097,-0.999656487082791));
#5802=FACE_BOUND('',#5803,.T.);
#5803=EDGE_LOOP('',(#5804,#5805,#5806));
#5804=ORIENTED_EDGE('',*,*,#5807,.T.);
#5805=ORIENTED_EDGE('',*,*,#5808,.T.);
#5806=ORIENTED_EDGE('',*,*,#5809,.T.);
#5807=EDGE_CURVE('',#226,#344,#5810,.F.);
#5808=EDGE_CURVE('',#344,#224,#5811,.T.);
#5809=EDGE_CURVE('',#224,#226,#5812,.T.);
#5810=LINE('',#225,#5813);
#5811=LINE('',#343,#5814);
#5812=LINE('',#223,#5815);
#5813=VECTOR('',#5816,1.0);
#5814=VECTOR('',#5817,1.0);
#5815=VECTOR('',#5818,1.0);
#5816=DIRECTION('',(0.01729405722653211,-0.01969323279553097,-0.999656487082791));
#5817=DIRECTION('',(0,0,1));
#5818=DIRECTION('',(-0.6598537015031943,0.7513940993995981,0));
#5819=STYLED_ITEM('',(#18),#5820);
#5820=FACE_SURFACE('',(#5825),#5821,.T.);
#5821=PLANE('',#5822);
#5822=AXIS2_PLACEMENT_3D('',#179,#5823,#5824);
#5823=DIRECTION('',(-0.44262881635750234,0.8967049296897817,0));
#5824=DIRECTION('',(0,0,-1));
#5825=FACE_BOUND('',#5826,.T.);
#5826=EDGE_LOOP('',(#5827,#5828,#5829));
#5827=ORIENTED_EDGE('',*,*,#5830,.T.);
#5828=ORIENTED_EDGE('',*,*,#5831,.T.);
#5829=ORIENTED_EDGE('',*,*,#5832,.T.);
#5830=EDGE_CURVE('',#180,#158,#5833,.F.);
#5831=EDGE_CURVE('',#158,#182,#5834,.T.);
#5832=EDGE_CURVE('',#182,#180,#5835,.T.);
#5833=LINE('',#179,#5836);
#5834=LINE('',#157,#5837);
#5835=LINE('',#181,#5838);
#5836=VECTOR('',#5839,1.0);
#5837=VECTOR('',#5840,1.0);
#5838=VECTOR('',#5841,1.0);
#5839=DIRECTION('',(0,0,-1));
#5840=DIRECTION('',(-0.023491934137049083,-0.011596018552755962,0.99965677178931));
#5841=DIRECTION('',(0.8967049296897817,0.44262881635750234,0));
#5842=STYLED_ITEM('',(#18),#5843);
#5843=FACE_SURFACE('',(#5848),#5844,.T.);
#5844=PLANE('',#5845);
#5845=AXIS2_PLACEMENT_3D('',#401,#5846,#5847);
#5846=DIRECTION('',(-0,0,-1));
#5847=DIRECTION('',(-0.3208070336803876,-0.9471445756278135,0));
#5848=FACE_BOUND('',#5849,.T.);
#5849=EDGE_LOOP('',(#5850,#5851,#5852));
#5850=ORIENTED_EDGE('',*,*,#5853,.T.);
#5851=ORIENTED_EDGE('',*,*,#5854,.T.);
#5852=ORIENTED_EDGE('',*,*,#5855,.T.);
#5853=EDGE_CURVE('',#402,#400,#5856,.F.);
#5854=EDGE_CURVE('',#400,#44,#5857,.T.);
#5855=EDGE_CURVE('',#44,#402,#5858,.T.);
#5856=LINE('',#401,#5859);
#5857=LINE('',#399,#5860);
#5858=LINE('',#43,#5861);
#5859=VECTOR('',#5862,1.0);
#5860=VECTOR('',#5863,1.0);
#5861=VECTOR('',#5864,1.0);
#5862=DIRECTION('',(-0.3208070336803876,-0.9471445756278135,0));
#5863=DIRECTION('',(-0.3946340499425796,0.9188383789469818,0));
#5864=DIRECTION('',(0.45768970131402337,-0.8891119936830681,0));
#5865=STYLED_ITEM('',(#18),#5866);
#5866=FACE_SURFACE('',(#5871),#5867,.T.);
#5867=PLANE('',#5868);
#5868=AXIS2_PLACEMENT_3D('',#343,#5869,#5870);
#5869=DIRECTION('',(-0.8326374333005071,-0.5538184762778717,0));
#5870=DIRECTION('',(0.014495032751104068,-0.02179253199821118,0.9996574311106038));
#5871=FACE_BOUND('',#5872,.T.);
#5872=EDGE_LOOP('',(#5873,#5874,#5875));
#5873=ORIENTED_EDGE('',*,*,#5876,.T.);
#5874=ORIENTED_EDGE('',*,*,#5877,.T.);
#5875=ORIENTED_EDGE('',*,*,#5878,.T.);
#5876=EDGE_CURVE('',#344,#228,#5879,.F.);
#5877=EDGE_CURVE('',#228,#224,#5880,.T.);
#5878=EDGE_CURVE('',#224,#344,#5881,.T.);
#5879=LINE('',#343,#5882);
#5880=LINE('',#227,#5883);
#5881=LINE('',#223,#5884);
#5882=VECTOR('',#5885,1.0);
#5883=VECTOR('',#5886,1.0);
#5884=VECTOR('',#5887,1.0);
#5885=DIRECTION('',(0.014495032751104068,-0.02179253199821118,0.9996574311106038));
#5886=DIRECTION('',(-0.5538184762778717,0.8326374333005072,0));
#5887=DIRECTION('',(0,0,-1));
#5888=STYLED_ITEM('',(#18),#5889);
#5889=FACE_SURFACE('',(#5894),#5890,.T.);
#5890=PLANE('',#5891);
#5891=AXIS2_PLACEMENT_3D('',#311,#5892,#5893);
#5892=DIRECTION('',(0.32080703368038754,-0.9471445756278133,0));
#5893=DIRECTION('',(-0.9471445756278135,-0.3208070336803876,0));
#5894=FACE_BOUND('',#5895,.T.);
#5895=EDGE_LOOP('',(#5896,#5897,#5898));
#5896=ORIENTED_EDGE('',*,*,#5899,.T.);
#5897=ORIENTED_EDGE('',*,*,#5900,.T.);
#5898=ORIENTED_EDGE('',*,*,#5901,.T.);
#5899=EDGE_CURVE('',#312,#308,#5902,.F.);
#5900=EDGE_CURVE('',#308,#414,#5903,.T.);
#5901=EDGE_CURVE('',#414,#312,#5904,.T.);
#5902=LINE('',#311,#5905);
#5903=LINE('',#307,#5906);
#5904=LINE('',#413,#5907);
#5905=VECTOR('',#5908,1.0);
#5906=VECTOR('',#5909,1.0);
#5907=VECTOR('',#5910,1.0);
#5908=DIRECTION('',(-0.9471445756278135,-0.3208070336803876,0));
#5909=DIRECTION('',(0,0,-1));
#5910=DIRECTION('',(0.024791502928944418,0.008397121959803732,0.9996573761671128));
#5911=STYLED_ITEM('',(#18),#5912);
#5912=FACE_SURFACE('',(#5917),#5913,.T.);
#5913=PLANE('',#5914);
#5914=AXIS2_PLACEMENT_3D('',#159,#5915,#5916);
#5915=DIRECTION('',(-0.32080703368039293,0.9471445756278115,0));
#5916=DIRECTION('',(-0.9471445756278115,-0.32080703368039293,0));
#5917=FACE_BOUND('',#5918,.T.);
#5918=EDGE_LOOP('',(#5919,#5920,#5921));
#5919=ORIENTED_EDGE('',*,*,#5922,.T.);
#5920=ORIENTED_EDGE('',*,*,#5923,.T.);
#5921=ORIENTED_EDGE('',*,*,#5924,.T.);
#5922=EDGE_CURVE('',#160,#162,#5925,.F.);
#5923=EDGE_CURVE('',#162,#182,#5926,.T.);
#5924=EDGE_CURVE('',#182,#160,#5927,.T.);
#5925=LINE('',#159,#5928);
#5926=LINE('',#161,#5929);
#5927=LINE('',#181,#5930);
#5928=VECTOR('',#5931,1.0);
#5929=VECTOR('',#5932,1.0);
#5930=VECTOR('',#5933,1.0);
#5931=DIRECTION('',(-0.9471445756278115,-0.32080703368039293,0));
#5932=DIRECTION('',(0.02479150292894415,0.0083971219598038,0.9996573761671128));
#5933=DIRECTION('',(0,0,-1));
#5934=STYLED_ITEM('',(#18),#5935);
#5935=FACE_SURFACE('',(#5940),#5936,.T.);
#5936=PLANE('',#5937);
#5937=AXIS2_PLACEMENT_3D('',#185,#5938,#5939);
#5938=DIRECTION('',(-0.32080703368039293,0.9471445756278115,0));
#5939=DIRECTION('',(0.9471445756278115,0.32080703368039293,0));
#5940=FACE_BOUND('',#5941,.T.);
#5941=EDGE_LOOP('',(#5942,#5943,#5944));
#5942=ORIENTED_EDGE('',*,*,#5945,.T.);
#5943=ORIENTED_EDGE('',*,*,#5946,.T.);
#5944=ORIENTED_EDGE('',*,*,#5947,.T.);
#5945=EDGE_CURVE('',#186,#182,#5948,.F.);
#5946=EDGE_CURVE('',#182,#162,#5949,.T.);
#5947=EDGE_CURVE('',#162,#186,#5950,.T.);
#5948=LINE('',#185,#5951);
#5949=LINE('',#181,#5952);
#5950=LINE('',#161,#5953);
#5951=VECTOR('',#5954,1.0);
#5952=VECTOR('',#5955,1.0);
#5953=VECTOR('',#5956,1.0);
#5954=DIRECTION('',(0.9471445756278115,0.32080703368039293,0));
#5955=DIRECTION('',(-0.02479150292894415,-0.0083971219598038,-0.9996573761671128));
#5956=DIRECTION('',(0,0,1));
#5957=STYLED_ITEM('',(#18),#5958);
#5958=FACE_SURFACE('',(#5963),#5959,.T.);
#5959=PLANE('',#5960);
#5960=AXIS2_PLACEMENT_3D('',#313,#5961,#5962);
#5961=DIRECTION('',(0.1946479818893727,-0.9808731636385993,0));
#5962=DIRECTION('',(0,0,1));
#5963=FACE_BOUND('',#5964,.T.);
#5964=EDGE_LOOP('',(#5965,#5966,#5967));
#5965=ORIENTED_EDGE('',*,*,#5968,.T.);
#5966=ORIENTED_EDGE('',*,*,#5969,.T.);
#5967=ORIENTED_EDGE('',*,*,#5970,.T.);
#5968=EDGE_CURVE('',#314,#96,#5971,.F.);
#5969=EDGE_CURVE('',#96,#312,#5972,.T.);
#5970=EDGE_CURVE('',#312,#314,#5973,.T.);
#5971=LINE('',#313,#5974);
#5972=LINE('',#95,#5975);
#5973=LINE('',#311,#5976);
#5974=VECTOR('',#5977,1.0);
#5975=VECTOR('',#5978,1.0);
#5976=VECTOR('',#5979,1.0);
#5977=DIRECTION('',(0,0,1));
#5978=DIRECTION('',(-0.9808731636385993,-0.19464798188937268,0));
#5979=DIRECTION('',(0.02569118301438582,0.005098250325811994,-0.9996569266297997));
#5980=STYLED_ITEM('',(#18),#5981);
#5981=FACE_SURFACE('',(#5986),#5982,.T.);
#5982=PLANE('',#5983);
#5983=AXIS2_PLACEMENT_3D('',#183,#5984,#5985);
#5984=DIRECTION('',(-0.1946479818893714,0.9808731636385997,0));
#5985=DIRECTION('',(0.9808731636385997,0.1946479818893714,0));
#5986=FACE_BOUND('',#5987,.T.);
#5987=EDGE_LOOP('',(#5988,#5989,#5990));
#5988=ORIENTED_EDGE('',*,*,#5991,.T.);
#5989=ORIENTED_EDGE('',*,*,#5992,.T.);
#5990=ORIENTED_EDGE('',*,*,#5993,.T.);
#5991=EDGE_CURVE('',#184,#186,#5994,.F.);
#5992=EDGE_CURVE('',#186,#164,#5995,.T.);
#5993=EDGE_CURVE('',#164,#184,#5996,.T.);
#5994=LINE('',#183,#5997);
#5995=LINE('',#185,#5998);
#5996=LINE('',#163,#5999);
#5997=VECTOR('',#6000,1.0);
#5998=VECTOR('',#6001,1.0);
#5999=VECTOR('',#6002,1.0);
#6000=DIRECTION('',(0.9808731636385997,0.1946479818893714,0));
#6001=DIRECTION('',(-0.025691183014385995,-0.005098250325811994,-0.9996569266297997));
#6002=DIRECTION('',(0,0,1));
#6003=STYLED_ITEM('',(#18),#6004);
#6004=FACE_SURFACE('',(#6009),#6005,.T.);
#6005=PLANE('',#6006);
#6006=AXIS2_PLACEMENT_3D('',#161,#6007,#6008);
#6007=DIRECTION('',(-0.1946479818893714,0.9808731636385997,0));
#6008=DIRECTION('',(-0.9808731636385997,-0.1946479818893714,0));
#6009=FACE_BOUND('',#6010,.T.);
#6010=EDGE_LOOP('',(#6011,#6012,#6013));
#6011=ORIENTED_EDGE('',*,*,#6014,.T.);
#6012=ORIENTED_EDGE('',*,*,#6015,.T.);
#6013=ORIENTED_EDGE('',*,*,#6016,.T.);
#6014=EDGE_CURVE('',#162,#164,#6017,.F.);
#6015=EDGE_CURVE('',#164,#186,#6018,.T.);
#6016=EDGE_CURVE('',#186,#162,#6019,.T.);
#6017=LINE('',#161,#6020);
#6018=LINE('',#163,#6021);
#6019=LINE('',#185,#6022);
#6020=VECTOR('',#6023,1.0);
#6021=VECTOR('',#6024,1.0);
#6022=VECTOR('',#6025,1.0);
#6023=DIRECTION('',(-0.9808731636385997,-0.1946479818893714,0));
#6024=DIRECTION('',(0.025691183014385995,0.005098250325811994,0.9996569266297997));
#6025=DIRECTION('',(0,0,-1));
#6026=STYLED_ITEM('',(#18),#6027);
#6027=FACE_SURFACE('',(#6032),#6028,.T.);
#6028=PLANE('',#6029);
#6029=AXIS2_PLACEMENT_3D('',#363,#6030,#6031);
#6030=DIRECTION('',(-0.06880209161537756,0.9976303284229832,0));
#6031=DIRECTION('',(0,0,1));
#6032=FACE_BOUND('',#6033,.T.);
#6033=EDGE_LOOP('',(#6034,#6035,#6036));
#6034=ORIENTED_EDGE('',*,*,#6037,.T.);
#6035=ORIENTED_EDGE('',*,*,#6038,.T.);
#6036=ORIENTED_EDGE('',*,*,#6039,.T.);
#6037=EDGE_CURVE('',#364,#234,#6040,.F.);
#6038=EDGE_CURVE('',#234,#164,#6041,.T.);
#6039=EDGE_CURVE('',#164,#364,#6042,.T.);
#6040=LINE('',#363,#6043);
#6041=LINE('',#233,#6044);
#6042=LINE('',#163,#6045);
#6043=VECTOR('',#6046,1.0);
#6044=VECTOR('',#6047,1.0);
#6045=VECTOR('',#6048,1.0);
#6046=DIRECTION('',(0,0,1));
#6047=DIRECTION('',(0.02609107251005399,0.0017993843110381909,-0.9996579505767841));
#6048=DIRECTION('',(-0.9976303284229832,-0.06880209161537756,0));
#6049=STYLED_ITEM('',(#18),#6050);
#6050=FACE_SURFACE('',(#6055),#6051,.T.);
#6051=PLANE('',#6052);
#6052=AXIS2_PLACEMENT_3D('',#183,#6053,#6054);
#6053=DIRECTION('',(-0.06880209161537756,0.9976303284229832,0));
#6054=DIRECTION('',(0,0,-1));
#6055=FACE_BOUND('',#6056,.T.);
#6056=EDGE_LOOP('',(#6057,#6058,#6059));
#6057=ORIENTED_EDGE('',*,*,#6060,.T.);
#6058=ORIENTED_EDGE('',*,*,#6061,.T.);
#6059=ORIENTED_EDGE('',*,*,#6062,.T.);
#6060=EDGE_CURVE('',#184,#164,#6063,.F.);
#6061=EDGE_CURVE('',#164,#234,#6064,.T.);
#6062=EDGE_CURVE('',#234,#184,#6065,.T.);
#6063=LINE('',#183,#6066);
#6064=LINE('',#163,#6067);
#6065=LINE('',#233,#6068);
#6066=VECTOR('',#6069,1.0);
#6067=VECTOR('',#6070,1.0);
#6068=VECTOR('',#6071,1.0);
#6069=DIRECTION('',(0,0,-1));
#6070=DIRECTION('',(-0.02609107251005399,-0.0017993843110381909,0.9996579505767841));
#6071=DIRECTION('',(0.9976303284229832,0.06880209161537756,0));
#6072=STYLED_ITEM('',(#18),#6073);
#6073=FACE_SURFACE('',(#6078),#6074,.T.);
#6074=PLANE('',#6075);
#6075=AXIS2_PLACEMENT_3D('',#97,#6076,#6077);
#6076=DIRECTION('',(0.0649963735734023,-0.997885500156359,0));
#6077=DIRECTION('',(-0.997885500156359,-0.0649963735734023,0));
#6078=FACE_BOUND('',#6079,.T.);
#6079=EDGE_LOOP('',(#6080,#6081,#6082));
#6080=ORIENTED_EDGE('',*,*,#6083,.T.);
#6081=ORIENTED_EDGE('',*,*,#6084,.T.);
#6082=ORIENTED_EDGE('',*,*,#6085,.T.);
#6083=EDGE_CURVE('',#98,#96,#6086,.F.);
#6084=EDGE_CURVE('',#96,#316,#6087,.T.);
#6085=EDGE_CURVE('',#316,#98,#6088,.T.);
#6086=LINE('',#97,#6089);
#6087=LINE('',#95,#6090);
#6088=LINE('',#315,#6091);
#6089=VECTOR('',#6092,1.0);
#6090=VECTOR('',#6093,1.0);
#6091=VECTOR('',#6094,1.0);
#6092=DIRECTION('',(-0.997885500156359,-0.0649963735734023,0));
#6093=DIRECTION('',(0.026091077072869947,0.0016994188131754268,-0.9996581253973156));
#6094=DIRECTION('',(0,0,1));
#6095=STYLED_ITEM('',(#18),#6096);
#6096=FACE_SURFACE('',(#6101),#6097,.T.);
#6097=PLANE('',#6098);
#6098=AXIS2_PLACEMENT_3D('',#85,#6099,#6100);
#6099=DIRECTION('',(0.8326374333005131,0.5538184762778626,0));
#6100=DIRECTION('',(0.014495032751103712,-0.02179253199821116,-0.9996574311106038));
#6101=FACE_BOUND('',#6102,.T.);
#6102=EDGE_LOOP('',(#6103,#6104,#6105));
#6103=ORIENTED_EDGE('',*,*,#6106,.T.);
#6104=ORIENTED_EDGE('',*,*,#6107,.T.);
#6105=ORIENTED_EDGE('',*,*,#6108,.T.);
#6106=EDGE_CURVE('',#86,#144,#6109,.F.);
#6107=EDGE_CURVE('',#144,#142,#6110,.T.);
#6108=EDGE_CURVE('',#142,#86,#6111,.T.);
#6109=LINE('',#85,#6112);
#6110=LINE('',#143,#6113);
#6111=LINE('',#141,#6114);
#6112=VECTOR('',#6115,1.0);
#6113=VECTOR('',#6116,1.0);
#6114=VECTOR('',#6117,1.0);
#6115=DIRECTION('',(0.014495032751103712,-0.02179253199821116,-0.9996574311106038));
#6116=DIRECTION('',(-0.5538184762778627,0.8326374333005132,0));
#6117=DIRECTION('',(0,0,1));
#6118=STYLED_ITEM('',(#18),#6119);
#6119=FACE_SURFACE('',(#6124),#6120,.T.);
#6120=PLANE('',#6121);
#6121=AXIS2_PLACEMENT_3D('',#97,#6122,#6123);
#6122=DIRECTION('',(-0.0649963735734023,-0.997885500156359,-0));
#6123=DIRECTION('',(0,0,-1));
#6124=FACE_BOUND('',#6125,.T.);
#6125=EDGE_LOOP('',(#6126,#6127,#6128));
#6126=ORIENTED_EDGE('',*,*,#6129,.T.);
#6127=ORIENTED_EDGE('',*,*,#6130,.T.);
#6128=ORIENTED_EDGE('',*,*,#6131,.T.);
#6129=EDGE_CURVE('',#98,#316,#6132,.F.);
#6130=EDGE_CURVE('',#316,#54,#6133,.T.);
#6131=EDGE_CURVE('',#54,#98,#6134,.T.);
#6132=LINE('',#97,#6135);
#6133=LINE('',#315,#6136);
#6134=LINE('',#53,#6137);
#6135=VECTOR('',#6138,1.0);
#6136=VECTOR('',#6139,1.0);
#6137=VECTOR('',#6140,1.0);
#6138=DIRECTION('',(0,0,-1));
#6139=DIRECTION('',(0.026091077072869947,-0.0016994188131754268,0.9996581253973156));
#6140=DIRECTION('',(-0.997885500156359,0.0649963735734023,0));
#6141=STYLED_ITEM('',(#18),#6142);
#6142=FACE_SURFACE('',(#6147),#6143,.T.);
#6143=PLANE('',#6144);
#6144=AXIS2_PLACEMENT_3D('',#405,#6145,#6146);
#6145=DIRECTION('',(0,0,-1));
#6146=DIRECTION('',(-0.7071067811865476,0.7071067811865476,0));
#6147=FACE_BOUND('',#6148,.T.);
#6148=EDGE_LOOP('',(#6149,#6150,#6151));
#6149=ORIENTED_EDGE('',*,*,#6152,.T.);
#6150=ORIENTED_EDGE('',*,*,#6153,.T.);
#6151=ORIENTED_EDGE('',*,*,#6154,.T.);
#6152=EDGE_CURVE('',#406,#44,#6155,.F.);
#6153=EDGE_CURVE('',#44,#410,#6156,.T.);
#6154=EDGE_CURVE('',#410,#406,#6157,.T.);
#6155=LINE('',#405,#6158);
#6156=LINE('',#43,#6159);
#6157=LINE('',#409,#6160);
#6158=VECTOR('',#6161,1.0);
#6159=VECTOR('',#6162,1.0);
#6160=VECTOR('',#6163,1.0);
#6161=DIRECTION('',(-0.7071067811865476,0.7071067811865476,0));
#6162=DIRECTION('',(0.783822669525153,-0.6209847202133582,0));
#6163=DIRECTION('',(-0.7513940993995948,-0.6598537015031981,0));
#6164=STYLED_ITEM('',(#18),#6165);
#6165=FACE_SURFACE('',(#6170),#6166,.T.);
#6166=PLANE('',#6167);
#6167=AXIS2_PLACEMENT_3D('',#141,#6168,#6169);
#6168=DIRECTION('',(0.8967049296897798,0.4426288163575064,-0));
#6169=DIRECTION('',(-0.011596018552755962,0.023491934137048816,0.99965677178931));
#6170=FACE_BOUND('',#6171,.T.);
#6171=EDGE_LOOP('',(#6172,#6173,#6174));
#6172=ORIENTED_EDGE('',*,*,#6175,.T.);
#6173=ORIENTED_EDGE('',*,*,#6176,.T.);
#6174=ORIENTED_EDGE('',*,*,#6177,.T.);
#6175=EDGE_CURVE('',#142,#76,#6178,.F.);
#6176=EDGE_CURVE('',#76,#86,#6179,.T.);
#6177=EDGE_CURVE('',#86,#142,#6180,.T.);
#6178=LINE('',#141,#6181);
#6179=LINE('',#75,#6182);
#6180=LINE('',#85,#6183);
#6181=VECTOR('',#6184,1.0);
#6182=VECTOR('',#6185,1.0);
#6183=VECTOR('',#6186,1.0);
#6184=DIRECTION('',(-0.011596018552755962,0.023491934137048816,0.99965677178931));
#6185=DIRECTION('',(0.44262881635750634,-0.8967049296897797,0));
#6186=DIRECTION('',(0,0,-1));
#6187=STYLED_ITEM('',(#18),#6188);
#6188=FACE_SURFACE('',(#6193),#6189,.T.);
#6189=PLANE('',#6190);
#6190=AXIS2_PLACEMENT_3D('',#415,#6191,#6192);
#6191=DIRECTION('',(-0.1946479818893727,-0.9808731636385993,0));
#6192=DIRECTION('',(0,0,1));
#6193=FACE_BOUND('',#6194,.T.);
#6194=EDGE_LOOP('',(#6195,#6196,#6197));
#6195=ORIENTED_EDGE('',*,*,#6198,.T.);
#6196=ORIENTED_EDGE('',*,*,#6199,.T.);
#6197=ORIENTED_EDGE('',*,*,#6200,.T.);
#6198=EDGE_CURVE('',#416,#50,#6201,.F.);
#6199=EDGE_CURVE('',#50,#54,#6202,.T.);
#6200=EDGE_CURVE('',#54,#416,#6203,.T.);
#6201=LINE('',#415,#6204);
#6202=LINE('',#49,#6205);
#6203=LINE('',#53,#6206);
#6204=VECTOR('',#6207,1.0);
#6205=VECTOR('',#6208,1.0);
#6206=VECTOR('',#6209,1.0);
#6207=DIRECTION('',(0,0,1));
#6208=DIRECTION('',(-0.9808731636385993,0.19464798188937268,0));
#6209=DIRECTION('',(0.02569118301438582,-0.005098250325811994,-0.9996569266297997));
#6210=STYLED_ITEM('',(#18),#6211);
#6211=FACE_SURFACE('',(#6216),#6212,.T.);
#6212=PLANE('',#6213);
#6213=AXIS2_PLACEMENT_3D('',#175,#6214,#6215);
#6214=DIRECTION('',(0.9471445756278136,0.3208070336803868,-0));
#6215=DIRECTION('',(0,0,1));
#6216=FACE_BOUND('',#6217,.T.);
#6217=EDGE_LOOP('',(#6218,#6219,#6220));
#6218=ORIENTED_EDGE('',*,*,#6221,.T.);
#6219=ORIENTED_EDGE('',*,*,#6222,.T.);
#6220=ORIENTED_EDGE('',*,*,#6223,.T.);
#6221=EDGE_CURVE('',#176,#78,#6224,.F.);
#6222=EDGE_CURVE('',#78,#76,#6225,.T.);
#6223=EDGE_CURVE('',#76,#176,#6226,.T.);
#6224=LINE('',#175,#6227);
#6225=LINE('',#77,#6228);
#6226=LINE('',#75,#6229);
#6227=VECTOR('',#6230,1.0);
#6228=VECTOR('',#6231,1.0);
#6229=VECTOR('',#6232,1.0);
#6230=DIRECTION('',(0,0,1));
#6231=DIRECTION('',(0.3208070336803868,-0.9471445756278137,0));
#6232=DIRECTION('',(-0.008397121959803711,0.024791502928944418,-0.9996573761671128));
#6233=STYLED_ITEM('',(#18),#6234);
#6234=FACE_SURFACE('',(#6239),#6235,.T.);
#6235=PLANE('',#6236);
#6236=AXIS2_PLACEMENT_3D('',#411,#6237,#6238);
#6237=DIRECTION('',(0,0,-1));
#6238=DIRECTION('',(-0.844825443342645,0.5350420266492188,0));
#6239=FACE_BOUND('',#6240,.T.);
#6240=EDGE_LOOP('',(#6241,#6242,#6243));
#6241=ORIENTED_EDGE('',*,*,#6244,.T.);
#6242=ORIENTED_EDGE('',*,*,#6245,.T.);
#6243=ORIENTED_EDGE('',*,*,#6246,.T.);
#6244=EDGE_CURVE('',#412,#44,#6247,.F.);
#6245=EDGE_CURVE('',#44,#414,#6248,.T.);
#6246=EDGE_CURVE('',#414,#412,#6249,.T.);
#6247=LINE('',#411,#6250);
#6248=LINE('',#43,#6251);
#6249=LINE('',#413,#6252);
#6250=VECTOR('',#6253,1.0);
#6251=VECTOR('',#6254,1.0);
#6252=VECTOR('',#6255,1.0);
#6253=DIRECTION('',(-0.844825443342645,0.5350420266492188,0));
#6254=DIRECTION('',(0.8891119936830681,-0.45768970131402337,0));
#6255=DIRECTION('',(-0.8967049296897788,-0.44262881635750845,0));
#6256=STYLED_ITEM('',(#18),#6257);
#6257=FACE_SURFACE('',(#6262),#6258,.T.);
#6258=PLANE('',#6259);
#6259=AXIS2_PLACEMENT_3D('',#91,#6260,#6261);
#6260=DIRECTION('',(0.9808731636385993,0.1946479818893727,0));
#6261=DIRECTION('',(0.19464798188937268,-0.9808731636385993,0));
#6262=FACE_BOUND('',#6263,.T.);
#6263=EDGE_LOOP('',(#6264,#6265,#6266));
#6264=ORIENTED_EDGE('',*,*,#6267,.T.);
#6265=ORIENTED_EDGE('',*,*,#6268,.T.);
#6266=ORIENTED_EDGE('',*,*,#6269,.T.);
#6267=EDGE_CURVE('',#92,#78,#6270,.F.);
#6268=EDGE_CURVE('',#78,#392,#6271,.T.);
#6269=EDGE_CURVE('',#392,#92,#6272,.T.);
#6270=LINE('',#91,#6273);
#6271=LINE('',#77,#6274);
#6272=LINE('',#391,#6275);
#6273=VECTOR('',#6276,1.0);
#6274=VECTOR('',#6277,1.0);
#6275=VECTOR('',#6278,1.0);
#6276=DIRECTION('',(0.19464798188937268,-0.9808731636385993,0));
#6277=DIRECTION('',(-0.005098250325811994,0.02569118301438582,-0.9996569266297997));
#6278=DIRECTION('',(0,0,1));
#6279=STYLED_ITEM('',(#18),#6280);
#6280=FACE_SURFACE('',(#6285),#6281,.T.);
#6281=PLANE('',#6282);
#6282=AXIS2_PLACEMENT_3D('',#49,#6283,#6284);
#6283=DIRECTION('',(-0.32080703368038754,-0.9471445756278133,-0));
#6284=DIRECTION('',(0,0,-1));
#6285=FACE_BOUND('',#6286,.T.);
#6286=EDGE_LOOP('',(#6287,#6288,#6289));
#6287=ORIENTED_EDGE('',*,*,#6290,.T.);
#6288=ORIENTED_EDGE('',*,*,#6291,.T.);
#6289=ORIENTED_EDGE('',*,*,#6292,.T.);
#6290=EDGE_CURVE('',#50,#416,#6293,.F.);
#6291=EDGE_CURVE('',#416,#60,#6294,.T.);
#6292=EDGE_CURVE('',#60,#50,#6295,.T.);
#6293=LINE('',#49,#6296);
#6294=LINE('',#415,#6297);
#6295=LINE('',#59,#6298);
#6296=VECTOR('',#6299,1.0);
#6297=VECTOR('',#6300,1.0);
#6298=VECTOR('',#6301,1.0);
#6299=DIRECTION('',(0,0,-1));
#6300=DIRECTION('',(0.024791502928944418,-0.008397121959803732,0.9996573761671128));
#6301=DIRECTION('',(-0.9471445756278135,0.3208070336803876,0));
#6302=STYLED_ITEM('',(#18),#6303);
#6303=FACE_SURFACE('',(#6308),#6304,.T.);
#6304=PLANE('',#6305);
#6305=AXIS2_PLACEMENT_3D('',#417,#6306,#6307);
#6306=DIRECTION('',(-0.32080703368038754,-0.9471445756278133,0));
#6307=DIRECTION('',(0,0,1));
#6308=FACE_BOUND('',#6309,.T.);
#6309=EDGE_LOOP('',(#6310,#6311,#6312));
#6310=ORIENTED_EDGE('',*,*,#6313,.T.);
#6311=ORIENTED_EDGE('',*,*,#6314,.T.);
#6312=ORIENTED_EDGE('',*,*,#6315,.T.);
#6313=EDGE_CURVE('',#418,#60,#6316,.F.);
#6314=EDGE_CURVE('',#60,#416,#6317,.T.);
#6315=EDGE_CURVE('',#416,#418,#6318,.T.);
#6316=LINE('',#417,#6319);
#6317=LINE('',#59,#6320);
#6318=LINE('',#415,#6321);
#6319=VECTOR('',#6322,1.0);
#6320=VECTOR('',#6323,1.0);
#6321=VECTOR('',#6324,1.0);
#6322=DIRECTION('',(0,0,1));
#6323=DIRECTION('',(-0.024791502928944418,0.008397121959803732,-0.9996573761671128));
#6324=DIRECTION('',(0.9471445756278135,-0.3208070336803876,0));
#6325=STYLED_ITEM('',(#18),#6326);
#6326=FACE_SURFACE('',(#6331),#6327,.T.);
#6327=PLANE('',#6328);
#6328=AXIS2_PLACEMENT_3D('',#93,#6329,#6330);
#6329=DIRECTION('',(0.9978855001563586,0.06499637357340736,0));
#6330=DIRECTION('',(0.06499637357340737,-0.9978855001563588,0));
#6331=FACE_BOUND('',#6332,.T.);
#6332=EDGE_LOOP('',(#6333,#6334,#6335));
#6333=ORIENTED_EDGE('',*,*,#6336,.T.);
#6334=ORIENTED_EDGE('',*,*,#6337,.T.);
#6335=ORIENTED_EDGE('',*,*,#6338,.T.);
#6336=EDGE_CURVE('',#94,#92,#6339,.F.);
#6337=EDGE_CURVE('',#92,#392,#6340,.T.);
#6338=EDGE_CURVE('',#392,#94,#6341,.T.);
#6339=LINE('',#93,#6342);
#6340=LINE('',#91,#6343);
#6341=LINE('',#391,#6344);
#6342=VECTOR('',#6345,1.0);
#6343=VECTOR('',#6346,1.0);
#6344=VECTOR('',#6347,1.0);
#6345=DIRECTION('',(0.06499637357340737,-0.9978855001563588,0));
#6346=DIRECTION('',(0,0,-1));
#6347=DIRECTION('',(-0.0016994188131755602,0.026091077072869947,0.9996581253973156));
#6348=STYLED_ITEM('',(#18),#6349);
#6349=FACE_SURFACE('',(#6354),#6350,.T.);
#6350=PLANE('',#6351);
#6351=AXIS2_PLACEMENT_3D('',#93,#6352,#6353);
#6352=DIRECTION('',(0.9978855001563586,0.06499637357340736,0));
#6353=DIRECTION('',(0.0016994188131755602,-0.026091077072869947,-0.9996581253973156));
#6354=FACE_BOUND('',#6355,.T.);
#6355=EDGE_LOOP('',(#6356,#6357,#6358));
#6356=ORIENTED_EDGE('',*,*,#6359,.T.);
#6357=ORIENTED_EDGE('',*,*,#6360,.T.);
#6358=ORIENTED_EDGE('',*,*,#6361,.T.);
#6359=EDGE_CURVE('',#94,#392,#6362,.F.);
#6360=EDGE_CURVE('',#392,#274,#6363,.T.);
#6361=EDGE_CURVE('',#274,#94,#6364,.T.);
#6362=LINE('',#93,#6365);
#6363=LINE('',#391,#6366);
#6364=LINE('',#273,#6367);
#6365=VECTOR('',#6368,1.0);
#6366=VECTOR('',#6369,1.0);
#6367=VECTOR('',#6370,1.0);
#6368=DIRECTION('',(0.0016994188131755602,-0.026091077072869947,-0.9996581253973156));
#6369=DIRECTION('',(-0.06499637357340737,0.9978855001563588,0));
#6370=DIRECTION('',(0,0,1));
#6371=STYLED_ITEM('',(#18),#6372);
#6372=FACE_SURFACE('',(#6377),#6373,.T.);
#6373=PLANE('',#6374);
#6374=AXIS2_PLACEMENT_3D('',#417,#6375,#6376);
#6375=DIRECTION('',(-0.4426288163575078,-0.8967049296897791,0));
#6376=DIRECTION('',(0.8967049296897791,-0.4426288163575078,0));
#6377=FACE_BOUND('',#6378,.T.);
#6378=EDGE_LOOP('',(#6379,#6380,#6381));
#6379=ORIENTED_EDGE('',*,*,#6382,.T.);
#6380=ORIENTED_EDGE('',*,*,#6383,.T.);
#6381=ORIENTED_EDGE('',*,*,#6384,.T.);
#6382=EDGE_CURVE('',#418,#420,#6385,.F.);
#6383=EDGE_CURVE('',#420,#60,#6386,.T.);
#6384=EDGE_CURVE('',#60,#418,#6387,.T.);
#6385=LINE('',#417,#6388);
#6386=LINE('',#419,#6389);
#6387=LINE('',#59,#6390);
#6388=VECTOR('',#6391,1.0);
#6389=VECTOR('',#6392,1.0);
#6390=VECTOR('',#6393,1.0);
#6391=DIRECTION('',(0.8967049296897791,-0.4426288163575078,0));
#6392=DIRECTION('',(-0.023491934137048816,0.011596018552756006,0.99965677178931));
#6393=DIRECTION('',(0,0,-1));
#6394=STYLED_ITEM('',(#18),#6395);
#6395=FACE_SURFACE('',(#6400),#6396,.T.);
#6396=PLANE('',#6397);
#6397=AXIS2_PLACEMENT_3D('',#61,#6398,#6399);
#6398=DIRECTION('',(-0.4426288163575078,-0.8967049296897791,-0));
#6399=DIRECTION('',(-0.8967049296897791,0.4426288163575078,0));
#6400=FACE_BOUND('',#6401,.T.);
#6401=EDGE_LOOP('',(#6402,#6403,#6404));
#6402=ORIENTED_EDGE('',*,*,#6405,.T.);
#6403=ORIENTED_EDGE('',*,*,#6406,.T.);
#6404=ORIENTED_EDGE('',*,*,#6407,.T.);
#6405=EDGE_CURVE('',#62,#60,#6408,.F.);
#6406=EDGE_CURVE('',#60,#420,#6409,.T.);
#6407=EDGE_CURVE('',#420,#62,#6410,.T.);
#6408=LINE('',#61,#6411);
#6409=LINE('',#59,#6412);
#6410=LINE('',#419,#6413);
#6411=VECTOR('',#6414,1.0);
#6412=VECTOR('',#6415,1.0);
#6413=VECTOR('',#6416,1.0);
#6414=DIRECTION('',(-0.8967049296897791,0.4426288163575078,0));
#6415=DIRECTION('',(0.023491934137048816,-0.011596018552756006,-0.99965677178931));
#6416=DIRECTION('',(0,0,1));
#6417=STYLED_ITEM('',(#18),#6418);
#6418=FACE_SURFACE('',(#6423),#6419,.T.);
#6419=PLANE('',#6420);
#6420=AXIS2_PLACEMENT_3D('',#93,#6421,#6422);
#6421=DIRECTION('',(0.9978855001563586,-0.06499637357340736,0));
#6422=DIRECTION('',(0,0,-1));
#6423=FACE_BOUND('',#6424,.T.);
#6424=EDGE_LOOP('',(#6425,#6426,#6427));
#6425=ORIENTED_EDGE('',*,*,#6428,.T.);
#6426=ORIENTED_EDGE('',*,*,#6429,.T.);
#6427=ORIENTED_EDGE('',*,*,#6430,.T.);
#6428=EDGE_CURVE('',#94,#274,#6431,.F.);
#6429=EDGE_CURVE('',#274,#74,#6432,.T.);
#6430=EDGE_CURVE('',#74,#94,#6433,.T.);
#6431=LINE('',#93,#6434);
#6432=LINE('',#273,#6435);
#6433=LINE('',#73,#6436);
#6434=VECTOR('',#6437,1.0);
#6435=VECTOR('',#6438,1.0);
#6436=VECTOR('',#6439,1.0);
#6437=DIRECTION('',(0,0,-1));
#6438=DIRECTION('',(0.0016994188131755602,0.026091077072869947,0.9996581253973156));
#6439=DIRECTION('',(-0.06499637357340737,-0.9978855001563588,0));
#6440=STYLED_ITEM('',(#18),#6441);
#6441=FACE_SURFACE('',(#6446),#6442,.T.);
#6442=PLANE('',#6443);
#6443=AXIS2_PLACEMENT_3D('',#271,#6444,#6445);
#6444=DIRECTION('',(0.9978855001563586,-0.06499637357340736,0));
#6445=DIRECTION('',(0,0,1));
#6446=FACE_BOUND('',#6447,.T.);
#6447=EDGE_LOOP('',(#6448,#6449,#6450));
#6448=ORIENTED_EDGE('',*,*,#6451,.T.);
#6449=ORIENTED_EDGE('',*,*,#6452,.T.);
#6450=ORIENTED_EDGE('',*,*,#6453,.T.);
#6451=EDGE_CURVE('',#272,#74,#6454,.F.);
#6452=EDGE_CURVE('',#74,#274,#6455,.T.);
#6453=EDGE_CURVE('',#274,#272,#6456,.T.);
#6454=LINE('',#271,#6457);
#6455=LINE('',#73,#6458);
#6456=LINE('',#273,#6459);
#6457=VECTOR('',#6460,1.0);
#6458=VECTOR('',#6461,1.0);
#6459=VECTOR('',#6462,1.0);
#6460=DIRECTION('',(0,0,1));
#6461=DIRECTION('',(-0.0016994188131755602,-0.026091077072869947,-0.9996581253973156));
#6462=DIRECTION('',(0.06499637357340737,0.9978855001563588,0));
#6463=STYLED_ITEM('',(#18),#6464);
#6464=FACE_SURFACE('',(#6469),#6465,.T.);
#6465=PLANE('',#6466);
#6466=AXIS2_PLACEMENT_3D('',#271,#6467,#6468);
#6467=DIRECTION('',(0.9808731636385993,-0.1946479818893727,0));
#6468=DIRECTION('',(0.19464798188937268,0.9808731636385993,0));
#6469=FACE_BOUND('',#6470,.T.);
#6470=EDGE_LOOP('',(#6471,#6472,#6473));
#6471=ORIENTED_EDGE('',*,*,#6474,.T.);
#6472=ORIENTED_EDGE('',*,*,#6475,.T.);
#6473=ORIENTED_EDGE('',*,*,#6476,.T.);
#6474=EDGE_CURVE('',#272,#422,#6477,.F.);
#6475=EDGE_CURVE('',#422,#74,#6478,.T.);
#6476=EDGE_CURVE('',#74,#272,#6479,.T.);
#6477=LINE('',#271,#6480);
#6478=LINE('',#421,#6481);
#6479=LINE('',#73,#6482);
#6480=VECTOR('',#6483,1.0);
#6481=VECTOR('',#6484,1.0);
#6482=VECTOR('',#6485,1.0);
#6483=DIRECTION('',(0.19464798188937268,0.9808731636385993,0));
#6484=DIRECTION('',(-0.005098250325811994,-0.02569118301438582,0.9996569266297997));
#6485=DIRECTION('',(0,0,-1));
#6486=STYLED_ITEM('',(#18),#6487);
#6487=FACE_SURFACE('',(#6492),#6488,.T.);
#6488=PLANE('',#6489);
#6489=AXIS2_PLACEMENT_3D('',#105,#6490,#6491);
#6490=DIRECTION('',(0.9808731636385993,-0.1946479818893727,0));
#6491=DIRECTION('',(-0.19464798188937268,-0.9808731636385993,0));
#6492=FACE_BOUND('',#6493,.T.);
#6493=EDGE_LOOP('',(#6494,#6495,#6496));
#6494=ORIENTED_EDGE('',*,*,#6497,.T.);
#6495=ORIENTED_EDGE('',*,*,#6498,.T.);
#6496=ORIENTED_EDGE('',*,*,#6499,.T.);
#6497=EDGE_CURVE('',#106,#74,#6500,.F.);
#6498=EDGE_CURVE('',#74,#422,#6501,.T.);
#6499=EDGE_CURVE('',#422,#106,#6502,.T.);
#6500=LINE('',#105,#6503);
#6501=LINE('',#73,#6504);
#6502=LINE('',#421,#6505);
#6503=VECTOR('',#6506,1.0);
#6504=VECTOR('',#6507,1.0);
#6505=VECTOR('',#6508,1.0);
#6506=DIRECTION('',(-0.19464798188937268,-0.9808731636385993,0));
#6507=DIRECTION('',(0.005098250325811994,0.02569118301438582,-0.9996569266297997));
#6508=DIRECTION('',(0,0,1));
#6509=STYLED_ITEM('',(#18),#6510);
#6510=FACE_SURFACE('',(#6515),#6511,.T.);
#6511=PLANE('',#6512);
#6512=AXIS2_PLACEMENT_3D('',#395,#6513,#6514);
#6513=DIRECTION('',(0.9471445756278136,-0.3208070336803868,0));
#6514=DIRECTION('',(-0.008397121959803711,-0.024791502928944418,0.9996573761671128));
#6515=FACE_BOUND('',#6516,.T.);
#6516=EDGE_LOOP('',(#6517,#6518,#6519));
#6517=ORIENTED_EDGE('',*,*,#6520,.T.);
#6518=ORIENTED_EDGE('',*,*,#6521,.T.);
#6519=ORIENTED_EDGE('',*,*,#6522,.T.);
#6520=EDGE_CURVE('',#396,#106,#6523,.F.);
#6521=EDGE_CURVE('',#106,#422,#6524,.T.);
#6522=EDGE_CURVE('',#422,#396,#6525,.T.);
#6523=LINE('',#395,#6526);
#6524=LINE('',#105,#6527);
#6525=LINE('',#421,#6528);
#6526=VECTOR('',#6529,1.0);
#6527=VECTOR('',#6530,1.0);
#6528=VECTOR('',#6531,1.0);
#6529=DIRECTION('',(-0.008397121959803711,-0.024791502928944418,0.9996573761671128));
#6530=DIRECTION('',(0,0,-1));
#6531=DIRECTION('',(0.3208070336803868,0.9471445756278137,0));
#6532=STYLED_ITEM('',(#18),#6533);
#6533=FACE_SURFACE('',(#6538),#6534,.T.);
#6534=PLANE('',#6535);
#6535=AXIS2_PLACEMENT_3D('',#61,#6536,#6537);
#6536=DIRECTION('',(-0.5538184762778638,-0.8326374333005123,-0));
#6537=DIRECTION('',(0,0,-1));
#6538=FACE_BOUND('',#6539,.T.);
#6539=EDGE_LOOP('',(#6540,#6541,#6542));
#6540=ORIENTED_EDGE('',*,*,#6543,.T.);
#6541=ORIENTED_EDGE('',*,*,#6544,.T.);
#6542=ORIENTED_EDGE('',*,*,#6545,.T.);
#6543=EDGE_CURVE('',#62,#420,#6546,.F.);
#6544=EDGE_CURVE('',#420,#64,#6547,.T.);
#6545=EDGE_CURVE('',#64,#62,#6548,.T.);
#6546=LINE('',#61,#6549);
#6547=LINE('',#419,#6550);
#6548=LINE('',#63,#6551);
#6549=VECTOR('',#6552,1.0);
#6550=VECTOR('',#6553,1.0);
#6551=VECTOR('',#6554,1.0);
#6552=DIRECTION('',(0,0,-1));
#6553=DIRECTION('',(0.02179253199821116,-0.014495032751103755,0.9996574311106038));
#6554=DIRECTION('',(-0.8326374333005123,0.5538184762778638,0));
#6555=STYLED_ITEM('',(#18),#6556);
#6556=FACE_SURFACE('',(#6561),#6557,.T.);
#6557=PLANE('',#6558);
#6558=AXIS2_PLACEMENT_3D('',#395,#6559,#6560);
#6559=DIRECTION('',(0.8967049296897794,-0.44262881635750706,0));
#6560=DIRECTION('',(0.4426288163575071,0.8967049296897794,0));
#6561=FACE_BOUND('',#6562,.T.);
#6562=EDGE_LOOP('',(#6563,#6564,#6565));
#6563=ORIENTED_EDGE('',*,*,#6566,.T.);
#6564=ORIENTED_EDGE('',*,*,#6567,.T.);
#6565=ORIENTED_EDGE('',*,*,#6568,.T.);
#6566=EDGE_CURVE('',#396,#424,#6569,.F.);
#6567=EDGE_CURVE('',#424,#108,#6570,.T.);
#6568=EDGE_CURVE('',#108,#396,#6571,.T.);
#6569=LINE('',#395,#6572);
#6570=LINE('',#423,#6573);
#6571=LINE('',#107,#6574);
#6572=VECTOR('',#6575,1.0);
#6573=VECTOR('',#6576,1.0);
#6574=VECTOR('',#6577,1.0);
#6575=DIRECTION('',(0.4426288163575071,0.8967049296897794,0));
#6576=DIRECTION('',(-0.011596018552755962,-0.02349193413704877,0.99965677178931));
#6577=DIRECTION('',(0,0,-1));
#6578=STYLED_ITEM('',(#18),#6579);
#6579=FACE_SURFACE('',(#6584),#6580,.T.);
#6580=PLANE('',#6581);
#6581=AXIS2_PLACEMENT_3D('',#117,#6582,#6583);
#6582=DIRECTION('',(0.8967049296897794,-0.44262881635750706,0));
#6583=DIRECTION('',(-0.4426288163575071,-0.8967049296897794,0));
#6584=FACE_BOUND('',#6585,.T.);
#6585=EDGE_LOOP('',(#6586,#6587,#6588));
#6586=ORIENTED_EDGE('',*,*,#6589,.T.);
#6587=ORIENTED_EDGE('',*,*,#6590,.T.);
#6588=ORIENTED_EDGE('',*,*,#6591,.T.);
#6589=EDGE_CURVE('',#118,#108,#6592,.F.);
#6590=EDGE_CURVE('',#108,#424,#6593,.T.);
#6591=EDGE_CURVE('',#424,#118,#6594,.T.);
#6592=LINE('',#117,#6595);
#6593=LINE('',#107,#6596);
#6594=LINE('',#423,#6597);
#6595=VECTOR('',#6598,1.0);
#6596=VECTOR('',#6599,1.0);
#6597=VECTOR('',#6600,1.0);
#6598=DIRECTION('',(-0.4426288163575071,-0.8967049296897794,0));
#6599=DIRECTION('',(0.011596018552755962,0.02349193413704877,-0.99965677178931));
#6600=DIRECTION('',(0,0,1));
#6601=STYLED_ITEM('',(#18),#6602);
#6602=FACE_SURFACE('',(#6607),#6603,.T.);
#6603=PLANE('',#6604);
#6604=AXIS2_PLACEMENT_3D('',#333,#6605,#6606);
#6605=DIRECTION('',(-0.6598537015031978,-0.7513940993995952,0));
#6606=DIRECTION('',(0,0,1));
#6607=FACE_BOUND('',#6608,.T.);
#6608=EDGE_LOOP('',(#6609,#6610,#6611));
#6609=ORIENTED_EDGE('',*,*,#6612,.T.);
#6610=ORIENTED_EDGE('',*,*,#6613,.T.);
#6611=ORIENTED_EDGE('',*,*,#6614,.T.);
#6612=EDGE_CURVE('',#334,#66,#6615,.F.);
#6613=EDGE_CURVE('',#66,#64,#6616,.T.);
#6614=EDGE_CURVE('',#64,#334,#6617,.T.);
#6615=LINE('',#333,#6618);
#6616=LINE('',#65,#6619);
#6617=LINE('',#63,#6620);
#6618=VECTOR('',#6621,1.0);
#6619=VECTOR('',#6622,1.0);
#6620=VECTOR('',#6623,1.0);
#6621=DIRECTION('',(0,0,1));
#6622=DIRECTION('',(-0.7513940993995951,0.6598537015031978,0));
#6623=DIRECTION('',(0.01969323279553099,-0.017294057226532288,-0.999656487082791));
#6624=STYLED_ITEM('',(#18),#6625);
#6625=FACE_SURFACE('',(#6630),#6626,.T.);
#6626=PLANE('',#6627);
#6627=AXIS2_PLACEMENT_3D('',#117,#6628,#6629);
#6628=DIRECTION('',(0.8326374333005133,-0.5538184762778623,0));
#6629=DIRECTION('',(0,0,-1));
#6630=FACE_BOUND('',#6631,.T.);
#6631=EDGE_LOOP('',(#6632,#6633,#6634));
#6632=ORIENTED_EDGE('',*,*,#6635,.T.);
#6633=ORIENTED_EDGE('',*,*,#6636,.T.);
#6634=ORIENTED_EDGE('',*,*,#6637,.T.);
#6635=EDGE_CURVE('',#118,#424,#6638,.F.);
#6636=EDGE_CURVE('',#424,#112,#6639,.T.);
#6637=EDGE_CURVE('',#112,#118,#6640,.T.);
#6638=LINE('',#117,#6641);
#6639=LINE('',#423,#6642);
#6640=LINE('',#111,#6643);
#6641=VECTOR('',#6644,1.0);
#6642=VECTOR('',#6645,1.0);
#6643=VECTOR('',#6646,1.0);
#6644=DIRECTION('',(0,0,-1));
#6645=DIRECTION('',(0.014495032751103712,0.02179253199821118,0.9996574311106038));
#6646=DIRECTION('',(-0.5538184762778623,-0.8326374333005133,0));
#6647=STYLED_ITEM('',(#18),#6648);
#6648=FACE_SURFACE('',(#6653),#6649,.T.);
#6649=PLANE('',#6650);
#6650=AXIS2_PLACEMENT_3D('',#335,#6651,#6652);
#6651=DIRECTION('',(-0.7513940993995948,-0.6598537015031981,0));
#6652=DIRECTION('',(0,0,1));
#6653=FACE_BOUND('',#6654,.T.);
#6654=EDGE_LOOP('',(#6655,#6656,#6657));
#6655=ORIENTED_EDGE('',*,*,#6658,.T.);
#6656=ORIENTED_EDGE('',*,*,#6659,.T.);
#6657=ORIENTED_EDGE('',*,*,#6660,.T.);
#6658=EDGE_CURVE('',#336,#68,#6661,.F.);
#6659=EDGE_CURVE('',#68,#334,#6662,.T.);
#6660=EDGE_CURVE('',#334,#336,#6663,.T.);
#6661=LINE('',#335,#6664);
#6662=LINE('',#67,#6665);
#6663=LINE('',#333,#6666);
#6664=VECTOR('',#6667,1.0);
#6665=VECTOR('',#6668,1.0);
#6666=VECTOR('',#6669,1.0);
#6667=DIRECTION('',(0,0,1));
#6668=DIRECTION('',(-0.017294057226532288,0.01969323279553097,-0.999656487082791));
#6669=DIRECTION('',(0.6598537015031981,-0.7513940993995948,0));
#6670=STYLED_ITEM('',(#18),#6671);
#6671=FACE_SURFACE('',(#6676),#6672,.T.);
#6672=PLANE('',#6673);
#6673=AXIS2_PLACEMENT_3D('',#425,#6674,#6675);
#6674=DIRECTION('',(0,0,-1));
#6675=DIRECTION('',(-0.9188383789469818,0.3946340499425796,0));
#6676=FACE_BOUND('',#6677,.T.);
#6677=EDGE_LOOP('',(#6678,#6679,#6680));
#6678=ORIENTED_EDGE('',*,*,#6681,.T.);
#6679=ORIENTED_EDGE('',*,*,#6682,.T.);
#6680=ORIENTED_EDGE('',*,*,#6683,.T.);
#6681=EDGE_CURVE('',#426,#44,#6684,.F.);
#6682=EDGE_CURVE('',#44,#314,#6685,.T.);
#6683=EDGE_CURVE('',#314,#426,#6686,.T.);
#6684=LINE('',#425,#6687);
#6685=LINE('',#43,#6688);
#6686=LINE('',#313,#6689);
#6687=VECTOR('',#6690,1.0);
#6688=VECTOR('',#6691,1.0);
#6689=VECTOR('',#6692,1.0);
#6690=DIRECTION('',(-0.9188383789469818,0.3946340499425796,0));
#6691=DIRECTION('',(0.9376868013449671,-0.3474816003523701,0));
#6692=DIRECTION('',(-0.9808731636385993,-0.19464798188937268,0));
#6693=STYLED_ITEM('',(#18),#6694);
#6694=FACE_SURFACE('',(#6699),#6695,.T.);
#6695=PLANE('',#6696);
#6696=AXIS2_PLACEMENT_3D('',#279,#6697,#6698);
#6697=DIRECTION('',(0.7513940993995948,-0.6598537015031981,0));
#6698=DIRECTION('',(0,0,1));
#6699=FACE_BOUND('',#6700,.T.);
#6700=EDGE_LOOP('',(#6701,#6702,#6703));
#6701=ORIENTED_EDGE('',*,*,#6704,.T.);
#6702=ORIENTED_EDGE('',*,*,#6705,.T.);
#6703=ORIENTED_EDGE('',*,*,#6706,.T.);
#6704=EDGE_CURVE('',#280,#110,#6707,.F.);
#6705=EDGE_CURVE('',#110,#112,#6708,.T.);
#6706=EDGE_CURVE('',#112,#280,#6709,.T.);
#6707=LINE('',#279,#6710);
#6708=LINE('',#109,#6711);
#6709=LINE('',#111,#6712);
#6710=VECTOR('',#6713,1.0);
#6711=VECTOR('',#6714,1.0);
#6712=VECTOR('',#6715,1.0);
#6713=DIRECTION('',(0,0,1));
#6714=DIRECTION('',(-0.6598537015031981,-0.7513940993995948,0));
#6715=DIRECTION('',(0.017294057226532288,0.01969323279553097,-0.999656487082791));
#6716=STYLED_ITEM('',(#18),#6717);
#6717=FACE_SURFACE('',(#6722),#6718,.T.);
#6718=PLANE('',#6719);
#6719=AXIS2_PLACEMENT_3D('',#279,#6720,#6721);
#6720=DIRECTION('',(0.6598537015031961,-0.7513940993995967,0));
#6721=DIRECTION('',(0.7513940993995967,0.659853701503196,0));
#6722=FACE_BOUND('',#6723,.T.);
#6723=EDGE_LOOP('',(#6724,#6725,#6726));
#6724=ORIENTED_EDGE('',*,*,#6727,.T.);
#6725=ORIENTED_EDGE('',*,*,#6728,.T.);
#6726=ORIENTED_EDGE('',*,*,#6729,.T.);
#6727=EDGE_CURVE('',#280,#286,#6730,.F.);
#6728=EDGE_CURVE('',#286,#110,#6731,.T.);
#6729=EDGE_CURVE('',#110,#280,#6732,.T.);
#6730=LINE('',#279,#6733);
#6731=LINE('',#285,#6734);
#6732=LINE('',#109,#6735);
#6733=VECTOR('',#6736,1.0);
#6734=VECTOR('',#6737,1.0);
#6735=VECTOR('',#6738,1.0);
#6736=DIRECTION('',(0.7513940993995967,0.659853701503196,0));
#6737=DIRECTION('',(-0.01969323279553108,-0.017294057226532288,0.999656487082791));
#6738=DIRECTION('',(0,0,-1));
#6739=STYLED_ITEM('',(#18),#6740);
#6740=FACE_SURFACE('',(#6745),#6741,.T.);
#6741=PLANE('',#6742);
#6742=AXIS2_PLACEMENT_3D('',#115,#6743,#6744);
#6743=DIRECTION('',(0.6598537015031961,-0.7513940993995967,0));
#6744=DIRECTION('',(-0.7513940993995967,-0.659853701503196,0));
#6745=FACE_BOUND('',#6746,.T.);
#6746=EDGE_LOOP('',(#6747,#6748,#6749));
#6747=ORIENTED_EDGE('',*,*,#6750,.T.);
#6748=ORIENTED_EDGE('',*,*,#6751,.T.);
#6749=ORIENTED_EDGE('',*,*,#6752,.T.);
#6750=EDGE_CURVE('',#116,#110,#6753,.F.);
#6751=EDGE_CURVE('',#110,#286,#6754,.T.);
#6752=EDGE_CURVE('',#286,#116,#6755,.T.);
#6753=LINE('',#115,#6756);
#6754=LINE('',#109,#6757);
#6755=LINE('',#285,#6758);
#6756=VECTOR('',#6759,1.0);
#6757=VECTOR('',#6760,1.0);
#6758=VECTOR('',#6761,1.0);
#6759=DIRECTION('',(-0.7513940993995967,-0.659853701503196,0));
#6760=DIRECTION('',(0.01969323279553108,0.017294057226532288,-0.999656487082791));
#6761=DIRECTION('',(0,0,1));
#6762=STYLED_ITEM('',(#18),#6763);
#6763=FACE_SURFACE('',(#6768),#6764,.T.);
#6764=PLANE('',#6765);
#6765=AXIS2_PLACEMENT_3D('',#113,#6766,#6767);
#6766=DIRECTION('',(0.5538184762778638,-0.8326374333005123,0));
#6767=DIRECTION('',(-0.8326374333005123,-0.5538184762778638,0));
#6768=FACE_BOUND('',#6769,.T.);
#6769=EDGE_LOOP('',(#6770,#6771,#6772));
#6770=ORIENTED_EDGE('',*,*,#6773,.T.);
#6771=ORIENTED_EDGE('',*,*,#6774,.T.);
#6772=ORIENTED_EDGE('',*,*,#6775,.T.);
#6773=EDGE_CURVE('',#114,#116,#6776,.F.);
#6774=EDGE_CURVE('',#116,#286,#6777,.T.);
#6775=EDGE_CURVE('',#286,#114,#6778,.T.);
#6776=LINE('',#113,#6779);
#6777=LINE('',#115,#6780);
#6778=LINE('',#285,#6781);
#6779=VECTOR('',#6782,1.0);
#6780=VECTOR('',#6783,1.0);
#6781=VECTOR('',#6784,1.0);
#6782=DIRECTION('',(-0.8326374333005123,-0.5538184762778638,0));
#6783=DIRECTION('',(0,0,-1));
#6784=DIRECTION('',(0.02179253199821116,0.014495032751103755,0.9996574311106038));
#6785=STYLED_ITEM('',(#18),#6786);
#6786=FACE_SURFACE('',(#6791),#6787,.T.);
#6787=PLANE('',#6788);
#6788=AXIS2_PLACEMENT_3D('',#291,#6789,#6790);
#6789=DIRECTION('',(0.44262881635750645,-0.8967049296897798,0));
#6790=DIRECTION('',(0,0,1));
#6791=FACE_BOUND('',#6792,.T.);
#6792=EDGE_LOOP('',(#6793,#6794,#6795));
#6793=ORIENTED_EDGE('',*,*,#6796,.T.);
#6794=ORIENTED_EDGE('',*,*,#6797,.T.);
#6795=ORIENTED_EDGE('',*,*,#6798,.T.);
#6796=EDGE_CURVE('',#292,#194,#6799,.F.);
#6797=EDGE_CURVE('',#194,#114,#6800,.T.);
#6798=EDGE_CURVE('',#114,#292,#6801,.T.);
#6799=LINE('',#291,#6802);
#6800=LINE('',#193,#6803);
#6801=LINE('',#113,#6804);
#6802=VECTOR('',#6805,1.0);
#6803=VECTOR('',#6806,1.0);
#6804=VECTOR('',#6807,1.0);
#6805=DIRECTION('',(0,0,1));
#6806=DIRECTION('',(-0.8967049296897799,-0.44262881635750645,0));
#6807=DIRECTION('',(0.023491934137048906,0.011596018552756006,-0.99965677178931));
#6808=STYLED_ITEM('',(#18),#6809);
#6809=FACE_SURFACE('',(#6814),#6810,.T.);
#6810=PLANE('',#6811);
#6811=AXIS2_PLACEMENT_3D('',#427,#6812,#6813);
#6812=DIRECTION('',(0,0,-1));
#6813=DIRECTION('',(0.9962815643743773,0.08615709191786598,0));
#6814=FACE_BOUND('',#6815,.T.);
#6815=EDGE_LOOP('',(#6816,#6817,#6818));
#6816=ORIENTED_EDGE('',*,*,#6819,.T.);
#6817=ORIENTED_EDGE('',*,*,#6820,.T.);
#6818=ORIENTED_EDGE('',*,*,#6821,.T.);
#6819=EDGE_CURVE('',#428,#284,#6822,.F.);
#6820=EDGE_CURVE('',#284,#416,#6823,.T.);
#6821=EDGE_CURVE('',#416,#428,#6824,.T.);
#6822=LINE('',#427,#6825);
#6823=LINE('',#283,#6826);
#6824=LINE('',#415,#6827);
#6825=VECTOR('',#6828,1.0);
#6826=VECTOR('',#6829,1.0);
#6827=VECTOR('',#6830,1.0);
#6828=DIRECTION('',(0.9962815643743773,0.08615709191786598,0));
#6829=DIRECTION('',(-0.9957164566667508,-0.09245938526191257,0));
#6830=DIRECTION('',(-0.9808731636385993,0.19464798188937268,0));
#6831=STYLED_ITEM('',(#18),#6832);
#6832=FACE_SURFACE('',(#6837),#6833,.T.);
#6833=PLANE('',#6834);
#6834=AXIS2_PLACEMENT_3D('',#345,#6835,#6836);
#6835=DIRECTION('',(-0.9471445756278127,-0.3208070336803899,0));
#6836=DIRECTION('',(0,0,1));
#6837=FACE_BOUND('',#6838,.T.);
#6838=EDGE_LOOP('',(#6839,#6840,#6841));
#6839=ORIENTED_EDGE('',*,*,#6842,.T.);
#6840=ORIENTED_EDGE('',*,*,#6843,.T.);
#6841=ORIENTED_EDGE('',*,*,#6844,.T.);
#6842=EDGE_CURVE('',#346,#188,#6845,.F.);
#6843=EDGE_CURVE('',#188,#190,#6846,.T.);
#6844=EDGE_CURVE('',#190,#346,#6847,.T.);
#6845=LINE('',#345,#6848);
#6846=LINE('',#187,#6849);
#6847=LINE('',#189,#6850);
#6848=VECTOR('',#6851,1.0);
#6849=VECTOR('',#6852,1.0);
#6850=VECTOR('',#6853,1.0);
#6851=DIRECTION('',(0,0,1));
#6852=DIRECTION('',(-0.3208070336803899,0.9471445756278127,0));
#6853=DIRECTION('',(0.0083971219598038,-0.024791502928944418,-0.9996573761671128));
#6854=STYLED_ITEM('',(#18),#6855);
#6855=FACE_SURFACE('',(#6860),#6856,.T.);
#6856=PLANE('',#6857);
#6857=AXIS2_PLACEMENT_3D('',#291,#6858,#6859);
#6858=DIRECTION('',(0.32080703368039065,-0.9471445756278123,0));
#6859=DIRECTION('',(0.02479150292894415,0.008397121959803732,0.9996573761671128));
#6860=FACE_BOUND('',#6861,.T.);
#6861=EDGE_LOOP('',(#6862,#6863,#6864));
#6862=ORIENTED_EDGE('',*,*,#6865,.T.);
#6863=ORIENTED_EDGE('',*,*,#6866,.T.);
#6864=ORIENTED_EDGE('',*,*,#6867,.T.);
#6865=EDGE_CURVE('',#292,#212,#6868,.F.);
#6866=EDGE_CURVE('',#212,#194,#6869,.T.);
#6867=EDGE_CURVE('',#194,#292,#6870,.T.);
#6868=LINE('',#291,#6871);
#6869=LINE('',#211,#6872);
#6870=LINE('',#193,#6873);
#6871=VECTOR('',#6874,1.0);
#6872=VECTOR('',#6875,1.0);
#6873=VECTOR('',#6876,1.0);
#6874=DIRECTION('',(0.02479150292894415,0.008397121959803732,0.9996573761671128));
#6875=DIRECTION('',(-0.9471445756278124,-0.32080703368039065,0));
#6876=DIRECTION('',(0,0,-1));
#6877=STYLED_ITEM('',(#18),#6878);
#6878=FACE_SURFACE('',(#6883),#6879,.T.);
#6879=PLANE('',#6880);
#6880=AXIS2_PLACEMENT_3D('',#69,#6881,#6882);
#6881=DIRECTION('',(-0.9808731636385993,-0.1946479818893727,-0));
#6882=DIRECTION('',(-0.005098250325811994,0.02569118301438582,-0.9996569266297997));
#6883=FACE_BOUND('',#6884,.T.);
#6884=EDGE_LOOP('',(#6885,#6886,#6887));
#6885=ORIENTED_EDGE('',*,*,#6888,.T.);
#6886=ORIENTED_EDGE('',*,*,#6889,.T.);
#6887=ORIENTED_EDGE('',*,*,#6890,.T.);
#6888=EDGE_CURVE('',#70,#346,#6891,.F.);
#6889=EDGE_CURVE('',#346,#278,#6892,.T.);
#6890=EDGE_CURVE('',#278,#70,#6893,.T.);
#6891=LINE('',#69,#6894);
#6892=LINE('',#345,#6895);
#6893=LINE('',#277,#6896);
#6894=VECTOR('',#6897,1.0);
#6895=VECTOR('',#6898,1.0);
#6896=VECTOR('',#6899,1.0);
#6897=DIRECTION('',(-0.005098250325811994,0.02569118301438582,-0.9996569266297997));
#6898=DIRECTION('',(0.19464798188937268,-0.9808731636385993,0));
#6899=DIRECTION('',(0,0,1));
#6900=STYLED_ITEM('',(#18),#6901);
#6901=FACE_SURFACE('',(#6906),#6902,.T.);
#6902=PLANE('',#6903);
#6903=AXIS2_PLACEMENT_3D('',#417,#6904,#6905);
#6904=DIRECTION('',(0,0,-1));
#6905=DIRECTION('',(0.9947994019023608,0.10185357124178374,0));
#6906=FACE_BOUND('',#6907,.T.);
#6907=EDGE_LOOP('',(#6908,#6909,#6910));
#6908=ORIENTED_EDGE('',*,*,#6911,.T.);
#6909=ORIENTED_EDGE('',*,*,#6912,.T.);
#6910=ORIENTED_EDGE('',*,*,#6913,.T.);
#6911=EDGE_CURVE('',#418,#284,#6914,.F.);
#6912=EDGE_CURVE('',#284,#420,#6915,.T.);
#6913=EDGE_CURVE('',#420,#418,#6916,.T.);
#6914=LINE('',#417,#6917);
#6915=LINE('',#283,#6918);
#6916=LINE('',#419,#6919);
#6917=VECTOR('',#6920,1.0);
#6918=VECTOR('',#6921,1.0);
#6919=VECTOR('',#6922,1.0);
#6920=DIRECTION('',(0.9947994019023608,0.10185357124178374,0));
#6921=DIRECTION('',(-0.993438575399456,-0.11436693975226983,0));
#6922=DIRECTION('',(-0.8967049296897791,0.4426288163575078,0));
#6923=STYLED_ITEM('',(#18),#6924);
#6924=FACE_SURFACE('',(#6929),#6925,.T.);
#6925=PLANE('',#6926);
#6926=AXIS2_PLACEMENT_3D('',#227,#6927,#6928);
#6927=DIRECTION('',(-0.8967049296897794,-0.44262881635750706,0));
#6928=DIRECTION('',(0.011596018552755962,-0.02349193413704877,-0.99965677178931));
#6929=FACE_BOUND('',#6930,.T.);
#6930=EDGE_LOOP('',(#6931,#6932,#6933));
#6931=ORIENTED_EDGE('',*,*,#6934,.T.);
#6932=ORIENTED_EDGE('',*,*,#6935,.T.);
#6933=ORIENTED_EDGE('',*,*,#6936,.T.);
#6934=EDGE_CURVE('',#228,#320,#6937,.F.);
#6935=EDGE_CURVE('',#320,#200,#6938,.T.);
#6936=EDGE_CURVE('',#200,#228,#6939,.T.);
#6937=LINE('',#227,#6940);
#6938=LINE('',#319,#6941);
#6939=LINE('',#199,#6942);
#6940=VECTOR('',#6943,1.0);
#6941=VECTOR('',#6944,1.0);
#6942=VECTOR('',#6945,1.0);
#6943=DIRECTION('',(0.011596018552755962,-0.02349193413704877,-0.99965677178931));
#6944=DIRECTION('',(0,0,1));
#6945=DIRECTION('',(-0.4426288163575071,0.8967049296897794,0));
#6946=STYLED_ITEM('',(#18),#6947);
#6947=FACE_SURFACE('',(#6952),#6948,.T.);
#6948=PLANE('',#6949);
#6949=AXIS2_PLACEMENT_3D('',#419,#6950,#6951);
#6950=DIRECTION('',(0,0,-1));
#6951=DIRECTION('',(0.993438575399456,0.11436693975226983,0));
#6952=FACE_BOUND('',#6953,.T.);
#6953=EDGE_LOOP('',(#6954,#6955,#6956));
#6954=ORIENTED_EDGE('',*,*,#6957,.T.);
#6955=ORIENTED_EDGE('',*,*,#6958,.T.);
#6956=ORIENTED_EDGE('',*,*,#6959,.T.);
#6957=EDGE_CURVE('',#420,#284,#6960,.F.);
#6958=EDGE_CURVE('',#284,#430,#6961,.T.);
#6959=EDGE_CURVE('',#430,#420,#6962,.T.);
#6960=LINE('',#419,#6963);
#6961=LINE('',#283,#6964);
#6962=LINE('',#429,#6965);
#6963=VECTOR('',#6966,1.0);
#6964=VECTOR('',#6967,1.0);
#6965=VECTOR('',#6968,1.0);
#6966=DIRECTION('',(0.993438575399456,0.11436693975226983,0));
#6967=DIRECTION('',(-0.9915408045942409,-0.12979534978035753,0));
#6968=DIRECTION('',(-0.8326374333005123,0.5538184762778638,0));
#6969=STYLED_ITEM('',(#18),#6970);
#6970=FACE_SURFACE('',(#6975),#6971,.T.);
#6971=PLANE('',#6972);
#6972=AXIS2_PLACEMENT_3D('',#69,#6973,#6974);
#6973=DIRECTION('',(-0.9976303284229832,-0.06880209161537733,-0));
#6974=DIRECTION('',(0,0,-1));
#6975=FACE_BOUND('',#6976,.T.);
#6976=EDGE_LOOP('',(#6977,#6978,#6979));
#6977=ORIENTED_EDGE('',*,*,#6980,.T.);
#6978=ORIENTED_EDGE('',*,*,#6981,.T.);
#6979=ORIENTED_EDGE('',*,*,#6982,.T.);
#6980=EDGE_CURVE('',#70,#278,#6983,.F.);
#6981=EDGE_CURVE('',#278,#72,#6984,.T.);
#6982=EDGE_CURVE('',#72,#70,#6985,.T.);
#6983=LINE('',#69,#6986);
#6984=LINE('',#277,#6987);
#6985=LINE('',#71,#6988);
#6986=VECTOR('',#6989,1.0);
#6987=VECTOR('',#6990,1.0);
#6988=VECTOR('',#6991,1.0);
#6989=DIRECTION('',(0,0,-1));
#6990=DIRECTION('',(0.0017993843110381909,-0.02609107251005408,0.9996579505767841));
#6991=DIRECTION('',(-0.06880209161537733,0.9976303284229832,0));
#6992=STYLED_ITEM('',(#18),#6993);
#6993=FACE_SURFACE('',(#6998),#6994,.T.);
#6994=PLANE('',#6995);
#6995=AXIS2_PLACEMENT_3D('',#317,#6996,#6997);
#6996=DIRECTION('',(-0.9471445756278136,-0.3208070336803868,0));
#6997=DIRECTION('',(0,0,1));
#6998=FACE_BOUND('',#6999,.T.);
#6999=EDGE_LOOP('',(#7000,#7001,#7002));
#7000=ORIENTED_EDGE('',*,*,#7003,.T.);
#7001=ORIENTED_EDGE('',*,*,#7004,.T.);
#7002=ORIENTED_EDGE('',*,*,#7005,.T.);
#7003=EDGE_CURVE('',#318,#198,#7006,.F.);
#7004=EDGE_CURVE('',#198,#320,#7007,.T.);
#7005=EDGE_CURVE('',#320,#318,#7008,.T.);
#7006=LINE('',#317,#7009);
#7007=LINE('',#197,#7010);
#7008=LINE('',#319,#7011);
#7009=VECTOR('',#7012,1.0);
#7010=VECTOR('',#7013,1.0);
#7011=VECTOR('',#7014,1.0);
#7012=DIRECTION('',(0,0,1));
#7013=DIRECTION('',(-0.008397121959803711,0.024791502928944418,-0.9996573761671128));
#7014=DIRECTION('',(0.3208070336803868,-0.9471445756278137,0));
#7015=STYLED_ITEM('',(#18),#7016);
#7016=FACE_SURFACE('',(#7021),#7017,.T.);
#7017=PLANE('',#7018);
#7018=AXIS2_PLACEMENT_3D('',#81,#7019,#7020);
#7019=DIRECTION('',(-0.9976303284229832,0.06880209161537733,0));
#7020=DIRECTION('',(0.06880209161537733,0.9976303284229832,0));
#7021=FACE_BOUND('',#7022,.T.);
#7022=EDGE_LOOP('',(#7023,#7024,#7025));
#7023=ORIENTED_EDGE('',*,*,#7026,.T.);
#7024=ORIENTED_EDGE('',*,*,#7027,.T.);
#7025=ORIENTED_EDGE('',*,*,#7028,.T.);
#7026=EDGE_CURVE('',#82,#72,#7029,.F.);
#7027=EDGE_CURVE('',#72,#174,#7030,.T.);
#7028=EDGE_CURVE('',#174,#82,#7031,.T.);
#7029=LINE('',#81,#7032);
#7030=LINE('',#71,#7033);
#7031=LINE('',#173,#7034);
#7032=VECTOR('',#7035,1.0);
#7033=VECTOR('',#7036,1.0);
#7034=VECTOR('',#7037,1.0);
#7035=DIRECTION('',(0.06880209161537733,0.9976303284229832,0));
#7036=DIRECTION('',(-0.0017993843110381909,-0.02609107251005408,-0.9996579505767841));
#7037=DIRECTION('',(0,0,1));
#7038=STYLED_ITEM('',(#18),#7039);
#7039=FACE_SURFACE('',(#7044),#7040,.T.);
#7040=PLANE('',#7041);
#7041=AXIS2_PLACEMENT_3D('',#317,#7042,#7043);
#7042=DIRECTION('',(-0.9808731636386007,-0.1946479818893662,0));
#7043=DIRECTION('',(0.19464798188936616,-0.9808731636386006,0));
#7044=FACE_BOUND('',#7045,.T.);
#7045=EDGE_LOOP('',(#7046,#7047,#7048));
#7046=ORIENTED_EDGE('',*,*,#7049,.T.);
#7047=ORIENTED_EDGE('',*,*,#7050,.T.);
#7048=ORIENTED_EDGE('',*,*,#7051,.T.);
#7049=EDGE_CURVE('',#318,#322,#7052,.F.);
#7050=EDGE_CURVE('',#322,#196,#7053,.T.);
#7051=EDGE_CURVE('',#196,#318,#7054,.T.);
#7052=LINE('',#317,#7055);
#7053=LINE('',#321,#7056);
#7054=LINE('',#195,#7057);
#7055=VECTOR('',#7058,1.0);
#7056=VECTOR('',#7059,1.0);
#7057=VECTOR('',#7060,1.0);
#7058=DIRECTION('',(0.19464798188936616,-0.9808731636386006,0));
#7059=DIRECTION('',(0,0,1));
#7060=DIRECTION('',(-0.005098250325811816,0.02569118301438582,-0.9996569266297997));
#7061=STYLED_ITEM('',(#18),#7062);
#7062=FACE_SURFACE('',(#7067),#7063,.T.);
#7063=PLANE('',#7064);
#7064=AXIS2_PLACEMENT_3D('',#201,#7065,#7066);
#7065=DIRECTION('',(-0.9976303284229829,-0.06880209161538071,-0));
#7066=DIRECTION('',(-0.06880209161538071,0.9976303284229832,0));
#7067=FACE_BOUND('',#7068,.T.);
#7068=EDGE_LOOP('',(#7069,#7070,#7071));
#7069=ORIENTED_EDGE('',*,*,#7072,.T.);
#7070=ORIENTED_EDGE('',*,*,#7073,.T.);
#7071=ORIENTED_EDGE('',*,*,#7074,.T.);
#7072=EDGE_CURVE('',#202,#196,#7075,.F.);
#7073=EDGE_CURVE('',#196,#360,#7076,.T.);
#7074=EDGE_CURVE('',#360,#202,#7077,.T.);
#7075=LINE('',#201,#7078);
#7076=LINE('',#195,#7079);
#7077=LINE('',#359,#7080);
#7078=VECTOR('',#7081,1.0);
#7079=VECTOR('',#7082,1.0);
#7080=VECTOR('',#7083,1.0);
#7081=DIRECTION('',(-0.06880209161538071,0.9976303284229832,0));
#7082=DIRECTION('',(0.0017993843110382796,-0.02609107251005408,-0.9996579505767841));
#7083=DIRECTION('',(0,0,1));
#7084=STYLED_ITEM('',(#18),#7085);
#7085=FACE_SURFACE('',(#7090),#7086,.T.);
#7086=PLANE('',#7087);
#7087=AXIS2_PLACEMENT_3D('',#321,#7088,#7089);
#7088=DIRECTION('',(-0.9976303284229829,-0.06880209161538071,0));
#7089=DIRECTION('',(0.06880209161538071,-0.9976303284229832,0));
#7090=FACE_BOUND('',#7091,.T.);
#7091=EDGE_LOOP('',(#7092,#7093,#7094));
#7092=ORIENTED_EDGE('',*,*,#7095,.T.);
#7093=ORIENTED_EDGE('',*,*,#7096,.T.);
#7094=ORIENTED_EDGE('',*,*,#7097,.T.);
#7095=EDGE_CURVE('',#322,#360,#7098,.F.);
#7096=EDGE_CURVE('',#360,#196,#7099,.T.);
#7097=EDGE_CURVE('',#196,#322,#7100,.T.);
#7098=LINE('',#321,#7101);
#7099=LINE('',#359,#7102);
#7100=LINE('',#195,#7103);
#7101=VECTOR('',#7104,1.0);
#7102=VECTOR('',#7105,1.0);
#7103=VECTOR('',#7106,1.0);
#7104=DIRECTION('',(0.06880209161538071,-0.9976303284229832,0));
#7105=DIRECTION('',(-0.0017993843110382796,0.02609107251005408,0.9996579505767841));
#7106=DIRECTION('',(0,0,-1));
#7107=STYLED_ITEM('',(#18),#7108);
#7108=FACE_SURFACE('',(#7113),#7109,.T.);
#7109=PLANE('',#7110);
#7110=AXIS2_PLACEMENT_3D('',#81,#7111,#7112);
#7111=DIRECTION('',(-0.9808731636385993,0.1946479818893727,0));
#7112=DIRECTION('',(0,0,-1));
#7113=FACE_BOUND('',#7114,.T.);
#7114=EDGE_LOOP('',(#7115,#7116,#7117));
#7115=ORIENTED_EDGE('',*,*,#7118,.T.);
#7116=ORIENTED_EDGE('',*,*,#7119,.T.);
#7117=ORIENTED_EDGE('',*,*,#7120,.T.);
#7118=EDGE_CURVE('',#82,#174,#7121,.F.);
#7119=EDGE_CURVE('',#174,#80,#7122,.T.);
#7120=EDGE_CURVE('',#80,#82,#7123,.T.);
#7121=LINE('',#81,#7124);
#7122=LINE('',#173,#7125);
#7123=LINE('',#79,#7126);
#7124=VECTOR('',#7127,1.0);
#7125=VECTOR('',#7128,1.0);
#7126=VECTOR('',#7129,1.0);
#7127=DIRECTION('',(0,0,-1));
#7128=DIRECTION('',(-0.005098250325811994,-0.02569118301438582,0.9996569266297997));
#7129=DIRECTION('',(0.19464798188937268,0.9808731636385993,0));
#7130=STYLED_ITEM('',(#18),#7131);
#7131=FACE_SURFACE('',(#7136),#7132,.T.);
#7132=PLANE('',#7133);
#7133=AXIS2_PLACEMENT_3D('',#359,#7134,#7135);
#7134=DIRECTION('',(-0.9976303284229829,0.06880209161538071,0));
#7135=DIRECTION('',(-0.0017993843110382796,-0.02609107251005408,0.9996579505767841));
#7136=FACE_BOUND('',#7137,.T.);
#7137=EDGE_LOOP('',(#7138,#7139,#7140));
#7138=ORIENTED_EDGE('',*,*,#7141,.T.);
#7139=ORIENTED_EDGE('',*,*,#7142,.T.);
#7140=ORIENTED_EDGE('',*,*,#7143,.T.);
#7141=EDGE_CURVE('',#360,#232,#7144,.F.);
#7142=EDGE_CURVE('',#232,#202,#7145,.T.);
#7143=EDGE_CURVE('',#202,#360,#7146,.T.);
#7144=LINE('',#359,#7147);
#7145=LINE('',#231,#7148);
#7146=LINE('',#201,#7149);
#7147=VECTOR('',#7150,1.0);
#7148=VECTOR('',#7151,1.0);
#7149=VECTOR('',#7152,1.0);
#7150=DIRECTION('',(-0.0017993843110382796,-0.02609107251005408,0.9996579505767841));
#7151=DIRECTION('',(0.06880209161538071,0.9976303284229832,0));
#7152=DIRECTION('',(0,0,-1));
#7153=STYLED_ITEM('',(#18),#7154);
#7154=FACE_SURFACE('',(#7159),#7155,.T.);
#7155=PLANE('',#7156);
#7156=AXIS2_PLACEMENT_3D('',#231,#7157,#7158);
#7157=DIRECTION('',(-0.9808731636386007,0.1946479818893662,0));
#7158=DIRECTION('',(0,0,-1));
#7159=FACE_BOUND('',#7160,.T.);
#7160=EDGE_LOOP('',(#7161,#7162,#7163));
#7161=ORIENTED_EDGE('',*,*,#7164,.T.);
#7162=ORIENTED_EDGE('',*,*,#7165,.T.);
#7163=ORIENTED_EDGE('',*,*,#7166,.T.);
#7164=EDGE_CURVE('',#232,#358,#7167,.F.);
#7165=EDGE_CURVE('',#358,#208,#7168,.T.);
#7166=EDGE_CURVE('',#208,#232,#7169,.T.);
#7167=LINE('',#231,#7170);
#7168=LINE('',#357,#7171);
#7169=LINE('',#207,#7172);
#7170=VECTOR('',#7173,1.0);
#7171=VECTOR('',#7174,1.0);
#7172=VECTOR('',#7175,1.0);
#7173=DIRECTION('',(0,0,-1));
#7174=DIRECTION('',(-0.005098250325811816,-0.02569118301438582,0.9996569266297997));
#7175=DIRECTION('',(0.19464798188936616,0.9808731636386006,0));
#7176=STYLED_ITEM('',(#18),#7177);
#7177=FACE_SURFACE('',(#7182),#7178,.T.);
#7178=PLANE('',#7179);
#7179=AXIS2_PLACEMENT_3D('',#261,#7180,#7181);
#7180=DIRECTION('',(0.8967049296897791,0.4426288163575078,0));
#7181=DIRECTION('',(0.4426288163575078,-0.8967049296897791,0));
#7182=FACE_BOUND('',#7183,.T.);
#7183=EDGE_LOOP('',(#7184,#7185,#7186));
#7184=ORIENTED_EDGE('',*,*,#7187,.T.);
#7185=ORIENTED_EDGE('',*,*,#7188,.T.);
#7186=ORIENTED_EDGE('',*,*,#7189,.T.);
#7187=EDGE_CURVE('',#262,#258,#7190,.F.);
#7188=EDGE_CURVE('',#258,#254,#7191,.T.);
#7189=EDGE_CURVE('',#254,#262,#7192,.T.);
#7190=LINE('',#261,#7193);
#7191=LINE('',#257,#7194);
#7192=LINE('',#253,#7195);
#7193=VECTOR('',#7196,1.0);
#7194=VECTOR('',#7197,1.0);
#7195=VECTOR('',#7198,1.0);
#7196=DIRECTION('',(0.4426288163575078,-0.8967049296897791,0));
#7197=DIRECTION('',(-0.011596018552756006,0.023491934137048816,-0.99965677178931));
#7198=DIRECTION('',(0,0,1));
#7199=STYLED_ITEM('',(#18),#7200);
#7200=FACE_SURFACE('',(#7205),#7201,.T.);
#7201=PLANE('',#7202);
#7202=AXIS2_PLACEMENT_3D('',#165,#7203,#7204);
#7203=DIRECTION('',(-0.8967049296897798,0.4426288163575064,0));
#7204=DIRECTION('',(0,0,1));
#7205=FACE_BOUND('',#7206,.T.);
#7206=EDGE_LOOP('',(#7207,#7208,#7209));
#7207=ORIENTED_EDGE('',*,*,#7210,.T.);
#7208=ORIENTED_EDGE('',*,*,#7211,.T.);
#7209=ORIENTED_EDGE('',*,*,#7212,.T.);
#7210=EDGE_CURVE('',#166,#90,#7213,.F.);
#7211=EDGE_CURVE('',#90,#100,#7214,.T.);
#7212=EDGE_CURVE('',#100,#166,#7215,.T.);
#7213=LINE('',#165,#7216);
#7214=LINE('',#89,#7217);
#7215=LINE('',#99,#7218);
#7216=VECTOR('',#7219,1.0);
#7217=VECTOR('',#7220,1.0);
#7218=VECTOR('',#7221,1.0);
#7219=DIRECTION('',(0,0,1));
#7220=DIRECTION('',(0.44262881635750634,0.8967049296897797,0));
#7221=DIRECTION('',(-0.011596018552755962,-0.023491934137048816,-0.99965677178931));
#7222=STYLED_ITEM('',(#18),#7223);
#7223=FACE_SURFACE('',(#7228),#7224,.T.);
#7224=PLANE('',#7225);
#7225=AXIS2_PLACEMENT_3D('',#323,#7226,#7227);
#7226=DIRECTION('',(-0.9471445756278136,0.3208070336803868,0));
#7227=DIRECTION('',(-0.3208070336803868,-0.9471445756278137,0));
#7228=FACE_BOUND('',#7229,.T.);
#7229=EDGE_LOOP('',(#7230,#7231,#7232));
#7230=ORIENTED_EDGE('',*,*,#7233,.T.);
#7231=ORIENTED_EDGE('',*,*,#7234,.T.);
#7232=ORIENTED_EDGE('',*,*,#7235,.T.);
#7233=EDGE_CURVE('',#324,#326,#7236,.F.);
#7234=EDGE_CURVE('',#326,#208,#7237,.T.);
#7235=EDGE_CURVE('',#208,#324,#7238,.T.);
#7236=LINE('',#323,#7239);
#7237=LINE('',#325,#7240);
#7238=LINE('',#207,#7241);
#7239=VECTOR('',#7242,1.0);
#7240=VECTOR('',#7243,1.0);
#7241=VECTOR('',#7244,1.0);
#7242=DIRECTION('',(-0.3208070336803868,-0.9471445756278137,0));
#7243=DIRECTION('',(0.008397121959803711,0.024791502928944418,0.9996573761671128));
#7244=DIRECTION('',(0,0,-1));
#7245=STYLED_ITEM('',(#18),#7246);
#7246=FACE_SURFACE('',(#7251),#7247,.T.);
#7247=PLANE('',#7248);
#7248=AXIS2_PLACEMENT_3D('',#261,#7249,#7250);
#7249=DIRECTION('',(0.9471445756278133,0.32080703368038754,0));
#7250=DIRECTION('',(0,0,-1));
#7251=FACE_BOUND('',#7252,.T.);
#7252=EDGE_LOOP('',(#7253,#7254,#7255));
#7253=ORIENTED_EDGE('',*,*,#7256,.T.);
#7254=ORIENTED_EDGE('',*,*,#7257,.T.);
#7255=ORIENTED_EDGE('',*,*,#7258,.T.);
#7256=EDGE_CURVE('',#262,#254,#7259,.F.);
#7257=EDGE_CURVE('',#254,#256,#7260,.T.);
#7258=EDGE_CURVE('',#256,#262,#7261,.T.);
#7259=LINE('',#261,#7262);
#7260=LINE('',#253,#7263);
#7261=LINE('',#255,#7264);
#7262=VECTOR('',#7265,1.0);
#7263=VECTOR('',#7266,1.0);
#7264=VECTOR('',#7267,1.0);
#7265=DIRECTION('',(0,0,-1));
#7266=DIRECTION('',(-0.3208070336803876,0.9471445756278135,0));
#7267=DIRECTION('',(0.008397121959803732,-0.024791502928944418,0.9996573761671128));
#7268=STYLED_ITEM('',(#18),#7269);
#7269=FACE_SURFACE('',(#7274),#7270,.T.);
#7270=PLANE('',#7271);
#7271=AXIS2_PLACEMENT_3D('',#287,#7272,#7273);
#7272=DIRECTION('',(-0.8326374333005131,0.5538184762778626,0));
#7273=DIRECTION('',(0,0,1));
#7274=FACE_BOUND('',#7275,.T.);
#7275=EDGE_LOOP('',(#7276,#7277,#7278));
#7276=ORIENTED_EDGE('',*,*,#7279,.T.);
#7277=ORIENTED_EDGE('',*,*,#7280,.T.);
#7278=ORIENTED_EDGE('',*,*,#7281,.T.);
#7279=EDGE_CURVE('',#288,#88,#7282,.F.);
#7280=EDGE_CURVE('',#88,#166,#7283,.T.);
#7281=EDGE_CURVE('',#166,#288,#7284,.T.);
#7282=LINE('',#287,#7285);
#7283=LINE('',#87,#7286);
#7284=LINE('',#165,#7287);
#7285=VECTOR('',#7288,1.0);
#7286=VECTOR('',#7289,1.0);
#7287=VECTOR('',#7290,1.0);
#7288=DIRECTION('',(0,0,1));
#7289=DIRECTION('',(0.014495032751103712,0.02179253199821116,-0.9996574311106038));
#7290=DIRECTION('',(-0.5538184762778627,-0.8326374333005132,0));
#7291=STYLED_ITEM('',(#18),#7292);
#7292=FACE_SURFACE('',(#7297),#7293,.T.);
#7293=PLANE('',#7294);
#7294=AXIS2_PLACEMENT_3D('',#127,#7295,#7296);
#7295=DIRECTION('',(0.997885500156359,0.0649963735734023,0));
#7296=DIRECTION('',(0.0016994188131754268,-0.026091077072869947,-0.9996581253973156));
#7297=FACE_BOUND('',#7298,.T.);
#7298=EDGE_LOOP('',(#7299,#7300,#7301));
#7299=ORIENTED_EDGE('',*,*,#7302,.T.);
#7300=ORIENTED_EDGE('',*,*,#7303,.T.);
#7301=ORIENTED_EDGE('',*,*,#7304,.T.);
#7302=EDGE_CURVE('',#128,#394,#7305,.F.);
#7303=EDGE_CURVE('',#394,#408,#7306,.T.);
#7304=EDGE_CURVE('',#408,#128,#7307,.T.);
#7305=LINE('',#127,#7308);
#7306=LINE('',#393,#7309);
#7307=LINE('',#407,#7310);
#7308=VECTOR('',#7311,1.0);
#7309=VECTOR('',#7312,1.0);
#7310=VECTOR('',#7313,1.0);
#7311=DIRECTION('',(0.0016994188131754268,-0.026091077072869947,-0.9996581253973156));
#7312=DIRECTION('',(-0.0649963735734023,0.997885500156359,0));
#7313=DIRECTION('',(0,0,1));
#7314=STYLED_ITEM('',(#18),#7315);
#7315=FACE_SURFACE('',(#7320),#7316,.T.);
#7316=PLANE('',#7317);
#7317=AXIS2_PLACEMENT_3D('',#123,#7318,#7319);
#7318=DIRECTION('',(0.06880209161537733,0.9976303284229832,0));
#7319=DIRECTION('',(0.9976303284229832,-0.06880209161537733,0));
#7320=FACE_BOUND('',#7321,.T.);
#7321=EDGE_LOOP('',(#7322,#7323,#7324));
#7322=ORIENTED_EDGE('',*,*,#7325,.T.);
#7323=ORIENTED_EDGE('',*,*,#7326,.T.);
#7324=ORIENTED_EDGE('',*,*,#7327,.T.);
#7325=EDGE_CURVE('',#124,#126,#7328,.F.);
#7326=EDGE_CURVE('',#126,#368,#7329,.T.);
#7327=EDGE_CURVE('',#368,#124,#7330,.T.);
#7328=LINE('',#123,#7331);
#7329=LINE('',#125,#7332);
#7330=LINE('',#367,#7333);
#7331=VECTOR('',#7334,1.0);
#7332=VECTOR('',#7335,1.0);
#7333=VECTOR('',#7336,1.0);
#7334=DIRECTION('',(0.9976303284229832,-0.06880209161537733,0));
#7335=DIRECTION('',(-0.02609107251005408,0.0017993843110381909,-0.9996579505767841));
#7336=DIRECTION('',(0,0,1));
#7337=STYLED_ITEM('',(#18),#7338);
#7338=FACE_SURFACE('',(#7343),#7339,.T.);
#7339=PLANE('',#7340);
#7340=AXIS2_PLACEMENT_3D('',#407,#7341,#7342);
#7341=DIRECTION('',(0.997885500156359,-0.0649963735734023,0));
#7342=DIRECTION('',(0.0649963735734023,0.997885500156359,0));
#7343=FACE_BOUND('',#7344,.T.);
#7344=EDGE_LOOP('',(#7345,#7346,#7347));
#7345=ORIENTED_EDGE('',*,*,#7348,.T.);
#7346=ORIENTED_EDGE('',*,*,#7349,.T.);
#7347=ORIENTED_EDGE('',*,*,#7350,.T.);
#7348=EDGE_CURVE('',#408,#398,#7351,.F.);
#7349=EDGE_CURVE('',#398,#128,#7352,.T.);
#7350=EDGE_CURVE('',#128,#408,#7353,.T.);
#7351=LINE('',#407,#7354);
#7352=LINE('',#397,#7355);
#7353=LINE('',#127,#7356);
#7354=VECTOR('',#7357,1.0);
#7355=VECTOR('',#7358,1.0);
#7356=VECTOR('',#7359,1.0);
#7357=DIRECTION('',(0.0649963735734023,0.997885500156359,0));
#7358=DIRECTION('',(-0.0016994188131754268,-0.026091077072869947,0.9996581253973156));
#7359=DIRECTION('',(0,0,-1));
#7360=STYLED_ITEM('',(#18),#7361);
#7361=FACE_SURFACE('',(#7366),#7362,.T.);
#7362=PLANE('',#7363);
#7363=AXIS2_PLACEMENT_3D('',#129,#7364,#7365);
#7364=DIRECTION('',(0.997885500156359,-0.0649963735734023,0));
#7365=DIRECTION('',(-0.0649963735734023,-0.997885500156359,0));
#7366=FACE_BOUND('',#7367,.T.);
#7367=EDGE_LOOP('',(#7368,#7369,#7370));
#7368=ORIENTED_EDGE('',*,*,#7371,.T.);
#7369=ORIENTED_EDGE('',*,*,#7372,.T.);
#7370=ORIENTED_EDGE('',*,*,#7373,.T.);
#7371=EDGE_CURVE('',#130,#128,#7374,.F.);
#7372=EDGE_CURVE('',#128,#398,#7375,.T.);
#7373=EDGE_CURVE('',#398,#130,#7376,.T.);
#7374=LINE('',#129,#7377);
#7375=LINE('',#127,#7378);
#7376=LINE('',#397,#7379);
#7377=VECTOR('',#7380,1.0);
#7378=VECTOR('',#7381,1.0);
#7379=VECTOR('',#7382,1.0);
#7380=DIRECTION('',(-0.0649963735734023,-0.997885500156359,0));
#7381=DIRECTION('',(0.0016994188131754268,0.026091077072869947,-0.9996581253973156));
#7382=DIRECTION('',(0,0,1));
#7383=STYLED_ITEM('',(#18),#7384);
#7384=FACE_SURFACE('',(#7389),#7385,.T.);
#7385=PLANE('',#7386);
#7386=AXIS2_PLACEMENT_3D('',#123,#7387,#7388);
#7387=DIRECTION('',(0.1946479818893727,0.9808731636385993,0));
#7388=DIRECTION('',(0,0,-1));
#7389=FACE_BOUND('',#7390,.T.);
#7390=EDGE_LOOP('',(#7391,#7392,#7393));
#7391=ORIENTED_EDGE('',*,*,#7394,.T.);
#7392=ORIENTED_EDGE('',*,*,#7395,.T.);
#7393=ORIENTED_EDGE('',*,*,#7396,.T.);
#7394=EDGE_CURVE('',#124,#368,#7397,.F.);
#7395=EDGE_CURVE('',#368,#244,#7398,.T.);
#7396=EDGE_CURVE('',#244,#124,#7399,.T.);
#7397=LINE('',#123,#7400);
#7398=LINE('',#367,#7401);
#7399=LINE('',#243,#7402);
#7400=VECTOR('',#7403,1.0);
#7401=VECTOR('',#7404,1.0);
#7402=VECTOR('',#7405,1.0);
#7403=DIRECTION('',(0,0,-1));
#7404=DIRECTION('',(-0.02569118301438582,0.005098250325811994,0.9996569266297997));
#7405=DIRECTION('',(0.9808731636385993,-0.19464798188937268,0));
#7406=STYLED_ITEM('',(#18),#7407);
#7407=FACE_SURFACE('',(#7412),#7408,.T.);
#7408=PLANE('',#7409);
#7409=AXIS2_PLACEMENT_3D('',#399,#7410,#7411);
#7410=DIRECTION('',(0.9808731636385993,-0.1946479818893727,0));
#7411=DIRECTION('',(0,0,1));
#7412=FACE_BOUND('',#7413,.T.);
#7413=EDGE_LOOP('',(#7414,#7415,#7416));
#7414=ORIENTED_EDGE('',*,*,#7417,.T.);
#7415=ORIENTED_EDGE('',*,*,#7418,.T.);
#7416=ORIENTED_EDGE('',*,*,#7419,.T.);
#7417=EDGE_CURVE('',#400,#296,#7420,.F.);
#7418=EDGE_CURVE('',#296,#398,#7421,.T.);
#7419=EDGE_CURVE('',#398,#400,#7422,.T.);
#7420=LINE('',#399,#7423);
#7421=LINE('',#295,#7424);
#7422=LINE('',#397,#7425);
#7423=VECTOR('',#7426,1.0);
#7424=VECTOR('',#7427,1.0);
#7425=VECTOR('',#7428,1.0);
#7426=DIRECTION('',(0,0,1));
#7427=DIRECTION('',(-0.005098250325811994,-0.02569118301438582,-0.9996569266297997));
#7428=DIRECTION('',(0.19464798188937268,0.9808731636385993,0));
#7429=STYLED_ITEM('',(#18),#7430);
#7430=FACE_SURFACE('',(#7435),#7431,.T.);
#7431=PLANE('',#7432);
#7432=AXIS2_PLACEMENT_3D('',#297,#7433,#7434);
#7433=DIRECTION('',(0.9471445756278133,-0.32080703368038754,0));
#7434=DIRECTION('',(-0.3208070336803876,-0.9471445756278135,0));
#7435=FACE_BOUND('',#7436,.T.);
#7436=EDGE_LOOP('',(#7437,#7438,#7439));
#7437=ORIENTED_EDGE('',*,*,#7440,.T.);
#7438=ORIENTED_EDGE('',*,*,#7441,.T.);
#7439=ORIENTED_EDGE('',*,*,#7442,.T.);
#7440=EDGE_CURVE('',#298,#296,#7443,.F.);
#7441=EDGE_CURVE('',#296,#402,#7444,.T.);
#7442=EDGE_CURVE('',#402,#298,#7445,.T.);
#7443=LINE('',#297,#7446);
#7444=LINE('',#295,#7447);
#7445=LINE('',#401,#7448);
#7446=VECTOR('',#7449,1.0);
#7447=VECTOR('',#7450,1.0);
#7448=VECTOR('',#7451,1.0);
#7449=DIRECTION('',(-0.3208070336803876,-0.9471445756278135,0));
#7450=DIRECTION('',(0.008397121959803732,0.024791502928944418,-0.9996573761671128));
#7451=DIRECTION('',(0,0,1));
#7452=STYLED_ITEM('',(#18),#7453);
#7453=FACE_SURFACE('',(#7458),#7454,.T.);
#7454=PLANE('',#7455);
#7455=AXIS2_PLACEMENT_3D('',#333,#7456,#7457);
#7456=DIRECTION('',(0,0,-1));
#7457=DIRECTION('',(-0.7513940993995951,0.6598537015031978,0));
#7458=FACE_BOUND('',#7459,.T.);
#7459=EDGE_LOOP('',(#7460,#7461,#7462));
#7460=ORIENTED_EDGE('',*,*,#7463,.T.);
#7461=ORIENTED_EDGE('',*,*,#7464,.T.);
#7462=ORIENTED_EDGE('',*,*,#7465,.T.);
#7463=EDGE_CURVE('',#334,#430,#7466,.F.);
#7464=EDGE_CURVE('',#430,#284,#7467,.T.);
#7465=EDGE_CURVE('',#284,#334,#7468,.T.);
#7466=LINE('',#333,#7469);
#7467=LINE('',#429,#7470);
#7468=LINE('',#283,#7471);
#7469=VECTOR('',#7472,1.0);
#7470=VECTOR('',#7473,1.0);
#7471=VECTOR('',#7474,1.0);
#7472=DIRECTION('',(-0.7513940993995951,0.6598537015031978,0));
#7473=DIRECTION('',(0.9915408045942409,0.12979534978035753,0));
#7474=DIRECTION('',(-0.9889815510074522,-0.14803881844602199,0));
#7475=STYLED_ITEM('',(#18),#7476);
#7476=FACE_SURFACE('',(#7481),#7477,.T.);
#7477=PLANE('',#7478);
#7478=AXIS2_PLACEMENT_3D('',#243,#7479,#7480);
#7479=DIRECTION('',(0.3208070336803899,0.9471445756278127,0));
#7480=DIRECTION('',(-0.024791502928944418,0.0083971219598038,-0.9996573761671128));
#7481=FACE_BOUND('',#7482,.T.);
#7482=EDGE_LOOP('',(#7483,#7484,#7485));
#7483=ORIENTED_EDGE('',*,*,#7486,.T.);
#7484=ORIENTED_EDGE('',*,*,#7487,.T.);
#7485=ORIENTED_EDGE('',*,*,#7488,.T.);
#7486=EDGE_CURVE('',#244,#374,#7489,.F.);
#7487=EDGE_CURVE('',#374,#242,#7490,.T.);
#7488=EDGE_CURVE('',#242,#244,#7491,.T.);
#7489=LINE('',#243,#7492);
#7490=LINE('',#373,#7493);
#7491=LINE('',#241,#7494);
#7492=VECTOR('',#7495,1.0);
#7493=VECTOR('',#7496,1.0);
#7494=VECTOR('',#7497,1.0);
#7495=DIRECTION('',(-0.024791502928944418,0.0083971219598038,-0.9996573761671128));
#7496=DIRECTION('',(0,0,1));
#7497=DIRECTION('',(0.9471445756278127,-0.3208070336803899,0));
#7498=STYLED_ITEM('',(#18),#7499);
#7499=FACE_SURFACE('',(#7504),#7500,.T.);
#7500=PLANE('',#7501);
#7501=AXIS2_PLACEMENT_3D('',#431,#7502,#7503);
#7502=DIRECTION('',(0.8967049296897788,-0.44262881635750845,0));
#7503=DIRECTION('',(0,0,1));
#7504=FACE_BOUND('',#7505,.T.);
#7505=EDGE_LOOP('',(#7506,#7507,#7508));
#7506=ORIENTED_EDGE('',*,*,#7509,.T.);
#7507=ORIENTED_EDGE('',*,*,#7510,.T.);
#7508=ORIENTED_EDGE('',*,*,#7511,.T.);
#7509=EDGE_CURVE('',#432,#302,#7512,.F.);
#7510=EDGE_CURVE('',#302,#402,#7513,.T.);
#7511=EDGE_CURVE('',#402,#432,#7514,.T.);
#7512=LINE('',#431,#7515);
#7513=LINE('',#301,#7516);
#7514=LINE('',#401,#7517);
#7515=VECTOR('',#7518,1.0);
#7516=VECTOR('',#7519,1.0);
#7517=VECTOR('',#7520,1.0);
#7518=DIRECTION('',(0,0,1));
#7519=DIRECTION('',(-0.011596018552756006,-0.02349193413704877,-0.99965677178931));
#7520=DIRECTION('',(0.44262881635750845,0.8967049296897788,0));
#7521=STYLED_ITEM('',(#18),#7522);
#7522=FACE_SURFACE('',(#7527),#7523,.T.);
#7523=PLANE('',#7524);
#7524=AXIS2_PLACEMENT_3D('',#375,#7525,#7526);
#7525=DIRECTION('',(0.44262881635750706,0.8967049296897794,-0));
#7526=DIRECTION('',(0,0,1));
#7527=FACE_BOUND('',#7528,.T.);
#7528=EDGE_LOOP('',(#7529,#7530,#7531));
#7529=ORIENTED_EDGE('',*,*,#7532,.T.);
#7530=ORIENTED_EDGE('',*,*,#7533,.T.);
#7531=ORIENTED_EDGE('',*,*,#7534,.T.);
#7532=EDGE_CURVE('',#376,#246,#7535,.F.);
#7533=EDGE_CURVE('',#246,#374,#7536,.T.);
#7534=EDGE_CURVE('',#374,#376,#7537,.T.);
#7535=LINE('',#375,#7538);
#7536=LINE('',#245,#7539);
#7537=LINE('',#373,#7540);
#7538=VECTOR('',#7541,1.0);
#7539=VECTOR('',#7542,1.0);
#7540=VECTOR('',#7543,1.0);
#7541=DIRECTION('',(0,0,1));
#7542=DIRECTION('',(0.02349193413704877,-0.011596018552755962,-0.99965677178931));
#7543=DIRECTION('',(-0.8967049296897794,0.4426288163575071,0));
#7544=STYLED_ITEM('',(#18),#7545);
#7545=FACE_SURFACE('',(#7550),#7546,.T.);
#7546=PLANE('',#7547);
#7547=AXIS2_PLACEMENT_3D('',#241,#7548,#7549);
#7548=DIRECTION('',(0.44262881635750706,0.8967049296897794,0));
#7549=DIRECTION('',(0,0,-1));
#7550=FACE_BOUND('',#7551,.T.);
#7551=EDGE_LOOP('',(#7552,#7553,#7554));
#7552=ORIENTED_EDGE('',*,*,#7555,.T.);
#7553=ORIENTED_EDGE('',*,*,#7556,.T.);
#7554=ORIENTED_EDGE('',*,*,#7557,.T.);
#7555=EDGE_CURVE('',#242,#374,#7558,.F.);
#7556=EDGE_CURVE('',#374,#246,#7559,.T.);
#7557=EDGE_CURVE('',#246,#242,#7560,.T.);
#7558=LINE('',#241,#7561);
#7559=LINE('',#373,#7562);
#7560=LINE('',#245,#7563);
#7561=VECTOR('',#7564,1.0);
#7562=VECTOR('',#7565,1.0);
#7563=VECTOR('',#7566,1.0);
#7564=DIRECTION('',(0,0,-1));
#7565=DIRECTION('',(-0.02349193413704877,0.011596018552755962,0.99965677178931));
#7566=DIRECTION('',(0.8967049296897794,-0.4426288163575071,0));
#7567=STYLED_ITEM('',(#18),#7568);
#7568=FACE_SURFACE('',(#7573),#7569,.T.);
#7569=PLANE('',#7570);
#7570=AXIS2_PLACEMENT_3D('',#245,#7571,#7572);
#7571=DIRECTION('',(0.5538184762778623,0.8326374333005133,0));
#7572=DIRECTION('',(0,0,-1));
#7573=FACE_BOUND('',#7574,.T.);
#7574=EDGE_LOOP('',(#7575,#7576,#7577));
#7575=ORIENTED_EDGE('',*,*,#7578,.T.);
#7576=ORIENTED_EDGE('',*,*,#7579,.T.);
#7577=ORIENTED_EDGE('',*,*,#7580,.T.);
#7578=EDGE_CURVE('',#246,#376,#7581,.F.);
#7579=EDGE_CURVE('',#376,#248,#7582,.T.);
#7580=EDGE_CURVE('',#248,#246,#7583,.T.);
#7581=LINE('',#245,#7584);
#7582=LINE('',#375,#7585);
#7583=LINE('',#247,#7586);
#7584=VECTOR('',#7587,1.0);
#7585=VECTOR('',#7588,1.0);
#7586=VECTOR('',#7589,1.0);
#7587=DIRECTION('',(0,0,-1));
#7588=DIRECTION('',(-0.02179253199821118,0.014495032751103712,0.9996574311106038));
#7589=DIRECTION('',(0.8326374333005133,-0.5538184762778623,0));
#7590=STYLED_ITEM('',(#18),#7591);
#7591=FACE_SURFACE('',(#7596),#7592,.T.);
#7592=PLANE('',#7593);
#7593=AXIS2_PLACEMENT_3D('',#301,#7594,#7595);
#7594=DIRECTION('',(0.8326374333005125,-0.5538184762778634,0));
#7595=DIRECTION('',(0,0,-1));
#7596=FACE_BOUND('',#7597,.T.);
#7597=EDGE_LOOP('',(#7598,#7599,#7600));
#7598=ORIENTED_EDGE('',*,*,#7601,.T.);
#7599=ORIENTED_EDGE('',*,*,#7602,.T.);
#7600=ORIENTED_EDGE('',*,*,#7603,.T.);
#7601=EDGE_CURVE('',#302,#432,#7604,.F.);
#7602=EDGE_CURVE('',#432,#404,#7605,.T.);
#7603=EDGE_CURVE('',#404,#302,#7606,.T.);
#7604=LINE('',#301,#7607);
#7605=LINE('',#431,#7608);
#7606=LINE('',#403,#7609);
#7607=VECTOR('',#7610,1.0);
#7608=VECTOR('',#7611,1.0);
#7609=VECTOR('',#7612,1.0);
#7610=DIRECTION('',(0,0,-1));
#7611=DIRECTION('',(0.5538184762778635,0.8326374333005127,0));
#7612=DIRECTION('',(-0.014495032751103755,-0.02179253199821118,0.9996574311106038));
#7613=STYLED_ITEM('',(#18),#7614);
#7614=FACE_SURFACE('',(#7619),#7615,.T.);
#7615=PLANE('',#7616);
#7616=AXIS2_PLACEMENT_3D('',#335,#7617,#7618);
#7617=DIRECTION('',(0,0,-1));
#7618=DIRECTION('',(-0.6598537015031981,0.7513940993995948,0));
#7619=FACE_BOUND('',#7620,.T.);
#7620=EDGE_LOOP('',(#7621,#7622,#7623));
#7621=ORIENTED_EDGE('',*,*,#7624,.T.);
#7622=ORIENTED_EDGE('',*,*,#7625,.T.);
#7623=ORIENTED_EDGE('',*,*,#7626,.T.);
#7624=EDGE_CURVE('',#336,#334,#7627,.F.);
#7625=EDGE_CURVE('',#334,#284,#7628,.T.);
#7626=EDGE_CURVE('',#284,#336,#7629,.T.);
#7627=LINE('',#335,#7630);
#7628=LINE('',#333,#7631);
#7629=LINE('',#283,#7632);
#7630=VECTOR('',#7633,1.0);
#7631=VECTOR('',#7634,1.0);
#7632=VECTOR('',#7635,1.0);
#7633=DIRECTION('',(-0.6598537015031981,0.7513940993995948,0));
#7634=DIRECTION('',(0.9889815510074522,0.14803881844602199,0));
#7635=DIRECTION('',(-0.9856758228922172,-0.16865103665779987,0));
#7636=STYLED_ITEM('',(#18),#7637);
#7637=FACE_SURFACE('',(#7642),#7638,.T.);
#7638=PLANE('',#7639);
#7639=AXIS2_PLACEMENT_3D('',#303,#7640,#7641);
#7640=DIRECTION('',(0.7513940993995948,-0.6598537015031981,0));
#7641=DIRECTION('',(-0.017294057226532288,-0.01969323279553097,-0.999656487082791));
#7642=FACE_BOUND('',#7643,.T.);
#7643=EDGE_LOOP('',(#7644,#7645,#7646));
#7644=ORIENTED_EDGE('',*,*,#7647,.T.);
#7645=ORIENTED_EDGE('',*,*,#7648,.T.);
#7646=ORIENTED_EDGE('',*,*,#7649,.T.);
#7647=EDGE_CURVE('',#304,#404,#7650,.F.);
#7648=EDGE_CURVE('',#404,#406,#7651,.T.);
#7649=EDGE_CURVE('',#406,#304,#7652,.T.);
#7650=LINE('',#303,#7653);
#7651=LINE('',#403,#7654);
#7652=LINE('',#405,#7655);
#7653=VECTOR('',#7656,1.0);
#7654=VECTOR('',#7657,1.0);
#7655=VECTOR('',#7658,1.0);
#7656=DIRECTION('',(-0.017294057226532288,-0.01969323279553097,-0.999656487082791));
#7657=DIRECTION('',(0.6598537015031981,0.7513940993995948,0));
#7658=DIRECTION('',(0,0,1));
#7659=STYLED_ITEM('',(#18),#7660);
#7660=FACE_SURFACE('',(#7665),#7661,.T.);
#7661=PLANE('',#7662);
#7662=AXIS2_PLACEMENT_3D('',#345,#7663,#7664);
#7663=DIRECTION('',(0,0,-1));
#7664=DIRECTION('',(-0.3208070336803899,0.9471445756278127,0));
#7665=FACE_BOUND('',#7666,.T.);
#7666=EDGE_LOOP('',(#7667,#7668,#7669));
#7667=ORIENTED_EDGE('',*,*,#7670,.T.);
#7668=ORIENTED_EDGE('',*,*,#7671,.T.);
#7669=ORIENTED_EDGE('',*,*,#7672,.T.);
#7670=EDGE_CURVE('',#346,#434,#7673,.F.);
#7671=EDGE_CURVE('',#434,#284,#7674,.T.);
#7672=EDGE_CURVE('',#284,#346,#7675,.T.);
#7673=LINE('',#345,#7676);
#7674=LINE('',#433,#7677);
#7675=LINE('',#283,#7678);
#7676=VECTOR('',#7679,1.0);
#7677=VECTOR('',#7680,1.0);
#7678=VECTOR('',#7681,1.0);
#7679=DIRECTION('',(-0.3208070336803899,0.9471445756278127,0));
#7680=DIRECTION('',(0.9766153773006613,0.2149939646126998,0));
#7681=DIRECTION('',(-0.9709093762784997,-0.2394472448254408,0));
#7682=STYLED_ITEM('',(#18),#7683);
#7683=FACE_SURFACE('',(#7688),#7684,.T.);
#7684=PLANE('',#7685);
#7685=AXIS2_PLACEMENT_3D('',#277,#7686,#7687);
#7686=DIRECTION('',(0,0,-1));
#7687=DIRECTION('',(-0.19464798188937268,0.9808731636385993,0));
#7688=FACE_BOUND('',#7689,.T.);
#7689=EDGE_LOOP('',(#7690,#7691,#7692));
#7690=ORIENTED_EDGE('',*,*,#7693,.T.);
#7691=ORIENTED_EDGE('',*,*,#7694,.T.);
#7692=ORIENTED_EDGE('',*,*,#7695,.T.);
#7693=EDGE_CURVE('',#278,#346,#7696,.F.);
#7694=EDGE_CURVE('',#346,#284,#7697,.T.);
#7695=EDGE_CURVE('',#284,#278,#7698,.T.);
#7696=LINE('',#277,#7699);
#7697=LINE('',#345,#7700);
#7698=LINE('',#283,#7701);
#7699=VECTOR('',#7702,1.0);
#7700=VECTOR('',#7703,1.0);
#7701=VECTOR('',#7704,1.0);
#7702=DIRECTION('',(-0.19464798188937268,0.9808731636385993,0));
#7703=DIRECTION('',(0.9709093762784997,0.2394472448254408,0));
#7704=DIRECTION('',(-0.9645634700075602,-0.26385092822837386,0));
#7705=STYLED_ITEM('',(#18),#7706);
#7706=FACE_SURFACE('',(#7711),#7707,.T.);
#7707=PLANE('',#7708);
#7708=AXIS2_PLACEMENT_3D('',#409,#7709,#7710);
#7709=DIRECTION('',(0.6598537015031981,-0.7513940993995948,0));
#7710=DIRECTION('',(0,0,1));
#7711=FACE_BOUND('',#7712,.T.);
#7712=EDGE_LOOP('',(#7713,#7714,#7715));
#7713=ORIENTED_EDGE('',*,*,#7716,.T.);
#7714=ORIENTED_EDGE('',*,*,#7717,.T.);
#7715=ORIENTED_EDGE('',*,*,#7718,.T.);
#7716=EDGE_CURVE('',#410,#306,#7719,.F.);
#7717=EDGE_CURVE('',#306,#406,#7720,.T.);
#7718=EDGE_CURVE('',#406,#410,#7721,.T.);
#7719=LINE('',#409,#7722);
#7720=LINE('',#305,#7723);
#7721=LINE('',#405,#7724);
#7722=VECTOR('',#7725,1.0);
#7723=VECTOR('',#7726,1.0);
#7724=VECTOR('',#7727,1.0);
#7725=DIRECTION('',(0,0,1));
#7726=DIRECTION('',(-0.01969323279553097,-0.017294057226532288,-0.999656487082791));
#7727=DIRECTION('',(0.7513940993995948,0.6598537015031981,0));
#7728=STYLED_ITEM('',(#18),#7729);
#7729=FACE_SURFACE('',(#7734),#7730,.T.);
#7730=PLANE('',#7731);
#7731=AXIS2_PLACEMENT_3D('',#385,#7732,#7733);
#7732=DIRECTION('',(-0.4426288163575064,0.8967049296897798,0));
#7733=DIRECTION('',(-0.8967049296897797,-0.44262881635750634,0));
#7734=FACE_BOUND('',#7735,.T.);
#7735=EDGE_LOOP('',(#7736,#7737,#7738));
#7736=ORIENTED_EDGE('',*,*,#7739,.T.);
#7737=ORIENTED_EDGE('',*,*,#7740,.T.);
#7738=ORIENTED_EDGE('',*,*,#7741,.T.);
#7739=EDGE_CURVE('',#386,#388,#7742,.F.);
#7740=EDGE_CURVE('',#388,#266,#7743,.T.);
#7741=EDGE_CURVE('',#266,#386,#7744,.T.);
#7742=LINE('',#385,#7745);
#7743=LINE('',#387,#7746);
#7744=LINE('',#265,#7747);
#7745=VECTOR('',#7748,1.0);
#7746=VECTOR('',#7749,1.0);
#7747=VECTOR('',#7750,1.0);
#7748=DIRECTION('',(-0.8967049296897797,-0.44262881635750634,0));
#7749=DIRECTION('',(0.023491934137048816,0.011596018552755962,0.99965677178931));
#7750=DIRECTION('',(0,0,-1));
#7751=STYLED_ITEM('',(#18),#7752);
#7752=FACE_SURFACE('',(#7757),#7753,.T.);
#7753=PLANE('',#7754);
#7754=AXIS2_PLACEMENT_3D('',#433,#7755,#7756);
#7755=DIRECTION('',(0,0,-1));
#7756=DIRECTION('',(-0.4426288163575071,0.8967049296897794,0));
#7757=FACE_BOUND('',#7758,.T.);
#7758=EDGE_LOOP('',(#7759,#7760,#7761));
#7759=ORIENTED_EDGE('',*,*,#7762,.T.);
#7760=ORIENTED_EDGE('',*,*,#7763,.T.);
#7761=ORIENTED_EDGE('',*,*,#7764,.T.);
#7762=EDGE_CURVE('',#434,#436,#7765,.F.);
#7763=EDGE_CURVE('',#436,#284,#7766,.T.);
#7764=EDGE_CURVE('',#284,#434,#7767,.T.);
#7765=LINE('',#433,#7768);
#7766=LINE('',#435,#7769);
#7767=LINE('',#283,#7770);
#7768=VECTOR('',#7771,1.0);
#7769=VECTOR('',#7772,1.0);
#7770=VECTOR('',#7773,1.0);
#7771=DIRECTION('',(-0.4426288163575071,0.8967049296897794,0));
#7772=DIRECTION('',(0.9815576105967253,0.19116656893831394,0));
#7773=DIRECTION('',(-0.9766153773006613,-0.2149939646126998,0));
#7774=STYLED_ITEM('',(#18),#7775);
#7775=FACE_SURFACE('',(#7780),#7776,.T.);
#7776=PLANE('',#7777);
#7777=AXIS2_PLACEMENT_3D('',#435,#7778,#7779);
#7778=DIRECTION('',(0,0,-1));
#7779=DIRECTION('',(-0.5538184762778623,0.8326374333005133,0));
#7780=FACE_BOUND('',#7781,.T.);
#7781=EDGE_LOOP('',(#7782,#7783,#7784));
#7782=ORIENTED_EDGE('',*,*,#7785,.T.);
#7783=ORIENTED_EDGE('',*,*,#7786,.T.);
#7784=ORIENTED_EDGE('',*,*,#7787,.T.);
#7785=EDGE_CURVE('',#436,#336,#7788,.F.);
#7786=EDGE_CURVE('',#336,#284,#7789,.T.);
#7787=EDGE_CURVE('',#284,#436,#7790,.T.);
#7788=LINE('',#435,#7791);
#7789=LINE('',#335,#7792);
#7790=LINE('',#283,#7793);
#7791=VECTOR('',#7794,1.0);
#7792=VECTOR('',#7795,1.0);
#7793=VECTOR('',#7796,1.0);
#7794=DIRECTION('',(-0.5538184762778623,0.8326374333005133,0));
#7795=DIRECTION('',(0.9856758228922172,0.16865103665779987,0));
#7796=DIRECTION('',(-0.9815576105967253,-0.19116656893831394,0));
#7797=STYLED_ITEM('',(#18),#7798);
#7798=FACE_SURFACE('',(#7803),#7799,.T.);
#7799=PLANE('',#7800);
#7800=AXIS2_PLACEMENT_3D('',#415,#7801,#7802);
#7801=DIRECTION('',(0,0,-1));
#7802=DIRECTION('',(0.9957164566667508,0.09245938526191257,0));
#7803=FACE_BOUND('',#7804,.T.);
#7804=EDGE_LOOP('',(#7805,#7806,#7807));
#7805=ORIENTED_EDGE('',*,*,#7808,.T.);
#7806=ORIENTED_EDGE('',*,*,#7809,.T.);
#7807=ORIENTED_EDGE('',*,*,#7810,.T.);
#7808=EDGE_CURVE('',#416,#284,#7811,.F.);
#7809=EDGE_CURVE('',#284,#418,#7812,.T.);
#7810=EDGE_CURVE('',#418,#416,#7813,.T.);
#7811=LINE('',#415,#7814);
#7812=LINE('',#283,#7815);
#7813=LINE('',#417,#7816);
#7814=VECTOR('',#7817,1.0);
#7815=VECTOR('',#7818,1.0);
#7816=VECTOR('',#7819,1.0);
#7817=DIRECTION('',(0.9957164566667508,0.09245938526191257,0));
#7818=DIRECTION('',(-0.9947994019023608,-0.10185357124178374,0));
#7819=DIRECTION('',(-0.9471445756278135,0.3208070336803876,0));
#7820=STYLED_ITEM('',(#18),#7821);
#7821=FACE_SURFACE('',(#7826),#7822,.T.);
#7822=PLANE('',#7823);
#7823=AXIS2_PLACEMENT_3D('',#315,#7824,#7825);
#7824=DIRECTION('',(0,0,-1));
#7825=DIRECTION('',(-0.9488729017996006,0.31565838533200047,0));
#7826=FACE_BOUND('',#7827,.T.);
#7827=EDGE_LOOP('',(#7828,#7829,#7830));
#7828=ORIENTED_EDGE('',*,*,#7831,.T.);
#7829=ORIENTED_EDGE('',*,*,#7832,.T.);
#7830=ORIENTED_EDGE('',*,*,#7833,.T.);
#7831=EDGE_CURVE('',#316,#44,#7834,.F.);
#7832=EDGE_CURVE('',#44,#428,#7835,.T.);
#7833=EDGE_CURVE('',#428,#316,#7836,.T.);
#7834=LINE('',#315,#7837);
#7835=LINE('',#43,#7838);
#7836=LINE('',#427,#7839);
#7837=VECTOR('',#7840,1.0);
#7838=VECTOR('',#7841,1.0);
#7839=VECTOR('',#7842,1.0);
#7840=DIRECTION('',(-0.9488729017996006,0.31565838533200047,0));
#7841=DIRECTION('',(0.954818009559597,-0.2971911314636586,0));
#7842=DIRECTION('',(-0.997885500156359,0.0649963735734023,0));
#7843=STYLED_ITEM('',(#18),#7844);
#7844=FACE_SURFACE('',(#7849),#7845,.T.);
#7845=PLANE('',#7846);
#7846=AXIS2_PLACEMENT_3D('',#313,#7847,#7848);
#7847=DIRECTION('',(0,0,-1));
#7848=DIRECTION('',(-0.9376868013449671,0.3474816003523701,0));
#7849=FACE_BOUND('',#7850,.T.);
#7850=EDGE_LOOP('',(#7851,#7852,#7853));
#7851=ORIENTED_EDGE('',*,*,#7854,.T.);
#7852=ORIENTED_EDGE('',*,*,#7855,.T.);
#7853=ORIENTED_EDGE('',*,*,#7856,.T.);
#7854=EDGE_CURVE('',#314,#44,#7857,.F.);
#7855=EDGE_CURVE('',#44,#316,#7858,.T.);
#7856=EDGE_CURVE('',#316,#314,#7859,.T.);
#7857=LINE('',#313,#7860);
#7858=LINE('',#43,#7861);
#7859=LINE('',#315,#7862);
#7860=VECTOR('',#7863,1.0);
#7861=VECTOR('',#7864,1.0);
#7862=VECTOR('',#7865,1.0);
#7863=DIRECTION('',(-0.9376868013449671,0.3474816003523701,0));
#7864=DIRECTION('',(0.9488729017996006,-0.31565838533200047,0));
#7865=DIRECTION('',(-0.997885500156359,-0.0649963735734023,0));
#7866=STYLED_ITEM('',(#18),#7867);
#7867=FACE_SURFACE('',(#7872),#7868,.T.);
#7868=PLANE('',#7869);
#7869=AXIS2_PLACEMENT_3D('',#283,#7870,#7871);
#7870=DIRECTION('',(-0,0,-1));
#7871=DIRECTION('',(-0.9962815643743773,-0.08615709191786598,0));
#7872=FACE_BOUND('',#7873,.T.);
#7873=EDGE_LOOP('',(#7874,#7875,#7876));
#7874=ORIENTED_EDGE('',*,*,#7877,.T.);
#7875=ORIENTED_EDGE('',*,*,#7878,.T.);
#7876=ORIENTED_EDGE('',*,*,#7879,.T.);
#7877=EDGE_CURVE('',#284,#428,#7880,.F.);
#7878=EDGE_CURVE('',#428,#44,#7881,.T.);
#7879=EDGE_CURVE('',#44,#284,#7882,.T.);
#7880=LINE('',#283,#7883);
#7881=LINE('',#427,#7884);
#7882=LINE('',#43,#7885);
#7883=VECTOR('',#7886,1.0);
#7884=VECTOR('',#7887,1.0);
#7885=VECTOR('',#7888,1.0);
#7886=DIRECTION('',(-0.9962815643743773,-0.08615709191786598,0));
#7887=DIRECTION('',(-0.954818009559597,0.2971911314636586,0));
#7888=DIRECTION('',(1,0,0));
#7889=STYLED_ITEM('',(#18),#7890);
#7890=FACE_SURFACE('',(#7895),#7891,.T.);
#7891=PLANE('',#7892);
#7892=AXIS2_PLACEMENT_3D('',#425,#7893,#7894);
#7893=DIRECTION('',(0.32080703368038754,-0.9471445756278133,0));
#7894=DIRECTION('',(0,0,1));
#7895=FACE_BOUND('',#7896,.T.);
#7896=EDGE_LOOP('',(#7897,#7898,#7899));
#7897=ORIENTED_EDGE('',*,*,#7900,.T.);
#7898=ORIENTED_EDGE('',*,*,#7901,.T.);
#7899=ORIENTED_EDGE('',*,*,#7902,.T.);
#7900=EDGE_CURVE('',#426,#312,#7903,.F.);
#7901=EDGE_CURVE('',#312,#414,#7904,.T.);
#7902=EDGE_CURVE('',#414,#426,#7905,.T.);
#7903=LINE('',#425,#7906);
#7904=LINE('',#311,#7907);
#7905=LINE('',#413,#7908);
#7906=VECTOR('',#7909,1.0);
#7907=VECTOR('',#7910,1.0);
#7908=VECTOR('',#7911,1.0);
#7909=DIRECTION('',(0,0,1));
#7910=DIRECTION('',(-0.024791502928944418,-0.008397121959803732,-0.9996573761671128));
#7911=DIRECTION('',(0.9471445756278135,0.3208070336803876,0));
#7912=STYLED_ITEM('',(#18),#7913);
#7913=FACE_SURFACE('',(#7918),#7914,.T.);
#7914=PLANE('',#7915);
#7915=AXIS2_PLACEMENT_3D('',#289,#7916,#7917);
#7916=DIRECTION('',(-0,0,-1));
#7917=DIRECTION('',(-0.8326374333005123,-0.5538184762778638,0));
#7918=FACE_BOUND('',#7919,.T.);
#7919=EDGE_LOOP('',(#7920,#7921,#7922));
#7920=ORIENTED_EDGE('',*,*,#7923,.T.);
#7921=ORIENTED_EDGE('',*,*,#7924,.T.);
#7922=ORIENTED_EDGE('',*,*,#7925,.T.);
#7923=EDGE_CURVE('',#290,#286,#7926,.F.);
#7924=EDGE_CURVE('',#286,#284,#7927,.T.);
#7925=EDGE_CURVE('',#284,#290,#7928,.T.);
#7926=LINE('',#289,#7929);
#7927=LINE('',#285,#7930);
#7928=LINE('',#283,#7931);
#7929=VECTOR('',#7932,1.0);
#7930=VECTOR('',#7933,1.0);
#7931=VECTOR('',#7934,1.0);
#7932=DIRECTION('',(-0.8326374333005123,-0.5538184762778638,0));
#7933=DIRECTION('',(-0.4852219493086235,0.8743910223173266,0));
#7934=DIRECTION('',(0.6202267177350176,-0.7844226020504808,0));
#7935=STYLED_ITEM('',(#18),#7936);
#7936=FACE_SURFACE('',(#7941),#7937,.T.);
#7937=PLANE('',#7938);
#7938=AXIS2_PLACEMENT_3D('',#173,#7939,#7940);
#7939=DIRECTION('',(0,0,-1));
#7940=DIRECTION('',(0.06880209161537733,0.9976303284229832,0));
#7941=FACE_BOUND('',#7942,.T.);
#7942=EDGE_LOOP('',(#7943,#7944,#7945));
#7943=ORIENTED_EDGE('',*,*,#7946,.T.);
#7944=ORIENTED_EDGE('',*,*,#7947,.T.);
#7945=ORIENTED_EDGE('',*,*,#7948,.T.);
#7946=EDGE_CURVE('',#174,#276,#7949,.F.);
#7947=EDGE_CURVE('',#276,#392,#7950,.T.);
#7948=EDGE_CURVE('',#392,#174,#7951,.T.);
#7949=LINE('',#173,#7952);
#7950=LINE('',#275,#7953);
#7951=LINE('',#391,#7954);
#7952=VECTOR('',#7955,1.0);
#7953=VECTOR('',#7956,1.0);
#7954=VECTOR('',#7957,1.0);
#7955=DIRECTION('',(0.06880209161537733,0.9976303284229832,0));
#7956=DIRECTION('',(0.9996603840697823,-0.026059864187196694,0));
#7957=DIRECTION('',(-1,0,0));
#7958=STYLED_ITEM('',(#18),#7959);
#7959=FACE_SURFACE('',(#7964),#7960,.T.);
#7960=PLANE('',#7961);
#7961=AXIS2_PLACEMENT_3D('',#391,#7962,#7963);
#7962=DIRECTION('',(-0,-0,-1));
#7963=DIRECTION('',(0.19464798188937268,-0.9808731636385993,0));
#7964=FACE_BOUND('',#7965,.T.);
#7965=EDGE_LOOP('',(#7966,#7967,#7968));
#7966=ORIENTED_EDGE('',*,*,#7969,.T.);
#7967=ORIENTED_EDGE('',*,*,#7970,.T.);
#7968=ORIENTED_EDGE('',*,*,#7971,.T.);
#7969=EDGE_CURVE('',#392,#176,#7972,.F.);
#7970=EDGE_CURVE('',#176,#174,#7973,.T.);
#7971=EDGE_CURVE('',#174,#392,#7974,.T.);
#7972=LINE('',#391,#7975);
#7973=LINE('',#175,#7976);
#7974=LINE('',#173,#7977);
#7975=VECTOR('',#7978,1.0);
#7976=VECTOR('',#7979,1.0);
#7977=VECTOR('',#7980,1.0);
#7978=DIRECTION('',(0.19464798188937268,-0.9808731636385993,0));
#7979=DIRECTION('',(-0.9996751989739777,0.025485222312896735,0));
#7980=DIRECTION('',(1,0,0));
#7981=STYLED_ITEM('',(#18),#7982);
#7982=FACE_SURFACE('',(#7987),#7983,.T.);
#7983=PLANE('',#7984);
#7984=AXIS2_PLACEMENT_3D('',#167,#7985,#7986);
#7985=DIRECTION('',(0,0,-1));
#7986=DIRECTION('',(0.3208070336803899,0.9471445756278127,0));
#7987=FACE_BOUND('',#7988,.T.);
#7988=EDGE_LOOP('',(#7989,#7990,#7991));
#7989=ORIENTED_EDGE('',*,*,#7992,.T.);
#7990=ORIENTED_EDGE('',*,*,#7993,.T.);
#7991=ORIENTED_EDGE('',*,*,#7994,.T.);
#7992=EDGE_CURVE('',#168,#172,#7995,.F.);
#7993=EDGE_CURVE('',#172,#170,#7996,.T.);
#7994=EDGE_CURVE('',#170,#168,#7997,.T.);
#7995=LINE('',#167,#7998);
#7996=LINE('',#171,#7999);
#7997=LINE('',#169,#8000);
#7998=VECTOR('',#8001,1.0);
#7999=VECTOR('',#8002,1.0);
#8000=VECTOR('',#8003,1.0);
#8001=DIRECTION('',(0.3208070336803899,0.9471445756278127,0));
#8002=DIRECTION('',(0.9997054766716403,-0.02426849630134759,0));
#8003=DIRECTION('',(-1,0,0));
#8004=STYLED_ITEM('',(#18),#8005);
#8005=FACE_SURFACE('',(#8010),#8006,.T.);
#8006=PLANE('',#8007);
#8007=AXIS2_PLACEMENT_3D('',#273,#8008,#8009);
#8008=DIRECTION('',(-0,-0,-1));
#8009=DIRECTION('',(0.06499637357340737,-0.9978855001563588,0));
#8010=FACE_BOUND('',#8011,.T.);
#8011=EDGE_LOOP('',(#8012,#8013,#8014));
#8012=ORIENTED_EDGE('',*,*,#8015,.T.);
#8013=ORIENTED_EDGE('',*,*,#8016,.T.);
#8014=ORIENTED_EDGE('',*,*,#8017,.T.);
#8015=EDGE_CURVE('',#274,#392,#8018,.F.);
#8016=EDGE_CURVE('',#392,#276,#8019,.T.);
#8017=EDGE_CURVE('',#276,#274,#8020,.T.);
#8018=LINE('',#273,#8021);
#8019=LINE('',#391,#8022);
#8020=LINE('',#275,#8023);
#8021=VECTOR('',#8024,1.0);
#8022=VECTOR('',#8025,1.0);
#8023=VECTOR('',#8026,1.0);
#8024=DIRECTION('',(0.06499637357340737,-0.9978855001563588,0));
#8025=DIRECTION('',(-0.9996603840697823,0.026059864187196694,0));
#8026=DIRECTION('',(1,0,0));
#8027=STYLED_ITEM('',(#18),#8028);
#8028=FACE_SURFACE('',(#8033),#8029,.T.);
#8029=PLANE('',#8030);
#8030=AXIS2_PLACEMENT_3D('',#421,#8031,#8032);
#8031=DIRECTION('',(0,0,-1));
#8032=DIRECTION('',(-0.19464798188937268,-0.9808731636385993,0));
#8033=FACE_BOUND('',#8034,.T.);
#8034=EDGE_LOOP('',(#8035,#8036,#8037));
#8035=ORIENTED_EDGE('',*,*,#8038,.T.);
#8036=ORIENTED_EDGE('',*,*,#8039,.T.);
#8037=ORIENTED_EDGE('',*,*,#8040,.T.);
#8038=EDGE_CURVE('',#422,#272,#8041,.F.);
#8039=EDGE_CURVE('',#272,#278,#8042,.T.);
#8040=EDGE_CURVE('',#278,#422,#8043,.T.);
#8041=LINE('',#421,#8044);
#8042=LINE('',#271,#8045);
#8043=LINE('',#277,#8046);
#8044=VECTOR('',#8047,1.0);
#8045=VECTOR('',#8048,1.0);
#8046=VECTOR('',#8049,1.0);
#8047=DIRECTION('',(-0.19464798188937268,-0.9808731636385993,0));
#8048=DIRECTION('',(-1,0,0));
#8049=DIRECTION('',(0.9996751989739777,0.025485222312896735,0));
#8050=STYLED_ITEM('',(#18),#8051);
#8051=FACE_SURFACE('',(#8056),#8052,.T.);
#8052=PLANE('',#8053);
#8053=AXIS2_PLACEMENT_3D('',#395,#8054,#8055);
#8054=DIRECTION('',(0,0,-1));
#8055=DIRECTION('',(-0.3208070336803868,-0.9471445756278137,0));
#8056=FACE_BOUND('',#8057,.T.);
#8057=EDGE_LOOP('',(#8058,#8059,#8060));
#8058=ORIENTED_EDGE('',*,*,#8061,.T.);
#8059=ORIENTED_EDGE('',*,*,#8062,.T.);
#8060=ORIENTED_EDGE('',*,*,#8063,.T.);
#8061=EDGE_CURVE('',#396,#422,#8064,.F.);
#8062=EDGE_CURVE('',#422,#278,#8065,.T.);
#8063=EDGE_CURVE('',#278,#396,#8066,.T.);
#8064=LINE('',#395,#8067);
#8065=LINE('',#421,#8068);
#8066=LINE('',#277,#8069);
#8067=VECTOR('',#8070,1.0);
#8068=VECTOR('',#8071,1.0);
#8069=VECTOR('',#8072,1.0);
#8070=DIRECTION('',(-0.3208070336803868,-0.9471445756278137,0));
#8071=DIRECTION('',(-0.9996751989739777,-0.025485222312896735,0));
#8072=DIRECTION('',(0.9987682148012483,0.04961908002701725,0));
#8073=STYLED_ITEM('',(#18),#8074);
#8074=FACE_SURFACE('',(#8079),#8075,.T.);
#8075=PLANE('',#8076);
#8076=AXIS2_PLACEMENT_3D('',#423,#8077,#8078);
#8077=DIRECTION('',(0,0,-1));
#8078=DIRECTION('',(-0.4426288163575071,-0.8967049296897794,0));
#8079=FACE_BOUND('',#8080,.T.);
#8080=EDGE_LOOP('',(#8081,#8082,#8083));
#8081=ORIENTED_EDGE('',*,*,#8084,.T.);
#8082=ORIENTED_EDGE('',*,*,#8085,.T.);
#8083=ORIENTED_EDGE('',*,*,#8086,.T.);
#8084=EDGE_CURVE('',#424,#396,#8087,.F.);
#8085=EDGE_CURVE('',#396,#278,#8088,.T.);
#8086=EDGE_CURVE('',#278,#424,#8089,.T.);
#8087=LINE('',#423,#8090);
#8088=LINE('',#395,#8091);
#8089=LINE('',#277,#8092);
#8090=VECTOR('',#8093,1.0);
#8091=VECTOR('',#8094,1.0);
#8092=VECTOR('',#8095,1.0);
#8093=DIRECTION('',(-0.4426288163575071,-0.8967049296897794,0));
#8094=DIRECTION('',(-0.9987682148012483,-0.04961908002701725,0));
#8095=DIRECTION('',(0.9974196463002151,0.0717917068633556,0));
#8096=STYLED_ITEM('',(#18),#8097);
#8097=FACE_SURFACE('',(#8102),#8098,.T.);
#8098=PLANE('',#8099);
#8099=AXIS2_PLACEMENT_3D('',#281,#8100,#8101);
#8100=DIRECTION('',(0,0,-1));
#8101=DIRECTION('',(-0.5538184762778623,-0.8326374333005133,0));
#8102=FACE_BOUND('',#8103,.T.);
#8103=EDGE_LOOP('',(#8104,#8105,#8106));
#8104=ORIENTED_EDGE('',*,*,#8107,.T.);
#8105=ORIENTED_EDGE('',*,*,#8108,.T.);
#8106=ORIENTED_EDGE('',*,*,#8109,.T.);
#8107=EDGE_CURVE('',#282,#424,#8110,.F.);
#8108=EDGE_CURVE('',#424,#278,#8111,.T.);
#8109=EDGE_CURVE('',#278,#282,#8112,.T.);
#8110=LINE('',#281,#8113);
#8111=LINE('',#423,#8114);
#8112=LINE('',#277,#8115);
#8113=VECTOR('',#8116,1.0);
#8114=VECTOR('',#8117,1.0);
#8115=VECTOR('',#8118,1.0);
#8116=DIRECTION('',(-0.5538184762778623,-0.8326374333005133,0));
#8117=DIRECTION('',(-0.9974196463002151,-0.0717917068633556,0));
#8118=DIRECTION('',(0.9958050565296029,0.09150021524605408,0));
#8119=STYLED_ITEM('',(#18),#8120);
#8120=FACE_SURFACE('',(#8125),#8121,.T.);
#8121=PLANE('',#8122);
#8122=AXIS2_PLACEMENT_3D('',#283,#8123,#8124);
#8123=DIRECTION('',(0,-0,-1));
#8124=DIRECTION('',(0.22589800460052067,-0.9741509593063609,0));
#8125=FACE_BOUND('',#8126,.T.);
#8126=EDGE_LOOP('',(#8127,#8128,#8129));
#8127=ORIENTED_EDGE('',*,*,#8130,.T.);
#8128=ORIENTED_EDGE('',*,*,#8131,.T.);
#8129=ORIENTED_EDGE('',*,*,#8132,.T.);
#8130=EDGE_CURVE('',#284,#282,#8133,.F.);
#8131=EDGE_CURVE('',#282,#278,#8134,.T.);
#8132=EDGE_CURVE('',#278,#284,#8135,.T.);
#8133=LINE('',#283,#8136);
#8134=LINE('',#281,#8137);
#8135=LINE('',#277,#8138);
#8136=VECTOR('',#8139,1.0);
#8137=VECTOR('',#8140,1.0);
#8138=VECTOR('',#8141,1.0);
#8139=DIRECTION('',(0.22589800460052067,-0.9741509593063609,0));
#8140=DIRECTION('',(-0.9958050565296029,-0.09150021524605408,0));
#8141=DIRECTION('',(0.9645634700075602,0.26385092822837386,0));
#8142=STYLED_ITEM('',(#18),#8143);
#8143=FACE_SURFACE('',(#8148),#8144,.T.);
#8144=PLANE('',#8145);
#8145=AXIS2_PLACEMENT_3D('',#311,#8146,#8147);
#8146=DIRECTION('',(0.1946479818893727,-0.9808731636385993,0));
#8147=DIRECTION('',(0,0,-1));
#8148=FACE_BOUND('',#8149,.T.);
#8149=EDGE_LOOP('',(#8150,#8151,#8152));
#8150=ORIENTED_EDGE('',*,*,#8153,.T.);
#8151=ORIENTED_EDGE('',*,*,#8154,.T.);
#8152=ORIENTED_EDGE('',*,*,#8155,.T.);
#8153=EDGE_CURVE('',#312,#426,#8156,.F.);
#8154=EDGE_CURVE('',#426,#314,#8157,.T.);
#8155=EDGE_CURVE('',#314,#312,#8158,.T.);
#8156=LINE('',#311,#8159);
#8157=LINE('',#425,#8160);
#8158=LINE('',#313,#8161);
#8159=VECTOR('',#8162,1.0);
#8160=VECTOR('',#8163,1.0);
#8161=VECTOR('',#8164,1.0);
#8162=DIRECTION('',(0,0,-1));
#8163=DIRECTION('',(0.9808731636385993,0.19464798188937268,0));
#8164=DIRECTION('',(-0.02569118301438582,-0.005098250325811994,0.9996569266297997));
#8165=STYLED_ITEM('',(#18),#8166);
#8166=FACE_SURFACE('',(#8171),#8167,.T.);
#8167=PLANE('',#8168);
#8168=AXIS2_PLACEMENT_3D('',#375,#8169,#8170);
#8169=DIRECTION('',(-0,0,-1));
#8170=DIRECTION('',(-0.21088333306373638,-0.9775112377031422,0));
#8171=FACE_BOUND('',#8172,.T.);
#8172=EDGE_LOOP('',(#8173,#8174,#8175));
#8173=ORIENTED_EDGE('',*,*,#8176,.T.);
#8174=ORIENTED_EDGE('',*,*,#8177,.T.);
#8175=ORIENTED_EDGE('',*,*,#8178,.T.);
#8176=EDGE_CURVE('',#376,#46,#8179,.F.);
#8177=EDGE_CURVE('',#46,#378,#8180,.T.);
#8178=EDGE_CURVE('',#378,#376,#8181,.T.);
#8179=LINE('',#375,#8182);
#8180=LINE('',#45,#8183);
#8181=LINE('',#377,#8184);
#8182=VECTOR('',#8185,1.0);
#8183=VECTOR('',#8186,1.0);
#8184=VECTOR('',#8187,1.0);
#8185=DIRECTION('',(-0.21088333306373638,-0.9775112377031422,0));
#8186=DIRECTION('',(0.18594615304638668,0.9825599361704351,0));
#8187=DIRECTION('',(0.8326374333005133,-0.5538184762778623,0));
#8188=STYLED_ITEM('',(#18),#8189);
#8189=FACE_SURFACE('',(#8194),#8190,.T.);
#8190=PLANE('',#8191);
#8191=AXIS2_PLACEMENT_3D('',#367,#8192,#8193);
#8192=DIRECTION('',(0,-0,-1));
#8193=DIRECTION('',(0.9976303284229832,-0.06880209161537733,0));
#8194=FACE_BOUND('',#8195,.T.);
#8195=EDGE_LOOP('',(#8196,#8197,#8198));
#8196=ORIENTED_EDGE('',*,*,#8199,.T.);
#8197=ORIENTED_EDGE('',*,*,#8200,.T.);
#8198=ORIENTED_EDGE('',*,*,#8201,.T.);
#8199=EDGE_CURVE('',#368,#370,#8202,.F.);
#8200=EDGE_CURVE('',#370,#46,#8203,.T.);
#8201=EDGE_CURVE('',#46,#368,#8204,.T.);
#8202=LINE('',#367,#8205);
#8203=LINE('',#369,#8206);
#8204=LINE('',#45,#8207);
#8205=VECTOR('',#8208,1.0);
#8206=VECTOR('',#8209,1.0);
#8207=VECTOR('',#8210,1.0);
#8208=DIRECTION('',(0.9976303284229832,-0.06880209161537733,0));
#8209=DIRECTION('',(-0.3163226612331199,-0.9486516610381267,0));
#8210=DIRECTION('',(0.29070545660914116,0.9568125926730222,0));
#8211=STYLED_ITEM('',(#18),#8212);
#8212=FACE_SURFACE('',(#8217),#8213,.T.);
#8213=PLANE('',#8214);
#8214=AXIS2_PLACEMENT_3D('',#371,#8215,#8216);
#8215=DIRECTION('',(0,-0,-1));
#8216=DIRECTION('',(0.9808731636385993,0.19464798188937268,0));
#8217=FACE_BOUND('',#8218,.T.);
#8218=EDGE_LOOP('',(#8219,#8220,#8221));
#8219=ORIENTED_EDGE('',*,*,#8222,.T.);
#8220=ORIENTED_EDGE('',*,*,#8223,.T.);
#8221=ORIENTED_EDGE('',*,*,#8224,.T.);
#8222=EDGE_CURVE('',#372,#390,#8225,.F.);
#8223=EDGE_CURVE('',#390,#46,#8226,.T.);
#8224=EDGE_CURVE('',#46,#372,#8227,.T.);
#8225=LINE('',#371,#8228);
#8226=LINE('',#389,#8229);
#8227=LINE('',#45,#8230);
#8228=VECTOR('',#8231,1.0);
#8229=VECTOR('',#8232,1.0);
#8230=VECTOR('',#8233,1.0);
#8231=DIRECTION('',(0.9808731636385993,0.19464798188937268,0));
#8232=DIRECTION('',(-0.3617613548878765,-0.9322707343415259,0));
#8233=DIRECTION('',(0.34015963305171426,0.9403677068264963,0));
#8234=STYLED_ITEM('',(#18),#8235);
#8235=FACE_SURFACE('',(#8240),#8236,.T.);
#8236=PLANE('',#8237);
#8237=AXIS2_PLACEMENT_3D('',#145,#8238,#8239);
#8238=DIRECTION('',(0,-0,-1));
#8239=DIRECTION('',(0.7513940993995967,-0.659853701503196,0));
#8240=FACE_BOUND('',#8241,.T.);
#8241=EDGE_LOOP('',(#8242,#8243,#8244));
#8242=ORIENTED_EDGE('',*,*,#8245,.T.);
#8243=ORIENTED_EDGE('',*,*,#8246,.T.);
#8244=ORIENTED_EDGE('',*,*,#8247,.T.);
#8245=EDGE_CURVE('',#146,#362,#8248,.F.);
#8246=EDGE_CURVE('',#362,#46,#8249,.T.);
#8247=EDGE_CURVE('',#46,#146,#8250,.T.);
#8248=LINE('',#145,#8251);
#8249=LINE('',#361,#8252);
#8250=LINE('',#45,#8253);
#8251=VECTOR('',#8254,1.0);
#8252=VECTOR('',#8255,1.0);
#8253=VECTOR('',#8256,1.0);
#8254=DIRECTION('',(0.7513940993995967,-0.659853701503196,0));
#8255=DIRECTION('',(-0.8588728498987379,-0.5121888594130297,0));
#8256=DIRECTION('',(0.8518084185201862,0.5238534319236052,0));
#8257=STYLED_ITEM('',(#18),#8258);
#8258=FACE_SURFACE('',(#8263),#8259,.T.);
#8259=PLANE('',#8260);
#8260=AXIS2_PLACEMENT_3D('',#425,#8261,#8262);
#8261=DIRECTION('',(-0,0,-1));
#8262=DIRECTION('',(-0.9471445756278135,-0.3208070336803876,0));
#8263=FACE_BOUND('',#8264,.T.);
#8264=EDGE_LOOP('',(#8265,#8266,#8267));
#8265=ORIENTED_EDGE('',*,*,#8268,.T.);
#8266=ORIENTED_EDGE('',*,*,#8269,.T.);
#8267=ORIENTED_EDGE('',*,*,#8270,.T.);
#8268=EDGE_CURVE('',#426,#414,#8271,.F.);
#8269=EDGE_CURVE('',#414,#44,#8272,.T.);
#8270=EDGE_CURVE('',#44,#426,#8273,.T.);
#8271=LINE('',#425,#8274);
#8272=LINE('',#413,#8275);
#8273=LINE('',#43,#8276);
#8274=VECTOR('',#8277,1.0);
#8275=VECTOR('',#8278,1.0);
#8276=VECTOR('',#8279,1.0);
#8277=DIRECTION('',(-0.9471445756278135,-0.3208070336803876,0));
#8278=DIRECTION('',(-0.8891119936830681,0.45768970131402337,0));
#8279=DIRECTION('',(0.9188383789469818,-0.3946340499425796,0));
#8280=STYLED_ITEM('',(#18),#8281);
#8281=FACE_SURFACE('',(#8286),#8282,.T.);
#8282=PLANE('',#8283);
#8283=AXIS2_PLACEMENT_3D('',#411,#8284,#8285);
#8284=DIRECTION('',(-0,0,-1));
#8285=DIRECTION('',(-0.8326374333005127,-0.5538184762778635,0));
#8286=FACE_BOUND('',#8287,.T.);
#8287=EDGE_LOOP('',(#8288,#8289,#8290));
#8288=ORIENTED_EDGE('',*,*,#8291,.T.);
#8289=ORIENTED_EDGE('',*,*,#8292,.T.);
#8290=ORIENTED_EDGE('',*,*,#8293,.T.);
#8291=EDGE_CURVE('',#412,#410,#8294,.F.);
#8292=EDGE_CURVE('',#410,#44,#8295,.T.);
#8293=EDGE_CURVE('',#44,#412,#8296,.T.);
#8294=LINE('',#411,#8297);
#8295=LINE('',#409,#8298);
#8296=LINE('',#43,#8299);
#8297=VECTOR('',#8300,1.0);
#8298=VECTOR('',#8301,1.0);
#8299=VECTOR('',#8302,1.0);
#8300=DIRECTION('',(-0.8326374333005127,-0.5538184762778635,0));
#8301=DIRECTION('',(-0.783822669525153,0.6209847202133582,0));
#8302=DIRECTION('',(0.844825443342645,-0.5350420266492188,0));
#8303=STYLED_ITEM('',(#18),#8304);
#8304=FACE_SURFACE('',(#8309),#8305,.T.);
#8305=PLANE('',#8306);
#8306=AXIS2_PLACEMENT_3D('',#43,#8307,#8308);
#8307=DIRECTION('',(0,0,-1));
#8308=DIRECTION('',(0.7071067811865476,-0.7071067811865476,0));
#8309=FACE_BOUND('',#8310,.T.);
#8310=EDGE_LOOP('',(#8311,#8312,#8313));
#8311=ORIENTED_EDGE('',*,*,#8314,.T.);
#8312=ORIENTED_EDGE('',*,*,#8315,.T.);
#8313=ORIENTED_EDGE('',*,*,#8316,.T.);
#8314=EDGE_CURVE('',#44,#406,#8317,.F.);
#8315=EDGE_CURVE('',#406,#404,#8318,.T.);
#8316=EDGE_CURVE('',#404,#44,#8319,.T.);
#8317=LINE('',#43,#8320);
#8318=LINE('',#405,#8321);
#8319=LINE('',#403,#8322);
#8320=VECTOR('',#8323,1.0);
#8321=VECTOR('',#8324,1.0);
#8322=VECTOR('',#8325,1.0);
#8323=DIRECTION('',(0.7071067811865476,-0.7071067811865476,0));
#8324=DIRECTION('',(-0.6598537015031981,-0.7513940993995948,0));
#8325=DIRECTION('',(-0.6209847202133582,0.783822669525153,0));
#8326=STYLED_ITEM('',(#18),#8327);
#8327=FACE_SURFACE('',(#8332),#8328,.T.);
#8328=PLANE('',#8329);
#8329=AXIS2_PLACEMENT_3D('',#401,#8330,#8331);
#8330=DIRECTION('',(0,0,-1));
#8331=DIRECTION('',(-0.45768970131402337,0.8891119936830681,0));
#8332=FACE_BOUND('',#8333,.T.);
#8333=EDGE_LOOP('',(#8334,#8335,#8336));
#8334=ORIENTED_EDGE('',*,*,#8337,.T.);
#8335=ORIENTED_EDGE('',*,*,#8338,.T.);
#8336=ORIENTED_EDGE('',*,*,#8339,.T.);
#8337=EDGE_CURVE('',#402,#44,#8340,.F.);
#8338=EDGE_CURVE('',#44,#432,#8341,.T.);
#8339=EDGE_CURVE('',#432,#402,#8342,.T.);
#8340=LINE('',#401,#8343);
#8341=LINE('',#43,#8344);
#8342=LINE('',#431,#8345);
#8343=VECTOR('',#8346,1.0);
#8344=VECTOR('',#8347,1.0);
#8345=VECTOR('',#8348,1.0);
#8346=DIRECTION('',(-0.45768970131402337,0.8891119936830681,0));
#8347=DIRECTION('',(0.5350420266492188,-0.844825443342645,0));
#8348=DIRECTION('',(-0.44262881635750845,-0.8967049296897788,0));
#8349=STYLED_ITEM('',(#18),#8350);
#8350=FACE_SURFACE('',(#8355),#8351,.T.);
#8351=PLANE('',#8352);
#8352=AXIS2_PLACEMENT_3D('',#403,#8353,#8354);
#8353=DIRECTION('',(-0,0,-1));
#8354=DIRECTION('',(-0.5538184762778635,-0.8326374333005127,0));
#8355=FACE_BOUND('',#8356,.T.);
#8356=EDGE_LOOP('',(#8357,#8358,#8359));
#8357=ORIENTED_EDGE('',*,*,#8360,.T.);
#8358=ORIENTED_EDGE('',*,*,#8361,.T.);
#8359=ORIENTED_EDGE('',*,*,#8362,.T.);
#8360=EDGE_CURVE('',#404,#432,#8363,.F.);
#8361=EDGE_CURVE('',#432,#44,#8364,.T.);
#8362=EDGE_CURVE('',#44,#404,#8365,.T.);
#8363=LINE('',#403,#8366);
#8364=LINE('',#431,#8367);
#8365=LINE('',#43,#8368);
#8366=VECTOR('',#8369,1.0);
#8367=VECTOR('',#8370,1.0);
#8368=VECTOR('',#8371,1.0);
#8369=DIRECTION('',(-0.5538184762778635,-0.8326374333005127,0));
#8370=DIRECTION('',(-0.5350420266492188,0.844825443342645,0));
#8371=DIRECTION('',(0.6209847202133582,-0.783822669525153,0));
#8372=STYLED_ITEM('',(#18),#8373);
#8373=FACE_SURFACE('',(#8378),#8374,.T.);
#8374=PLANE('',#8375);
#8375=AXIS2_PLACEMENT_3D('',#43,#8376,#8377);
#8376=DIRECTION('',(0,0,-1));
#8377=DIRECTION('',(0.2971911314636586,-0.954818009559597,0));
#8378=FACE_BOUND('',#8379,.T.);
#8379=EDGE_LOOP('',(#8380,#8381,#8382));
#8380=ORIENTED_EDGE('',*,*,#8383,.T.);
#8381=ORIENTED_EDGE('',*,*,#8384,.T.);
#8382=ORIENTED_EDGE('',*,*,#8385,.T.);
#8383=EDGE_CURVE('',#44,#394,#8386,.F.);
#8384=EDGE_CURVE('',#394,#46,#8387,.T.);
#8385=EDGE_CURVE('',#46,#44,#8388,.T.);
#8386=LINE('',#43,#8389);
#8387=LINE('',#393,#8390);
#8388=LINE('',#45,#8391);
#8389=VECTOR('',#8392,1.0);
#8390=VECTOR('',#8393,1.0);
#8391=VECTOR('',#8394,1.0);
#8392=DIRECTION('',(0.2971911314636586,-0.954818009559597,0));
#8393=DIRECTION('',(-0.09409596598084288,-0.9955631316928787,0));
#8394=DIRECTION('',(0,1,0));
#8395=STYLED_ITEM('',(#18),#8396);
#8396=FACE_SURFACE('',(#8401),#8397,.T.);
#8397=PLANE('',#8398);
#8398=AXIS2_PLACEMENT_3D('',#407,#8399,#8400);
#8399=DIRECTION('',(-0,-0,-1));
#8400=DIRECTION('',(0.0649963735734023,-0.997885500156359,0));
#8401=FACE_BOUND('',#8402,.T.);
#8402=EDGE_LOOP('',(#8403,#8404,#8405));
#8403=ORIENTED_EDGE('',*,*,#8406,.T.);
#8404=ORIENTED_EDGE('',*,*,#8407,.T.);
#8405=ORIENTED_EDGE('',*,*,#8408,.T.);
#8406=EDGE_CURVE('',#408,#394,#8409,.F.);
#8407=EDGE_CURVE('',#394,#44,#8410,.T.);
#8408=EDGE_CURVE('',#44,#408,#8411,.T.);
#8409=LINE('',#407,#8412);
#8410=LINE('',#393,#8413);
#8411=LINE('',#43,#8414);
#8412=VECTOR('',#8415,1.0);
#8413=VECTOR('',#8416,1.0);
#8414=VECTOR('',#8417,1.0);
#8415=DIRECTION('',(0.0649963735734023,-0.997885500156359,0));
#8416=DIRECTION('',(-0.2971911314636586,0.954818009559597,0));
#8417=DIRECTION('',(0.31565838533200047,-0.9488729017996006,0));
#8418=STYLED_ITEM('',(#18),#8419);
#8419=FACE_SURFACE('',(#8424),#8420,.T.);
#8420=PLANE('',#8421);
#8421=AXIS2_PLACEMENT_3D('',#47,#8422,#8423);
#8422=DIRECTION('',(0,-1,0));
#8423=DIRECTION('',(0.8944271909999159,0,-0.4472135954999579));
#8424=FACE_BOUND('',#8425,.T.);
#8425=EDGE_LOOP('',(#8426,#8427,#8428));
#8426=ORIENTED_EDGE('',*,*,#8429,.T.);
#8427=ORIENTED_EDGE('',*,*,#8430,.T.);
#8428=ORIENTED_EDGE('',*,*,#8431,.T.);
#8429=EDGE_CURVE('',#48,#40,#8432,.F.);
#8430=EDGE_CURVE('',#40,#34,#8433,.T.);
#8431=EDGE_CURVE('',#34,#48,#8434,.T.);
#8432=LINE('',#47,#8435);
#8433=LINE('',#39,#8436);
#8434=LINE('',#33,#8437);
#8435=VECTOR('',#8438,1.0);
#8436=VECTOR('',#8439,1.0);
#8437=VECTOR('',#8440,1.0);
#8438=DIRECTION('',(0.8944271909999159,0,-0.4472135954999579));
#8439=DIRECTION('',(0,0,1));
#8440=DIRECTION('',(-1,0,0));
#8441=STYLED_ITEM('',(#18),#8442);
#8442=FACE_SURFACE('',(#8447),#8443,.T.);
#8443=PLANE('',#8444);
#8444=AXIS2_PLACEMENT_3D('',#427,#8445,#8446);
#8445=DIRECTION('',(-0.0649963735734023,-0.997885500156359,0));
#8446=DIRECTION('',(0,0,1));
#8447=FACE_BOUND('',#8448,.T.);
#8448=EDGE_LOOP('',(#8449,#8450,#8451));
#8449=ORIENTED_EDGE('',*,*,#8452,.T.);
#8450=ORIENTED_EDGE('',*,*,#8453,.T.);
#8451=ORIENTED_EDGE('',*,*,#8454,.T.);
#8452=EDGE_CURVE('',#428,#54,#8455,.F.);
#8453=EDGE_CURVE('',#54,#316,#8456,.T.);
#8454=EDGE_CURVE('',#316,#428,#8457,.T.);
#8455=LINE('',#427,#8458);
#8456=LINE('',#53,#8459);
#8457=LINE('',#315,#8460);
#8458=VECTOR('',#8461,1.0);
#8459=VECTOR('',#8462,1.0);
#8460=VECTOR('',#8463,1.0);
#8461=DIRECTION('',(0,0,1));
#8462=DIRECTION('',(-0.026091077072869947,0.0016994188131754268,-0.9996581253973156));
#8463=DIRECTION('',(0.997885500156359,-0.0649963735734023,0));
#8464=STYLED_ITEM('',(#18),#8465);
#8465=FACE_SURFACE('',(#8470),#8466,.T.);
#8466=PLANE('',#8467);
#8467=AXIS2_PLACEMENT_3D('',#47,#8468,#8469);
#8468=DIRECTION('',(0,-1,0));
#8469=DIRECTION('',(0,0,-1));
#8470=FACE_BOUND('',#8471,.T.);
#8471=EDGE_LOOP('',(#8472,#8473,#8474));
#8472=ORIENTED_EDGE('',*,*,#8475,.T.);
#8473=ORIENTED_EDGE('',*,*,#8476,.T.);
#8474=ORIENTED_EDGE('',*,*,#8477,.T.);
#8475=EDGE_CURVE('',#48,#46,#8478,.F.);
#8476=EDGE_CURVE('',#46,#40,#8479,.T.);
#8477=EDGE_CURVE('',#40,#48,#8480,.T.);
#8478=LINE('',#47,#8481);
#8479=LINE('',#45,#8482);
#8480=LINE('',#39,#8483);
#8481=VECTOR('',#8484,1.0);
#8482=VECTOR('',#8485,1.0);
#8483=VECTOR('',#8486,1.0);
#8484=DIRECTION('',(0,0,-1));
#8485=DIRECTION('',(1,0,0));
#8486=DIRECTION('',(-0.8944271909999159,0,0.4472135954999579));
#8487=STYLED_ITEM('',(#18),#8488);
#8488=FACE_SURFACE('',(#8493),#8489,.T.);
#8489=PLANE('',#8490);
#8490=AXIS2_PLACEMENT_3D('',#53,#8491,#8492);
#8491=DIRECTION('',(-0.1946479818893727,-0.9808731636385993,-0));
#8492=DIRECTION('',(0,0,-1));
#8493=FACE_BOUND('',#8494,.T.);
#8494=EDGE_LOOP('',(#8495,#8496,#8497));
#8495=ORIENTED_EDGE('',*,*,#8498,.T.);
#8496=ORIENTED_EDGE('',*,*,#8499,.T.);
#8497=ORIENTED_EDGE('',*,*,#8500,.T.);
#8498=EDGE_CURVE('',#54,#428,#8501,.F.);
#8499=EDGE_CURVE('',#428,#416,#8502,.T.);
#8500=EDGE_CURVE('',#416,#54,#8503,.T.);
#8501=LINE('',#53,#8504);
#8502=LINE('',#427,#8505);
#8503=LINE('',#415,#8506);
#8504=VECTOR('',#8507,1.0);
#8505=VECTOR('',#8508,1.0);
#8506=VECTOR('',#8509,1.0);
#8507=DIRECTION('',(0,0,-1));
#8508=DIRECTION('',(0.9808731636385993,-0.19464798188937268,0));
#8509=DIRECTION('',(-0.02569118301438582,0.005098250325811994,0.9996569266297997));
#8510=STYLED_ITEM('',(#18),#8511);
#8511=FACE_SURFACE('',(#8516),#8512,.T.);
#8512=PLANE('',#8513);
#8513=AXIS2_PLACEMENT_3D('',#37,#8514,#8515);
#8514=DIRECTION('',(0,1,0));
#8515=DIRECTION('',(0,0,-1));
#8516=FACE_BOUND('',#8517,.T.);
#8517=EDGE_LOOP('',(#8518,#8519,#8520));
#8518=ORIENTED_EDGE('',*,*,#8521,.T.);
#8519=ORIENTED_EDGE('',*,*,#8522,.T.);
#8520=ORIENTED_EDGE('',*,*,#8523,.T.);
#8521=EDGE_CURVE('',#38,#36,#8524,.F.);
#8522=EDGE_CURVE('',#36,#284,#8525,.T.);
#8523=EDGE_CURVE('',#284,#38,#8526,.T.);
#8524=LINE('',#37,#8527);
#8525=LINE('',#35,#8528);
#8526=LINE('',#283,#8529);
#8527=VECTOR('',#8530,1.0);
#8528=VECTOR('',#8531,1.0);
#8529=VECTOR('',#8532,1.0);
#8530=DIRECTION('',(0,0,-1));
#8531=DIRECTION('',(-1,0,0));
#8532=DIRECTION('',(0.44735668667751627,0,0.8943556311025914));
#8533=STYLED_ITEM('',(#18),#8534);
#8534=FACE_SURFACE('',(#8539),#8535,.T.);
#8535=PLANE('',#8536);
#8536=AXIS2_PLACEMENT_3D('',#43,#8537,#8538);
#8537=DIRECTION('',(0,1,0));
#8538=DIRECTION('',(0.4474282193865451,0,0.8943198468649711));
#8539=FACE_BOUND('',#8540,.T.);
#8540=EDGE_LOOP('',(#8541,#8542,#8543));
#8541=ORIENTED_EDGE('',*,*,#8544,.T.);
#8542=ORIENTED_EDGE('',*,*,#8545,.T.);
#8543=ORIENTED_EDGE('',*,*,#8546,.T.);
#8544=EDGE_CURVE('',#44,#52,#8547,.F.);
#8545=EDGE_CURVE('',#52,#284,#8548,.T.);
#8546=EDGE_CURVE('',#284,#44,#8549,.T.);
#8547=LINE('',#43,#8550);
#8548=LINE('',#51,#8551);
#8549=LINE('',#283,#8552);
#8550=VECTOR('',#8553,1.0);
#8551=VECTOR('',#8554,1.0);
#8552=VECTOR('',#8555,1.0);
#8553=DIRECTION('',(0.4474282193865451,0,0.8943198468649711));
#8554=DIRECTION('',(0.7069299381834157,0,-0.7072835799734024));
#8555=DIRECTION('',(-1,0,0));
#8556=STYLED_ITEM('',(#18),#8557);
#8557=FACE_SURFACE('',(#8562),#8558,.T.);
#8558=PLANE('',#8559);
#8559=AXIS2_PLACEMENT_3D('',#37,#8560,#8561);
#8560=DIRECTION('',(0,1,0));
#8561=DIRECTION('',(-0.44735668667751627,0,-0.8943556311025914));
#8562=FACE_BOUND('',#8563,.T.);
#8563=EDGE_LOOP('',(#8564,#8565,#8566));
#8564=ORIENTED_EDGE('',*,*,#8567,.T.);
#8565=ORIENTED_EDGE('',*,*,#8568,.T.);
#8566=ORIENTED_EDGE('',*,*,#8569,.T.);
#8567=EDGE_CURVE('',#38,#284,#8570,.F.);
#8568=EDGE_CURVE('',#284,#52,#8571,.T.);
#8569=EDGE_CURVE('',#52,#38,#8572,.T.);
#8570=LINE('',#37,#8573);
#8571=LINE('',#283,#8574);
#8572=LINE('',#51,#8575);
#8573=VECTOR('',#8576,1.0);
#8574=VECTOR('',#8577,1.0);
#8575=VECTOR('',#8578,1.0);
#8576=DIRECTION('',(-0.44735668667751627,0,-0.8943556311025914));
#8577=DIRECTION('',(-0.7069299381834157,0,0.7072835799734024));
#8578=DIRECTION('',(1,0,0));
#8579=STYLED_ITEM('',(#18),#8580);
#8580=FACE_SURFACE('',(#8585),#8581,.T.);
#8581=PLANE('',#8582);
#8582=AXIS2_PLACEMENT_3D('',#51,#8583,#8584);
#8583=DIRECTION('',(0,1,0));
#8584=DIRECTION('',(-0.4474282193865451,0,-0.8943198468649711));
#8585=FACE_BOUND('',#8586,.T.);
#8586=EDGE_LOOP('',(#8587,#8588,#8589));
#8587=ORIENTED_EDGE('',*,*,#8590,.T.);
#8588=ORIENTED_EDGE('',*,*,#8591,.T.);
#8589=ORIENTED_EDGE('',*,*,#8592,.T.);
#8590=EDGE_CURVE('',#52,#44,#8593,.F.);
#8591=EDGE_CURVE('',#44,#42,#8594,.T.);
#8592=EDGE_CURVE('',#42,#52,#8595,.T.);
#8593=LINE('',#51,#8596);
#8594=LINE('',#43,#8597);
#8595=LINE('',#41,#8598);
#8596=VECTOR('',#8599,1.0);
#8597=VECTOR('',#8600,1.0);
#8598=VECTOR('',#8601,1.0);
#8599=DIRECTION('',(-0.4474282193865451,0,-0.8943198468649711));
#8600=DIRECTION('',(0,0,1));
#8601=DIRECTION('',(1,0,0));
#8602=STYLED_ITEM('',(#18),#8603);
#8603=FACE_SURFACE('',(#8608),#8604,.T.);
#8604=PLANE('',#8605);
#8605=AXIS2_PLACEMENT_3D('',#63,#8606,#8607);
#8606=DIRECTION('',(-0.5538184762778638,-0.8326374333005123,-0));
#8607=DIRECTION('',(-0.02179253199821116,0.014495032751103755,-0.9996574311106038));
#8608=FACE_BOUND('',#8609,.T.);
#8609=EDGE_LOOP('',(#8610,#8611,#8612));
#8610=ORIENTED_EDGE('',*,*,#8613,.T.);
#8611=ORIENTED_EDGE('',*,*,#8614,.T.);
#8612=ORIENTED_EDGE('',*,*,#8615,.T.);
#8613=EDGE_CURVE('',#64,#420,#8616,.F.);
#8614=EDGE_CURVE('',#420,#430,#8617,.T.);
#8615=EDGE_CURVE('',#430,#64,#8618,.T.);
#8616=LINE('',#63,#8619);
#8617=LINE('',#419,#8620);
#8618=LINE('',#429,#8621);
#8619=VECTOR('',#8622,1.0);
#8620=VECTOR('',#8623,1.0);
#8621=VECTOR('',#8624,1.0);
#8622=DIRECTION('',(-0.02179253199821116,0.014495032751103755,-0.9996574311106038));
#8623=DIRECTION('',(0.8326374333005123,-0.5538184762778638,0));
#8624=DIRECTION('',(0,0,1));
#8625=STYLED_ITEM('',(#18),#8626);
#8626=FACE_SURFACE('',(#8631),#8627,.T.);
#8627=PLANE('',#8628);
#8628=AXIS2_PLACEMENT_3D('',#133,#8629,#8630);
#8629=DIRECTION('',(0.44262881635750506,0.8967049296897804,-0));
#8630=DIRECTION('',(0,0,1));
#8631=FACE_BOUND('',#8632,.T.);
#8632=EDGE_LOOP('',(#8633,#8634,#8635));
#8633=ORIENTED_EDGE('',*,*,#8636,.T.);
#8634=ORIENTED_EDGE('',*,*,#8637,.T.);
#8635=ORIENTED_EDGE('',*,*,#8638,.T.);
#8636=EDGE_CURVE('',#134,#56,#8639,.F.);
#8637=EDGE_CURVE('',#56,#136,#8640,.T.);
#8638=EDGE_CURVE('',#136,#134,#8641,.T.);
#8639=LINE('',#133,#8642);
#8640=LINE('',#55,#8643);
#8641=LINE('',#135,#8644);
#8642=VECTOR('',#8645,1.0);
#8643=VECTOR('',#8646,1.0);
#8644=VECTOR('',#8647,1.0);
#8645=DIRECTION('',(0,0,1));
#8646=DIRECTION('',(0.023491934137048906,-0.011596018552755962,-0.99965677178931));
#8647=DIRECTION('',(-0.8967049296897804,0.44262881635750506,0));
#8648=STYLED_ITEM('',(#18),#8649);
#8649=FACE_SURFACE('',(#8654),#8650,.T.);
#8650=PLANE('',#8651);
#8651=AXIS2_PLACEMENT_3D('',#239,#8652,#8653);
#8652=DIRECTION('',(0.5538184762778626,0.8326374333005131,0));
#8653=DIRECTION('',(0.8326374333005132,-0.5538184762778627,0));
#8654=FACE_BOUND('',#8655,.T.);
#8655=EDGE_LOOP('',(#8656,#8657,#8658));
#8656=ORIENTED_EDGE('',*,*,#8659,.T.);
#8657=ORIENTED_EDGE('',*,*,#8660,.T.);
#8658=ORIENTED_EDGE('',*,*,#8661,.T.);
#8659=EDGE_CURVE('',#240,#56,#8662,.F.);
#8660=EDGE_CURVE('',#56,#362,#8663,.T.);
#8661=EDGE_CURVE('',#362,#240,#8664,.T.);
#8662=LINE('',#239,#8665);
#8663=LINE('',#55,#8666);
#8664=LINE('',#361,#8667);
#8665=VECTOR('',#8668,1.0);
#8666=VECTOR('',#8669,1.0);
#8667=VECTOR('',#8670,1.0);
#8668=DIRECTION('',(0.8326374333005132,-0.5538184762778627,0));
#8669=DIRECTION('',(-0.02179253199821116,0.014495032751103712,-0.9996574311106038));
#8670=DIRECTION('',(0,0,1));
#8671=STYLED_ITEM('',(#18),#8672);
#8672=FACE_SURFACE('',(#8677),#8673,.T.);
#8673=PLANE('',#8674);
#8674=AXIS2_PLACEMENT_3D('',#239,#8675,#8676);
#8675=DIRECTION('',(0.6598537015031961,0.7513940993995967,0));
#8676=DIRECTION('',(0,0,-1));
#8677=FACE_BOUND('',#8678,.T.);
#8678=EDGE_LOOP('',(#8679,#8680,#8681));
#8679=ORIENTED_EDGE('',*,*,#8682,.T.);
#8680=ORIENTED_EDGE('',*,*,#8683,.T.);
#8681=ORIENTED_EDGE('',*,*,#8684,.T.);
#8682=EDGE_CURVE('',#240,#362,#8685,.F.);
#8683=EDGE_CURVE('',#362,#104,#8686,.T.);
#8684=EDGE_CURVE('',#104,#240,#8687,.T.);
#8685=LINE('',#239,#8688);
#8686=LINE('',#361,#8689);
#8687=LINE('',#103,#8690);
#8688=VECTOR('',#8691,1.0);
#8689=VECTOR('',#8692,1.0);
#8690=VECTOR('',#8693,1.0);
#8691=DIRECTION('',(0,0,-1));
#8692=DIRECTION('',(-0.01969323279553108,0.017294057226532288,0.999656487082791));
#8693=DIRECTION('',(0.7513940993995967,-0.659853701503196,0));
#8694=STYLED_ITEM('',(#18),#8695);
#8695=FACE_SURFACE('',(#8700),#8696,.T.);
#8696=PLANE('',#8697);
#8697=AXIS2_PLACEMENT_3D('',#145,#8698,#8699);
#8698=DIRECTION('',(0.6598537015031961,0.7513940993995967,-0));
#8699=DIRECTION('',(0,0,1));
#8700=FACE_BOUND('',#8701,.T.);
#8701=EDGE_LOOP('',(#8702,#8703,#8704));
#8702=ORIENTED_EDGE('',*,*,#8705,.T.);
#8703=ORIENTED_EDGE('',*,*,#8706,.T.);
#8704=ORIENTED_EDGE('',*,*,#8707,.T.);
#8705=EDGE_CURVE('',#146,#104,#8708,.F.);
#8706=EDGE_CURVE('',#104,#362,#8709,.T.);
#8707=EDGE_CURVE('',#362,#146,#8710,.T.);
#8708=LINE('',#145,#8711);
#8709=LINE('',#103,#8712);
#8710=LINE('',#361,#8713);
#8711=VECTOR('',#8714,1.0);
#8712=VECTOR('',#8715,1.0);
#8713=VECTOR('',#8716,1.0);
#8714=DIRECTION('',(0,0,1));
#8715=DIRECTION('',(0.01969323279553108,-0.017294057226532288,-0.999656487082791));
#8716=DIRECTION('',(-0.7513940993995967,0.659853701503196,0));
#8717=STYLED_ITEM('',(#18),#8718);
#8718=FACE_SURFACE('',(#8723),#8719,.T.);
#8719=PLANE('',#8720);
#8720=AXIS2_PLACEMENT_3D('',#63,#8721,#8722);
#8721=DIRECTION('',(-0.6598537015031978,-0.7513940993995952,-0));
#8722=DIRECTION('',(0,0,-1));
#8723=FACE_BOUND('',#8724,.T.);
#8724=EDGE_LOOP('',(#8725,#8726,#8727));
#8725=ORIENTED_EDGE('',*,*,#8728,.T.);
#8726=ORIENTED_EDGE('',*,*,#8729,.T.);
#8727=ORIENTED_EDGE('',*,*,#8730,.T.);
#8728=EDGE_CURVE('',#64,#430,#8731,.F.);
#8729=EDGE_CURVE('',#430,#334,#8732,.T.);
#8730=EDGE_CURVE('',#334,#64,#8733,.T.);
#8731=LINE('',#63,#8734);
#8732=LINE('',#429,#8735);
#8733=LINE('',#333,#8736);
#8734=VECTOR('',#8737,1.0);
#8735=VECTOR('',#8738,1.0);
#8736=VECTOR('',#8739,1.0);
#8737=DIRECTION('',(0,0,-1));
#8738=DIRECTION('',(0.7513940993995951,-0.6598537015031978,0));
#8739=DIRECTION('',(-0.01969323279553099,0.017294057226532288,0.999656487082791));
#8740=STYLED_ITEM('',(#18),#8741);
#8741=FACE_SURFACE('',(#8746),#8742,.T.);
#8742=PLANE('',#8743);
#8743=AXIS2_PLACEMENT_3D('',#335,#8744,#8745);
#8744=DIRECTION('',(-0.8326374333005133,-0.5538184762778623,0));
#8745=DIRECTION('',(0.5538184762778623,-0.8326374333005133,0));
#8746=FACE_BOUND('',#8747,.T.);
#8747=EDGE_LOOP('',(#8748,#8749,#8750));
#8748=ORIENTED_EDGE('',*,*,#8751,.T.);
#8749=ORIENTED_EDGE('',*,*,#8752,.T.);
#8750=ORIENTED_EDGE('',*,*,#8753,.T.);
#8751=EDGE_CURVE('',#336,#436,#8754,.F.);
#8752=EDGE_CURVE('',#436,#192,#8755,.T.);
#8753=EDGE_CURVE('',#192,#336,#8756,.T.);
#8754=LINE('',#335,#8757);
#8755=LINE('',#435,#8758);
#8756=LINE('',#191,#8759);
#8757=VECTOR('',#8760,1.0);
#8758=VECTOR('',#8761,1.0);
#8759=VECTOR('',#8762,1.0);
#8760=DIRECTION('',(0.5538184762778623,-0.8326374333005133,0));
#8761=DIRECTION('',(0,0,1));
#8762=DIRECTION('',(-0.014495032751103712,0.02179253199821118,-0.9996574311106038));
#8763=STYLED_ITEM('',(#18),#8764);
#8764=FACE_SURFACE('',(#8769),#8765,.T.);
#8765=PLANE('',#8766);
#8766=AXIS2_PLACEMENT_3D('',#189,#8767,#8768);
#8767=DIRECTION('',(-0.8967049296897794,-0.44262881635750706,-0));
#8768=DIRECTION('',(-0.4426288163575071,0.8967049296897794,0));
#8769=FACE_BOUND('',#8770,.T.);
#8770=EDGE_LOOP('',(#8771,#8772,#8773));
#8771=ORIENTED_EDGE('',*,*,#8774,.T.);
#8772=ORIENTED_EDGE('',*,*,#8775,.T.);
#8773=ORIENTED_EDGE('',*,*,#8776,.T.);
#8774=EDGE_CURVE('',#190,#192,#8777,.F.);
#8775=EDGE_CURVE('',#192,#434,#8778,.T.);
#8776=EDGE_CURVE('',#434,#190,#8779,.T.);
#8777=LINE('',#189,#8780);
#8778=LINE('',#191,#8781);
#8779=LINE('',#433,#8782);
#8780=VECTOR('',#8783,1.0);
#8781=VECTOR('',#8784,1.0);
#8782=VECTOR('',#8785,1.0);
#8783=DIRECTION('',(-0.4426288163575071,0.8967049296897794,0));
#8784=DIRECTION('',(0.011596018552755962,-0.02349193413704877,-0.99965677178931));
#8785=DIRECTION('',(0,0,1));
#8786=STYLED_ITEM('',(#18),#8787);
#8787=FACE_SURFACE('',(#8792),#8788,.T.);
#8788=PLANE('',#8789);
#8789=AXIS2_PLACEMENT_3D('',#435,#8790,#8791);
#8790=DIRECTION('',(-0.8967049296897794,-0.44262881635750706,0));
#8791=DIRECTION('',(0.4426288163575071,-0.8967049296897794,0));
#8792=FACE_BOUND('',#8793,.T.);
#8793=EDGE_LOOP('',(#8794,#8795,#8796));
#8794=ORIENTED_EDGE('',*,*,#8797,.T.);
#8795=ORIENTED_EDGE('',*,*,#8798,.T.);
#8796=ORIENTED_EDGE('',*,*,#8799,.T.);
#8797=EDGE_CURVE('',#436,#434,#8800,.F.);
#8798=EDGE_CURVE('',#434,#192,#8801,.T.);
#8799=EDGE_CURVE('',#192,#436,#8802,.T.);
#8800=LINE('',#435,#8803);
#8801=LINE('',#433,#8804);
#8802=LINE('',#191,#8805);
#8803=VECTOR('',#8806,1.0);
#8804=VECTOR('',#8807,1.0);
#8805=VECTOR('',#8808,1.0);
#8806=DIRECTION('',(0.4426288163575071,-0.8967049296897794,0));
#8807=DIRECTION('',(-0.011596018552755962,0.02349193413704877,0.99965677178931));
#8808=DIRECTION('',(0,0,-1));
#8809=STYLED_ITEM('',(#18),#8810);
#8810=FACE_SURFACE('',(#8815),#8811,.T.);
#8811=PLANE('',#8812);
#8812=AXIS2_PLACEMENT_3D('',#147,#8813,#8814);
#8813=DIRECTION('',(0.1946479818893714,0.9808731636385997,-0));
#8814=DIRECTION('',(0,0,1));
#8815=FACE_BOUND('',#8816,.T.);
#8816=EDGE_LOOP('',(#8817,#8818,#8819));
#8817=ORIENTED_EDGE('',*,*,#8820,.T.);
#8818=ORIENTED_EDGE('',*,*,#8821,.T.);
#8819=ORIENTED_EDGE('',*,*,#8822,.T.);
#8820=EDGE_CURVE('',#148,#238,#8823,.F.);
#8821=EDGE_CURVE('',#238,#150,#8824,.T.);
#8822=EDGE_CURVE('',#150,#148,#8825,.T.);
#8823=LINE('',#147,#8826);
#8824=LINE('',#237,#8827);
#8825=LINE('',#149,#8828);
#8826=VECTOR('',#8829,1.0);
#8827=VECTOR('',#8830,1.0);
#8828=VECTOR('',#8831,1.0);
#8829=DIRECTION('',(0,0,1));
#8830=DIRECTION('',(0.025691183014385995,-0.005098250325811994,-0.9996569266297997));
#8831=DIRECTION('',(-0.9808731636385997,0.1946479818893714,0));
#8832=STYLED_ITEM('',(#18),#8833);
#8833=FACE_SURFACE('',(#8838),#8834,.T.);
#8834=PLANE('',#8835);
#8835=AXIS2_PLACEMENT_3D('',#189,#8836,#8837);
#8836=DIRECTION('',(-0.9471445756278127,-0.3208070336803899,-0));
#8837=DIRECTION('',(0,0,-1));
#8838=FACE_BOUND('',#8839,.T.);
#8839=EDGE_LOOP('',(#8840,#8841,#8842));
#8840=ORIENTED_EDGE('',*,*,#8843,.T.);
#8841=ORIENTED_EDGE('',*,*,#8844,.T.);
#8842=ORIENTED_EDGE('',*,*,#8845,.T.);
#8843=EDGE_CURVE('',#190,#434,#8846,.F.);
#8844=EDGE_CURVE('',#434,#346,#8847,.T.);
#8845=EDGE_CURVE('',#346,#190,#8848,.T.);
#8846=LINE('',#189,#8849);
#8847=LINE('',#433,#8850);
#8848=LINE('',#345,#8851);
#8849=VECTOR('',#8852,1.0);
#8850=VECTOR('',#8853,1.0);
#8851=VECTOR('',#8854,1.0);
#8852=DIRECTION('',(0,0,-1));
#8853=DIRECTION('',(0.3208070336803899,-0.9471445756278127,0));
#8854=DIRECTION('',(-0.0083971219598038,0.024791502928944418,0.9996573761671128));
#8855=STYLED_ITEM('',(#18),#8856);
#8856=FACE_SURFACE('',(#8861),#8857,.T.);
#8857=PLANE('',#8858);
#8858=AXIS2_PLACEMENT_3D('',#57,#8859,#8860);
#8859=DIRECTION('',(0.32080703368039293,0.9471445756278115,0));
#8860=DIRECTION('',(0.9471445756278115,-0.32080703368039293,0));
#8861=FACE_BOUND('',#8862,.T.);
#8862=EDGE_LOOP('',(#8863,#8864,#8865));
#8863=ORIENTED_EDGE('',*,*,#8866,.T.);
#8864=ORIENTED_EDGE('',*,*,#8867,.T.);
#8865=ORIENTED_EDGE('',*,*,#8868,.T.);
#8866=EDGE_CURVE('',#58,#238,#8869,.F.);
#8867=EDGE_CURVE('',#238,#136,#8870,.T.);
#8868=EDGE_CURVE('',#136,#58,#8871,.T.);
#8869=LINE('',#57,#8872);
#8870=LINE('',#237,#8873);
#8871=LINE('',#135,#8874);
#8872=VECTOR('',#8875,1.0);
#8873=VECTOR('',#8876,1.0);
#8874=VECTOR('',#8877,1.0);
#8875=DIRECTION('',(0.9471445756278115,-0.32080703368039293,0));
#8876=DIRECTION('',(-0.02479150292894415,0.0083971219598038,-0.9996573761671128));
#8877=DIRECTION('',(0,0,1));
#8878=STYLED_ITEM('',(#18),#8879);
#8879=FACE_SURFACE('',(#8884),#8880,.T.);
#8880=PLANE('',#8881);
#8881=AXIS2_PLACEMENT_3D('',#147,#8882,#8883);
#8882=DIRECTION('',(0.32080703368039293,0.9471445756278115,-0));
#8883=DIRECTION('',(-0.9471445756278115,0.32080703368039293,0));
#8884=FACE_BOUND('',#8885,.T.);
#8885=EDGE_LOOP('',(#8886,#8887,#8888));
#8886=ORIENTED_EDGE('',*,*,#8889,.T.);
#8887=ORIENTED_EDGE('',*,*,#8890,.T.);
#8888=ORIENTED_EDGE('',*,*,#8891,.T.);
#8889=EDGE_CURVE('',#148,#136,#8892,.F.);
#8890=EDGE_CURVE('',#136,#238,#8893,.T.);
#8891=EDGE_CURVE('',#238,#148,#8894,.T.);
#8892=LINE('',#147,#8895);
#8893=LINE('',#135,#8896);
#8894=LINE('',#237,#8897);
#8895=VECTOR('',#8898,1.0);
#8896=VECTOR('',#8899,1.0);
#8897=VECTOR('',#8900,1.0);
#8898=DIRECTION('',(-0.9471445756278115,0.32080703368039293,0));
#8899=DIRECTION('',(0.02479150292894415,-0.0083971219598038,0.9996573761671128));
#8900=DIRECTION('',(0,0,-1));
#8901=STYLED_ITEM('',(#18),#8902);
#8902=FACE_SURFACE('',(#8907),#8903,.T.);
#8903=PLANE('',#8904);
#8904=AXIS2_PLACEMENT_3D('',#203,#8905,#8906);
#8905=DIRECTION('',(-0.8326374333005069,0.5538184762778721,0));
#8906=DIRECTION('',(0,0,-1));
#8907=FACE_BOUND('',#8908,.T.);
#8908=EDGE_LOOP('',(#8909,#8910,#8911));
#8909=ORIENTED_EDGE('',*,*,#8912,.T.);
#8910=ORIENTED_EDGE('',*,*,#8913,.T.);
#8911=ORIENTED_EDGE('',*,*,#8914,.T.);
#8912=EDGE_CURVE('',#204,#328,#8915,.F.);
#8913=EDGE_CURVE('',#328,#154,#8916,.T.);
#8914=EDGE_CURVE('',#154,#204,#8917,.T.);
#8915=LINE('',#203,#8918);
#8916=LINE('',#327,#8919);
#8917=LINE('',#153,#8920);
#8918=VECTOR('',#8921,1.0);
#8919=VECTOR('',#8922,1.0);
#8920=VECTOR('',#8923,1.0);
#8921=DIRECTION('',(0,0,-1));
#8922=DIRECTION('',(-0.5538184762778721,-0.8326374333005069,0));
#8923=DIRECTION('',(0.014495032751104068,0.02179253199821116,0.9996574311106038));
#8924=STYLED_ITEM('',(#18),#8925);
#8925=FACE_SURFACE('',(#8930),#8926,.T.);
#8926=PLANE('',#8927);
#8927=AXIS2_PLACEMENT_3D('',#277,#8928,#8929);
#8928=DIRECTION('',(-0.9976303284229832,-0.06880209161537733,0));
#8929=DIRECTION('',(0.06880209161537733,-0.9976303284229832,0));
#8930=FACE_BOUND('',#8931,.T.);
#8931=EDGE_LOOP('',(#8932,#8933,#8934));
#8932=ORIENTED_EDGE('',*,*,#8935,.T.);
#8933=ORIENTED_EDGE('',*,*,#8936,.T.);
#8934=ORIENTED_EDGE('',*,*,#8937,.T.);
#8935=EDGE_CURVE('',#278,#276,#8938,.F.);
#8936=EDGE_CURVE('',#276,#72,#8939,.T.);
#8937=EDGE_CURVE('',#72,#278,#8940,.T.);
#8938=LINE('',#277,#8941);
#8939=LINE('',#275,#8942);
#8940=LINE('',#71,#8943);
#8941=VECTOR('',#8944,1.0);
#8942=VECTOR('',#8945,1.0);
#8943=VECTOR('',#8946,1.0);
#8944=DIRECTION('',(0.06880209161537733,-0.9976303284229832,0));
#8945=DIRECTION('',(0,0,1));
#8946=DIRECTION('',(-0.0017993843110381909,0.02609107251005408,-0.9996579505767841));
#8947=STYLED_ITEM('',(#18),#8948);
#8948=FACE_SURFACE('',(#8953),#8949,.T.);
#8949=PLANE('',#8950);
#8950=AXIS2_PLACEMENT_3D('',#71,#8951,#8952);
#8951=DIRECTION('',(-0.9976303284229832,0.06880209161537733,0));
#8952=DIRECTION('',(0,0,-1));
#8953=FACE_BOUND('',#8954,.T.);
#8954=EDGE_LOOP('',(#8955,#8956,#8957));
#8955=ORIENTED_EDGE('',*,*,#8958,.T.);
#8956=ORIENTED_EDGE('',*,*,#8959,.T.);
#8957=ORIENTED_EDGE('',*,*,#8960,.T.);
#8958=EDGE_CURVE('',#72,#276,#8961,.F.);
#8959=EDGE_CURVE('',#276,#174,#8962,.T.);
#8960=EDGE_CURVE('',#174,#72,#8963,.T.);
#8961=LINE('',#71,#8964);
#8962=LINE('',#275,#8965);
#8963=LINE('',#173,#8966);
#8964=VECTOR('',#8967,1.0);
#8965=VECTOR('',#8968,1.0);
#8966=VECTOR('',#8969,1.0);
#8967=DIRECTION('',(0,0,-1));
#8968=DIRECTION('',(-0.06880209161537733,-0.9976303284229832,0));
#8969=DIRECTION('',(0.0017993843110381909,0.02609107251005408,0.9996579505767841));
#8970=STYLED_ITEM('',(#18),#8971);
#8971=FACE_SURFACE('',(#8976),#8972,.T.);
#8972=PLANE('',#8973);
#8973=AXIS2_PLACEMENT_3D('',#151,#8974,#8975);
#8974=DIRECTION('',(-0.6598537015031994,0.7513940993995938,0));
#8975=DIRECTION('',(-0.7513940993995937,-0.6598537015031994,0));
#8976=FACE_BOUND('',#8977,.T.);
#8977=EDGE_LOOP('',(#8978,#8979,#8980));
#8978=ORIENTED_EDGE('',*,*,#8981,.T.);
#8979=ORIENTED_EDGE('',*,*,#8982,.T.);
#8980=ORIENTED_EDGE('',*,*,#8983,.T.);
#8981=EDGE_CURVE('',#152,#156,#8984,.F.);
#8982=EDGE_CURVE('',#156,#178,#8985,.T.);
#8983=EDGE_CURVE('',#178,#152,#8986,.T.);
#8984=LINE('',#151,#8987);
#8985=LINE('',#155,#8988);
#8986=LINE('',#177,#8989);
#8987=VECTOR('',#8990,1.0);
#8988=VECTOR('',#8991,1.0);
#8989=VECTOR('',#8992,1.0);
#8990=DIRECTION('',(-0.7513940993995937,-0.6598537015031994,0));
#8991=DIRECTION('',(0,0,1));
#8992=DIRECTION('',(0.0196932327955309,0.017294057226532288,-0.999656487082791));
#8993=STYLED_ITEM('',(#18),#8994);
#8994=FACE_SURFACE('',(#8999),#8995,.T.);
#8995=PLANE('',#8996);
#8996=AXIS2_PLACEMENT_3D('',#179,#8997,#8998);
#8997=DIRECTION('',(-0.5538184762778626,0.8326374333005131,0));
#8998=DIRECTION('',(0.8326374333005132,0.5538184762778627,0));
#8999=FACE_BOUND('',#9000,.T.);
#9000=EDGE_LOOP('',(#9001,#9002,#9003));
#9001=ORIENTED_EDGE('',*,*,#9004,.T.);
#9002=ORIENTED_EDGE('',*,*,#9005,.T.);
#9003=ORIENTED_EDGE('',*,*,#9006,.T.);
#9004=EDGE_CURVE('',#180,#178,#9007,.F.);
#9005=EDGE_CURVE('',#178,#158,#9008,.T.);
#9006=EDGE_CURVE('',#158,#180,#9009,.T.);
#9007=LINE('',#179,#9010);
#9008=LINE('',#177,#9011);
#9009=LINE('',#157,#9012);
#9010=VECTOR('',#9013,1.0);
#9011=VECTOR('',#9014,1.0);
#9012=VECTOR('',#9015,1.0);
#9013=DIRECTION('',(0.8326374333005132,0.5538184762778627,0));
#9014=DIRECTION('',(-0.02179253199821116,-0.014495032751103712,-0.9996574311106038));
#9015=DIRECTION('',(0,0,1));
#9016=STYLED_ITEM('',(#18),#9017);
#9017=FACE_SURFACE('',(#9022),#9018,.T.);
#9018=PLANE('',#9019);
#9019=AXIS2_PLACEMENT_3D('',#155,#9020,#9021);
#9020=DIRECTION('',(-0.5538184762778626,0.8326374333005131,0));
#9021=DIRECTION('',(-0.8326374333005132,-0.5538184762778627,0));
#9022=FACE_BOUND('',#9023,.T.);
#9023=EDGE_LOOP('',(#9024,#9025,#9026));
#9024=ORIENTED_EDGE('',*,*,#9027,.T.);
#9025=ORIENTED_EDGE('',*,*,#9028,.T.);
#9026=ORIENTED_EDGE('',*,*,#9029,.T.);
#9027=EDGE_CURVE('',#156,#158,#9030,.F.);
#9028=EDGE_CURVE('',#158,#178,#9031,.T.);
#9029=EDGE_CURVE('',#178,#156,#9032,.T.);
#9030=LINE('',#155,#9033);
#9031=LINE('',#157,#9034);
#9032=LINE('',#177,#9035);
#9033=VECTOR('',#9036,1.0);
#9034=VECTOR('',#9037,1.0);
#9035=VECTOR('',#9038,1.0);
#9036=DIRECTION('',(-0.8326374333005132,-0.5538184762778627,0));
#9037=DIRECTION('',(0.02179253199821116,0.014495032751103712,0.9996574311106038));
#9038=DIRECTION('',(0,0,-1));
#9039=STYLED_ITEM('',(#18),#9040);
#9040=FACE_SURFACE('',(#9045),#9041,.T.);
#9041=PLANE('',#9042);
#9042=AXIS2_PLACEMENT_3D('',#173,#9043,#9044);
#9043=DIRECTION('',(-0.9808731636385993,0.1946479818893727,0));
#9044=DIRECTION('',(-0.19464798188937268,-0.9808731636385993,0));
#9045=FACE_BOUND('',#9046,.T.);
#9046=EDGE_LOOP('',(#9047,#9048,#9049));
#9047=ORIENTED_EDGE('',*,*,#9050,.T.);
#9048=ORIENTED_EDGE('',*,*,#9051,.T.);
#9049=ORIENTED_EDGE('',*,*,#9052,.T.);
#9050=EDGE_CURVE('',#174,#172,#9053,.F.);
#9051=EDGE_CURVE('',#172,#80,#9054,.T.);
#9052=EDGE_CURVE('',#80,#174,#9055,.T.);
#9053=LINE('',#173,#9056);
#9054=LINE('',#171,#9057);
#9055=LINE('',#79,#9058);
#9056=VECTOR('',#9059,1.0);
#9057=VECTOR('',#9060,1.0);
#9058=VECTOR('',#9061,1.0);
#9059=DIRECTION('',(-0.19464798188937268,-0.9808731636385993,0));
#9060=DIRECTION('',(0,0,1));
#9061=DIRECTION('',(0.005098250325811994,0.02569118301438582,-0.9996569266297997));
#9062=STYLED_ITEM('',(#18),#9063);
#9063=FACE_SURFACE('',(#9068),#9064,.T.);
#9064=PLANE('',#9065);
#9065=AXIS2_PLACEMENT_3D('',#167,#9066,#9067);
#9066=DIRECTION('',(-0.9471445756278127,0.3208070336803899,0));
#9067=DIRECTION('',(0,0,1));
#9068=FACE_BOUND('',#9069,.T.);
#9069=EDGE_LOOP('',(#9070,#9071,#9072));
#9070=ORIENTED_EDGE('',*,*,#9073,.T.);
#9071=ORIENTED_EDGE('',*,*,#9074,.T.);
#9072=ORIENTED_EDGE('',*,*,#9075,.T.);
#9073=EDGE_CURVE('',#168,#100,#9076,.F.);
#9074=EDGE_CURVE('',#100,#172,#9077,.T.);
#9075=EDGE_CURVE('',#172,#168,#9078,.T.);
#9076=LINE('',#167,#9079);
#9077=LINE('',#99,#9080);
#9078=LINE('',#171,#9081);
#9079=VECTOR('',#9082,1.0);
#9080=VECTOR('',#9083,1.0);
#9081=VECTOR('',#9084,1.0);
#9082=DIRECTION('',(0,0,1));
#9083=DIRECTION('',(0.0083971219598038,0.024791502928944418,-0.9996573761671128));
#9084=DIRECTION('',(-0.3208070336803899,-0.9471445756278127,0));
#9085=STYLED_ITEM('',(#18),#9086);
#9086=FACE_SURFACE('',(#9091),#9087,.T.);
#9087=PLANE('',#9088);
#9088=AXIS2_PLACEMENT_3D('',#79,#9089,#9090);
#9089=DIRECTION('',(-0.9471445756278127,0.3208070336803899,0));
#9090=DIRECTION('',(0,0,-1));
#9091=FACE_BOUND('',#9092,.T.);
#9092=EDGE_LOOP('',(#9093,#9094,#9095));
#9093=ORIENTED_EDGE('',*,*,#9096,.T.);
#9094=ORIENTED_EDGE('',*,*,#9097,.T.);
#9095=ORIENTED_EDGE('',*,*,#9098,.T.);
#9096=EDGE_CURVE('',#80,#172,#9099,.F.);
#9097=EDGE_CURVE('',#172,#100,#9100,.T.);
#9098=EDGE_CURVE('',#100,#80,#9101,.T.);
#9099=LINE('',#79,#9102);
#9100=LINE('',#171,#9103);
#9101=LINE('',#99,#9104);
#9102=VECTOR('',#9105,1.0);
#9103=VECTOR('',#9106,1.0);
#9104=VECTOR('',#9107,1.0);
#9105=DIRECTION('',(0,0,-1));
#9106=DIRECTION('',(-0.0083971219598038,-0.024791502928944418,0.9996573761671128));
#9107=DIRECTION('',(0.3208070336803899,0.9471445756278127,0));
#9108=STYLED_ITEM('',(#18),#9109);
#9109=FACE_SURFACE('',(#9114),#9110,.T.);
#9110=PLANE('',#9111);
#9111=AXIS2_PLACEMENT_3D('',#159,#9112,#9113);
#9112=DIRECTION('',(-0.44262881635750234,0.8967049296897817,0));
#9113=DIRECTION('',(0,0,1));
#9114=FACE_BOUND('',#9115,.T.);
#9115=EDGE_LOOP('',(#9116,#9117,#9118));
#9116=ORIENTED_EDGE('',*,*,#9119,.T.);
#9117=ORIENTED_EDGE('',*,*,#9120,.T.);
#9118=ORIENTED_EDGE('',*,*,#9121,.T.);
#9119=EDGE_CURVE('',#160,#182,#9122,.F.);
#9120=EDGE_CURVE('',#182,#158,#9123,.T.);
#9121=EDGE_CURVE('',#158,#160,#9124,.T.);
#9122=LINE('',#159,#9125);
#9123=LINE('',#181,#9126);
#9124=LINE('',#157,#9127);
#9125=VECTOR('',#9128,1.0);
#9126=VECTOR('',#9129,1.0);
#9127=VECTOR('',#9130,1.0);
#9128=DIRECTION('',(0,0,1));
#9129=DIRECTION('',(0.023491934137049083,0.011596018552755962,-0.99965677178931));
#9130=DIRECTION('',(-0.8967049296897817,-0.44262881635750234,0));
#9131=STYLED_ITEM('',(#18),#9132);
#9132=FACE_SURFACE('',(#9137),#9133,.T.);
#9133=PLANE('',#9134);
#9134=AXIS2_PLACEMENT_3D('',#99,#9135,#9136);
#9135=DIRECTION('',(-0.8967049296897798,0.4426288163575064,0));
#9136=DIRECTION('',(0,0,-1));
#9137=FACE_BOUND('',#9138,.T.);
#9138=EDGE_LOOP('',(#9139,#9140,#9141));
#9139=ORIENTED_EDGE('',*,*,#9142,.T.);
#9140=ORIENTED_EDGE('',*,*,#9143,.T.);
#9141=ORIENTED_EDGE('',*,*,#9144,.T.);
#9142=EDGE_CURVE('',#100,#168,#9145,.F.);
#9143=EDGE_CURVE('',#168,#166,#9146,.T.);
#9144=EDGE_CURVE('',#166,#100,#9147,.T.);
#9145=LINE('',#99,#9148);
#9146=LINE('',#167,#9149);
#9147=LINE('',#165,#9150);
#9148=VECTOR('',#9151,1.0);
#9149=VECTOR('',#9152,1.0);
#9150=VECTOR('',#9153,1.0);
#9151=DIRECTION('',(0,0,-1));
#9152=DIRECTION('',(-0.44262881635750634,-0.8967049296897797,0));
#9153=DIRECTION('',(0.011596018552755962,0.023491934137048816,0.99965677178931));
#9154=STYLED_ITEM('',(#18),#9155);
#9155=FACE_SURFACE('',(#9160),#9156,.T.);
#9156=PLANE('',#9157);
#9157=AXIS2_PLACEMENT_3D('',#125,#9158,#9159);
#9158=DIRECTION('',(0.06880209161537733,0.9976303284229832,0));
#9159=DIRECTION('',(0,0,-1));
#9160=FACE_BOUND('',#9161,.T.);
#9161=EDGE_LOOP('',(#9162,#9163,#9164));
#9162=ORIENTED_EDGE('',*,*,#9165,.T.);
#9163=ORIENTED_EDGE('',*,*,#9166,.T.);
#9164=ORIENTED_EDGE('',*,*,#9167,.T.);
#9165=EDGE_CURVE('',#126,#370,#9168,.F.);
#9166=EDGE_CURVE('',#370,#368,#9169,.T.);
#9167=EDGE_CURVE('',#368,#126,#9170,.T.);
#9168=LINE('',#125,#9171);
#9169=LINE('',#369,#9172);
#9170=LINE('',#367,#9173);
#9171=VECTOR('',#9174,1.0);
#9172=VECTOR('',#9175,1.0);
#9173=VECTOR('',#9176,1.0);
#9174=DIRECTION('',(0,0,-1));
#9175=DIRECTION('',(-0.9976303284229832,0.06880209161537733,0));
#9176=DIRECTION('',(0.02609107251005408,-0.0017993843110381909,0.9996579505767841));
#9177=STYLED_ITEM('',(#18),#9178);
#9178=FACE_SURFACE('',(#9183),#9179,.T.);
#9179=PLANE('',#9180);
#9180=AXIS2_PLACEMENT_3D('',#243,#9181,#9182);
#9181=DIRECTION('',(0.1946479818893727,0.9808731636385993,0));
#9182=DIRECTION('',(0.02569118301438582,-0.005098250325811994,-0.9996569266297997));
#9183=FACE_BOUND('',#9184,.T.);
#9184=EDGE_LOOP('',(#9185,#9186,#9187));
#9185=ORIENTED_EDGE('',*,*,#9188,.T.);
#9186=ORIENTED_EDGE('',*,*,#9189,.T.);
#9187=ORIENTED_EDGE('',*,*,#9190,.T.);
#9188=EDGE_CURVE('',#244,#368,#9191,.F.);
#9189=EDGE_CURVE('',#368,#366,#9192,.T.);
#9190=EDGE_CURVE('',#366,#244,#9193,.T.);
#9191=LINE('',#243,#9194);
#9192=LINE('',#367,#9195);
#9193=LINE('',#365,#9196);
#9194=VECTOR('',#9197,1.0);
#9195=VECTOR('',#9198,1.0);
#9196=VECTOR('',#9199,1.0);
#9197=DIRECTION('',(0.02569118301438582,-0.005098250325811994,-0.9996569266297997));
#9198=DIRECTION('',(-0.9808731636385993,0.19464798188937268,0));
#9199=DIRECTION('',(0,0,1));
#9200=STYLED_ITEM('',(#18),#9201);
#9201=FACE_SURFACE('',(#9206),#9202,.T.);
#9202=PLANE('',#9203);
#9203=AXIS2_PLACEMENT_3D('',#169,#9204,#9205);
#9204=DIRECTION('',(0.8967049296897798,0.4426288163575064,-0));
#9205=DIRECTION('',(0,0,1));
#9206=FACE_BOUND('',#9207,.T.);
#9207=EDGE_LOOP('',(#9208,#9209,#9210));
#9208=ORIENTED_EDGE('',*,*,#9211,.T.);
#9209=ORIENTED_EDGE('',*,*,#9212,.T.);
#9210=ORIENTED_EDGE('',*,*,#9213,.T.);
#9211=EDGE_CURVE('',#170,#76,#9214,.F.);
#9212=EDGE_CURVE('',#76,#142,#9215,.T.);
#9213=EDGE_CURVE('',#142,#170,#9216,.T.);
#9214=LINE('',#169,#9217);
#9215=LINE('',#75,#9218);
#9216=LINE('',#141,#9219);
#9217=VECTOR('',#9220,1.0);
#9218=VECTOR('',#9221,1.0);
#9219=VECTOR('',#9222,1.0);
#9220=DIRECTION('',(0,0,1));
#9221=DIRECTION('',(0.011596018552755962,-0.023491934137048816,-0.99965677178931));
#9222=DIRECTION('',(-0.44262881635750634,0.8967049296897797,0));
#9223=STYLED_ITEM('',(#18),#9224);
#9224=FACE_SURFACE('',(#9229),#9225,.T.);
#9225=PLANE('',#9226);
#9226=AXIS2_PLACEMENT_3D('',#75,#9227,#9228);
#9227=DIRECTION('',(0.9471445756278136,0.3208070336803868,0));
#9228=DIRECTION('',(0,0,-1));
#9229=FACE_BOUND('',#9230,.T.);
#9230=EDGE_LOOP('',(#9231,#9232,#9233));
#9231=ORIENTED_EDGE('',*,*,#9234,.T.);
#9232=ORIENTED_EDGE('',*,*,#9235,.T.);
#9233=ORIENTED_EDGE('',*,*,#9236,.T.);
#9234=EDGE_CURVE('',#76,#170,#9237,.F.);
#9235=EDGE_CURVE('',#170,#176,#9238,.T.);
#9236=EDGE_CURVE('',#176,#76,#9239,.T.);
#9237=LINE('',#75,#9240);
#9238=LINE('',#169,#9241);
#9239=LINE('',#175,#9242);
#9240=VECTOR('',#9243,1.0);
#9241=VECTOR('',#9244,1.0);
#9242=VECTOR('',#9245,1.0);
#9243=DIRECTION('',(0,0,-1));
#9244=DIRECTION('',(-0.3208070336803868,0.9471445756278137,0));
#9245=DIRECTION('',(0.008397121959803711,-0.024791502928944418,0.9996573761671128));
#9246=STYLED_ITEM('',(#18),#9247);
#9247=FACE_SURFACE('',(#9252),#9248,.T.);
#9248=PLANE('',#9249);
#9249=AXIS2_PLACEMENT_3D('',#243,#9250,#9251);
#9250=DIRECTION('',(0.3208070336803899,0.9471445756278127,0));
#9251=DIRECTION('',(0,0,-1));
#9252=FACE_BOUND('',#9253,.T.);
#9253=EDGE_LOOP('',(#9254,#9255,#9256));
#9254=ORIENTED_EDGE('',*,*,#9257,.T.);
#9255=ORIENTED_EDGE('',*,*,#9258,.T.);
#9256=ORIENTED_EDGE('',*,*,#9259,.T.);
#9257=EDGE_CURVE('',#244,#366,#9260,.F.);
#9258=EDGE_CURVE('',#366,#374,#9261,.T.);
#9259=EDGE_CURVE('',#374,#244,#9262,.T.);
#9260=LINE('',#243,#9263);
#9261=LINE('',#365,#9264);
#9262=LINE('',#373,#9265);
#9263=VECTOR('',#9266,1.0);
#9264=VECTOR('',#9267,1.0);
#9265=VECTOR('',#9268,1.0);
#9266=DIRECTION('',(0,0,-1));
#9267=DIRECTION('',(-0.9471445756278127,0.3208070336803899,0));
#9268=DIRECTION('',(0.024791502928944418,-0.0083971219598038,0.9996573761671128));
#9269=STYLED_ITEM('',(#18),#9270);
#9270=FACE_SURFACE('',(#9275),#9271,.T.);
#9271=PLANE('',#9272);
#9272=AXIS2_PLACEMENT_3D('',#377,#9273,#9274);
#9273=DIRECTION('',(0.5538184762778623,0.8326374333005133,-0));
#9274=DIRECTION('',(0,0,1));
#9275=FACE_BOUND('',#9276,.T.);
#9276=EDGE_LOOP('',(#9277,#9278,#9279));
#9277=ORIENTED_EDGE('',*,*,#9280,.T.);
#9278=ORIENTED_EDGE('',*,*,#9281,.T.);
#9279=ORIENTED_EDGE('',*,*,#9282,.T.);
#9280=EDGE_CURVE('',#378,#248,#9283,.F.);
#9281=EDGE_CURVE('',#248,#376,#9284,.T.);
#9282=EDGE_CURVE('',#376,#378,#9285,.T.);
#9283=LINE('',#377,#9286);
#9284=LINE('',#247,#9287);
#9285=LINE('',#375,#9288);
#9286=VECTOR('',#9289,1.0);
#9287=VECTOR('',#9290,1.0);
#9288=VECTOR('',#9291,1.0);
#9289=DIRECTION('',(0,0,1));
#9290=DIRECTION('',(0.02179253199821118,-0.014495032751103712,-0.9996574311106038));
#9291=DIRECTION('',(-0.8326374333005133,0.5538184762778623,0));
#9292=STYLED_ITEM('',(#18),#9293);
#9293=FACE_SURFACE('',(#9298),#9294,.T.);
#9294=PLANE('',#9295);
#9295=AXIS2_PLACEMENT_3D('',#247,#9296,#9297);
#9296=DIRECTION('',(0.6598537015031981,0.7513940993995948,0));
#9297=DIRECTION('',(0,0,-1));
#9298=FACE_BOUND('',#9299,.T.);
#9299=EDGE_LOOP('',(#9300,#9301,#9302));
#9300=ORIENTED_EDGE('',*,*,#9303,.T.);
#9301=ORIENTED_EDGE('',*,*,#9304,.T.);
#9302=ORIENTED_EDGE('',*,*,#9305,.T.);
#9303=EDGE_CURVE('',#248,#378,#9306,.F.);
#9304=EDGE_CURVE('',#378,#250,#9307,.T.);
#9305=EDGE_CURVE('',#250,#248,#9308,.T.);
#9306=LINE('',#247,#9309);
#9307=LINE('',#377,#9310);
#9308=LINE('',#249,#9311);
#9309=VECTOR('',#9312,1.0);
#9310=VECTOR('',#9313,1.0);
#9311=VECTOR('',#9314,1.0);
#9312=DIRECTION('',(0,0,-1));
#9313=DIRECTION('',(-0.01969323279553097,0.017294057226532288,0.999656487082791));
#9314=DIRECTION('',(0.7513940993995948,-0.6598537015031981,0));
#9315=STYLED_ITEM('',(#18),#9316);
#9316=FACE_SURFACE('',(#9321),#9317,.T.);
#9317=PLANE('',#9318);
#9318=AXIS2_PLACEMENT_3D('',#379,#9319,#9320);
#9319=DIRECTION('',(0.6598537015031981,0.7513940993995948,-0));
#9320=DIRECTION('',(0,0,1));
#9321=FACE_BOUND('',#9322,.T.);
#9322=EDGE_LOOP('',(#9323,#9324,#9325));
#9323=ORIENTED_EDGE('',*,*,#9326,.T.);
#9324=ORIENTED_EDGE('',*,*,#9327,.T.);
#9325=ORIENTED_EDGE('',*,*,#9328,.T.);
#9326=EDGE_CURVE('',#380,#250,#9329,.F.);
#9327=EDGE_CURVE('',#250,#378,#9330,.T.);
#9328=EDGE_CURVE('',#378,#380,#9331,.T.);
#9329=LINE('',#379,#9332);
#9330=LINE('',#249,#9333);
#9331=LINE('',#377,#9334);
#9332=VECTOR('',#9335,1.0);
#9333=VECTOR('',#9336,1.0);
#9334=VECTOR('',#9337,1.0);
#9335=DIRECTION('',(0,0,1));
#9336=DIRECTION('',(0.01969323279553097,-0.017294057226532288,-0.999656487082791));
#9337=DIRECTION('',(-0.7513940993995948,0.6598537015031981,0));
#9338=STYLED_ITEM('',(#18),#9339);
#9339=FACE_SURFACE('',(#9344),#9340,.T.);
#9340=PLANE('',#9341);
#9341=AXIS2_PLACEMENT_3D('',#249,#9342,#9343);
#9342=DIRECTION('',(0.7513940993995952,0.6598537015031978,0));
#9343=DIRECTION('',(0,0,-1));
#9344=FACE_BOUND('',#9345,.T.);
#9345=EDGE_LOOP('',(#9346,#9347,#9348));
#9346=ORIENTED_EDGE('',*,*,#9349,.T.);
#9347=ORIENTED_EDGE('',*,*,#9350,.T.);
#9348=ORIENTED_EDGE('',*,*,#9351,.T.);
#9349=EDGE_CURVE('',#250,#380,#9352,.F.);
#9350=EDGE_CURVE('',#380,#252,#9353,.T.);
#9351=EDGE_CURVE('',#252,#250,#9354,.T.);
#9352=LINE('',#249,#9355);
#9353=LINE('',#379,#9356);
#9354=LINE('',#251,#9357);
#9355=VECTOR('',#9358,1.0);
#9356=VECTOR('',#9359,1.0);
#9357=VECTOR('',#9360,1.0);
#9358=DIRECTION('',(0,0,-1));
#9359=DIRECTION('',(-0.017294057226532288,0.01969323279553099,0.999656487082791));
#9360=DIRECTION('',(0.6598537015031978,-0.7513940993995951,0));
#9361=STYLED_ITEM('',(#18),#9362);
#9362=FACE_SURFACE('',(#9367),#9363,.T.);
#9363=PLANE('',#9364);
#9364=AXIS2_PLACEMENT_3D('',#383,#9365,#9366);
#9365=DIRECTION('',(0.7513940993995952,0.6598537015031978,-0));
#9366=DIRECTION('',(0,0,1));
#9367=FACE_BOUND('',#9368,.T.);
#9368=EDGE_LOOP('',(#9369,#9370,#9371));
#9369=ORIENTED_EDGE('',*,*,#9372,.T.);
#9370=ORIENTED_EDGE('',*,*,#9373,.T.);
#9371=ORIENTED_EDGE('',*,*,#9374,.T.);
#9372=EDGE_CURVE('',#384,#252,#9375,.F.);
#9373=EDGE_CURVE('',#252,#380,#9376,.T.);
#9374=EDGE_CURVE('',#380,#384,#9377,.T.);
#9375=LINE('',#383,#9378);
#9376=LINE('',#251,#9379);
#9377=LINE('',#379,#9380);
#9378=VECTOR('',#9381,1.0);
#9379=VECTOR('',#9382,1.0);
#9380=VECTOR('',#9383,1.0);
#9381=DIRECTION('',(0,0,1));
#9382=DIRECTION('',(0.017294057226532288,-0.01969323279553099,-0.999656487082791));
#9383=DIRECTION('',(-0.6598537015031978,0.7513940993995951,0));
#9384=STYLED_ITEM('',(#18),#9385);
#9385=FACE_SURFACE('',(#9390),#9386,.T.);
#9386=PLANE('',#9387);
#9387=AXIS2_PLACEMENT_3D('',#257,#9388,#9389);
#9388=DIRECTION('',(0.8326374333005123,0.5538184762778638,0));
#9389=DIRECTION('',(0.5538184762778638,-0.8326374333005123,0));
#9390=FACE_BOUND('',#9391,.T.);
#9391=EDGE_LOOP('',(#9392,#9393,#9394));
#9392=ORIENTED_EDGE('',*,*,#9395,.T.);
#9393=ORIENTED_EDGE('',*,*,#9396,.T.);
#9394=ORIENTED_EDGE('',*,*,#9397,.T.);
#9395=EDGE_CURVE('',#258,#252,#9398,.F.);
#9396=EDGE_CURVE('',#252,#382,#9399,.T.);
#9397=EDGE_CURVE('',#382,#258,#9400,.T.);
#9398=LINE('',#257,#9401);
#9399=LINE('',#251,#9402);
#9400=LINE('',#381,#9403);
#9401=VECTOR('',#9404,1.0);
#9402=VECTOR('',#9405,1.0);
#9403=VECTOR('',#9406,1.0);
#9404=DIRECTION('',(0.5538184762778638,-0.8326374333005123,0));
#9405=DIRECTION('',(-0.014495032751103755,0.02179253199821116,-0.9996574311106038));
#9406=DIRECTION('',(0,0,1));
#9407=STYLED_ITEM('',(#18),#9408);
#9408=FACE_SURFACE('',(#9413),#9409,.T.);
#9409=PLANE('',#9410);
#9410=AXIS2_PLACEMENT_3D('',#383,#9411,#9412);
#9411=DIRECTION('',(0.8326374333005123,0.5538184762778638,-0));
#9412=DIRECTION('',(-0.5538184762778638,0.8326374333005123,0));
#9413=FACE_BOUND('',#9414,.T.);
#9414=EDGE_LOOP('',(#9415,#9416,#9417));
#9415=ORIENTED_EDGE('',*,*,#9418,.T.);
#9416=ORIENTED_EDGE('',*,*,#9419,.T.);
#9417=ORIENTED_EDGE('',*,*,#9420,.T.);
#9418=EDGE_CURVE('',#384,#382,#9421,.F.);
#9419=EDGE_CURVE('',#382,#252,#9422,.T.);
#9420=EDGE_CURVE('',#252,#384,#9423,.T.);
#9421=LINE('',#383,#9424);
#9422=LINE('',#381,#9425);
#9423=LINE('',#251,#9426);
#9424=VECTOR('',#9427,1.0);
#9425=VECTOR('',#9428,1.0);
#9426=VECTOR('',#9429,1.0);
#9427=DIRECTION('',(-0.5538184762778638,0.8326374333005123,0));
#9428=DIRECTION('',(0.014495032751103755,-0.02179253199821116,0.9996574311106038));
#9429=DIRECTION('',(0,0,-1));
#9430=STYLED_ITEM('',(#18),#9431);
#9431=FACE_SURFACE('',(#9436),#9432,.T.);
#9432=PLANE('',#9433);
#9433=AXIS2_PLACEMENT_3D('',#281,#9434,#9435);
#9434=DIRECTION('',(0.8326374333005133,-0.5538184762778623,0));
#9435=DIRECTION('',(0,0,1));
#9436=FACE_BOUND('',#9437,.T.);
#9437=EDGE_LOOP('',(#9438,#9439,#9440));
#9438=ORIENTED_EDGE('',*,*,#9441,.T.);
#9439=ORIENTED_EDGE('',*,*,#9442,.T.);
#9440=ORIENTED_EDGE('',*,*,#9443,.T.);
#9441=EDGE_CURVE('',#282,#112,#9444,.F.);
#9442=EDGE_CURVE('',#112,#424,#9445,.T.);
#9443=EDGE_CURVE('',#424,#282,#9446,.T.);
#9444=LINE('',#281,#9447);
#9445=LINE('',#111,#9448);
#9446=LINE('',#423,#9449);
#9447=VECTOR('',#9450,1.0);
#9448=VECTOR('',#9451,1.0);
#9449=VECTOR('',#9452,1.0);
#9450=DIRECTION('',(0,0,1));
#9451=DIRECTION('',(-0.014495032751103712,-0.02179253199821118,-0.9996574311106038));
#9452=DIRECTION('',(0.5538184762778623,0.8326374333005133,0));
#9453=STYLED_ITEM('',(#18),#9454);
#9454=FACE_SURFACE('',(#9459),#9455,.T.);
#9455=PLANE('',#9456);
#9456=AXIS2_PLACEMENT_3D('',#111,#9457,#9458);
#9457=DIRECTION('',(0.7513940993995948,-0.6598537015031981,0));
#9458=DIRECTION('',(0,0,-1));
#9459=FACE_BOUND('',#9460,.T.);
#9460=EDGE_LOOP('',(#9461,#9462,#9463));
#9461=ORIENTED_EDGE('',*,*,#9464,.T.);
#9462=ORIENTED_EDGE('',*,*,#9465,.T.);
#9463=ORIENTED_EDGE('',*,*,#9466,.T.);
#9464=EDGE_CURVE('',#112,#282,#9467,.F.);
#9465=EDGE_CURVE('',#282,#280,#9468,.T.);
#9466=EDGE_CURVE('',#280,#112,#9469,.T.);
#9467=LINE('',#111,#9470);
#9468=LINE('',#281,#9471);
#9469=LINE('',#279,#9472);
#9470=VECTOR('',#9473,1.0);
#9471=VECTOR('',#9474,1.0);
#9472=VECTOR('',#9475,1.0);
#9473=DIRECTION('',(0,0,-1));
#9474=DIRECTION('',(0.6598537015031981,0.7513940993995948,0));
#9475=DIRECTION('',(-0.017294057226532288,-0.01969323279553097,0.999656487082791));
#9476=STYLED_ITEM('',(#18),#9477);
#9477=FACE_SURFACE('',(#9482),#9478,.T.);
#9478=PLANE('',#9479);
#9479=AXIS2_PLACEMENT_3D('',#289,#9480,#9481);
#9480=DIRECTION('',(0.5538184762778638,-0.8326374333005123,0));
#9481=DIRECTION('',(0,0,1));
#9482=FACE_BOUND('',#9483,.T.);
#9483=EDGE_LOOP('',(#9484,#9485,#9486));
#9484=ORIENTED_EDGE('',*,*,#9487,.T.);
#9485=ORIENTED_EDGE('',*,*,#9488,.T.);
#9486=ORIENTED_EDGE('',*,*,#9489,.T.);
#9487=EDGE_CURVE('',#290,#114,#9490,.F.);
#9488=EDGE_CURVE('',#114,#286,#9491,.T.);
#9489=EDGE_CURVE('',#286,#290,#9492,.T.);
#9490=LINE('',#289,#9493);
#9491=LINE('',#113,#9494);
#9492=LINE('',#285,#9495);
#9493=VECTOR('',#9496,1.0);
#9494=VECTOR('',#9497,1.0);
#9495=VECTOR('',#9498,1.0);
#9496=DIRECTION('',(0,0,1));
#9497=DIRECTION('',(-0.02179253199821116,-0.014495032751103755,-0.9996574311106038));
#9498=DIRECTION('',(0.8326374333005123,0.5538184762778638,0));
#9499=STYLED_ITEM('',(#18),#9500);
#9500=FACE_SURFACE('',(#9505),#9501,.T.);
#9501=PLANE('',#9502);
#9502=AXIS2_PLACEMENT_3D('',#389,#9503,#9504);
#9503=DIRECTION('',(-0.3208070336803899,0.9471445756278127,0));
#9504=DIRECTION('',(0,0,1));
#9505=FACE_BOUND('',#9506,.T.);
#9506=EDGE_LOOP('',(#9507,#9508,#9509));
#9507=ORIENTED_EDGE('',*,*,#9510,.T.);
#9508=ORIENTED_EDGE('',*,*,#9511,.T.);
#9509=ORIENTED_EDGE('',*,*,#9512,.T.);
#9510=EDGE_CURVE('',#390,#270,#9513,.F.);
#9511=EDGE_CURVE('',#270,#388,#9514,.T.);
#9512=EDGE_CURVE('',#388,#390,#9515,.T.);
#9513=LINE('',#389,#9516);
#9514=LINE('',#269,#9517);
#9515=LINE('',#387,#9518);
#9516=VECTOR('',#9519,1.0);
#9517=VECTOR('',#9520,1.0);
#9518=VECTOR('',#9521,1.0);
#9519=DIRECTION('',(0,0,1));
#9520=DIRECTION('',(0.024791502928944418,0.0083971219598038,-0.9996573761671128));
#9521=DIRECTION('',(-0.9471445756278127,-0.3208070336803899,0));
#9522=STYLED_ITEM('',(#18),#9523);
#9523=FACE_SURFACE('',(#9528),#9524,.T.);
#9524=PLANE('',#9525);
#9525=AXIS2_PLACEMENT_3D('',#113,#9526,#9527);
#9526=DIRECTION('',(0.44262881635750645,-0.8967049296897798,0));
#9527=DIRECTION('',(0,0,-1));
#9528=FACE_BOUND('',#9529,.T.);
#9529=EDGE_LOOP('',(#9530,#9531,#9532));
#9530=ORIENTED_EDGE('',*,*,#9533,.T.);
#9531=ORIENTED_EDGE('',*,*,#9534,.T.);
#9532=ORIENTED_EDGE('',*,*,#9535,.T.);
#9533=EDGE_CURVE('',#114,#290,#9536,.F.);
#9534=EDGE_CURVE('',#290,#292,#9537,.T.);
#9535=EDGE_CURVE('',#292,#114,#9538,.T.);
#9536=LINE('',#113,#9539);
#9537=LINE('',#289,#9540);
#9538=LINE('',#291,#9541);
#9539=VECTOR('',#9542,1.0);
#9540=VECTOR('',#9543,1.0);
#9541=VECTOR('',#9544,1.0);
#9542=DIRECTION('',(0,0,-1));
#9543=DIRECTION('',(0.8967049296897799,0.44262881635750645,0));
#9544=DIRECTION('',(-0.023491934137048906,-0.011596018552756006,0.99965677178931));
#9545=STYLED_ITEM('',(#18),#9546);
#9546=FACE_SURFACE('',(#9551),#9547,.T.);
#9547=PLANE('',#9548);
#9548=AXIS2_PLACEMENT_3D('',#269,#9549,#9550);
#9549=DIRECTION('',(-0.1946479818893727,0.9808731636385993,0));
#9550=DIRECTION('',(0,0,-1));
#9551=FACE_BOUND('',#9552,.T.);
#9552=EDGE_LOOP('',(#9553,#9554,#9555));
#9553=ORIENTED_EDGE('',*,*,#9556,.T.);
#9554=ORIENTED_EDGE('',*,*,#9557,.T.);
#9555=ORIENTED_EDGE('',*,*,#9558,.T.);
#9556=EDGE_CURVE('',#270,#390,#9559,.F.);
#9557=EDGE_CURVE('',#390,#372,#9560,.T.);
#9558=EDGE_CURVE('',#372,#270,#9561,.T.);
#9559=LINE('',#269,#9562);
#9560=LINE('',#389,#9563);
#9561=LINE('',#371,#9564);
#9562=VECTOR('',#9565,1.0);
#9563=VECTOR('',#9566,1.0);
#9564=VECTOR('',#9567,1.0);
#9565=DIRECTION('',(0,0,-1));
#9566=DIRECTION('',(-0.9808731636385993,-0.19464798188937268,0));
#9567=DIRECTION('',(0.02569118301438582,0.005098250325811994,0.9996569266297997));
#9568=STYLED_ITEM('',(#18),#9569);
#9569=FACE_SURFACE('',(#9574),#9570,.T.);
#9570=PLANE('',#9571);
#9571=AXIS2_PLACEMENT_3D('',#329,#9572,#9573);
#9572=DIRECTION('',(0.32080703368039065,-0.9471445756278123,0));
#9573=DIRECTION('',(0,0,1));
#9574=FACE_BOUND('',#9575,.T.);
#9575=EDGE_LOOP('',(#9576,#9577,#9578));
#9576=ORIENTED_EDGE('',*,*,#9579,.T.);
#9577=ORIENTED_EDGE('',*,*,#9580,.T.);
#9578=ORIENTED_EDGE('',*,*,#9581,.T.);
#9579=EDGE_CURVE('',#330,#212,#9582,.F.);
#9580=EDGE_CURVE('',#212,#292,#9583,.T.);
#9581=EDGE_CURVE('',#292,#330,#9584,.T.);
#9582=LINE('',#329,#9585);
#9583=LINE('',#211,#9586);
#9584=LINE('',#291,#9587);
#9585=VECTOR('',#9588,1.0);
#9586=VECTOR('',#9589,1.0);
#9587=VECTOR('',#9590,1.0);
#9588=DIRECTION('',(0,0,1));
#9589=DIRECTION('',(-0.02479150292894415,-0.008397121959803732,-0.9996573761671128));
#9590=DIRECTION('',(0.9471445756278124,0.32080703368039065,0));
#9591=STYLED_ITEM('',(#18),#9592);
#9592=FACE_SURFACE('',(#9597),#9593,.T.);
#9593=PLANE('',#9594);
#9594=AXIS2_PLACEMENT_3D('',#369,#9595,#9596);
#9595=DIRECTION('',(-0.06880209161537733,0.9976303284229832,0));
#9596=DIRECTION('',(0,0,1));
#9597=FACE_BOUND('',#9598,.T.);
#9598=EDGE_LOOP('',(#9599,#9600,#9601));
#9599=ORIENTED_EDGE('',*,*,#9602,.T.);
#9600=ORIENTED_EDGE('',*,*,#9603,.T.);
#9601=ORIENTED_EDGE('',*,*,#9604,.T.);
#9602=EDGE_CURVE('',#370,#126,#9605,.F.);
#9603=EDGE_CURVE('',#126,#372,#9606,.T.);
#9604=EDGE_CURVE('',#372,#370,#9607,.T.);
#9605=LINE('',#369,#9608);
#9606=LINE('',#125,#9609);
#9607=LINE('',#371,#9610);
#9608=VECTOR('',#9611,1.0);
#9609=VECTOR('',#9612,1.0);
#9610=VECTOR('',#9613,1.0);
#9611=DIRECTION('',(0,0,1));
#9612=DIRECTION('',(0.02609107251005408,0.0017993843110381909,-0.9996579505767841));
#9613=DIRECTION('',(-0.9976303284229832,-0.06880209161537733,0));
#9614=STYLED_ITEM('',(#18),#9615);
#9615=FACE_SURFACE('',(#9620),#9616,.T.);
#9616=PLANE('',#9617);
#9617=AXIS2_PLACEMENT_3D('',#359,#9618,#9619);
#9618=DIRECTION('',(-0.9976303284229829,0.06880209161538071,0));
#9619=DIRECTION('',(-0.06880209161538071,-0.9976303284229832,0));
#9620=FACE_BOUND('',#9621,.T.);
#9621=EDGE_LOOP('',(#9622,#9623,#9624));
#9622=ORIENTED_EDGE('',*,*,#9625,.T.);
#9623=ORIENTED_EDGE('',*,*,#9626,.T.);
#9624=ORIENTED_EDGE('',*,*,#9627,.T.);
#9625=EDGE_CURVE('',#360,#358,#9628,.F.);
#9626=EDGE_CURVE('',#358,#232,#9629,.T.);
#9627=EDGE_CURVE('',#232,#360,#9630,.T.);
#9628=LINE('',#359,#9631);
#9629=LINE('',#357,#9632);
#9630=LINE('',#231,#9633);
#9631=VECTOR('',#9634,1.0);
#9632=VECTOR('',#9635,1.0);
#9633=VECTOR('',#9636,1.0);
#9634=DIRECTION('',(-0.06880209161538071,-0.9976303284229832,0));
#9635=DIRECTION('',(0,0,1));
#9636=DIRECTION('',(0.0017993843110382796,0.02609107251005408,-0.9996579505767841));
#9637=STYLED_ITEM('',(#18),#9638);
#9638=FACE_SURFACE('',(#9643),#9639,.T.);
#9639=PLANE('',#9640);
#9640=AXIS2_PLACEMENT_3D('',#381,#9641,#9642);
#9641=DIRECTION('',(0.8967049296897791,0.4426288163575078,-0));
#9642=DIRECTION('',(-0.4426288163575078,0.8967049296897791,0));
#9643=FACE_BOUND('',#9644,.T.);
#9644=EDGE_LOOP('',(#9645,#9646,#9647));
#9645=ORIENTED_EDGE('',*,*,#9648,.T.);
#9646=ORIENTED_EDGE('',*,*,#9649,.T.);
#9647=ORIENTED_EDGE('',*,*,#9650,.T.);
#9648=EDGE_CURVE('',#382,#254,#9651,.F.);
#9649=EDGE_CURVE('',#254,#258,#9652,.T.);
#9650=EDGE_CURVE('',#258,#382,#9653,.T.);
#9651=LINE('',#381,#9654);
#9652=LINE('',#253,#9655);
#9653=LINE('',#257,#9656);
#9654=VECTOR('',#9657,1.0);
#9655=VECTOR('',#9658,1.0);
#9656=VECTOR('',#9659,1.0);
#9657=DIRECTION('',(-0.4426288163575078,0.8967049296897791,0));
#9658=DIRECTION('',(0.011596018552756006,-0.023491934137048816,0.99965677178931));
#9659=DIRECTION('',(0,0,-1));
#9660=STYLED_ITEM('',(#18),#9661);
#9661=FACE_SURFACE('',(#9666),#9662,.T.);
#9662=PLANE('',#9663);
#9663=AXIS2_PLACEMENT_3D('',#323,#9664,#9665);
#9664=DIRECTION('',(-0.9808731636386007,0.1946479818893662,0));
#9665=DIRECTION('',(0,0,1));
#9666=FACE_BOUND('',#9667,.T.);
#9667=EDGE_LOOP('',(#9668,#9669,#9670));
#9668=ORIENTED_EDGE('',*,*,#9671,.T.);
#9669=ORIENTED_EDGE('',*,*,#9672,.T.);
#9670=ORIENTED_EDGE('',*,*,#9673,.T.);
#9671=EDGE_CURVE('',#324,#208,#9674,.F.);
#9672=EDGE_CURVE('',#208,#358,#9675,.T.);
#9673=EDGE_CURVE('',#358,#324,#9676,.T.);
#9674=LINE('',#323,#9677);
#9675=LINE('',#207,#9678);
#9676=LINE('',#357,#9679);
#9677=VECTOR('',#9680,1.0);
#9678=VECTOR('',#9681,1.0);
#9679=VECTOR('',#9682,1.0);
#9680=DIRECTION('',(0,0,1));
#9681=DIRECTION('',(0.005098250325811816,0.02569118301438582,-0.9996569266297997));
#9682=DIRECTION('',(-0.19464798188936616,-0.9808731636386006,0));
#9683=STYLED_ITEM('',(#18),#9684);
#9684=FACE_SURFACE('',(#9689),#9685,.T.);
#9685=PLANE('',#9686);
#9686=AXIS2_PLACEMENT_3D('',#205,#9687,#9688);
#9687=DIRECTION('',(-0.9471445756278136,0.3208070336803868,0));
#9688=DIRECTION('',(0.3208070336803868,0.9471445756278137,0));
#9689=FACE_BOUND('',#9690,.T.);
#9690=EDGE_LOOP('',(#9691,#9692,#9693));
#9691=ORIENTED_EDGE('',*,*,#9694,.T.);
#9692=ORIENTED_EDGE('',*,*,#9695,.T.);
#9693=ORIENTED_EDGE('',*,*,#9696,.T.);
#9694=EDGE_CURVE('',#206,#208,#9697,.F.);
#9695=EDGE_CURVE('',#208,#326,#9698,.T.);
#9696=EDGE_CURVE('',#326,#206,#9699,.T.);
#9697=LINE('',#205,#9700);
#9698=LINE('',#207,#9701);
#9699=LINE('',#325,#9702);
#9700=VECTOR('',#9703,1.0);
#9701=VECTOR('',#9704,1.0);
#9702=VECTOR('',#9705,1.0);
#9703=DIRECTION('',(0.3208070336803868,0.9471445756278137,0));
#9704=DIRECTION('',(-0.008397121959803711,-0.024791502928944418,-0.9996573761671128));
#9705=DIRECTION('',(0,0,1));
#9706=STYLED_ITEM('',(#18),#9707);
#9707=FACE_SURFACE('',(#9712),#9708,.T.);
#9708=PLANE('',#9709);
#9709=AXIS2_PLACEMENT_3D('',#327,#9710,#9711);
#9710=DIRECTION('',(-0.8967049296897798,0.4426288163575064,0));
#9711=DIRECTION('',(0,0,1));
#9712=FACE_BOUND('',#9713,.T.);
#9713=EDGE_LOOP('',(#9714,#9715,#9716));
#9714=ORIENTED_EDGE('',*,*,#9717,.T.);
#9715=ORIENTED_EDGE('',*,*,#9718,.T.);
#9716=ORIENTED_EDGE('',*,*,#9719,.T.);
#9717=EDGE_CURVE('',#328,#204,#9720,.F.);
#9718=EDGE_CURVE('',#204,#326,#9721,.T.);
#9719=EDGE_CURVE('',#326,#328,#9722,.T.);
#9720=LINE('',#327,#9723);
#9721=LINE('',#203,#9724);
#9722=LINE('',#325,#9725);
#9723=VECTOR('',#9726,1.0);
#9724=VECTOR('',#9727,1.0);
#9725=VECTOR('',#9728,1.0);
#9726=DIRECTION('',(0,0,1));
#9727=DIRECTION('',(0.011596018552755962,0.023491934137048816,-0.99965677178931));
#9728=DIRECTION('',(-0.44262881635750634,-0.8967049296897797,0));
#9729=STYLED_ITEM('',(#18),#9730);
#9730=FACE_SURFACE('',(#9735),#9731,.T.);
#9731=PLANE('',#9732);
#9732=AXIS2_PLACEMENT_3D('',#331,#9733,#9734);
#9733=DIRECTION('',(0.1946479818893714,-0.9808731636385997,0));
#9734=DIRECTION('',(-0.025691183014385995,-0.005098250325811994,0.9996569266297997));
#9735=FACE_BOUND('',#9736,.T.);
#9736=EDGE_LOOP('',(#9737,#9738,#9739));
#9737=ORIENTED_EDGE('',*,*,#9740,.T.);
#9738=ORIENTED_EDGE('',*,*,#9741,.T.);
#9739=ORIENTED_EDGE('',*,*,#9742,.T.);
#9740=EDGE_CURVE('',#332,#212,#9743,.F.);
#9741=EDGE_CURVE('',#212,#330,#9744,.T.);
#9742=EDGE_CURVE('',#330,#332,#9745,.T.);
#9743=LINE('',#331,#9746);
#9744=LINE('',#211,#9747);
#9745=LINE('',#329,#9748);
#9746=VECTOR('',#9749,1.0);
#9747=VECTOR('',#9750,1.0);
#9748=VECTOR('',#9751,1.0);
#9749=DIRECTION('',(-0.025691183014385995,-0.005098250325811994,0.9996569266297997));
#9750=DIRECTION('',(0,0,-1));
#9751=DIRECTION('',(0.9808731636385997,0.1946479818893714,0));
#9752=STYLED_ITEM('',(#18),#9753);
#9753=FACE_SURFACE('',(#9758),#9754,.T.);
#9754=PLANE('',#9755);
#9755=AXIS2_PLACEMENT_3D('',#213,#9756,#9757);
#9756=DIRECTION('',(0.06499637357340252,-0.997885500156359,0));
#9757=DIRECTION('',(-0.02609107707286986,-0.0016994188131754268,-0.9996581253973156));
#9758=FACE_BOUND('',#9759,.T.);
#9759=EDGE_LOOP('',(#9760,#9761,#9762));
#9760=ORIENTED_EDGE('',*,*,#9763,.T.);
#9761=ORIENTED_EDGE('',*,*,#9764,.T.);
#9762=ORIENTED_EDGE('',*,*,#9765,.T.);
#9763=EDGE_CURVE('',#214,#332,#9766,.F.);
#9764=EDGE_CURVE('',#332,#356,#9767,.T.);
#9765=EDGE_CURVE('',#356,#214,#9768,.T.);
#9766=LINE('',#213,#9769);
#9767=LINE('',#331,#9770);
#9768=LINE('',#355,#9771);
#9769=VECTOR('',#9772,1.0);
#9770=VECTOR('',#9773,1.0);
#9771=VECTOR('',#9774,1.0);
#9772=DIRECTION('',(-0.02609107707286986,-0.0016994188131754268,-0.9996581253973156));
#9773=DIRECTION('',(0.997885500156359,0.06499637357340252,0));
#9774=DIRECTION('',(0,0,1));
#9775=STYLED_ITEM('',(#18),#9776);
#9776=FACE_SURFACE('',(#9781),#9777,.T.);
#9777=PLANE('',#9778);
#9778=AXIS2_PLACEMENT_3D('',#219,#9779,#9780);
#9779=DIRECTION('',(-0.44262881635750373,-0.8967049296897811,-0));
#9780=DIRECTION('',(-0.8967049296897811,0.44262881635750373,0));
#9781=FACE_BOUND('',#9782,.T.);
#9782=EDGE_LOOP('',(#9783,#9784,#9785));
#9783=ORIENTED_EDGE('',*,*,#9786,.T.);
#9784=ORIENTED_EDGE('',*,*,#9787,.T.);
#9785=ORIENTED_EDGE('',*,*,#9788,.T.);
#9786=EDGE_CURVE('',#220,#216,#9789,.F.);
#9787=EDGE_CURVE('',#216,#338,#9790,.T.);
#9788=EDGE_CURVE('',#338,#220,#9791,.T.);
#9789=LINE('',#219,#9792);
#9790=LINE('',#215,#9793);
#9791=LINE('',#337,#9794);
#9792=VECTOR('',#9795,1.0);
#9793=VECTOR('',#9796,1.0);
#9794=VECTOR('',#9797,1.0);
#9795=DIRECTION('',(-0.8967049296897811,0.44262881635750373,0));
#9796=DIRECTION('',(0.023491934137049083,-0.011596018552756006,-0.99965677178931));
#9797=DIRECTION('',(0,0,1));
#9798=STYLED_ITEM('',(#18),#9799);
#9799=FACE_SURFACE('',(#9804),#9800,.T.);
#9800=PLANE('',#9801);
#9801=AXIS2_PLACEMENT_3D('',#225,#9802,#9803);
#9802=DIRECTION('',(-0.6598537015031994,-0.7513940993995938,-0));
#9803=DIRECTION('',(-0.0196932327955309,0.017294057226532288,-0.999656487082791));
#9804=FACE_BOUND('',#9805,.T.);
#9805=EDGE_LOOP('',(#9806,#9807,#9808));
#9806=ORIENTED_EDGE('',*,*,#9809,.T.);
#9807=ORIENTED_EDGE('',*,*,#9810,.T.);
#9808=ORIENTED_EDGE('',*,*,#9811,.T.);
#9809=EDGE_CURVE('',#226,#340,#9812,.F.);
#9810=EDGE_CURVE('',#340,#348,#9813,.T.);
#9811=EDGE_CURVE('',#348,#226,#9814,.T.);
#9812=LINE('',#225,#9815);
#9813=LINE('',#339,#9816);
#9814=LINE('',#347,#9817);
#9815=VECTOR('',#9818,1.0);
#9816=VECTOR('',#9819,1.0);
#9817=VECTOR('',#9820,1.0);
#9818=DIRECTION('',(-0.0196932327955309,0.017294057226532288,-0.999656487082791));
#9819=DIRECTION('',(0.7513940993995937,-0.6598537015031994,0));
#9820=DIRECTION('',(0,0,1));
ENDSEC;
END-ISO-10303-21;
