ISO-10303-21;
HEADER;
FILE_DESCRIPTION((''),'2;1');
FILE_NAME('Motor', '2026-03-08T16:33:11', (''), (''), 'ImageToStl.com STEP Converter','', '');
FILE_SCHEMA(('AUTOMOTIVE_DESIGN_CC2'));
ENDSEC;
DATA;
#1=PRODUCT_DEFINITION_CONTEXT('',#4,'design');
#2=APPLICATION_PROTOCOL_DEFINITION('INTERNATIONAL STANDARD','automotive_design',1994,#4);
#3=(GEOMETRIC_REPRESENTATION_CONTEXT(3)GLOBAL_UNCERTAINTY_ASSIGNED_CONTEXT((#5))GLOBAL_UNIT_ASSIGNED_CONTEXT((#6,#7,#8))REPRESENTATION_CONTEXT('NONE','WORKSPACE'));
#4=APPLICATION_CONTEXT(' ');
#5=UNCERTAINTY_MEASURE_WITH_UNIT(LENGTH_MEASURE(1.0E-006),#6,'','');
#6=(CONVERSION_BASED_UNIT('METRE',#10)LENGTH_UNIT()NAMED_UNIT(#11));
#7=(NAMED_UNIT(#12)PLANE_ANGLE_UNIT()SI_UNIT($,.RADIAN.));
#8=(NAMED_UNIT(#12)SOLID_ANGLE_UNIT()SI_UNIT($,.STERADIAN.));
#9=AXIS2_PLACEMENT_3D('',#14,#15,#16);
#10=LENGTH_MEASURE_WITH_UNIT(LENGTH_MEASURE(1.0),#17);
#11=DIMENSIONAL_EXPONENTS(1.0,0.0,0.0,0.0,0.0,0.0,0.0);
#12=DIMENSIONAL_EXPONENTS(0.0,0.0,0.0,0.0,0.0,0.0,0.0);
#13=PRODUCT_CONTEXT('',#4,'mechanical');
#14=CARTESIAN_POINT('',(0.0,0.0,0.0));
#15=DIRECTION('',(0.0,0.0,1.0));
#16=DIRECTION('',(1.0,0.0,0.0));
#17=(NAMED_UNIT(#11)LENGTH_UNIT()SI_UNIT(.MILLI.,.METRE.));
#18=PRESENTATION_STYLE_ASSIGNMENT((#19));
#19=SURFACE_STYLE_USAGE(.BOTH.,#20);
#20=SURFACE_SIDE_STYLE('',(#21));
#21=SURFACE_STYLE_FILL_AREA(#22);
#22=FILL_AREA_STYLE('',(#23));
#23=FILL_AREA_STYLE_COLOUR('',#24);
#24=COLOUR_RGB('',0.96078,0.51373,0.12157);
#25=SHAPE_DEFINITION_REPRESENTATION(#26,#27);
#26=PRODUCT_DEFINITION_SHAPE('productshape0','',#30);
#27=MANIFOLD_SURFACE_SHAPE_REPRESENTATION('',(#28,#9),#3);
#28=SHELL_BASED_SURFACE_MODEL('shell0',(#32));
#29=PRODUCT('product0','','',(#13));
#30=PRODUCT_DEFINITION('mesh0','',#31,#2);
#31=PRODUCT_DEFINITION_FORMATION_WITH_SPECIFIED_SOURCE('prodsource0','',#29,.NOT_KNOWN.);
#32=CLOSED_SHELL('',(#762,#785,#808,#831,#854,#877,#900,#923,#946,#969,#992,#1015,#1038,#1061,#1084,#1107,#1130,#1153,#1176,#1199,#1222,#1245,#1268,#1291,#1314,#1337,#1360,#1383,#1406,#1429,#1452,#1475,#1498,#1521,#1544,#1567,#1590,#1613,#1636,#1659,#1682,#1705,#1728,#1751,#1774,#1797,#1820,#1843,#1866,#1889,#1912,#1935,#1958,#1981,#2004,#2027,#2050,#2073,#2096,#2119,#2142,#2165,#2188,#2211,#2234,#2257,#2280,#2303,#2326,#2349,#2372,#2395,#2418,#2441,#2464,#2487,#2510,#2533,#2556,#2579,#2602,#2625,#2648,#2671,#2694,#2717,#2740,#2763,#2786,#2809,#2832,#2855,#2878,#2901,#2924,#2947,#2970,#2993,#3016,#3039,#3062,#3085,#3108,#3131,#3154,#3177,#3200,#3223,#3246,#3269,#3292,#3315,#3338,#3361,#3384,#3407,#3430,#3453,#3476,#3499,#3522,#3545,#3568,#3591,#3614,#3637,#3660,#3683,#3706,#3729,#3752,#3775,#3798,#3821,#3844,#3867,#3890,#3913,#3936,#3959,#3982,#4005,#4028,#4051,#4074,#4097,#4120,#4143,#4166,#4189,#4212,#4235,#4258,#4281,#4304,#4327,#4350,#4373,#4396,#4419,#4442,#4465,#4488,#4511,#4534,#4557,#4580,#4603,#4626,#4649,#4672,#4695,#4718,#4741,#4764,#4787,#4810,#4833,#4856,#4879,#4902,#4925,#4948,#4971,#4994,#5017,#5040,#5063,#5086,#5109,#5132,#5155,#5178,#5201,#5224,#5247,#5270,#5293,#5316,#5339,#5362,#5385,#5408,#5431,#5454,#5477,#5500,#5523,#5546,#5569,#5592,#5615,#5638,#5661,#5684,#5707,#5730,#5753,#5776,#5799,#5822,#5845,#5868,#5891,#5914,#5937,#5960,#5983,#6006,#6029,#6052,#6075,#6098,#6121,#6144,#6167,#6190,#6213,#6236,#6259,#6282,#6305,#6328,#6351,#6374,#6397,#6420,#6443,#6466,#6489,#6512,#6535,#6558,#6581,#6604,#6627,#6650,#6673,#6696,#6719,#6742,#6765,#6788,#6811,#6834,#6857,#6880,#6903,#6926,#6949,#6972,#6995,#7018,#7041,#7064,#7087,#7110,#7133,#7156,#7179,#7202,#7225,#7248,#7271,#7294,#7317,#7340,#7363,#7386,#7409,#7432,#7455,#7478,#7501,#7524,#7547,#7570,#7593,#7616,#7639,#7662,#7685,#7708,#7731,#7754,#7777,#7800,#7823,#7846,#7869,#7892,#7915,#7938,#7961,#7984,#8007,#8030,#8053,#8076,#8099,#8122,#8145,#8168,#8191,#8214,#8237,#8260,#8283,#8306,#8329,#8352,#8375,#8398,#8421,#8444,#8467,#8490,#8513,#8536,#8559,#8582,#8605,#8628,#8651,#8674,#8697,#8720,#8743,#8766,#8789,#8812,#8835,#8858,#8881,#8904,#8927,#8950,#8973,#8996,#9019,#9042,#9065,#9088,#9111,#9134,#9157,#9180,#9203,#9226,#9249,#9272,#9295,#9318,#9341,#9364,#9387,#9410,#9433,#9456,#9479,#9502,#9525,#9548,#9571,#9594,#9617,#9640,#9663,#9686,#9709,#9732,#9755,#9778,#9801,#9824,#9847,#9870,#9893,#9916,#9939,#9962,#9985,#10008,#10031,#10054,#10077,#10100,#10123,#10146,#10169,#10192,#10215,#10238,#10261,#10284,#10307,#10330,#10353,#10376,#10399,#10422,#10445,#10468,#10491,#10514,#10537,#10560,#10583,#10606,#10629,#10652,#10675,#10698,#10721,#10744,#10767,#10790,#10813,#10836,#10859,#10882,#10905,#10928,#10951,#10974,#10997,#11020,#11043,#11066,#11089,#11112,#11135,#11158,#11181,#11204,#11227,#11250,#11273,#11296,#11319,#11342,#11365,#11388,#11411,#11434,#11457,#11480,#11503,#11526,#11549,#11572,#11595,#11618,#11641,#11664,#11687,#11710,#11733,#11756,#11779,#11802,#11825,#11848,#11871,#11894,#11917,#11940,#11963,#11986,#12009,#12032,#12055,#12078,#12101,#12124,#12147,#12170,#12193,#12216,#12239,#12262,#12285,#12308,#12331,#12354,#12377,#12400,#12423,#12446,#12469,#12492,#12515,#12538,#12561,#12584,#12607,#12630,#12653,#12676,#12699,#12722,#12745,#12768,#12791,#12814,#12837,#12860,#12883,#12906,#12929,#12952,#12975,#12998,#13021,#13044,#13067,#13090,#13113,#13136,#13159,#13182,#13205,#13228,#13251,#13274,#13297,#13320,#13343,#13366,#13389,#13412,#13435,#13458,#13481,#13504,#13527,#13550,#13573,#13596,#13619,#13642,#13665,#13688,#13711,#13734,#13757,#13780,#13803,#13826,#13849,#13872,#13895,#13918,#13941,#13964,#13987,#14010,#14033,#14056,#14079,#14102,#14125,#14148,#14171,#14194,#14217,#14240,#14263,#14286,#14309,#14332,#14355,#14378,#14401,#14424,#14447,#14470,#14493,#14516,#14539,#14562,#14585,#14608,#14631,#14654,#14677,#14700,#14723,#14746,#14769,#14792,#14815,#14838,#14861,#14884,#14907,#14930,#14953,#14976,#14999,#15022,#15045,#15068,#15091,#15114,#15137,#15160,#15183,#15206,#15229,#15252,#15275,#15298,#15321,#15344,#15367,#15390,#15413,#15436,#15459,#15482,#15505,#15528,#15551,#15574,#15597,#15620,#15643,#15666,#15689,#15712,#15735,#15758,#15781,#15804,#15827,#15850,#15873,#15896,#15919,#15942,#15965,#15988,#16011,#16034,#16057,#16080,#16103,#16126,#16149,#16172,#16195,#16218,#16241,#16264,#16287,#16310,#16333,#16356,#16379,#16402,#16425,#16448,#16471,#16494,#16517,#16540,#16563,#16586,#16609,#16632,#16655,#16678,#16701,#16724,#16747,#16770,#16793,#16816,#16839,#16862,#16885,#16908,#16931,#16954,#16977,#17000,#17023,#17046,#17069,#17092,#17115,#17138,#17161,#17184,#17207,#17230,#17253,#17276,#17299,#17322,#17345,#17368,#17391,#17414,#17437,#17460,#17483,#17506,#17529,#17552,#17575));
#33=CARTESIAN_POINT('',(-40,-10,10));
#34=VERTEX_POINT('',#33);
#35=CARTESIAN_POINT('',(-40,-10,0));
#36=VERTEX_POINT('',#35);
#37=CARTESIAN_POINT('',(-40,-25,0));
#38=VERTEX_POINT('',#37);
#39=CARTESIAN_POINT('',(-40,-25,10));
#40=VERTEX_POINT('',#39);
#41=CARTESIAN_POINT('',(-30,-10,10));
#42=VERTEX_POINT('',#41);
#43=CARTESIAN_POINT('',(-30,-25,0));
#44=VERTEX_POINT('',#43);
#45=CARTESIAN_POINT('',(-30,-25,10));
#46=VERTEX_POINT('',#45);
#47=CARTESIAN_POINT('',(-30,-10,0));
#48=VERTEX_POINT('',#47);
#49=CARTESIAN_POINT('',(-30,-26,0));
#50=VERTEX_POINT('',#49);
#51=CARTESIAN_POINT('',(-30,-26,10));
#52=VERTEX_POINT('',#51);
#53=CARTESIAN_POINT('',(-30,-9,10));
#54=VERTEX_POINT('',#53);
#55=CARTESIAN_POINT('',(-30,-9,0));
#56=VERTEX_POINT('',#55);
#57=CARTESIAN_POINT('',(-22.304,-27.531,0));
#58=VERTEX_POINT('',#57);
#59=CARTESIAN_POINT('',(-22.536,-28,0));
#60=VERTEX_POINT('',#59);
#61=CARTESIAN_POINT('',(-25.006,-27.131,0));
#62=VERTEX_POINT('',#61);
#63=CARTESIAN_POINT('',(-25.032,-27.259,0));
#64=VERTEX_POINT('',#63);
#65=CARTESIAN_POINT('',(-22.827,-28.435,0));
#66=VERTEX_POINT('',#65);
#67=CARTESIAN_POINT('',(-25.074,-27.384,0));
#68=VERTEX_POINT('',#67);
#69=CARTESIAN_POINT('',(-23.172,-28.828,0));
#70=VERTEX_POINT('',#69);
#71=CARTESIAN_POINT('',(-25.132,-27.501,0));
#72=VERTEX_POINT('',#71);
#73=CARTESIAN_POINT('',(-23.565,-29.173,0));
#74=VERTEX_POINT('',#73);
#75=CARTESIAN_POINT('',(-25.205,-27.61,0));
#76=VERTEX_POINT('',#75);
#77=CARTESIAN_POINT('',(-24,-29.464,0));
#78=VERTEX_POINT('',#77);
#79=CARTESIAN_POINT('',(-25.291,-27.709,0));
#80=VERTEX_POINT('',#79);
#81=CARTESIAN_POINT('',(-26.795,-27.61,0));
#82=VERTEX_POINT('',#81);
#83=CARTESIAN_POINT('',(-28.828,-28.828,0));
#84=VERTEX_POINT('',#83);
#85=CARTESIAN_POINT('',(-26.868,-27.501,0));
#86=VERTEX_POINT('',#85);
#87=CARTESIAN_POINT('',(-26.709,-27.709,0));
#88=VERTEX_POINT('',#87);
#89=CARTESIAN_POINT('',(-28.435,-29.173,0));
#90=VERTEX_POINT('',#89);
#91=CARTESIAN_POINT('',(-26.968,-27.259,0));
#92=VERTEX_POINT('',#91);
#93=CARTESIAN_POINT('',(-26.926,-27.384,0));
#94=VERTEX_POINT('',#93);
#95=CARTESIAN_POINT('',(-29.173,-28.435,0));
#96=VERTEX_POINT('',#95);
#97=CARTESIAN_POINT('',(-26.522,-5.034,0));
#98=VERTEX_POINT('',#97);
#99=CARTESIAN_POINT('',(-26,-5,0));
#100=VERTEX_POINT('',#99);
#101=CARTESIAN_POINT('',(-26.131,-7.006,0));
#102=VERTEX_POINT('',#101);
#103=CARTESIAN_POINT('',(-29.464,-28,0));
#104=VERTEX_POINT('',#103);
#105=CARTESIAN_POINT('',(-25.478,-5.034,0));
#106=VERTEX_POINT('',#105);
#107=CARTESIAN_POINT('',(-25.869,-7.006,0));
#108=VERTEX_POINT('',#107);
#109=CARTESIAN_POINT('',(-25.499,-7.132,0));
#110=VERTEX_POINT('',#109);
#111=CARTESIAN_POINT('',(-25.616,-7.074,0));
#112=VERTEX_POINT('',#111);
#113=CARTESIAN_POINT('',(-24.469,-5.304,0));
#114=VERTEX_POINT('',#113);
#115=CARTESIAN_POINT('',(-25.39,-7.205,0));
#116=VERTEX_POINT('',#115);
#117=CARTESIAN_POINT('',(-24,-5.536,0));
#118=VERTEX_POINT('',#117);
#119=CARTESIAN_POINT('',(-23.565,-5.827,0));
#120=VERTEX_POINT('',#119);
#121=CARTESIAN_POINT('',(-25.291,-7.291,0));
#122=VERTEX_POINT('',#121);
#123=CARTESIAN_POINT('',(-25.205,-7.39,0));
#124=VERTEX_POINT('',#123);
#125=CARTESIAN_POINT('',(-23.172,-6.172,0));
#126=VERTEX_POINT('',#125);
#127=CARTESIAN_POINT('',(-25.132,-7.499,0));
#128=VERTEX_POINT('',#127);
#129=CARTESIAN_POINT('',(-25.074,-7.616,0));
#130=VERTEX_POINT('',#129);
#131=CARTESIAN_POINT('',(-22.827,-6.565,0));
#132=VERTEX_POINT('',#131);
#133=CARTESIAN_POINT('',(-26.501,-27.868,0));
#134=VERTEX_POINT('',#133);
#135=CARTESIAN_POINT('',(-27.531,-29.696,0));
#136=VERTEX_POINT('',#135);
#137=CARTESIAN_POINT('',(-26.61,-27.795,0));
#138=VERTEX_POINT('',#137);
#139=CARTESIAN_POINT('',(-28,-29.464,0));
#140=VERTEX_POINT('',#139);
#141=CARTESIAN_POINT('',(-26,-6.998,0));
#142=VERTEX_POINT('',#141);
#143=CARTESIAN_POINT('',(-25.741,-7.032,0));
#144=VERTEX_POINT('',#143);
#145=CARTESIAN_POINT('',(-24.965,-5.136,0));
#146=VERTEX_POINT('',#145);
#147=CARTESIAN_POINT('',(-25.032,-7.741,0));
#148=VERTEX_POINT('',#147);
#149=CARTESIAN_POINT('',(-26.868,-7.499,0));
#150=VERTEX_POINT('',#149);
#151=CARTESIAN_POINT('',(-26.926,-7.616,0));
#152=VERTEX_POINT('',#151);
#153=CARTESIAN_POINT('',(-29.173,-6.565,0));
#154=VERTEX_POINT('',#153);
#155=CARTESIAN_POINT('',(-28.828,-6.172,0));
#156=VERTEX_POINT('',#155);
#157=CARTESIAN_POINT('',(-26.795,-7.39,0));
#158=VERTEX_POINT('',#157);
#159=CARTESIAN_POINT('',(-28.435,-5.827,0));
#160=VERTEX_POINT('',#159);
#161=CARTESIAN_POINT('',(-28,-5.536,0));
#162=VERTEX_POINT('',#161);
#163=CARTESIAN_POINT('',(-26.709,-7.291,0));
#164=VERTEX_POINT('',#163);
#165=CARTESIAN_POINT('',(-26.968,-7.741,0));
#166=VERTEX_POINT('',#165);
#167=CARTESIAN_POINT('',(-29.464,-7,0));
#168=VERTEX_POINT('',#167);
#169=CARTESIAN_POINT('',(-26.994,-7.869,0));
#170=VERTEX_POINT('',#169);
#171=CARTESIAN_POINT('',(-27.003,-8,0));
#172=VERTEX_POINT('',#171);
#173=CARTESIAN_POINT('',(-29.696,-7.469,0));
#174=VERTEX_POINT('',#173);
#175=CARTESIAN_POINT('',(-26.994,-8.131,0));
#176=VERTEX_POINT('',#175);
#177=CARTESIAN_POINT('',(-26.968,-8.259,0));
#178=VERTEX_POINT('',#177);
#179=CARTESIAN_POINT('',(-29.966,-8.478,0));
#180=VERTEX_POINT('',#179);
#181=CARTESIAN_POINT('',(-29.864,-7.965,0));
#182=VERTEX_POINT('',#181);
#183=CARTESIAN_POINT('',(-24,-12.464,0));
#184=VERTEX_POINT('',#183);
#185=CARTESIAN_POINT('',(-23.565,-12.173,0));
#186=VERTEX_POINT('',#185);
#187=CARTESIAN_POINT('',(-22,-25,0));
#188=VERTEX_POINT('',#187);
#189=CARTESIAN_POINT('',(-23.172,-11.828,0));
#190=VERTEX_POINT('',#189);
#191=CARTESIAN_POINT('',(-22.827,-11.435,0));
#192=VERTEX_POINT('',#191);
#193=CARTESIAN_POINT('',(-10,-10,0));
#194=VERTEX_POINT('',#193);
#195=CARTESIAN_POINT('',(-22.536,-11,0));
#196=VERTEX_POINT('',#195);
#197=CARTESIAN_POINT('',(-22.304,-10.531,0));
#198=VERTEX_POINT('',#197);
#199=CARTESIAN_POINT('',(-22,-10,0));
#200=VERTEX_POINT('',#199);
#201=CARTESIAN_POINT('',(-22.136,-10.035,0));
#202=VERTEX_POINT('',#201);
#203=CARTESIAN_POINT('',(-22.034,-9.522,0));
#204=VERTEX_POINT('',#203);
#205=CARTESIAN_POINT('',(-22,-9,0));
#206=VERTEX_POINT('',#205);
#207=CARTESIAN_POINT('',(-25.132,-8.501,0));
#208=VERTEX_POINT('',#207);
#209=CARTESIAN_POINT('',(-25.205,-8.61,0));
#210=VERTEX_POINT('',#209);
#211=CARTESIAN_POINT('',(-25.291,-8.709,0));
#212=VERTEX_POINT('',#211);
#213=CARTESIAN_POINT('',(-25.39,-8.795,0));
#214=VERTEX_POINT('',#213);
#215=CARTESIAN_POINT('',(-25.074,-8.384,0));
#216=VERTEX_POINT('',#215);
#217=CARTESIAN_POINT('',(-24.469,-12.696,0));
#218=VERTEX_POINT('',#217);
#219=CARTESIAN_POINT('',(-25.616,-8.926,0));
#220=VERTEX_POINT('',#219);
#221=CARTESIAN_POINT('',(-24.576,-12.7322,0));
#222=VERTEX_POINT('',#221);
#223=CARTESIAN_POINT('',(-25.741,-8.968,0));
#224=VERTEX_POINT('',#223);
#225=CARTESIAN_POINT('',(-25.032,-8.259,0));
#226=VERTEX_POINT('',#225);
#227=CARTESIAN_POINT('',(-25.006,-8.131,0));
#228=VERTEX_POINT('',#227);
#229=CARTESIAN_POINT('',(-22.034,-8.478,0));
#230=VERTEX_POINT('',#229);
#231=CARTESIAN_POINT('',(-24.469,-29.696,0));
#232=VERTEX_POINT('',#231);
#233=CARTESIAN_POINT('',(-24.965,-29.864,0));
#234=VERTEX_POINT('',#233);
#235=CARTESIAN_POINT('',(-25.616,-27.926,0));
#236=VERTEX_POINT('',#235);
#237=CARTESIAN_POINT('',(-25.741,-27.968,0));
#238=VERTEX_POINT('',#237);
#239=CARTESIAN_POINT('',(-25.478,-12.966,0));
#240=VERTEX_POINT('',#239);
#241=CARTESIAN_POINT('',(-24.965,-12.864,0));
#242=VERTEX_POINT('',#241);
#243=CARTESIAN_POINT('',(-27.035,-12.864,0));
#244=VERTEX_POINT('',#243);
#245=CARTESIAN_POINT('',(-27.003,-12.8704,0));
#246=VERTEX_POINT('',#245);
#247=CARTESIAN_POINT('',(-22,-26,0));
#248=VERTEX_POINT('',#247);
#249=CARTESIAN_POINT('',(-22.034,-26.522,0));
#250=VERTEX_POINT('',#249);
#251=CARTESIAN_POINT('',(-25.032,-26.741,0));
#252=VERTEX_POINT('',#251);
#253=CARTESIAN_POINT('',(-26.522,-12.966,0));
#254=VERTEX_POINT('',#253);
#255=CARTESIAN_POINT('',(-26.0327,-26,0));
#256=VERTEX_POINT('',#255);
#257=CARTESIAN_POINT('',(-26,-13,0));
#258=VERTEX_POINT('',#257);
#259=CARTESIAN_POINT('',(-25.9673,-26,0));
#260=VERTEX_POINT('',#259);
#261=CARTESIAN_POINT('',(-26.501,-8.868,0));
#262=VERTEX_POINT('',#261);
#263=CARTESIAN_POINT('',(-26.384,-8.926,0));
#264=VERTEX_POINT('',#263);
#265=CARTESIAN_POINT('',(-28,-12.464,0));
#266=VERTEX_POINT('',#265);
#267=CARTESIAN_POINT('',(-25.39,-27.795,0));
#268=VERTEX_POINT('',#267);
#269=CARTESIAN_POINT('',(-28.435,-12.173,0));
#270=VERTEX_POINT('',#269);
#271=CARTESIAN_POINT('',(-28.672,-11.9649,0));
#272=VERTEX_POINT('',#271);
#273=CARTESIAN_POINT('',(-25.499,-27.868,0));
#274=VERTEX_POINT('',#273);
#275=CARTESIAN_POINT('',(-28.828,-11.828,0));
#276=VERTEX_POINT('',#275);
#277=CARTESIAN_POINT('',(-26.61,-8.795,0));
#278=VERTEX_POINT('',#277);
#279=CARTESIAN_POINT('',(-29.173,-11.435,0));
#280=VERTEX_POINT('',#279);
#281=CARTESIAN_POINT('',(-26.868,-26.499,0));
#282=VERTEX_POINT('',#281);
#283=CARTESIAN_POINT('',(-26.926,-26.616,0));
#284=VERTEX_POINT('',#283);
#285=CARTESIAN_POINT('',(-26.795,-26.39,0));
#286=VERTEX_POINT('',#285);
#287=CARTESIAN_POINT('',(-26.709,-26.291,0));
#288=VERTEX_POINT('',#287);
#289=CARTESIAN_POINT('',(-26.61,-26.205,0));
#290=VERTEX_POINT('',#289);
#291=CARTESIAN_POINT('',(-26.501,-26.132,0));
#292=VERTEX_POINT('',#291);
#293=CARTESIAN_POINT('',(-26.384,-26.074,0));
#294=VERTEX_POINT('',#293);
#295=CARTESIAN_POINT('',(-26.131,-8.994,0));
#296=VERTEX_POINT('',#295);
#297=CARTESIAN_POINT('',(-26.259,-26.032,0));
#298=VERTEX_POINT('',#297);
#299=CARTESIAN_POINT('',(-26.131,-26.006,0));
#300=VERTEX_POINT('',#299);
#301=CARTESIAN_POINT('',(-25.741,-26.032,0));
#302=VERTEX_POINT('',#301);
#303=CARTESIAN_POINT('',(-25.869,-26.006,0));
#304=VERTEX_POINT('',#303);
#305=CARTESIAN_POINT('',(-27.531,-12.696,0));
#306=VERTEX_POINT('',#305);
#307=CARTESIAN_POINT('',(-26.259,-8.968,0));
#308=VERTEX_POINT('',#307);
#309=CARTESIAN_POINT('',(-25.616,-26.074,0));
#310=VERTEX_POINT('',#309);
#311=CARTESIAN_POINT('',(-25.499,-26.132,0));
#312=VERTEX_POINT('',#311);
#313=CARTESIAN_POINT('',(-25.39,-26.205,0));
#314=VERTEX_POINT('',#313);
#315=CARTESIAN_POINT('',(-25.205,-26.39,0));
#316=VERTEX_POINT('',#315);
#317=CARTESIAN_POINT('',(-25.291,-26.291,0));
#318=VERTEX_POINT('',#317);
#319=CARTESIAN_POINT('',(-25.869,-8.994,0));
#320=VERTEX_POINT('',#319);
#321=CARTESIAN_POINT('',(-25.132,-26.499,0));
#322=VERTEX_POINT('',#321);
#323=CARTESIAN_POINT('',(-24.998,-8,0));
#324=VERTEX_POINT('',#323);
#325=CARTESIAN_POINT('',(-25.006,-7.869,0));
#326=VERTEX_POINT('',#325);
#327=CARTESIAN_POINT('',(-22.304,-7.469,0));
#328=VERTEX_POINT('',#327);
#329=CARTESIAN_POINT('',(-25.074,-26.616,0));
#330=VERTEX_POINT('',#329);
#331=CARTESIAN_POINT('',(-22.136,-7.965,0));
#332=VERTEX_POINT('',#331);
#333=CARTESIAN_POINT('',(-25.499,-8.868,0));
#334=VERTEX_POINT('',#333);
#335=CARTESIAN_POINT('',(-24.998,-27,0));
#336=VERTEX_POINT('',#335);
#337=CARTESIAN_POINT('',(-22.136,-27.035,0));
#338=VERTEX_POINT('',#337);
#339=CARTESIAN_POINT('',(-25.006,-26.869,0));
#340=VERTEX_POINT('',#339);
#341=CARTESIAN_POINT('',(-26,-9.003,0));
#342=VERTEX_POINT('',#341);
#343=CARTESIAN_POINT('',(-26.522,-29.966,0));
#344=VERTEX_POINT('',#343);
#345=CARTESIAN_POINT('',(-27.035,-29.864,0));
#346=VERTEX_POINT('',#345);
#347=CARTESIAN_POINT('',(-26.259,-27.968,0));
#348=VERTEX_POINT('',#347);
#349=CARTESIAN_POINT('',(-26,-30,0));
#350=VERTEX_POINT('',#349);
#351=CARTESIAN_POINT('',(-26.131,-27.994,0));
#352=VERTEX_POINT('',#351);
#353=CARTESIAN_POINT('',(-26,-28.003,0));
#354=VERTEX_POINT('',#353);
#355=CARTESIAN_POINT('',(-25.869,-27.994,0));
#356=VERTEX_POINT('',#355);
#357=CARTESIAN_POINT('',(-25.478,-29.966,0));
#358=VERTEX_POINT('',#357);
#359=CARTESIAN_POINT('',(-26.709,-8.709,0));
#360=VERTEX_POINT('',#359);
#361=CARTESIAN_POINT('',(-26.795,-8.61,0));
#362=VERTEX_POINT('',#361);
#363=CARTESIAN_POINT('',(-29.464,-11,0));
#364=VERTEX_POINT('',#363);
#365=CARTESIAN_POINT('',(-29.696,-10.531,0));
#366=VERTEX_POINT('',#365);
#367=CARTESIAN_POINT('',(-29.864,-10.035,0));
#368=VERTEX_POINT('',#367);
#369=CARTESIAN_POINT('',(-29.966,-9.522,0));
#370=VERTEX_POINT('',#369);
#371=CARTESIAN_POINT('',(-26.968,-26.741,0));
#372=VERTEX_POINT('',#371);
#373=CARTESIAN_POINT('',(-29.696,-27.531,0));
#374=VERTEX_POINT('',#373);
#375=CARTESIAN_POINT('',(-26.994,-27.131,0));
#376=VERTEX_POINT('',#375);
#377=CARTESIAN_POINT('',(-27.003,-27,0));
#378=VERTEX_POINT('',#377);
#379=CARTESIAN_POINT('',(-29.864,-27.035,0));
#380=VERTEX_POINT('',#379);
#381=CARTESIAN_POINT('',(-26.994,-26.869,0));
#382=VERTEX_POINT('',#381);
#383=CARTESIAN_POINT('',(-29.966,-26.522,0));
#384=VERTEX_POINT('',#383);
#385=CARTESIAN_POINT('',(-26.384,-27.926,0));
#386=VERTEX_POINT('',#385);
#387=CARTESIAN_POINT('',(-26.868,-8.501,0));
#388=VERTEX_POINT('',#387);
#389=CARTESIAN_POINT('',(-26.926,-8.384,0));
#390=VERTEX_POINT('',#389);
#391=CARTESIAN_POINT('',(-24.998,-27,10));
#392=VERTEX_POINT('',#391);
#393=CARTESIAN_POINT('',(-25.006,-27.131,10));
#394=VERTEX_POINT('',#393);
#395=CARTESIAN_POINT('',(-22.304,-27.531,10));
#396=VERTEX_POINT('',#395);
#397=CARTESIAN_POINT('',(-22,-26,10));
#398=VERTEX_POINT('',#397);
#399=CARTESIAN_POINT('',(-25.032,-26.741,10));
#400=VERTEX_POINT('',#399);
#401=CARTESIAN_POINT('',(-22.034,-26.522,10));
#402=VERTEX_POINT('',#401);
#403=CARTESIAN_POINT('',(-22.136,-27.035,10));
#404=VERTEX_POINT('',#403);
#405=CARTESIAN_POINT('',(-25.006,-26.869,10));
#406=VERTEX_POINT('',#405);
#407=CARTESIAN_POINT('',(-22,-10,10));
#408=VERTEX_POINT('',#407);
#409=CARTESIAN_POINT('',(-10,-10,10));
#410=VERTEX_POINT('',#409);
#411=CARTESIAN_POINT('',(-29.864,-27.035,10));
#412=VERTEX_POINT('',#411);
#413=CARTESIAN_POINT('',(-29.696,-27.531,10));
#414=VERTEX_POINT('',#413);
#415=CARTESIAN_POINT('',(-27.003,-27,10));
#416=VERTEX_POINT('',#415);
#417=CARTESIAN_POINT('',(-29.464,-28,10));
#418=VERTEX_POINT('',#417);
#419=CARTESIAN_POINT('',(-26.994,-27.131,10));
#420=VERTEX_POINT('',#419);
#421=CARTESIAN_POINT('',(-25.291,-7.291,10));
#422=VERTEX_POINT('',#421);
#423=CARTESIAN_POINT('',(-26.994,-26.869,10));
#424=VERTEX_POINT('',#423);
#425=CARTESIAN_POINT('',(-29.966,-26.522,10));
#426=VERTEX_POINT('',#425);
#427=CARTESIAN_POINT('',(-26.968,-26.741,10));
#428=VERTEX_POINT('',#427);
#429=CARTESIAN_POINT('',(-22,-9,10));
#430=VERTEX_POINT('',#429);
#431=CARTESIAN_POINT('',(-25.032,-7.741,10));
#432=VERTEX_POINT('',#431);
#433=CARTESIAN_POINT('',(-26.501,-27.868,10));
#434=VERTEX_POINT('',#433);
#435=CARTESIAN_POINT('',(-26.61,-27.795,10));
#436=VERTEX_POINT('',#435);
#437=CARTESIAN_POINT('',(-27.531,-29.696,10));
#438=VERTEX_POINT('',#437);
#439=CARTESIAN_POINT('',(-28.435,-29.173,10));
#440=VERTEX_POINT('',#439);
#441=CARTESIAN_POINT('',(-28,-29.464,10));
#442=VERTEX_POINT('',#441);
#443=CARTESIAN_POINT('',(-26.709,-27.709,10));
#444=VERTEX_POINT('',#443);
#445=CARTESIAN_POINT('',(-22.536,-7,10));
#446=VERTEX_POINT('',#445);
#447=CARTESIAN_POINT('',(-22.827,-6.565,10));
#448=VERTEX_POINT('',#447);
#449=CARTESIAN_POINT('',(-25.074,-7.616,10));
#450=VERTEX_POINT('',#449);
#451=CARTESIAN_POINT('',(-23.172,-6.172,10));
#452=VERTEX_POINT('',#451);
#453=CARTESIAN_POINT('',(-25.132,-7.499,10));
#454=VERTEX_POINT('',#453);
#455=CARTESIAN_POINT('',(-23.565,-5.827,10));
#456=VERTEX_POINT('',#455);
#457=CARTESIAN_POINT('',(-25.205,-7.39,10));
#458=VERTEX_POINT('',#457);
#459=CARTESIAN_POINT('',(-26.795,-27.61,10));
#460=VERTEX_POINT('',#459);
#461=CARTESIAN_POINT('',(-26.868,-27.501,10));
#462=VERTEX_POINT('',#461);
#463=CARTESIAN_POINT('',(-28.828,-28.828,10));
#464=VERTEX_POINT('',#463);
#465=CARTESIAN_POINT('',(-26.384,-27.926,10));
#466=VERTEX_POINT('',#465);
#467=CARTESIAN_POINT('',(-27.035,-29.864,10));
#468=VERTEX_POINT('',#467);
#469=CARTESIAN_POINT('',(-26.259,-27.968,10));
#470=VERTEX_POINT('',#469);
#471=CARTESIAN_POINT('',(-22.034,-8.478,10));
#472=VERTEX_POINT('',#471);
#473=CARTESIAN_POINT('',(-26.968,-7.741,10));
#474=VERTEX_POINT('',#473);
#475=CARTESIAN_POINT('',(-26.926,-7.616,10));
#476=VERTEX_POINT('',#475);
#477=CARTESIAN_POINT('',(-29.173,-6.565,10));
#478=VERTEX_POINT('',#477);
#479=CARTESIAN_POINT('',(-27.003,-8,10));
#480=VERTEX_POINT('',#479);
#481=CARTESIAN_POINT('',(-29.864,-7.965,10));
#482=VERTEX_POINT('',#481);
#483=CARTESIAN_POINT('',(-26.994,-8.131,10));
#484=VERTEX_POINT('',#483);
#485=CARTESIAN_POINT('',(-22.136,-7.965,10));
#486=VERTEX_POINT('',#485);
#487=CARTESIAN_POINT('',(-25.869,-27.994,10));
#488=VERTEX_POINT('',#487);
#489=CARTESIAN_POINT('',(-26,-28.003,10));
#490=VERTEX_POINT('',#489);
#491=CARTESIAN_POINT('',(-26,-30,10));
#492=VERTEX_POINT('',#491);
#493=CARTESIAN_POINT('',(-26.131,-27.994,10));
#494=VERTEX_POINT('',#493);
#495=CARTESIAN_POINT('',(-28.828,-6.172,10));
#496=VERTEX_POINT('',#495);
#497=CARTESIAN_POINT('',(-26.868,-7.499,10));
#498=VERTEX_POINT('',#497);
#499=CARTESIAN_POINT('',(-26.795,-7.39,10));
#500=VERTEX_POINT('',#499);
#501=CARTESIAN_POINT('',(-28.435,-5.827,10));
#502=VERTEX_POINT('',#501);
#503=CARTESIAN_POINT('',(-26.259,-7.032,10));
#504=VERTEX_POINT('',#503);
#505=CARTESIAN_POINT('',(-26.384,-7.074,10));
#506=VERTEX_POINT('',#505);
#507=CARTESIAN_POINT('',(-26.259,-7.032,0));
#508=VERTEX_POINT('',#507);
#509=CARTESIAN_POINT('',(-26.709,-7.291,10));
#510=VERTEX_POINT('',#509);
#511=CARTESIAN_POINT('',(-26.61,-7.205,10));
#512=VERTEX_POINT('',#511);
#513=CARTESIAN_POINT('',(-28,-5.536,10));
#514=VERTEX_POINT('',#513);
#515=CARTESIAN_POINT('',(-25.074,-26.616,10));
#516=VERTEX_POINT('',#515);
#517=CARTESIAN_POINT('',(-25.032,-27.259,10));
#518=VERTEX_POINT('',#517);
#519=CARTESIAN_POINT('',(-22.536,-28,10));
#520=VERTEX_POINT('',#519);
#521=CARTESIAN_POINT('',(-27.531,-5.304,10));
#522=VERTEX_POINT('',#521);
#523=CARTESIAN_POINT('',(-27.035,-5.136,10));
#524=VERTEX_POINT('',#523);
#525=CARTESIAN_POINT('',(-22.827,-28.435,10));
#526=VERTEX_POINT('',#525);
#527=CARTESIAN_POINT('',(-25.132,-27.501,10));
#528=VERTEX_POINT('',#527);
#529=CARTESIAN_POINT('',(-23.172,-28.828,10));
#530=VERTEX_POINT('',#529);
#531=CARTESIAN_POINT('',(-26.501,-7.132,10));
#532=VERTEX_POINT('',#531);
#533=CARTESIAN_POINT('',(-24,-29.464,10));
#534=VERTEX_POINT('',#533);
#535=CARTESIAN_POINT('',(-23.565,-29.173,10));
#536=VERTEX_POINT('',#535);
#537=CARTESIAN_POINT('',(-25.291,-27.709,10));
#538=VERTEX_POINT('',#537);
#539=CARTESIAN_POINT('',(-25.39,-27.795,10));
#540=VERTEX_POINT('',#539);
#541=CARTESIAN_POINT('',(-26.522,-5.034,10));
#542=VERTEX_POINT('',#541);
#543=CARTESIAN_POINT('',(-26,-6.998,10));
#544=VERTEX_POINT('',#543);
#545=CARTESIAN_POINT('',(-26,-5,10));
#546=VERTEX_POINT('',#545);
#547=CARTESIAN_POINT('',(-26.131,-7.006,10));
#548=VERTEX_POINT('',#547);
#549=CARTESIAN_POINT('',(-25.499,-27.868,10));
#550=VERTEX_POINT('',#549);
#551=CARTESIAN_POINT('',(-24.469,-29.696,10));
#552=VERTEX_POINT('',#551);
#553=CARTESIAN_POINT('',(-25.205,-27.61,10));
#554=VERTEX_POINT('',#553);
#555=CARTESIAN_POINT('',(-25.616,-7.074,10));
#556=VERTEX_POINT('',#555);
#557=CARTESIAN_POINT('',(-24.965,-5.136,10));
#558=VERTEX_POINT('',#557);
#559=CARTESIAN_POINT('',(-25.741,-7.032,10));
#560=VERTEX_POINT('',#559);
#561=CARTESIAN_POINT('',(-25.499,-7.132,10));
#562=VERTEX_POINT('',#561);
#563=CARTESIAN_POINT('',(-24.469,-5.304,10));
#564=VERTEX_POINT('',#563);
#565=CARTESIAN_POINT('',(-26.795,-26.39,10));
#566=VERTEX_POINT('',#565);
#567=CARTESIAN_POINT('',(-26.868,-26.499,10));
#568=VERTEX_POINT('',#567);
#569=CARTESIAN_POINT('',(-26.709,-26.291,10));
#570=VERTEX_POINT('',#569);
#571=CARTESIAN_POINT('',(-25.39,-7.205,10));
#572=VERTEX_POINT('',#571);
#573=CARTESIAN_POINT('',(-26.61,-26.205,10));
#574=VERTEX_POINT('',#573);
#575=CARTESIAN_POINT('',(-26.501,-26.132,10));
#576=VERTEX_POINT('',#575);
#577=CARTESIAN_POINT('',(-26.384,-26.074,10));
#578=VERTEX_POINT('',#577);
#579=CARTESIAN_POINT('',(-26.259,-26.032,10));
#580=VERTEX_POINT('',#579);
#581=CARTESIAN_POINT('',(-26.131,-26.006,10));
#582=VERTEX_POINT('',#581);
#583=CARTESIAN_POINT('',(-24,-5.536,10));
#584=VERTEX_POINT('',#583);
#585=CARTESIAN_POINT('',(-26.0327,-26,10));
#586=VERTEX_POINT('',#585);
#587=CARTESIAN_POINT('',(-25.741,-26.032,10));
#588=VERTEX_POINT('',#587);
#589=CARTESIAN_POINT('',(-25.869,-26.006,10));
#590=VERTEX_POINT('',#589);
#591=CARTESIAN_POINT('',(-25.616,-26.074,10));
#592=VERTEX_POINT('',#591);
#593=CARTESIAN_POINT('',(-25.006,-7.869,10));
#594=VERTEX_POINT('',#593);
#595=CARTESIAN_POINT('',(-24.998,-8,10));
#596=VERTEX_POINT('',#595);
#597=CARTESIAN_POINT('',(-22.304,-7.469,10));
#598=VERTEX_POINT('',#597);
#599=CARTESIAN_POINT('',(-25.39,-26.205,10));
#600=VERTEX_POINT('',#599);
#601=CARTESIAN_POINT('',(-25.499,-26.132,10));
#602=VERTEX_POINT('',#601);
#603=CARTESIAN_POINT('',(-25.032,-8.259,10));
#604=VERTEX_POINT('',#603);
#605=CARTESIAN_POINT('',(-25.006,-8.131,10));
#606=VERTEX_POINT('',#605);
#607=CARTESIAN_POINT('',(-26.968,-27.259,10));
#608=VERTEX_POINT('',#607);
#609=CARTESIAN_POINT('',(-25.291,-26.291,10));
#610=VERTEX_POINT('',#609);
#611=CARTESIAN_POINT('',(-25.9673,-26,10));
#612=VERTEX_POINT('',#611);
#613=CARTESIAN_POINT('',(-25.205,-26.39,10));
#614=VERTEX_POINT('',#613);
#615=CARTESIAN_POINT('',(-25.132,-26.499,10));
#616=VERTEX_POINT('',#615);
#617=CARTESIAN_POINT('',(-25.869,-7.006,10));
#618=VERTEX_POINT('',#617);
#619=CARTESIAN_POINT('',(-25.478,-5.034,10));
#620=VERTEX_POINT('',#619);
#621=CARTESIAN_POINT('',(-29.464,-7,10));
#622=VERTEX_POINT('',#621);
#623=CARTESIAN_POINT('',(-26.994,-7.869,10));
#624=VERTEX_POINT('',#623);
#625=CARTESIAN_POINT('',(-29.696,-7.469,10));
#626=VERTEX_POINT('',#625);
#627=CARTESIAN_POINT('',(-25.074,-27.384,10));
#628=VERTEX_POINT('',#627);
#629=CARTESIAN_POINT('',(-24.469,-12.696,10));
#630=VERTEX_POINT('',#629);
#631=CARTESIAN_POINT('',(-22,-25,10));
#632=VERTEX_POINT('',#631);
#633=CARTESIAN_POINT('',(-24,-12.464,10));
#634=VERTEX_POINT('',#633);
#635=CARTESIAN_POINT('',(-10,-25,10));
#636=VERTEX_POINT('',#635);
#637=CARTESIAN_POINT('',(-23.565,-12.173,10));
#638=VERTEX_POINT('',#637);
#639=CARTESIAN_POINT('',(-23.172,-11.828,10));
#640=VERTEX_POINT('',#639);
#641=CARTESIAN_POINT('',(-22.827,-11.435,10));
#642=VERTEX_POINT('',#641);
#643=CARTESIAN_POINT('',(-25.616,-27.926,10));
#644=VERTEX_POINT('',#643);
#645=CARTESIAN_POINT('',(-25.741,-27.968,10));
#646=VERTEX_POINT('',#645);
#647=CARTESIAN_POINT('',(-25.478,-29.966,10));
#648=VERTEX_POINT('',#647);
#649=CARTESIAN_POINT('',(-26.522,-29.966,10));
#650=VERTEX_POINT('',#649);
#651=CARTESIAN_POINT('',(-26.926,-27.384,10));
#652=VERTEX_POINT('',#651);
#653=CARTESIAN_POINT('',(-29.173,-28.435,10));
#654=VERTEX_POINT('',#653);
#655=CARTESIAN_POINT('',(-22.136,-10.035,10));
#656=VERTEX_POINT('',#655);
#657=CARTESIAN_POINT('',(-26.926,-26.616,10));
#658=VERTEX_POINT('',#657);
#659=CARTESIAN_POINT('',(-22.536,-11,10));
#660=VERTEX_POINT('',#659);
#661=CARTESIAN_POINT('',(-22.304,-10.531,10));
#662=VERTEX_POINT('',#661);
#663=CARTESIAN_POINT('',(-22.034,-9.522,10));
#664=VERTEX_POINT('',#663);
#665=CARTESIAN_POINT('',(-24.965,-29.864,10));
#666=VERTEX_POINT('',#665);
#667=CARTESIAN_POINT('',(-25.291,-8.709,10));
#668=VERTEX_POINT('',#667);
#669=CARTESIAN_POINT('',(-25.39,-8.795,10));
#670=VERTEX_POINT('',#669);
#671=CARTESIAN_POINT('',(-25.205,-8.61,10));
#672=VERTEX_POINT('',#671);
#673=CARTESIAN_POINT('',(-25.132,-8.501,10));
#674=VERTEX_POINT('',#673);
#675=CARTESIAN_POINT('',(-25.074,-8.384,10));
#676=VERTEX_POINT('',#675);
#677=CARTESIAN_POINT('',(-24.576,-12.7322,10));
#678=VERTEX_POINT('',#677);
#679=CARTESIAN_POINT('',(-26,-13,10));
#680=VERTEX_POINT('',#679);
#681=CARTESIAN_POINT('',(-26.522,-12.966,10));
#682=VERTEX_POINT('',#681);
#683=CARTESIAN_POINT('',(-26,-25.998,10));
#684=VERTEX_POINT('',#683);
#685=CARTESIAN_POINT('',(-24.965,-12.864,10));
#686=VERTEX_POINT('',#685);
#687=CARTESIAN_POINT('',(-28.672,-11.9649,10));
#688=VERTEX_POINT('',#687);
#689=CARTESIAN_POINT('',(-28.435,-12.173,10));
#690=VERTEX_POINT('',#689);
#691=CARTESIAN_POINT('',(-28,-12.464,10));
#692=VERTEX_POINT('',#691);
#693=CARTESIAN_POINT('',(-27.531,-12.696,10));
#694=VERTEX_POINT('',#693);
#695=CARTESIAN_POINT('',(-26.926,-8.384,10));
#696=VERTEX_POINT('',#695);
#697=CARTESIAN_POINT('',(-26.868,-8.501,10));
#698=VERTEX_POINT('',#697);
#699=CARTESIAN_POINT('',(-27.035,-12.864,10));
#700=VERTEX_POINT('',#699);
#701=CARTESIAN_POINT('',(-27.003,-12.8704,10));
#702=VERTEX_POINT('',#701);
#703=CARTESIAN_POINT('',(-26.795,-8.61,10));
#704=VERTEX_POINT('',#703);
#705=CARTESIAN_POINT('',(-29.464,-11,10));
#706=VERTEX_POINT('',#705);
#707=CARTESIAN_POINT('',(-26.709,-8.709,10));
#708=VERTEX_POINT('',#707);
#709=CARTESIAN_POINT('',(-29.966,-9.522,10));
#710=VERTEX_POINT('',#709);
#711=CARTESIAN_POINT('',(-29.173,-11.435,10));
#712=VERTEX_POINT('',#711);
#713=CARTESIAN_POINT('',(-26.61,-8.795,10));
#714=VERTEX_POINT('',#713);
#715=CARTESIAN_POINT('',(-26.968,-8.259,10));
#716=VERTEX_POINT('',#715);
#717=CARTESIAN_POINT('',(-29.966,-8.478,10));
#718=VERTEX_POINT('',#717);
#719=CARTESIAN_POINT('',(-26.384,-8.926,10));
#720=VERTEX_POINT('',#719);
#721=CARTESIAN_POINT('',(-26.259,-8.968,10));
#722=VERTEX_POINT('',#721);
#723=CARTESIAN_POINT('',(-29.864,-10.035,10));
#724=VERTEX_POINT('',#723);
#725=CARTESIAN_POINT('',(-26.501,-8.868,10));
#726=VERTEX_POINT('',#725);
#727=CARTESIAN_POINT('',(-28.828,-11.828,10));
#728=VERTEX_POINT('',#727);
#729=CARTESIAN_POINT('',(-25.478,-12.966,10));
#730=VERTEX_POINT('',#729);
#731=CARTESIAN_POINT('',(-26,-9.003,10));
#732=VERTEX_POINT('',#731);
#733=CARTESIAN_POINT('',(-25.741,-8.968,10));
#734=VERTEX_POINT('',#733);
#735=CARTESIAN_POINT('',(-25.869,-8.994,10));
#736=VERTEX_POINT('',#735);
#737=CARTESIAN_POINT('',(-25.499,-8.868,10));
#738=VERTEX_POINT('',#737);
#739=CARTESIAN_POINT('',(-25.616,-8.926,10));
#740=VERTEX_POINT('',#739);
#741=CARTESIAN_POINT('',(-22.536,-7,0));
#742=VERTEX_POINT('',#741);
#743=CARTESIAN_POINT('',(-26.131,-8.994,10));
#744=VERTEX_POINT('',#743);
#745=CARTESIAN_POINT('',(-29.696,-10.531,10));
#746=VERTEX_POINT('',#745);
#747=CARTESIAN_POINT('',(-27.035,-5.136,0));
#748=VERTEX_POINT('',#747);
#749=CARTESIAN_POINT('',(-27.531,-5.304,0));
#750=VERTEX_POINT('',#749);
#751=CARTESIAN_POINT('',(-26,-25.998,0));
#752=VERTEX_POINT('',#751);
#753=CARTESIAN_POINT('',(-10,-25,0));
#754=VERTEX_POINT('',#753);
#755=CARTESIAN_POINT('',(-26.61,-7.205,0));
#756=VERTEX_POINT('',#755);
#757=CARTESIAN_POINT('',(-26.384,-7.074,0));
#758=VERTEX_POINT('',#757);
#759=CARTESIAN_POINT('',(-26.501,-7.132,0));
#760=VERTEX_POINT('',#759);
#761=STYLED_ITEM('',(#18),#762);
#762=FACE_SURFACE('',(#767),#763,.T.);
#763=PLANE('',#764);
#764=AXIS2_PLACEMENT_3D('',#33,#765,#766);
#765=DIRECTION('',(-1,0,-0));
#766=DIRECTION('',(0,0,-1));
#767=FACE_BOUND('',#768,.T.);
#768=EDGE_LOOP('',(#769,#770,#771));
#769=ORIENTED_EDGE('',*,*,#772,.T.);
#770=ORIENTED_EDGE('',*,*,#773,.T.);
#771=ORIENTED_EDGE('',*,*,#774,.T.);
#772=EDGE_CURVE('',#34,#36,#775,.F.);
#773=EDGE_CURVE('',#36,#38,#776,.T.);
#774=EDGE_CURVE('',#38,#34,#777,.T.);
#775=LINE('',#33,#778);
#776=LINE('',#35,#779);
#777=LINE('',#37,#780);
#778=VECTOR('',#781,1.0);
#779=VECTOR('',#782,1.0);
#780=VECTOR('',#783,1.0);
#781=DIRECTION('',(0,0,-1));
#782=DIRECTION('',(0,-1,0));
#783=DIRECTION('',(0,0.8320502943378437,0.5547001962252291));
#784=STYLED_ITEM('',(#18),#785);
#785=FACE_SURFACE('',(#790),#786,.T.);
#786=PLANE('',#787);
#787=AXIS2_PLACEMENT_3D('',#33,#788,#789);
#788=DIRECTION('',(-1,-0,0));
#789=DIRECTION('',(0,-0.8320502943378437,-0.5547001962252291));
#790=FACE_BOUND('',#791,.T.);
#791=EDGE_LOOP('',(#792,#793,#794));
#792=ORIENTED_EDGE('',*,*,#795,.T.);
#793=ORIENTED_EDGE('',*,*,#796,.T.);
#794=ORIENTED_EDGE('',*,*,#797,.T.);
#795=EDGE_CURVE('',#34,#38,#798,.F.);
#796=EDGE_CURVE('',#38,#40,#799,.T.);
#797=EDGE_CURVE('',#40,#34,#800,.T.);
#798=LINE('',#33,#801);
#799=LINE('',#37,#802);
#800=LINE('',#39,#803);
#801=VECTOR('',#804,1.0);
#802=VECTOR('',#805,1.0);
#803=VECTOR('',#806,1.0);
#804=DIRECTION('',(0,-0.8320502943378437,-0.5547001962252291));
#805=DIRECTION('',(0,0,1));
#806=DIRECTION('',(0,1,0));
#807=STYLED_ITEM('',(#18),#808);
#808=FACE_SURFACE('',(#813),#809,.T.);
#809=PLANE('',#810);
#810=AXIS2_PLACEMENT_3D('',#41,#811,#812);
#811=DIRECTION('',(0,0,1));
#812=DIRECTION('',(-1,0,0));
#813=FACE_BOUND('',#814,.T.);
#814=EDGE_LOOP('',(#815,#816,#817));
#815=ORIENTED_EDGE('',*,*,#818,.T.);
#816=ORIENTED_EDGE('',*,*,#819,.T.);
#817=ORIENTED_EDGE('',*,*,#820,.T.);
#818=EDGE_CURVE('',#42,#34,#821,.F.);
#819=EDGE_CURVE('',#34,#40,#822,.T.);
#820=EDGE_CURVE('',#40,#42,#823,.T.);
#821=LINE('',#41,#824);
#822=LINE('',#33,#825);
#823=LINE('',#39,#826);
#824=VECTOR('',#827,1.0);
#825=VECTOR('',#828,1.0);
#826=VECTOR('',#829,1.0);
#827=DIRECTION('',(-1,0,0));
#828=DIRECTION('',(0,-1,0));
#829=DIRECTION('',(0.5547001962252291,0.8320502943378437,0));
#830=STYLED_ITEM('',(#18),#831);
#831=FACE_SURFACE('',(#836),#832,.T.);
#832=PLANE('',#833);
#833=AXIS2_PLACEMENT_3D('',#39,#834,#835);
#834=DIRECTION('',(0,-1,0));
#835=DIRECTION('',(0,0,-1));
#836=FACE_BOUND('',#837,.T.);
#837=EDGE_LOOP('',(#838,#839,#840));
#838=ORIENTED_EDGE('',*,*,#841,.T.);
#839=ORIENTED_EDGE('',*,*,#842,.T.);
#840=ORIENTED_EDGE('',*,*,#843,.T.);
#841=EDGE_CURVE('',#40,#38,#844,.F.);
#842=EDGE_CURVE('',#38,#44,#845,.T.);
#843=EDGE_CURVE('',#44,#40,#846,.T.);
#844=LINE('',#39,#847);
#845=LINE('',#37,#848);
#846=LINE('',#43,#849);
#847=VECTOR('',#850,1.0);
#848=VECTOR('',#851,1.0);
#849=VECTOR('',#852,1.0);
#850=DIRECTION('',(0,0,-1));
#851=DIRECTION('',(1,0,0));
#852=DIRECTION('',(-0.7071067811865475,0,0.7071067811865475));
#853=STYLED_ITEM('',(#18),#854);
#854=FACE_SURFACE('',(#859),#855,.T.);
#855=PLANE('',#856);
#856=AXIS2_PLACEMENT_3D('',#39,#857,#858);
#857=DIRECTION('',(0,-1,0));
#858=DIRECTION('',(0.7071067811865475,0,-0.7071067811865475));
#859=FACE_BOUND('',#860,.T.);
#860=EDGE_LOOP('',(#861,#862,#863));
#861=ORIENTED_EDGE('',*,*,#864,.T.);
#862=ORIENTED_EDGE('',*,*,#865,.T.);
#863=ORIENTED_EDGE('',*,*,#866,.T.);
#864=EDGE_CURVE('',#40,#44,#867,.F.);
#865=EDGE_CURVE('',#44,#46,#868,.T.);
#866=EDGE_CURVE('',#46,#40,#869,.T.);
#867=LINE('',#39,#870);
#868=LINE('',#43,#871);
#869=LINE('',#45,#872);
#870=VECTOR('',#873,1.0);
#871=VECTOR('',#874,1.0);
#872=VECTOR('',#875,1.0);
#873=DIRECTION('',(0.7071067811865475,0,-0.7071067811865475));
#874=DIRECTION('',(0,0,1));
#875=DIRECTION('',(-1,0,0));
#876=STYLED_ITEM('',(#18),#877);
#877=FACE_SURFACE('',(#882),#878,.T.);
#878=PLANE('',#879);
#879=AXIS2_PLACEMENT_3D('',#35,#880,#881);
#880=DIRECTION('',(0,1,0));
#881=DIRECTION('',(0,0,1));
#882=FACE_BOUND('',#883,.T.);
#883=EDGE_LOOP('',(#884,#885,#886));
#884=ORIENTED_EDGE('',*,*,#887,.T.);
#885=ORIENTED_EDGE('',*,*,#888,.T.);
#886=ORIENTED_EDGE('',*,*,#889,.T.);
#887=EDGE_CURVE('',#36,#34,#890,.F.);
#888=EDGE_CURVE('',#34,#48,#891,.T.);
#889=EDGE_CURVE('',#48,#36,#892,.T.);
#890=LINE('',#35,#893);
#891=LINE('',#33,#894);
#892=LINE('',#47,#895);
#893=VECTOR('',#896,1.0);
#894=VECTOR('',#897,1.0);
#895=VECTOR('',#898,1.0);
#896=DIRECTION('',(0,0,1));
#897=DIRECTION('',(0.7071067811865475,0,-0.7071067811865475));
#898=DIRECTION('',(-1,0,0));
#899=STYLED_ITEM('',(#18),#900);
#900=FACE_SURFACE('',(#905),#901,.T.);
#901=PLANE('',#902);
#902=AXIS2_PLACEMENT_3D('',#41,#903,#904);
#903=DIRECTION('',(0,1,0));
#904=DIRECTION('',(0,0,-1));
#905=FACE_BOUND('',#906,.T.);
#906=EDGE_LOOP('',(#907,#908,#909));
#907=ORIENTED_EDGE('',*,*,#910,.T.);
#908=ORIENTED_EDGE('',*,*,#911,.T.);
#909=ORIENTED_EDGE('',*,*,#912,.T.);
#910=EDGE_CURVE('',#42,#48,#913,.F.);
#911=EDGE_CURVE('',#48,#34,#914,.T.);
#912=EDGE_CURVE('',#34,#42,#915,.T.);
#913=LINE('',#41,#916);
#914=LINE('',#47,#917);
#915=LINE('',#33,#918);
#916=VECTOR('',#919,1.0);
#917=VECTOR('',#920,1.0);
#918=VECTOR('',#921,1.0);
#919=DIRECTION('',(0,0,-1));
#920=DIRECTION('',(-0.7071067811865475,0,0.7071067811865475));
#921=DIRECTION('',(1,0,0));
#922=STYLED_ITEM('',(#18),#923);
#923=FACE_SURFACE('',(#928),#924,.T.);
#924=PLANE('',#925);
#925=AXIS2_PLACEMENT_3D('',#43,#926,#927);
#926=DIRECTION('',(-1,0,0));
#927=DIRECTION('',(0,-1,0));
#928=FACE_BOUND('',#929,.T.);
#929=EDGE_LOOP('',(#930,#931,#932));
#930=ORIENTED_EDGE('',*,*,#933,.T.);
#931=ORIENTED_EDGE('',*,*,#934,.T.);
#932=ORIENTED_EDGE('',*,*,#935,.T.);
#933=EDGE_CURVE('',#44,#50,#936,.F.);
#934=EDGE_CURVE('',#50,#46,#937,.T.);
#935=EDGE_CURVE('',#46,#44,#938,.T.);
#936=LINE('',#43,#939);
#937=LINE('',#49,#940);
#938=LINE('',#45,#941);
#939=VECTOR('',#942,1.0);
#940=VECTOR('',#943,1.0);
#941=VECTOR('',#944,1.0);
#942=DIRECTION('',(0,-1,0));
#943=DIRECTION('',(0,0.09950371902099892,0.9950371902099892));
#944=DIRECTION('',(0,0,-1));
#945=STYLED_ITEM('',(#18),#946);
#946=FACE_SURFACE('',(#951),#947,.T.);
#947=PLANE('',#948);
#948=AXIS2_PLACEMENT_3D('',#51,#949,#950);
#949=DIRECTION('',(-1,0,0));
#950=DIRECTION('',(0,1,0));
#951=FACE_BOUND('',#952,.T.);
#952=EDGE_LOOP('',(#953,#954,#955));
#953=ORIENTED_EDGE('',*,*,#956,.T.);
#954=ORIENTED_EDGE('',*,*,#957,.T.);
#955=ORIENTED_EDGE('',*,*,#958,.T.);
#956=EDGE_CURVE('',#52,#46,#959,.F.);
#957=EDGE_CURVE('',#46,#50,#960,.T.);
#958=EDGE_CURVE('',#50,#52,#961,.T.);
#959=LINE('',#51,#962);
#960=LINE('',#45,#963);
#961=LINE('',#49,#964);
#962=VECTOR('',#965,1.0);
#963=VECTOR('',#966,1.0);
#964=VECTOR('',#967,1.0);
#965=DIRECTION('',(0,1,0));
#966=DIRECTION('',(0,-0.09950371902099892,-0.9950371902099892));
#967=DIRECTION('',(0,0,1));
#968=STYLED_ITEM('',(#18),#969);
#969=FACE_SURFACE('',(#974),#970,.T.);
#970=PLANE('',#971);
#971=AXIS2_PLACEMENT_3D('',#47,#972,#973);
#972=DIRECTION('',(-1,0,0));
#973=DIRECTION('',(0,0,1));
#974=FACE_BOUND('',#975,.T.);
#975=EDGE_LOOP('',(#976,#977,#978));
#976=ORIENTED_EDGE('',*,*,#979,.T.);
#977=ORIENTED_EDGE('',*,*,#980,.T.);
#978=ORIENTED_EDGE('',*,*,#981,.T.);
#979=EDGE_CURVE('',#48,#42,#982,.F.);
#980=EDGE_CURVE('',#42,#54,#983,.T.);
#981=EDGE_CURVE('',#54,#48,#984,.T.);
#982=LINE('',#47,#985);
#983=LINE('',#41,#986);
#984=LINE('',#53,#987);
#985=VECTOR('',#988,1.0);
#986=VECTOR('',#989,1.0);
#987=VECTOR('',#990,1.0);
#988=DIRECTION('',(0,0,1));
#989=DIRECTION('',(0,1,0));
#990=DIRECTION('',(0,-0.09950371902099892,-0.9950371902099892));
#991=STYLED_ITEM('',(#18),#992);
#992=FACE_SURFACE('',(#997),#993,.T.);
#993=PLANE('',#994);
#994=AXIS2_PLACEMENT_3D('',#47,#995,#996);
#995=DIRECTION('',(-1,0,0));
#996=DIRECTION('',(0,0.09950371902099892,0.9950371902099892));
#997=FACE_BOUND('',#998,.T.);
#998=EDGE_LOOP('',(#999,#1000,#1001));
#999=ORIENTED_EDGE('',*,*,#1002,.T.);
#1000=ORIENTED_EDGE('',*,*,#1003,.T.);
#1001=ORIENTED_EDGE('',*,*,#1004,.T.);
#1002=EDGE_CURVE('',#48,#54,#1005,.F.);
#1003=EDGE_CURVE('',#54,#56,#1006,.T.);
#1004=EDGE_CURVE('',#56,#48,#1007,.T.);
#1005=LINE('',#47,#1008);
#1006=LINE('',#53,#1009);
#1007=LINE('',#55,#1010);
#1008=VECTOR('',#1011,1.0);
#1009=VECTOR('',#1012,1.0);
#1010=VECTOR('',#1013,1.0);
#1011=DIRECTION('',(0,0.09950371902099892,0.9950371902099892));
#1012=DIRECTION('',(0,0,-1));
#1013=DIRECTION('',(0,-1,0));
#1014=STYLED_ITEM('',(#18),#1015);
#1015=FACE_SURFACE('',(#1020),#1016,.T.);
#1016=PLANE('',#1017);
#1017=AXIS2_PLACEMENT_3D('',#57,#1018,#1019);
#1018=DIRECTION('',(-0,0,-1));
#1019=DIRECTION('',(-0.44338720834081957,-0.896330175482079,0));
#1020=FACE_BOUND('',#1021,.T.);
#1021=EDGE_LOOP('',(#1022,#1023,#1024));
#1022=ORIENTED_EDGE('',*,*,#1025,.T.);
#1023=ORIENTED_EDGE('',*,*,#1026,.T.);
#1024=ORIENTED_EDGE('',*,*,#1027,.T.);
#1025=EDGE_CURVE('',#58,#60,#1028,.F.);
#1026=EDGE_CURVE('',#60,#62,#1029,.T.);
#1027=EDGE_CURVE('',#62,#58,#1030,.T.);
#1028=LINE('',#57,#1031);
#1029=LINE('',#59,#1032);
#1030=LINE('',#61,#1033);
#1031=VECTOR('',#1034,1.0);
#1032=VECTOR('',#1035,1.0);
#1033=VECTOR('',#1036,1.0);
#1034=DIRECTION('',(-0.44338720834081957,-0.896330175482079,0));
#1035=DIRECTION('',(-0.9433212477700906,0.3318810381830805,0));
#1036=DIRECTION('',(0.9892191820295014,-0.14644251399400404,0));
#1037=STYLED_ITEM('',(#18),#1038);
#1038=FACE_SURFACE('',(#1043),#1039,.T.);
#1039=PLANE('',#1040);
#1040=AXIS2_PLACEMENT_3D('',#63,#1041,#1042);
#1041=DIRECTION('',(0,0,-1));
#1042=DIRECTION('',(0.199059924290103,0.9799873195820539,0));
#1043=FACE_BOUND('',#1044,.T.);
#1044=EDGE_LOOP('',(#1045,#1046,#1047));
#1045=ORIENTED_EDGE('',*,*,#1048,.T.);
#1046=ORIENTED_EDGE('',*,*,#1049,.T.);
#1047=ORIENTED_EDGE('',*,*,#1050,.T.);
#1048=EDGE_CURVE('',#64,#62,#1051,.F.);
#1049=EDGE_CURVE('',#62,#60,#1052,.T.);
#1050=EDGE_CURVE('',#60,#64,#1053,.T.);
#1051=LINE('',#63,#1054);
#1052=LINE('',#61,#1055);
#1053=LINE('',#59,#1056);
#1054=VECTOR('',#1057,1.0);
#1055=VECTOR('',#1058,1.0);
#1056=VECTOR('',#1059,1.0);
#1057=DIRECTION('',(0.199059924290103,0.9799873195820539,0));
#1058=DIRECTION('',(0.9433212477700906,-0.3318810381830805,0));
#1059=DIRECTION('',(-0.9586468662780967,0.28459828842630996,0));
#1060=STYLED_ITEM('',(#18),#1061);
#1061=FACE_SURFACE('',(#1066),#1062,.T.);
#1062=PLANE('',#1063);
#1063=AXIS2_PLACEMENT_3D('',#59,#1064,#1065);
#1064=DIRECTION('',(-0,0,-1));
#1065=DIRECTION('',(-0.5560223079986824,-0.8311673676268928,0));
#1066=FACE_BOUND('',#1067,.T.);
#1067=EDGE_LOOP('',(#1068,#1069,#1070));
#1068=ORIENTED_EDGE('',*,*,#1071,.T.);
#1069=ORIENTED_EDGE('',*,*,#1072,.T.);
#1070=ORIENTED_EDGE('',*,*,#1073,.T.);
#1071=EDGE_CURVE('',#60,#66,#1074,.F.);
#1072=EDGE_CURVE('',#66,#64,#1075,.T.);
#1073=EDGE_CURVE('',#64,#60,#1076,.T.);
#1074=LINE('',#59,#1077);
#1075=LINE('',#65,#1078);
#1076=LINE('',#63,#1079);
#1077=VECTOR('',#1080,1.0);
#1078=VECTOR('',#1081,1.0);
#1079=VECTOR('',#1082,1.0);
#1080=DIRECTION('',(-0.5560223079986824,-0.8311673676268928,0));
#1081=DIRECTION('',(-0.8823529411764708,0.4705882352941175,0));
#1082=DIRECTION('',(0.9586468662780967,-0.28459828842630996,0));
#1083=STYLED_ITEM('',(#18),#1084);
#1084=FACE_SURFACE('',(#1089),#1085,.T.);
#1085=PLANE('',#1086);
#1086=AXIS2_PLACEMENT_3D('',#67,#1087,#1088);
#1087=DIRECTION('',(0,0,-1));
#1088=DIRECTION('',(0.3185018700980786,0.9479222324347218,0));
#1089=FACE_BOUND('',#1090,.T.);
#1090=EDGE_LOOP('',(#1091,#1092,#1093));
#1091=ORIENTED_EDGE('',*,*,#1094,.T.);
#1092=ORIENTED_EDGE('',*,*,#1095,.T.);
#1093=ORIENTED_EDGE('',*,*,#1096,.T.);
#1094=EDGE_CURVE('',#68,#64,#1097,.F.);
#1095=EDGE_CURVE('',#64,#66,#1098,.T.);
#1096=EDGE_CURVE('',#66,#68,#1099,.T.);
#1097=LINE('',#67,#1100);
#1098=LINE('',#63,#1101);
#1099=LINE('',#65,#1102);
#1100=VECTOR('',#1103,1.0);
#1101=VECTOR('',#1104,1.0);
#1102=VECTOR('',#1105,1.0);
#1103=DIRECTION('',(0.3185018700980786,0.9479222324347218,0));
#1104=DIRECTION('',(0.8823529411764708,-0.4705882352941175,0));
#1105=DIRECTION('',(-0.9058120384565752,0.4236797741067464,0));
#1106=STYLED_ITEM('',(#18),#1107);
#1107=FACE_SURFACE('',(#1112),#1108,.T.);
#1108=PLANE('',#1109);
#1109=AXIS2_PLACEMENT_3D('',#69,#1110,#1111);
#1110=DIRECTION('',(0,0,-1));
#1111=DIRECTION('',(-0.8280642108833512,0.5606332693072476,0));
#1112=FACE_BOUND('',#1113,.T.);
#1113=EDGE_LOOP('',(#1114,#1115,#1116));
#1114=ORIENTED_EDGE('',*,*,#1117,.T.);
#1115=ORIENTED_EDGE('',*,*,#1118,.T.);
#1116=ORIENTED_EDGE('',*,*,#1119,.T.);
#1117=EDGE_CURVE('',#70,#72,#1120,.F.);
#1118=EDGE_CURVE('',#72,#66,#1121,.T.);
#1119=EDGE_CURVE('',#66,#70,#1122,.T.);
#1120=LINE('',#69,#1123);
#1121=LINE('',#71,#1124);
#1122=LINE('',#65,#1125);
#1123=VECTOR('',#1126,1.0);
#1124=VECTOR('',#1127,1.0);
#1125=VECTOR('',#1128,1.0);
#1126=DIRECTION('',(-0.8280642108833512,0.5606332693072476,0));
#1127=DIRECTION('',(0.9268035779883359,-0.3755464389766176,0));
#1128=DIRECTION('',(-0.6597221620798697,-0.7515095933257684,0));
#1129=STYLED_ITEM('',(#18),#1130);
#1130=FACE_SURFACE('',(#1135),#1131,.T.);
#1131=PLANE('',#1132);
#1132=AXIS2_PLACEMENT_3D('',#73,#1133,#1134);
#1133=DIRECTION('',(0,0,-1));
#1134=DIRECTION('',(-0.7238964548810242,0.6899086335238062,0));
#1135=FACE_BOUND('',#1136,.T.);
#1136=EDGE_LOOP('',(#1137,#1138,#1139));
#1137=ORIENTED_EDGE('',*,*,#1140,.T.);
#1138=ORIENTED_EDGE('',*,*,#1141,.T.);
#1139=ORIENTED_EDGE('',*,*,#1142,.T.);
#1140=EDGE_CURVE('',#74,#76,#1143,.F.);
#1141=EDGE_CURVE('',#76,#70,#1144,.T.);
#1142=EDGE_CURVE('',#70,#74,#1145,.T.);
#1143=LINE('',#73,#1146);
#1144=LINE('',#75,#1147);
#1145=LINE('',#69,#1148);
#1146=VECTOR('',#1149,1.0);
#1147=VECTOR('',#1150,1.0);
#1148=VECTOR('',#1151,1.0);
#1149=DIRECTION('',(-0.7238964548810242,0.6899086335238062,0));
#1150=DIRECTION('',(0.8578278231524707,-0.513937180816385,0));
#1151=DIRECTION('',(-0.7515095933257684,-0.6597221620798697,0));
#1152=STYLED_ITEM('',(#18),#1153);
#1153=FACE_SURFACE('',(#1158),#1154,.T.);
#1154=PLANE('',#1155);
#1155=AXIS2_PLACEMENT_3D('',#77,#1156,#1157);
#1156=DIRECTION('',(0,0,-1));
#1157=DIRECTION('',(-0.5925569218024844,0.8055285807617035,0));
#1158=FACE_BOUND('',#1159,.T.);
#1159=EDGE_LOOP('',(#1160,#1161,#1162));
#1160=ORIENTED_EDGE('',*,*,#1163,.T.);
#1161=ORIENTED_EDGE('',*,*,#1164,.T.);
#1162=ORIENTED_EDGE('',*,*,#1165,.T.);
#1163=EDGE_CURVE('',#78,#80,#1166,.F.);
#1164=EDGE_CURVE('',#80,#74,#1167,.T.);
#1165=EDGE_CURVE('',#74,#78,#1168,.T.);
#1166=LINE('',#77,#1169);
#1167=LINE('',#79,#1170);
#1168=LINE('',#73,#1171);
#1169=VECTOR('',#1172,1.0);
#1170=VECTOR('',#1173,1.0);
#1171=VECTOR('',#1174,1.0);
#1172=DIRECTION('',(-0.5925569218024844,0.8055285807617035,0));
#1173=DIRECTION('',(0.7626148080894262,-0.6468528847293855,0));
#1174=DIRECTION('',(-0.8311673676268928,-0.5560223079986824,0));
#1175=STYLED_ITEM('',(#18),#1176);
#1176=FACE_SURFACE('',(#1181),#1177,.T.);
#1177=PLANE('',#1178);
#1178=AXIS2_PLACEMENT_3D('',#81,#1179,#1180);
#1179=DIRECTION('',(-0,0,-1));
#1180=DIRECTION('',(-0.8578278231524707,-0.513937180816385,0));
#1181=FACE_BOUND('',#1182,.T.);
#1182=EDGE_LOOP('',(#1183,#1184,#1185));
#1183=ORIENTED_EDGE('',*,*,#1186,.T.);
#1184=ORIENTED_EDGE('',*,*,#1187,.T.);
#1185=ORIENTED_EDGE('',*,*,#1188,.T.);
#1186=EDGE_CURVE('',#82,#84,#1189,.F.);
#1187=EDGE_CURVE('',#84,#86,#1190,.T.);
#1188=EDGE_CURVE('',#86,#82,#1191,.T.);
#1189=LINE('',#81,#1192);
#1190=LINE('',#83,#1193);
#1191=LINE('',#85,#1194);
#1192=VECTOR('',#1195,1.0);
#1193=VECTOR('',#1196,1.0);
#1194=VECTOR('',#1197,1.0);
#1195=DIRECTION('',(-0.8578278231524707,-0.513937180816385,0));
#1196=DIRECTION('',(0.8280642108833512,0.5606332693072476,0));
#1197=DIRECTION('',(0.5564580441595975,-0.830875709772572,0));
#1198=STYLED_ITEM('',(#18),#1199);
#1199=FACE_SURFACE('',(#1204),#1200,.T.);
#1200=PLANE('',#1201);
#1201=AXIS2_PLACEMENT_3D('',#87,#1202,#1203);
#1202=DIRECTION('',(-0,0,-1));
#1203=DIRECTION('',(-0.7626148080894262,-0.6468528847293855,0));
#1204=FACE_BOUND('',#1205,.T.);
#1205=EDGE_LOOP('',(#1206,#1207,#1208));
#1206=ORIENTED_EDGE('',*,*,#1209,.T.);
#1207=ORIENTED_EDGE('',*,*,#1210,.T.);
#1208=ORIENTED_EDGE('',*,*,#1211,.T.);
#1209=EDGE_CURVE('',#88,#90,#1212,.F.);
#1210=EDGE_CURVE('',#90,#82,#1213,.T.);
#1211=EDGE_CURVE('',#82,#88,#1214,.T.);
#1212=LINE('',#87,#1215);
#1213=LINE('',#89,#1216);
#1214=LINE('',#81,#1217);
#1215=VECTOR('',#1218,1.0);
#1216=VECTOR('',#1219,1.0);
#1217=VECTOR('',#1220,1.0);
#1218=DIRECTION('',(-0.7626148080894262,-0.6468528847293855,0));
#1219=DIRECTION('',(0.7238964548810242,0.6899086335238062,0));
#1220=DIRECTION('',(0.6558010468760234,-0.7549337632642428,0));
#1221=STYLED_ITEM('',(#18),#1222);
#1222=FACE_SURFACE('',(#1227),#1223,.T.);
#1223=PLANE('',#1224);
#1224=AXIS2_PLACEMENT_3D('',#91,#1225,#1226);
#1225=DIRECTION('',(0,-0,-1));
#1226=DIRECTION('',(0.3185018700980786,-0.9479222324347218,0));
#1227=FACE_BOUND('',#1228,.T.);
#1228=EDGE_LOOP('',(#1229,#1230,#1231));
#1229=ORIENTED_EDGE('',*,*,#1232,.T.);
#1230=ORIENTED_EDGE('',*,*,#1233,.T.);
#1231=ORIENTED_EDGE('',*,*,#1234,.T.);
#1232=EDGE_CURVE('',#92,#94,#1235,.F.);
#1233=EDGE_CURVE('',#94,#96,#1236,.T.);
#1234=EDGE_CURVE('',#96,#92,#1237,.T.);
#1235=LINE('',#91,#1238);
#1236=LINE('',#93,#1239);
#1237=LINE('',#95,#1240);
#1238=VECTOR('',#1241,1.0);
#1239=VECTOR('',#1242,1.0);
#1240=VECTOR('',#1243,1.0);
#1241=DIRECTION('',(0.3185018700980786,-0.9479222324347218,0));
#1242=DIRECTION('',(-0.9058120384565752,-0.4236797741067464,0));
#1243=DIRECTION('',(0.8823529411764708,0.4705882352941175,0));
#1244=STYLED_ITEM('',(#18),#1245);
#1245=FACE_SURFACE('',(#1250),#1246,.T.);
#1246=PLANE('',#1247);
#1247=AXIS2_PLACEMENT_3D('',#93,#1248,#1249);
#1248=DIRECTION('',(0,-0,-1));
#1249=DIRECTION('',(0.44414788414389644,-0.8959534904282143,0));
#1250=FACE_BOUND('',#1251,.T.);
#1251=EDGE_LOOP('',(#1252,#1253,#1254));
#1252=ORIENTED_EDGE('',*,*,#1255,.T.);
#1253=ORIENTED_EDGE('',*,*,#1256,.T.);
#1254=ORIENTED_EDGE('',*,*,#1257,.T.);
#1255=EDGE_CURVE('',#94,#86,#1258,.F.);
#1256=EDGE_CURVE('',#86,#96,#1259,.T.);
#1257=EDGE_CURVE('',#96,#94,#1260,.T.);
#1258=LINE('',#93,#1261);
#1259=LINE('',#85,#1262);
#1260=LINE('',#95,#1263);
#1261=VECTOR('',#1264,1.0);
#1262=VECTOR('',#1265,1.0);
#1263=VECTOR('',#1266,1.0);
#1264=DIRECTION('',(0.44414788414389644,-0.8959534904282143,0));
#1265=DIRECTION('',(-0.9268035779883359,-0.3755464389766176,0));
#1266=DIRECTION('',(0.9058120384565752,0.4236797741067464,0));
#1267=STYLED_ITEM('',(#18),#1268);
#1268=FACE_SURFACE('',(#1273),#1269,.T.);
#1269=PLANE('',#1270);
#1270=AXIS2_PLACEMENT_3D('',#97,#1271,#1272);
#1271=DIRECTION('',(0,0,-1));
#1272=DIRECTION('',(0.997885500156359,0.06499637357340252,0));
#1273=FACE_BOUND('',#1274,.T.);
#1274=EDGE_LOOP('',(#1275,#1276,#1277));
#1275=ORIENTED_EDGE('',*,*,#1278,.T.);
#1276=ORIENTED_EDGE('',*,*,#1279,.T.);
#1277=ORIENTED_EDGE('',*,*,#1280,.T.);
#1278=EDGE_CURVE('',#98,#100,#1281,.F.);
#1279=EDGE_CURVE('',#100,#102,#1282,.T.);
#1280=EDGE_CURVE('',#102,#98,#1283,.T.);
#1281=LINE('',#97,#1284);
#1282=LINE('',#99,#1285);
#1283=LINE('',#101,#1286);
#1284=VECTOR('',#1287,1.0);
#1285=VECTOR('',#1288,1.0);
#1286=VECTOR('',#1289,1.0);
#1287=DIRECTION('',(0.997885500156359,0.06499637357340252,0));
#1288=DIRECTION('',(-0.06516528285644928,-0.9978744840460843,0));
#1289=DIRECTION('',(-0.19448969742013034,0.9809045609015316,0));
#1290=STYLED_ITEM('',(#18),#1291);
#1291=FACE_SURFACE('',(#1296),#1292,.T.);
#1292=PLANE('',#1293);
#1293=AXIS2_PLACEMENT_3D('',#95,#1294,#1295);
#1294=DIRECTION('',(0,0,-1));
#1295=DIRECTION('',(-0.5560223079986824,0.8311673676268928,0));
#1296=FACE_BOUND('',#1297,.T.);
#1297=EDGE_LOOP('',(#1298,#1299,#1300));
#1298=ORIENTED_EDGE('',*,*,#1301,.T.);
#1299=ORIENTED_EDGE('',*,*,#1302,.T.);
#1300=ORIENTED_EDGE('',*,*,#1303,.T.);
#1301=EDGE_CURVE('',#96,#104,#1304,.F.);
#1302=EDGE_CURVE('',#104,#92,#1305,.T.);
#1303=EDGE_CURVE('',#92,#96,#1306,.T.);
#1304=LINE('',#95,#1307);
#1305=LINE('',#103,#1308);
#1306=LINE('',#91,#1309);
#1307=VECTOR('',#1310,1.0);
#1308=VECTOR('',#1311,1.0);
#1309=VECTOR('',#1312,1.0);
#1310=DIRECTION('',(-0.5560223079986824,0.8311673676268928,0));
#1311=DIRECTION('',(0.9586468662780967,0.28459828842630996,0));
#1312=DIRECTION('',(-0.8823529411764708,-0.4705882352941175,0));
#1313=STYLED_ITEM('',(#18),#1314);
#1314=FACE_SURFACE('',(#1319),#1315,.T.);
#1315=PLANE('',#1316);
#1316=AXIS2_PLACEMENT_3D('',#99,#1317,#1318);
#1317=DIRECTION('',(0,0,-1));
#1318=DIRECTION('',(0.997885500156359,-0.06499637357340252,0));
#1319=FACE_BOUND('',#1320,.T.);
#1320=EDGE_LOOP('',(#1321,#1322,#1323));
#1321=ORIENTED_EDGE('',*,*,#1324,.T.);
#1322=ORIENTED_EDGE('',*,*,#1325,.T.);
#1323=ORIENTED_EDGE('',*,*,#1326,.T.);
#1324=EDGE_CURVE('',#100,#106,#1327,.F.);
#1325=EDGE_CURVE('',#106,#108,#1328,.T.);
#1326=EDGE_CURVE('',#108,#100,#1329,.T.);
#1327=LINE('',#99,#1330);
#1328=LINE('',#105,#1331);
#1329=LINE('',#107,#1332);
#1330=VECTOR('',#1333,1.0);
#1331=VECTOR('',#1334,1.0);
#1332=VECTOR('',#1335,1.0);
#1333=DIRECTION('',(0.997885500156359,-0.06499637357340252,0));
#1334=DIRECTION('',(-0.19448969742013034,-0.9809045609015316,0));
#1335=DIRECTION('',(-0.06516528285644928,0.9978744840460843,0));
#1336=STYLED_ITEM('',(#18),#1337);
#1337=FACE_SURFACE('',(#1342),#1338,.T.);
#1338=PLANE('',#1339);
#1339=AXIS2_PLACEMENT_3D('',#109,#1340,#1341);
#1340=DIRECTION('',(0,0,-1));
#1341=DIRECTION('',(-0.8959534904282143,0.44414788414389644,0));
#1342=FACE_BOUND('',#1343,.T.);
#1343=EDGE_LOOP('',(#1344,#1345,#1346));
#1344=ORIENTED_EDGE('',*,*,#1347,.T.);
#1345=ORIENTED_EDGE('',*,*,#1348,.T.);
#1346=ORIENTED_EDGE('',*,*,#1349,.T.);
#1347=EDGE_CURVE('',#110,#112,#1350,.F.);
#1348=EDGE_CURVE('',#112,#114,#1351,.T.);
#1349=EDGE_CURVE('',#114,#110,#1352,.T.);
#1350=LINE('',#109,#1353);
#1351=LINE('',#111,#1354);
#1352=LINE('',#113,#1355);
#1353=VECTOR('',#1356,1.0);
#1354=VECTOR('',#1357,1.0);
#1355=VECTOR('',#1358,1.0);
#1356=DIRECTION('',(-0.8959534904282143,0.44414788414389644,0));
#1357=DIRECTION('',(0.5438212591909763,0.8392010712886043,0));
#1358=DIRECTION('',(-0.49089468683063253,-0.8712189199285418,0));
#1359=STYLED_ITEM('',(#18),#1360);
#1360=FACE_SURFACE('',(#1365),#1361,.T.);
#1361=PLANE('',#1362);
#1362=AXIS2_PLACEMENT_3D('',#115,#1363,#1364);
#1363=DIRECTION('',(0,0,-1));
#1364=DIRECTION('',(-0.8308757097725595,0.5564580441596162,0));
#1365=FACE_BOUND('',#1366,.T.);
#1366=EDGE_LOOP('',(#1367,#1368,#1369));
#1367=ORIENTED_EDGE('',*,*,#1370,.T.);
#1368=ORIENTED_EDGE('',*,*,#1371,.T.);
#1369=ORIENTED_EDGE('',*,*,#1372,.T.);
#1370=EDGE_CURVE('',#116,#110,#1373,.F.);
#1371=EDGE_CURVE('',#110,#114,#1374,.T.);
#1372=EDGE_CURVE('',#114,#116,#1375,.T.);
#1373=LINE('',#115,#1376);
#1374=LINE('',#109,#1377);
#1375=LINE('',#113,#1378);
#1376=VECTOR('',#1379,1.0);
#1377=VECTOR('',#1380,1.0);
#1378=VECTOR('',#1381,1.0);
#1379=DIRECTION('',(-0.8308757097725595,0.5564580441596162,0));
#1380=DIRECTION('',(0.49089468683063253,0.8712189199285418,0));
#1381=DIRECTION('',(-0.43600633883799517,-0.899943594061921,0));
#1382=STYLED_ITEM('',(#18),#1383);
#1383=FACE_SURFACE('',(#1388),#1384,.T.);
#1384=PLANE('',#1385);
#1385=AXIS2_PLACEMENT_3D('',#113,#1386,#1387);
#1386=DIRECTION('',(0,-0,-1));
#1387=DIRECTION('',(0.8963301754820817,-0.44338720834081413,0));
#1388=FACE_BOUND('',#1389,.T.);
#1389=EDGE_LOOP('',(#1390,#1391,#1392));
#1390=ORIENTED_EDGE('',*,*,#1393,.T.);
#1391=ORIENTED_EDGE('',*,*,#1394,.T.);
#1392=ORIENTED_EDGE('',*,*,#1395,.T.);
#1393=EDGE_CURVE('',#114,#118,#1396,.F.);
#1394=EDGE_CURVE('',#118,#116,#1397,.T.);
#1395=EDGE_CURVE('',#116,#114,#1398,.T.);
#1396=LINE('',#113,#1399);
#1397=LINE('',#117,#1400);
#1398=LINE('',#115,#1401);
#1399=VECTOR('',#1402,1.0);
#1400=VECTOR('',#1403,1.0);
#1401=VECTOR('',#1404,1.0);
#1402=DIRECTION('',(0.8963301754820817,-0.44338720834081413,0));
#1403=DIRECTION('',(-0.6399579449395402,-0.7684099353266852,0));
#1404=DIRECTION('',(0.43600633883799517,0.899943594061921,0));
#1405=STYLED_ITEM('',(#18),#1406);
#1406=FACE_SURFACE('',(#1411),#1407,.T.);
#1407=PLANE('',#1408);
#1408=AXIS2_PLACEMENT_3D('',#117,#1409,#1410);
#1409=DIRECTION('',(0,-0,-1));
#1410=DIRECTION('',(0.8311673676268928,-0.5560223079986824,0));
#1411=FACE_BOUND('',#1412,.T.);
#1412=EDGE_LOOP('',(#1413,#1414,#1415));
#1413=ORIENTED_EDGE('',*,*,#1416,.T.);
#1414=ORIENTED_EDGE('',*,*,#1417,.T.);
#1415=ORIENTED_EDGE('',*,*,#1418,.T.);
#1416=EDGE_CURVE('',#118,#120,#1419,.F.);
#1417=EDGE_CURVE('',#120,#122,#1420,.T.);
#1418=EDGE_CURVE('',#122,#118,#1421,.T.);
#1419=LINE('',#117,#1422);
#1420=LINE('',#119,#1423);
#1421=LINE('',#121,#1424);
#1422=VECTOR('',#1425,1.0);
#1423=VECTOR('',#1426,1.0);
#1424=VECTOR('',#1427,1.0);
#1425=DIRECTION('',(0.8311673676268928,-0.5560223079986824,0));
#1426=DIRECTION('',(-0.7626148080894257,-0.646852884729386,0));
#1427=DIRECTION('',(0.5925569218024841,0.8055285807617039,0));
#1428=STYLED_ITEM('',(#18),#1429);
#1429=FACE_SURFACE('',(#1434),#1430,.T.);
#1430=PLANE('',#1431);
#1431=AXIS2_PLACEMENT_3D('',#123,#1432,#1433);
#1432=DIRECTION('',(0,0,-1));
#1433=DIRECTION('',(-0.6558010468760267,0.7549337632642399,0));
#1434=FACE_BOUND('',#1435,.T.);
#1435=EDGE_LOOP('',(#1436,#1437,#1438));
#1436=ORIENTED_EDGE('',*,*,#1439,.T.);
#1437=ORIENTED_EDGE('',*,*,#1440,.T.);
#1438=ORIENTED_EDGE('',*,*,#1441,.T.);
#1439=EDGE_CURVE('',#124,#122,#1442,.F.);
#1440=EDGE_CURVE('',#122,#120,#1443,.T.);
#1441=EDGE_CURVE('',#120,#124,#1444,.T.);
#1442=LINE('',#123,#1445);
#1443=LINE('',#121,#1446);
#1444=LINE('',#119,#1447);
#1445=VECTOR('',#1448,1.0);
#1446=VECTOR('',#1449,1.0);
#1447=VECTOR('',#1450,1.0);
#1448=DIRECTION('',(-0.6558010468760267,0.7549337632642399,0));
#1449=DIRECTION('',(0.7626148080894257,0.646852884729386,0));
#1450=DIRECTION('',(-0.7238964548810239,-0.6899086335238063,0));
#1451=STYLED_ITEM('',(#18),#1452);
#1452=FACE_SURFACE('',(#1457),#1453,.T.);
#1453=PLANE('',#1454);
#1454=AXIS2_PLACEMENT_3D('',#119,#1455,#1456);
#1455=DIRECTION('',(0,-0,-1));
#1456=DIRECTION('',(0.7515095933257677,-0.6597221620798709,0));
#1457=FACE_BOUND('',#1458,.T.);
#1458=EDGE_LOOP('',(#1459,#1460,#1461));
#1459=ORIENTED_EDGE('',*,*,#1462,.T.);
#1460=ORIENTED_EDGE('',*,*,#1463,.T.);
#1461=ORIENTED_EDGE('',*,*,#1464,.T.);
#1462=EDGE_CURVE('',#120,#126,#1465,.F.);
#1463=EDGE_CURVE('',#126,#124,#1466,.T.);
#1464=EDGE_CURVE('',#124,#120,#1467,.T.);
#1465=LINE('',#119,#1468);
#1466=LINE('',#125,#1469);
#1467=LINE('',#123,#1470);
#1468=VECTOR('',#1471,1.0);
#1469=VECTOR('',#1472,1.0);
#1470=VECTOR('',#1473,1.0);
#1471=DIRECTION('',(0.7515095933257677,-0.6597221620798709,0));
#1472=DIRECTION('',(-0.8578278231524707,-0.513937180816385,0));
#1473=DIRECTION('',(0.7238964548810239,0.6899086335238063,0));
#1474=STYLED_ITEM('',(#18),#1475);
#1475=FACE_SURFACE('',(#1480),#1476,.T.);
#1476=PLANE('',#1477);
#1477=AXIS2_PLACEMENT_3D('',#127,#1478,#1479);
#1478=DIRECTION('',(0,0,-1));
#1479=DIRECTION('',(-0.5564580441595913,0.8308757097725762,0));
#1480=FACE_BOUND('',#1481,.T.);
#1481=EDGE_LOOP('',(#1482,#1483,#1484));
#1482=ORIENTED_EDGE('',*,*,#1485,.T.);
#1483=ORIENTED_EDGE('',*,*,#1486,.T.);
#1484=ORIENTED_EDGE('',*,*,#1487,.T.);
#1485=EDGE_CURVE('',#128,#124,#1488,.F.);
#1486=EDGE_CURVE('',#124,#126,#1489,.T.);
#1487=EDGE_CURVE('',#126,#128,#1490,.T.);
#1488=LINE('',#127,#1491);
#1489=LINE('',#123,#1492);
#1490=LINE('',#125,#1493);
#1491=VECTOR('',#1494,1.0);
#1492=VECTOR('',#1495,1.0);
#1493=VECTOR('',#1496,1.0);
#1494=DIRECTION('',(-0.5564580441595913,0.8308757097725762,0));
#1495=DIRECTION('',(0.8578278231524707,0.513937180816385,0));
#1496=DIRECTION('',(-0.8280642108833509,-0.560633269307248,0));
#1497=STYLED_ITEM('',(#18),#1498);
#1498=FACE_SURFACE('',(#1503),#1499,.T.);
#1499=PLANE('',#1500);
#1500=AXIS2_PLACEMENT_3D('',#129,#1501,#1502);
#1501=DIRECTION('',(0,0,-1));
#1502=DIRECTION('',(-0.44414788414389905,0.8959534904282127,0));
#1503=FACE_BOUND('',#1504,.T.);
#1504=EDGE_LOOP('',(#1505,#1506,#1507));
#1505=ORIENTED_EDGE('',*,*,#1508,.T.);
#1506=ORIENTED_EDGE('',*,*,#1509,.T.);
#1507=ORIENTED_EDGE('',*,*,#1510,.T.);
#1508=EDGE_CURVE('',#130,#128,#1511,.F.);
#1509=EDGE_CURVE('',#128,#132,#1512,.T.);
#1510=EDGE_CURVE('',#132,#130,#1513,.T.);
#1511=LINE('',#129,#1514);
#1512=LINE('',#127,#1515);
#1513=LINE('',#131,#1516);
#1514=VECTOR('',#1517,1.0);
#1515=VECTOR('',#1518,1.0);
#1516=VECTOR('',#1519,1.0);
#1517=DIRECTION('',(-0.44414788414389905,0.8959534904282127,0));
#1518=DIRECTION('',(0.9268035779883358,0.37554643897661827,0));
#1519=DIRECTION('',(-0.9058120384565752,-0.42367977410674673,0));
#1520=STYLED_ITEM('',(#18),#1521);
#1521=FACE_SURFACE('',(#1526),#1522,.T.);
#1522=PLANE('',#1523);
#1523=AXIS2_PLACEMENT_3D('',#133,#1524,#1525);
#1524=DIRECTION('',(-0,0,-1));
#1525=DIRECTION('',(-0.4908946868306318,-0.8712189199285423,0));
#1526=FACE_BOUND('',#1527,.T.);
#1527=EDGE_LOOP('',(#1528,#1529,#1530));
#1528=ORIENTED_EDGE('',*,*,#1531,.T.);
#1529=ORIENTED_EDGE('',*,*,#1532,.T.);
#1530=ORIENTED_EDGE('',*,*,#1533,.T.);
#1531=EDGE_CURVE('',#134,#136,#1534,.F.);
#1532=EDGE_CURVE('',#136,#138,#1535,.T.);
#1533=EDGE_CURVE('',#138,#134,#1536,.T.);
#1534=LINE('',#133,#1537);
#1535=LINE('',#135,#1538);
#1536=LINE('',#137,#1539);
#1537=VECTOR('',#1540,1.0);
#1538=VECTOR('',#1541,1.0);
#1539=VECTOR('',#1542,1.0);
#1540=DIRECTION('',(-0.4908946868306318,-0.8712189199285423,0));
#1541=DIRECTION('',(0.43600633883799517,0.899943594061921,0));
#1542=DIRECTION('',(0.830875709772572,-0.5564580441595975,0));
#1543=STYLED_ITEM('',(#18),#1544);
#1544=FACE_SURFACE('',(#1549),#1545,.T.);
#1545=PLANE('',#1546);
#1546=AXIS2_PLACEMENT_3D('',#137,#1547,#1548);
#1547=DIRECTION('',(-0,0,-1));
#1548=DIRECTION('',(-0.639957944939541,-0.7684099353266846,0));
#1549=FACE_BOUND('',#1550,.T.);
#1550=EDGE_LOOP('',(#1551,#1552,#1553));
#1551=ORIENTED_EDGE('',*,*,#1554,.T.);
#1552=ORIENTED_EDGE('',*,*,#1555,.T.);
#1553=ORIENTED_EDGE('',*,*,#1556,.T.);
#1554=EDGE_CURVE('',#138,#140,#1557,.F.);
#1555=EDGE_CURVE('',#140,#88,#1558,.T.);
#1556=EDGE_CURVE('',#88,#138,#1559,.T.);
#1557=LINE('',#137,#1560);
#1558=LINE('',#139,#1561);
#1559=LINE('',#87,#1562);
#1560=VECTOR('',#1563,1.0);
#1561=VECTOR('',#1564,1.0);
#1562=VECTOR('',#1565,1.0);
#1563=DIRECTION('',(-0.639957944939541,-0.7684099353266846,0));
#1564=DIRECTION('',(0.5925569218024844,0.8055285807617035,0));
#1565=DIRECTION('',(0.7549337632642428,-0.6558010468760234,0));
#1566=STYLED_ITEM('',(#18),#1567);
#1567=FACE_SURFACE('',(#1572),#1568,.T.);
#1568=PLANE('',#1569);
#1569=AXIS2_PLACEMENT_3D('',#121,#1570,#1571);
#1570=DIRECTION('',(0,0,-1));
#1571=DIRECTION('',(-0.7549337632642495,0.6558010468760157,0));
#1572=FACE_BOUND('',#1573,.T.);
#1573=EDGE_LOOP('',(#1574,#1575,#1576));
#1574=ORIENTED_EDGE('',*,*,#1577,.T.);
#1575=ORIENTED_EDGE('',*,*,#1578,.T.);
#1576=ORIENTED_EDGE('',*,*,#1579,.T.);
#1577=EDGE_CURVE('',#122,#116,#1580,.F.);
#1578=EDGE_CURVE('',#116,#118,#1581,.T.);
#1579=EDGE_CURVE('',#118,#122,#1582,.T.);
#1580=LINE('',#121,#1583);
#1581=LINE('',#115,#1584);
#1582=LINE('',#117,#1585);
#1583=VECTOR('',#1586,1.0);
#1584=VECTOR('',#1587,1.0);
#1585=VECTOR('',#1588,1.0);
#1586=DIRECTION('',(-0.7549337632642495,0.6558010468760157,0));
#1587=DIRECTION('',(0.6399579449395402,0.7684099353266852,0));
#1588=DIRECTION('',(-0.5925569218024841,-0.8055285807617039,0));
#1589=STYLED_ITEM('',(#18),#1590);
#1590=FACE_SURFACE('',(#1595),#1591,.T.);
#1591=PLANE('',#1592);
#1592=AXIS2_PLACEMENT_3D('',#107,#1593,#1594);
#1593=DIRECTION('',(0,0,-1));
#1594=DIRECTION('',(-0.9981405062648918,0.060955145420756696,0));
#1595=FACE_BOUND('',#1596,.T.);
#1596=EDGE_LOOP('',(#1597,#1598,#1599));
#1597=ORIENTED_EDGE('',*,*,#1600,.T.);
#1598=ORIENTED_EDGE('',*,*,#1601,.T.);
#1599=ORIENTED_EDGE('',*,*,#1602,.T.);
#1600=EDGE_CURVE('',#108,#142,#1603,.F.);
#1601=EDGE_CURVE('',#142,#100,#1604,.T.);
#1602=EDGE_CURVE('',#100,#108,#1605,.T.);
#1603=LINE('',#107,#1606);
#1604=LINE('',#141,#1607);
#1605=LINE('',#99,#1608);
#1606=VECTOR('',#1609,1.0);
#1607=VECTOR('',#1610,1.0);
#1608=VECTOR('',#1611,1.0);
#1609=DIRECTION('',(-0.9981405062648918,0.060955145420756696,0));
#1610=DIRECTION('',(0,1,0));
#1611=DIRECTION('',(0.06516528285644928,-0.9978744840460843,0));
#1612=STYLED_ITEM('',(#18),#1613);
#1613=FACE_SURFACE('',(#1618),#1614,.T.);
#1614=PLANE('',#1615);
#1615=AXIS2_PLACEMENT_3D('',#141,#1616,#1617);
#1616=DIRECTION('',(-0,0,-1));
#1617=DIRECTION('',(-0.9981405062648918,-0.060955145420756696,0));
#1618=FACE_BOUND('',#1619,.T.);
#1619=EDGE_LOOP('',(#1620,#1621,#1622));
#1620=ORIENTED_EDGE('',*,*,#1623,.T.);
#1621=ORIENTED_EDGE('',*,*,#1624,.T.);
#1622=ORIENTED_EDGE('',*,*,#1625,.T.);
#1623=EDGE_CURVE('',#142,#102,#1626,.F.);
#1624=EDGE_CURVE('',#102,#100,#1627,.T.);
#1625=EDGE_CURVE('',#100,#142,#1628,.T.);
#1626=LINE('',#141,#1629);
#1627=LINE('',#101,#1630);
#1628=LINE('',#99,#1631);
#1629=VECTOR('',#1632,1.0);
#1630=VECTOR('',#1633,1.0);
#1631=VECTOR('',#1634,1.0);
#1632=DIRECTION('',(-0.9981405062648918,-0.060955145420756696,0));
#1633=DIRECTION('',(0.06516528285644928,0.9978744840460843,0));
#1634=DIRECTION('',(0,-1,0));
#1635=STYLED_ITEM('',(#18),#1636);
#1636=FACE_SURFACE('',(#1641),#1637,.T.);
#1637=PLANE('',#1638);
#1638=AXIS2_PLACEMENT_3D('',#107,#1639,#1640);
#1639=DIRECTION('',(0,0,-1));
#1640=DIRECTION('',(0.19448969742013034,0.9809045609015316,0));
#1641=FACE_BOUND('',#1642,.T.);
#1642=EDGE_LOOP('',(#1643,#1644,#1645));
#1643=ORIENTED_EDGE('',*,*,#1646,.T.);
#1644=ORIENTED_EDGE('',*,*,#1647,.T.);
#1645=ORIENTED_EDGE('',*,*,#1648,.T.);
#1646=EDGE_CURVE('',#108,#106,#1649,.F.);
#1647=EDGE_CURVE('',#106,#144,#1650,.T.);
#1648=EDGE_CURVE('',#144,#108,#1651,.T.);
#1649=LINE('',#107,#1652);
#1650=LINE('',#105,#1653);
#1651=LINE('',#143,#1654);
#1652=VECTOR('',#1655,1.0);
#1653=VECTOR('',#1656,1.0);
#1654=VECTOR('',#1657,1.0);
#1655=DIRECTION('',(0.19448969742013034,0.9809045609015316,0));
#1656=DIRECTION('',(-0.13050585714686092,-0.9914475383248288,0));
#1657=DIRECTION('',(-0.9799873195820539,0.199059924290103,0));
#1658=STYLED_ITEM('',(#18),#1659);
#1659=FACE_SURFACE('',(#1664),#1660,.T.);
#1660=PLANE('',#1661);
#1661=AXIS2_PLACEMENT_3D('',#111,#1662,#1663);
#1662=DIRECTION('',(0,0,-1));
#1663=DIRECTION('',(-0.9479222324347258,0.31850187009806646,0));
#1664=FACE_BOUND('',#1665,.T.);
#1665=EDGE_LOOP('',(#1666,#1667,#1668));
#1666=ORIENTED_EDGE('',*,*,#1669,.T.);
#1667=ORIENTED_EDGE('',*,*,#1670,.T.);
#1668=ORIENTED_EDGE('',*,*,#1671,.T.);
#1669=EDGE_CURVE('',#112,#144,#1672,.F.);
#1670=EDGE_CURVE('',#144,#146,#1673,.T.);
#1671=EDGE_CURVE('',#146,#112,#1674,.T.);
#1672=LINE('',#111,#1675);
#1673=LINE('',#143,#1676);
#1674=LINE('',#145,#1677);
#1675=VECTOR('',#1678,1.0);
#1676=VECTOR('',#1679,1.0);
#1677=VECTOR('',#1680,1.0);
#1678=DIRECTION('',(-0.9479222324347258,0.31850187009806646,0));
#1679=DIRECTION('',(0.37878489366562557,0.9254847401933328,0));
#1680=DIRECTION('',(-0.3184280302685317,-0.9479470394169195,0));
#1681=STYLED_ITEM('',(#18),#1682);
#1682=FACE_SURFACE('',(#1687),#1683,.T.);
#1683=PLANE('',#1684);
#1684=AXIS2_PLACEMENT_3D('',#145,#1685,#1686);
#1685=DIRECTION('',(-0,0,-1));
#1686=DIRECTION('',(-0.37878489366562557,-0.9254847401933328,0));
#1687=FACE_BOUND('',#1688,.T.);
#1688=EDGE_LOOP('',(#1689,#1690,#1691));
#1689=ORIENTED_EDGE('',*,*,#1692,.T.);
#1690=ORIENTED_EDGE('',*,*,#1693,.T.);
#1691=ORIENTED_EDGE('',*,*,#1694,.T.);
#1692=EDGE_CURVE('',#146,#144,#1695,.F.);
#1693=EDGE_CURVE('',#144,#106,#1696,.T.);
#1694=EDGE_CURVE('',#106,#146,#1697,.T.);
#1695=LINE('',#145,#1698);
#1696=LINE('',#143,#1699);
#1697=LINE('',#105,#1700);
#1698=VECTOR('',#1701,1.0);
#1699=VECTOR('',#1702,1.0);
#1700=VECTOR('',#1703,1.0);
#1701=DIRECTION('',(-0.37878489366562557,-0.9254847401933328,0));
#1702=DIRECTION('',(0.13050585714686092,0.9914475383248288,0));
#1703=DIRECTION('',(0.9808006582599824,-0.19501299637917774,0));
#1704=STYLED_ITEM('',(#18),#1705);
#1705=FACE_SURFACE('',(#1710),#1706,.T.);
#1706=PLANE('',#1707);
#1707=AXIS2_PLACEMENT_3D('',#113,#1708,#1709);
#1708=DIRECTION('',(-0,0,-1));
#1709=DIRECTION('',(-0.5438212591909763,-0.8392010712886043,0));
#1710=FACE_BOUND('',#1711,.T.);
#1711=EDGE_LOOP('',(#1712,#1713,#1714));
#1712=ORIENTED_EDGE('',*,*,#1715,.T.);
#1713=ORIENTED_EDGE('',*,*,#1716,.T.);
#1714=ORIENTED_EDGE('',*,*,#1717,.T.);
#1715=EDGE_CURVE('',#114,#112,#1718,.F.);
#1716=EDGE_CURVE('',#112,#146,#1719,.T.);
#1717=EDGE_CURVE('',#146,#114,#1720,.T.);
#1718=LINE('',#113,#1721);
#1719=LINE('',#111,#1722);
#1720=LINE('',#145,#1723);
#1721=VECTOR('',#1724,1.0);
#1722=VECTOR('',#1725,1.0);
#1723=VECTOR('',#1726,1.0);
#1724=DIRECTION('',(-0.5438212591909763,-0.8392010712886043,0));
#1725=DIRECTION('',(0.3184280302685317,0.9479470394169195,0));
#1726=DIRECTION('',(0.9471445756278127,-0.3208070336803893,0));
#1727=STYLED_ITEM('',(#18),#1728);
#1728=FACE_SURFACE('',(#1733),#1729,.T.);
#1729=PLANE('',#1730);
#1730=AXIS2_PLACEMENT_3D('',#125,#1731,#1732);
#1731=DIRECTION('',(0,-0,-1));
#1732=DIRECTION('',(0.6597221620798697,-0.7515095933257684,0));
#1733=FACE_BOUND('',#1734,.T.);
#1734=EDGE_LOOP('',(#1735,#1736,#1737));
#1735=ORIENTED_EDGE('',*,*,#1738,.T.);
#1736=ORIENTED_EDGE('',*,*,#1739,.T.);
#1737=ORIENTED_EDGE('',*,*,#1740,.T.);
#1738=EDGE_CURVE('',#126,#132,#1741,.F.);
#1739=EDGE_CURVE('',#132,#128,#1742,.T.);
#1740=EDGE_CURVE('',#128,#126,#1743,.T.);
#1741=LINE('',#125,#1744);
#1742=LINE('',#131,#1745);
#1743=LINE('',#127,#1746);
#1744=VECTOR('',#1747,1.0);
#1745=VECTOR('',#1748,1.0);
#1746=VECTOR('',#1749,1.0);
#1747=DIRECTION('',(0.6597221620798697,-0.7515095933257684,0));
#1748=DIRECTION('',(-0.9268035779883358,-0.37554643897661827,0));
#1749=DIRECTION('',(0.8280642108833509,0.560633269307248,0));
#1750=STYLED_ITEM('',(#18),#1751);
#1751=FACE_SURFACE('',(#1756),#1752,.T.);
#1752=PLANE('',#1753);
#1753=AXIS2_PLACEMENT_3D('',#147,#1754,#1755);
#1754=DIRECTION('',(0,0,-1));
#1755=DIRECTION('',(-0.3185018700980786,0.9479222324347218,0));
#1756=FACE_BOUND('',#1757,.T.);
#1757=EDGE_LOOP('',(#1758,#1759,#1760));
#1758=ORIENTED_EDGE('',*,*,#1761,.T.);
#1759=ORIENTED_EDGE('',*,*,#1762,.T.);
#1760=ORIENTED_EDGE('',*,*,#1763,.T.);
#1761=EDGE_CURVE('',#148,#130,#1764,.F.);
#1762=EDGE_CURVE('',#130,#132,#1765,.T.);
#1763=EDGE_CURVE('',#132,#148,#1766,.T.);
#1764=LINE('',#147,#1767);
#1765=LINE('',#129,#1768);
#1766=LINE('',#131,#1769);
#1767=VECTOR('',#1770,1.0);
#1768=VECTOR('',#1771,1.0);
#1769=VECTOR('',#1772,1.0);
#1770=DIRECTION('',(-0.3185018700980786,0.9479222324347218,0));
#1771=DIRECTION('',(0.9058120384565752,0.42367977410674673,0));
#1772=DIRECTION('',(-0.8823529411764707,-0.47058823529411775,0));
#1773=STYLED_ITEM('',(#18),#1774);
#1774=FACE_SURFACE('',(#1779),#1775,.T.);
#1775=PLANE('',#1776);
#1776=AXIS2_PLACEMENT_3D('',#149,#1777,#1778);
#1777=DIRECTION('',(-0,0,-1));
#1778=DIRECTION('',(-0.44414788414389905,-0.8959534904282127,0));
#1779=FACE_BOUND('',#1780,.T.);
#1780=EDGE_LOOP('',(#1781,#1782,#1783));
#1781=ORIENTED_EDGE('',*,*,#1784,.T.);
#1782=ORIENTED_EDGE('',*,*,#1785,.T.);
#1783=ORIENTED_EDGE('',*,*,#1786,.T.);
#1784=EDGE_CURVE('',#150,#152,#1787,.F.);
#1785=EDGE_CURVE('',#152,#154,#1788,.T.);
#1786=EDGE_CURVE('',#154,#150,#1789,.T.);
#1787=LINE('',#149,#1790);
#1788=LINE('',#151,#1791);
#1789=LINE('',#153,#1792);
#1790=VECTOR('',#1793,1.0);
#1791=VECTOR('',#1794,1.0);
#1792=VECTOR('',#1795,1.0);
#1793=DIRECTION('',(-0.44414788414389905,-0.8959534904282127,0));
#1794=DIRECTION('',(-0.9058120384565752,0.42367977410674673,0));
#1795=DIRECTION('',(0.9268035779883358,-0.37554643897661827,0));
#1796=STYLED_ITEM('',(#18),#1797);
#1797=FACE_SURFACE('',(#1802),#1798,.T.);
#1798=PLANE('',#1799);
#1799=AXIS2_PLACEMENT_3D('',#153,#1800,#1801);
#1800=DIRECTION('',(0,0,-1));
#1801=DIRECTION('',(0.6597221620798697,0.7515095933257684,0));
#1802=FACE_BOUND('',#1803,.T.);
#1803=EDGE_LOOP('',(#1804,#1805,#1806));
#1804=ORIENTED_EDGE('',*,*,#1807,.T.);
#1805=ORIENTED_EDGE('',*,*,#1808,.T.);
#1806=ORIENTED_EDGE('',*,*,#1809,.T.);
#1807=EDGE_CURVE('',#154,#156,#1810,.F.);
#1808=EDGE_CURVE('',#156,#150,#1811,.T.);
#1809=EDGE_CURVE('',#150,#154,#1812,.T.);
#1810=LINE('',#153,#1813);
#1811=LINE('',#155,#1814);
#1812=LINE('',#149,#1815);
#1813=VECTOR('',#1816,1.0);
#1814=VECTOR('',#1817,1.0);
#1815=VECTOR('',#1818,1.0);
#1816=DIRECTION('',(0.6597221620798697,0.7515095933257684,0));
#1817=DIRECTION('',(0.8280642108833509,-0.560633269307248,0));
#1818=DIRECTION('',(-0.9268035779883358,0.37554643897661827,0));
#1819=STYLED_ITEM('',(#18),#1820);
#1820=FACE_SURFACE('',(#1825),#1821,.T.);
#1821=PLANE('',#1822);
#1822=AXIS2_PLACEMENT_3D('',#157,#1823,#1824);
#1823=DIRECTION('',(-0,0,-1));
#1824=DIRECTION('',(-0.5564580441595913,-0.8308757097725762,0));
#1825=FACE_BOUND('',#1826,.T.);
#1826=EDGE_LOOP('',(#1827,#1828,#1829));
#1827=ORIENTED_EDGE('',*,*,#1830,.T.);
#1828=ORIENTED_EDGE('',*,*,#1831,.T.);
#1829=ORIENTED_EDGE('',*,*,#1832,.T.);
#1830=EDGE_CURVE('',#158,#150,#1833,.F.);
#1831=EDGE_CURVE('',#150,#156,#1834,.T.);
#1832=EDGE_CURVE('',#156,#158,#1835,.T.);
#1833=LINE('',#157,#1836);
#1834=LINE('',#149,#1837);
#1835=LINE('',#155,#1838);
#1836=VECTOR('',#1839,1.0);
#1837=VECTOR('',#1840,1.0);
#1838=VECTOR('',#1841,1.0);
#1839=DIRECTION('',(-0.5564580441595913,-0.8308757097725762,0));
#1840=DIRECTION('',(-0.8280642108833509,0.560633269307248,0));
#1841=DIRECTION('',(0.8578278231524707,-0.513937180816385,0));
#1842=STYLED_ITEM('',(#18),#1843);
#1843=FACE_SURFACE('',(#1848),#1844,.T.);
#1844=PLANE('',#1845);
#1845=AXIS2_PLACEMENT_3D('',#159,#1846,#1847);
#1846=DIRECTION('',(0,-0,-1));
#1847=DIRECTION('',(0.7238964548810239,-0.6899086335238063,0));
#1848=FACE_BOUND('',#1849,.T.);
#1849=EDGE_LOOP('',(#1850,#1851,#1852));
#1850=ORIENTED_EDGE('',*,*,#1853,.T.);
#1851=ORIENTED_EDGE('',*,*,#1854,.T.);
#1852=ORIENTED_EDGE('',*,*,#1855,.T.);
#1853=EDGE_CURVE('',#160,#158,#1856,.F.);
#1854=EDGE_CURVE('',#158,#156,#1857,.T.);
#1855=EDGE_CURVE('',#156,#160,#1858,.T.);
#1856=LINE('',#159,#1859);
#1857=LINE('',#157,#1860);
#1858=LINE('',#155,#1861);
#1859=VECTOR('',#1862,1.0);
#1860=VECTOR('',#1863,1.0);
#1861=VECTOR('',#1864,1.0);
#1862=DIRECTION('',(0.7238964548810239,-0.6899086335238063,0));
#1863=DIRECTION('',(-0.8578278231524707,0.513937180816385,0));
#1864=DIRECTION('',(0.7515095933257677,0.6597221620798709,0));
#1865=STYLED_ITEM('',(#18),#1866);
#1866=FACE_SURFACE('',(#1871),#1867,.T.);
#1867=PLANE('',#1868);
#1868=AXIS2_PLACEMENT_3D('',#161,#1869,#1870);
#1869=DIRECTION('',(0,-0,-1));
#1870=DIRECTION('',(0.5925569218024841,-0.8055285807617039,0));
#1871=FACE_BOUND('',#1872,.T.);
#1872=EDGE_LOOP('',(#1873,#1874,#1875));
#1873=ORIENTED_EDGE('',*,*,#1876,.T.);
#1874=ORIENTED_EDGE('',*,*,#1877,.T.);
#1875=ORIENTED_EDGE('',*,*,#1878,.T.);
#1876=EDGE_CURVE('',#162,#164,#1879,.F.);
#1877=EDGE_CURVE('',#164,#160,#1880,.T.);
#1878=EDGE_CURVE('',#160,#162,#1881,.T.);
#1879=LINE('',#161,#1882);
#1880=LINE('',#163,#1883);
#1881=LINE('',#159,#1884);
#1882=VECTOR('',#1885,1.0);
#1883=VECTOR('',#1886,1.0);
#1884=VECTOR('',#1887,1.0);
#1885=DIRECTION('',(0.5925569218024841,-0.8055285807617039,0));
#1886=DIRECTION('',(-0.7626148080894257,0.646852884729386,0));
#1887=DIRECTION('',(0.8311673676268928,0.5560223079986824,0));
#1888=STYLED_ITEM('',(#18),#1889);
#1889=FACE_SURFACE('',(#1894),#1890,.T.);
#1890=PLANE('',#1891);
#1891=AXIS2_PLACEMENT_3D('',#151,#1892,#1893);
#1892=DIRECTION('',(-0,0,-1));
#1893=DIRECTION('',(-0.3185018700980786,-0.9479222324347218,0));
#1894=FACE_BOUND('',#1895,.T.);
#1895=EDGE_LOOP('',(#1896,#1897,#1898));
#1896=ORIENTED_EDGE('',*,*,#1899,.T.);
#1897=ORIENTED_EDGE('',*,*,#1900,.T.);
#1898=ORIENTED_EDGE('',*,*,#1901,.T.);
#1899=EDGE_CURVE('',#152,#166,#1902,.F.);
#1900=EDGE_CURVE('',#166,#154,#1903,.T.);
#1901=EDGE_CURVE('',#154,#152,#1904,.T.);
#1902=LINE('',#151,#1905);
#1903=LINE('',#165,#1906);
#1904=LINE('',#153,#1907);
#1905=VECTOR('',#1908,1.0);
#1906=VECTOR('',#1909,1.0);
#1907=VECTOR('',#1910,1.0);
#1908=DIRECTION('',(-0.3185018700980786,-0.9479222324347218,0));
#1909=DIRECTION('',(-0.8823529411764707,0.47058823529411775,0));
#1910=DIRECTION('',(0.9058120384565752,-0.42367977410674673,0));
#1911=STYLED_ITEM('',(#18),#1912);
#1912=FACE_SURFACE('',(#1917),#1913,.T.);
#1913=PLANE('',#1914);
#1914=AXIS2_PLACEMENT_3D('',#167,#1915,#1916);
#1915=DIRECTION('',(0,0,-1));
#1916=DIRECTION('',(0.5560223079986816,0.8311673676268934,0));
#1917=FACE_BOUND('',#1918,.T.);
#1918=EDGE_LOOP('',(#1919,#1920,#1921));
#1919=ORIENTED_EDGE('',*,*,#1922,.T.);
#1920=ORIENTED_EDGE('',*,*,#1923,.T.);
#1921=ORIENTED_EDGE('',*,*,#1924,.T.);
#1922=EDGE_CURVE('',#168,#154,#1925,.F.);
#1923=EDGE_CURVE('',#154,#166,#1926,.T.);
#1924=EDGE_CURVE('',#166,#168,#1927,.T.);
#1925=LINE('',#167,#1928);
#1926=LINE('',#153,#1929);
#1927=LINE('',#165,#1930);
#1928=VECTOR('',#1931,1.0);
#1929=VECTOR('',#1932,1.0);
#1930=VECTOR('',#1933,1.0);
#1931=DIRECTION('',(0.5560223079986816,0.8311673676268934,0));
#1932=DIRECTION('',(0.8823529411764707,-0.47058823529411775,0));
#1933=DIRECTION('',(-0.9586468662780967,0.28459828842630996,0));
#1934=STYLED_ITEM('',(#18),#1935);
#1935=FACE_SURFACE('',(#1940),#1936,.T.);
#1936=PLANE('',#1937);
#1937=AXIS2_PLACEMENT_3D('',#169,#1938,#1939);
#1938=DIRECTION('',(-0,0,-1));
#1939=DIRECTION('',(-0.0685407242308449,-0.9976483193600396,0));
#1940=FACE_BOUND('',#1941,.T.);
#1941=EDGE_LOOP('',(#1942,#1943,#1944));
#1942=ORIENTED_EDGE('',*,*,#1945,.T.);
#1943=ORIENTED_EDGE('',*,*,#1946,.T.);
#1944=ORIENTED_EDGE('',*,*,#1947,.T.);
#1945=EDGE_CURVE('',#170,#172,#1948,.F.);
#1946=EDGE_CURVE('',#172,#174,#1949,.T.);
#1947=EDGE_CURVE('',#174,#170,#1950,.T.);
#1948=LINE('',#169,#1951);
#1949=LINE('',#171,#1952);
#1950=LINE('',#173,#1953);
#1951=VECTOR('',#1954,1.0);
#1952=VECTOR('',#1955,1.0);
#1953=VECTOR('',#1956,1.0);
#1954=DIRECTION('',(-0.0685407242308449,-0.9976483193600396,0));
#1955=DIRECTION('',(-0.9811095269018486,0.19345308532672895,0));
#1956=DIRECTION('',(0.9892191820295014,-0.14644251399400438,0));
#1957=STYLED_ITEM('',(#18),#1958);
#1958=FACE_SURFACE('',(#1963),#1959,.T.);
#1959=PLANE('',#1960);
#1960=AXIS2_PLACEMENT_3D('',#175,#1961,#1962);
#1961=DIRECTION('',(0,-0,-1));
#1962=DIRECTION('',(0.199059924290103,-0.9799873195820539,0));
#1963=FACE_BOUND('',#1964,.T.);
#1964=EDGE_LOOP('',(#1965,#1966,#1967));
#1965=ORIENTED_EDGE('',*,*,#1968,.T.);
#1966=ORIENTED_EDGE('',*,*,#1969,.T.);
#1967=ORIENTED_EDGE('',*,*,#1970,.T.);
#1968=EDGE_CURVE('',#176,#178,#1971,.F.);
#1969=EDGE_CURVE('',#178,#180,#1972,.T.);
#1970=EDGE_CURVE('',#180,#176,#1973,.T.);
#1971=LINE('',#175,#1974);
#1972=LINE('',#177,#1975);
#1973=LINE('',#179,#1976);
#1974=VECTOR('',#1977,1.0);
#1975=VECTOR('',#1978,1.0);
#1976=VECTOR('',#1979,1.0);
#1977=DIRECTION('',(0.199059924290103,-0.9799873195820539,0));
#1978=DIRECTION('',(-0.9973425743025967,-0.07285457764251768,0));
#1979=DIRECTION('',(0.9932528773730468,0.11596862330028486,0));
#1980=STYLED_ITEM('',(#18),#1981);
#1981=FACE_SURFACE('',(#1986),#1982,.T.);
#1982=PLANE('',#1983);
#1983=AXIS2_PLACEMENT_3D('',#171,#1984,#1985);
#1984=DIRECTION('',(-0,-0,-1));
#1985=DIRECTION('',(0.0685407242308449,-0.9976483193600396,0));
#1986=FACE_BOUND('',#1987,.T.);
#1987=EDGE_LOOP('',(#1988,#1989,#1990));
#1988=ORIENTED_EDGE('',*,*,#1991,.T.);
#1989=ORIENTED_EDGE('',*,*,#1992,.T.);
#1990=ORIENTED_EDGE('',*,*,#1993,.T.);
#1991=EDGE_CURVE('',#172,#176,#1994,.F.);
#1992=EDGE_CURVE('',#176,#182,#1995,.T.);
#1993=EDGE_CURVE('',#182,#172,#1996,.T.);
#1994=LINE('',#171,#1997);
#1995=LINE('',#175,#1998);
#1996=LINE('',#181,#1999);
#1997=VECTOR('',#2000,1.0);
#1998=VECTOR('',#2001,1.0);
#1999=VECTOR('',#2002,1.0);
#2000=DIRECTION('',(0.0685407242308449,-0.9976483193600396,0));
#2001=DIRECTION('',(-0.9983314686278072,0.05774321386488373,0));
#2002=DIRECTION('',(0.9999251793229172,-0.012232569477910604,0));
#2003=STYLED_ITEM('',(#18),#2004);
#2004=FACE_SURFACE('',(#2009),#2005,.T.);
#2005=PLANE('',#2006);
#2006=AXIS2_PLACEMENT_3D('',#183,#2007,#2008);
#2007=DIRECTION('',(0,0,-1));
#2008=DIRECTION('',(0.8311673676268928,0.5560223079986824,0));
#2009=FACE_BOUND('',#2010,.T.);
#2010=EDGE_LOOP('',(#2011,#2012,#2013));
#2011=ORIENTED_EDGE('',*,*,#2014,.T.);
#2012=ORIENTED_EDGE('',*,*,#2015,.T.);
#2013=ORIENTED_EDGE('',*,*,#2016,.T.);
#2014=EDGE_CURVE('',#184,#186,#2017,.F.);
#2015=EDGE_CURVE('',#186,#188,#2018,.T.);
#2016=EDGE_CURVE('',#188,#184,#2019,.T.);
#2017=LINE('',#183,#2020);
#2018=LINE('',#185,#2021);
#2019=LINE('',#187,#2022);
#2020=VECTOR('',#2023,1.0);
#2021=VECTOR('',#2024,1.0);
#2022=VECTOR('',#2025,1.0);
#2023=DIRECTION('',(0.8311673676268928,0.5560223079986824,0));
#2024=DIRECTION('',(0.12111016974385658,-0.9926390717600301,0));
#2025=DIRECTION('',(-0.1575480725649238,0.9875113188369424,0));
#2026=STYLED_ITEM('',(#18),#2027);
#2027=FACE_SURFACE('',(#2032),#2028,.T.);
#2028=PLANE('',#2029);
#2029=AXIS2_PLACEMENT_3D('',#185,#2030,#2031);
#2030=DIRECTION('',(0,0,-1));
#2031=DIRECTION('',(0.7515095933257668,0.6597221620798717,0));
#2032=FACE_BOUND('',#2033,.T.);
#2033=EDGE_LOOP('',(#2034,#2035,#2036));
#2034=ORIENTED_EDGE('',*,*,#2037,.T.);
#2035=ORIENTED_EDGE('',*,*,#2038,.T.);
#2036=ORIENTED_EDGE('',*,*,#2039,.T.);
#2037=EDGE_CURVE('',#186,#190,#2040,.F.);
#2038=EDGE_CURVE('',#190,#188,#2041,.T.);
#2039=EDGE_CURVE('',#188,#186,#2042,.T.);
#2040=LINE('',#185,#2043);
#2041=LINE('',#189,#2044);
#2042=LINE('',#187,#2045);
#2043=VECTOR('',#2046,1.0);
#2044=VECTOR('',#2047,1.0);
#2045=VECTOR('',#2048,1.0);
#2046=DIRECTION('',(0.7515095933257668,0.6597221620798717,0));
#2047=DIRECTION('',(0.08862648788877985,-0.9960649304360134,0));
#2048=DIRECTION('',(-0.12111016974385658,0.9926390717600301,0));
#2049=STYLED_ITEM('',(#18),#2050);
#2050=FACE_SURFACE('',(#2055),#2051,.T.);
#2051=PLANE('',#2052);
#2052=AXIS2_PLACEMENT_3D('',#189,#2053,#2054);
#2053=DIRECTION('',(0,0,-1));
#2054=DIRECTION('',(0.6597221620798716,0.7515095933257671,0));
#2055=FACE_BOUND('',#2056,.T.);
#2056=EDGE_LOOP('',(#2057,#2058,#2059));
#2057=ORIENTED_EDGE('',*,*,#2060,.T.);
#2058=ORIENTED_EDGE('',*,*,#2061,.T.);
#2059=ORIENTED_EDGE('',*,*,#2062,.T.);
#2060=EDGE_CURVE('',#190,#192,#2063,.F.);
#2061=EDGE_CURVE('',#192,#188,#2064,.T.);
#2062=EDGE_CURVE('',#188,#190,#2065,.T.);
#2063=LINE('',#189,#2066);
#2064=LINE('',#191,#2067);
#2065=LINE('',#187,#2068);
#2066=VECTOR('',#2069,1.0);
#2067=VECTOR('',#2070,1.0);
#2068=VECTOR('',#2071,1.0);
#2069=DIRECTION('',(0.6597221620798716,0.7515095933257671,0));
#2070=DIRECTION('',(0.06085273618705092,-0.9981467549907425,0));
#2071=DIRECTION('',(-0.08862648788877985,0.9960649304360134,0));
#2072=STYLED_ITEM('',(#18),#2073);
#2073=FACE_SURFACE('',(#2078),#2074,.T.);
#2074=PLANE('',#2075);
#2075=AXIS2_PLACEMENT_3D('',#193,#2076,#2077);
#2076=DIRECTION('',(0,0,-1));
#2077=DIRECTION('',(-0.6246950475544243,-0.7808688094430304,0));
#2078=FACE_BOUND('',#2079,.T.);
#2079=EDGE_LOOP('',(#2080,#2081,#2082));
#2080=ORIENTED_EDGE('',*,*,#2083,.T.);
#2081=ORIENTED_EDGE('',*,*,#2084,.T.);
#2082=ORIENTED_EDGE('',*,*,#2085,.T.);
#2083=EDGE_CURVE('',#194,#188,#2086,.F.);
#2084=EDGE_CURVE('',#188,#192,#2087,.T.);
#2085=EDGE_CURVE('',#192,#194,#2088,.T.);
#2086=LINE('',#193,#2089);
#2087=LINE('',#187,#2090);
#2088=LINE('',#191,#2091);
#2089=VECTOR('',#2092,1.0);
#2090=VECTOR('',#2093,1.0);
#2091=VECTOR('',#2094,1.0);
#2092=DIRECTION('',(-0.6246950475544243,-0.7808688094430304,0));
#2093=DIRECTION('',(-0.06085273618705092,0.9981467549907425,0));
#2094=DIRECTION('',(0.9938003066763533,0.11117981134174533,0));
#2095=STYLED_ITEM('',(#18),#2096);
#2096=FACE_SURFACE('',(#2101),#2097,.T.);
#2097=PLANE('',#2098);
#2098=AXIS2_PLACEMENT_3D('',#191,#2099,#2100);
#2099=DIRECTION('',(0,0,-1));
#2100=DIRECTION('',(0.5560223079986808,0.8311673676268938,0));
#2101=FACE_BOUND('',#2102,.T.);
#2102=EDGE_LOOP('',(#2103,#2104,#2105));
#2103=ORIENTED_EDGE('',*,*,#2106,.T.);
#2104=ORIENTED_EDGE('',*,*,#2107,.T.);
#2105=ORIENTED_EDGE('',*,*,#2108,.T.);
#2106=EDGE_CURVE('',#192,#196,#2109,.F.);
#2107=EDGE_CURVE('',#196,#194,#2110,.T.);
#2108=EDGE_CURVE('',#194,#192,#2111,.T.);
#2109=LINE('',#191,#2112);
#2110=LINE('',#195,#2113);
#2111=LINE('',#193,#2114);
#2112=VECTOR('',#2115,1.0);
#2113=VECTOR('',#2116,1.0);
#2114=VECTOR('',#2117,1.0);
#2115=DIRECTION('',(0.5560223079986808,0.8311673676268938,0));
#2116=DIRECTION('',(0.9968334569251289,0.07951766567686094,0));
#2117=DIRECTION('',(-0.9938003066763533,-0.11117981134174533,0));
#2118=STYLED_ITEM('',(#18),#2119);
#2119=FACE_SURFACE('',(#2124),#2120,.T.);
#2120=PLANE('',#2121);
#2121=AXIS2_PLACEMENT_3D('',#197,#2122,#2123);
#2122=DIRECTION('',(0,0,-1));
#2123=DIRECTION('',(0.49684280351457644,0.8678405548231634,0));
#2124=FACE_BOUND('',#2125,.T.);
#2125=EDGE_LOOP('',(#2126,#2127,#2128));
#2126=ORIENTED_EDGE('',*,*,#2129,.T.);
#2127=ORIENTED_EDGE('',*,*,#2130,.T.);
#2128=ORIENTED_EDGE('',*,*,#2131,.T.);
#2129=EDGE_CURVE('',#198,#200,#2132,.F.);
#2130=EDGE_CURVE('',#200,#194,#2133,.T.);
#2131=EDGE_CURVE('',#194,#198,#2134,.T.);
#2132=LINE('',#197,#2135);
#2133=LINE('',#199,#2136);
#2134=LINE('',#193,#2137);
#2135=VECTOR('',#2138,1.0);
#2136=VECTOR('',#2139,1.0);
#2137=VECTOR('',#2140,1.0);
#2138=DIRECTION('',(0.49684280351457644,0.8678405548231634,0));
#2139=DIRECTION('',(1,0,0));
#2140=DIRECTION('',(-0.9990700485764413,-0.043116563377283076,0));
#2141=STYLED_ITEM('',(#18),#2142);
#2142=FACE_SURFACE('',(#2147),#2143,.T.);
#2143=PLANE('',#2144);
#2144=AXIS2_PLACEMENT_3D('',#199,#2145,#2146);
#2145=DIRECTION('',(-0,0,-1));
#2146=DIRECTION('',(-0.9684438416701503,-0.2492318710180558,0));
#2147=FACE_BOUND('',#2148,.T.);
#2148=EDGE_LOOP('',(#2149,#2150,#2151));
#2149=ORIENTED_EDGE('',*,*,#2152,.T.);
#2150=ORIENTED_EDGE('',*,*,#2153,.T.);
#2151=ORIENTED_EDGE('',*,*,#2154,.T.);
#2152=EDGE_CURVE('',#200,#202,#2155,.F.);
#2153=EDGE_CURVE('',#202,#204,#2156,.T.);
#2154=EDGE_CURVE('',#204,#200,#2157,.T.);
#2155=LINE('',#199,#2158);
#2156=LINE('',#201,#2159);
#2157=LINE('',#203,#2160);
#2158=VECTOR('',#2161,1.0);
#2159=VECTOR('',#2162,1.0);
#2160=VECTOR('',#2163,1.0);
#2161=DIRECTION('',(-0.9684438416701503,-0.2492318710180558,0));
#2162=DIRECTION('',(0.1950129963791784,0.9808006582599823,0));
#2163=DIRECTION('',(0.07095044896247937,-0.9974798412960647,0));
#2164=STYLED_ITEM('',(#18),#2165);
#2165=FACE_SURFACE('',(#2170),#2166,.T.);
#2166=PLANE('',#2167);
#2167=AXIS2_PLACEMENT_3D('',#199,#2168,#2169);
#2168=DIRECTION('',(0,0,-1));
#2169=DIRECTION('',(-0.07095044896247937,0.9974798412960647,0));
#2170=FACE_BOUND('',#2171,.T.);
#2171=EDGE_LOOP('',(#2172,#2173,#2174));
#2172=ORIENTED_EDGE('',*,*,#2175,.T.);
#2173=ORIENTED_EDGE('',*,*,#2176,.T.);
#2174=ORIENTED_EDGE('',*,*,#2177,.T.);
#2175=EDGE_CURVE('',#200,#204,#2178,.F.);
#2176=EDGE_CURVE('',#204,#206,#2179,.T.);
#2177=EDGE_CURVE('',#206,#200,#2180,.T.);
#2178=LINE('',#199,#2181);
#2179=LINE('',#203,#2182);
#2180=LINE('',#205,#2183);
#2181=VECTOR('',#2184,1.0);
#2182=VECTOR('',#2185,1.0);
#2183=VECTOR('',#2186,1.0);
#2184=DIRECTION('',(-0.07095044896247937,0.9974798412960647,0));
#2185=DIRECTION('',(0.06499637357340061,0.9978855001563592,0));
#2186=DIRECTION('',(0,-1,0));
#2187=STYLED_ITEM('',(#18),#2188);
#2188=FACE_SURFACE('',(#2193),#2189,.T.);
#2189=PLANE('',#2190);
#2190=AXIS2_PLACEMENT_3D('',#201,#2191,#2192);
#2191=DIRECTION('',(0,0,-1));
#2192=DIRECTION('',(-0.8901080399948588,0.45574957722033144,0));
#2193=FACE_BOUND('',#2194,.T.);
#2194=EDGE_LOOP('',(#2195,#2196,#2197));
#2195=ORIENTED_EDGE('',*,*,#2198,.T.);
#2196=ORIENTED_EDGE('',*,*,#2199,.T.);
#2197=ORIENTED_EDGE('',*,*,#2200,.T.);
#2198=EDGE_CURVE('',#202,#208,#2201,.F.);
#2199=EDGE_CURVE('',#208,#204,#2202,.T.);
#2200=EDGE_CURVE('',#204,#202,#2203,.T.);
#2201=LINE('',#201,#2204);
#2202=LINE('',#207,#2205);
#2203=LINE('',#203,#2206);
#2204=VECTOR('',#2207,1.0);
#2205=VECTOR('',#2208,1.0);
#2206=VECTOR('',#2209,1.0);
#2207=DIRECTION('',(-0.8901080399948588,0.45574957722033144,0));
#2208=DIRECTION('',(0.9497508284626777,-0.31300697090393603,0));
#2209=DIRECTION('',(-0.1950129963791784,-0.9808006582599823,0));
#2210=STYLED_ITEM('',(#18),#2211);
#2211=FACE_SURFACE('',(#2216),#2212,.T.);
#2212=PLANE('',#2213);
#2213=AXIS2_PLACEMENT_3D('',#197,#2214,#2215);
#2214=DIRECTION('',(0,0,-1));
#2215=DIRECTION('',(-0.8337707218487985,0.5521108433890186,0));
#2216=FACE_BOUND('',#2217,.T.);
#2217=EDGE_LOOP('',(#2218,#2219,#2220));
#2218=ORIENTED_EDGE('',*,*,#2221,.T.);
#2219=ORIENTED_EDGE('',*,*,#2222,.T.);
#2220=ORIENTED_EDGE('',*,*,#2223,.T.);
#2221=EDGE_CURVE('',#198,#210,#2224,.F.);
#2222=EDGE_CURVE('',#210,#202,#2225,.T.);
#2223=EDGE_CURVE('',#202,#198,#2226,.T.);
#2224=LINE('',#197,#2227);
#2225=LINE('',#209,#2228);
#2226=LINE('',#201,#2229);
#2227=VECTOR('',#2230,1.0);
#2228=VECTOR('',#2231,1.0);
#2229=VECTOR('',#2232,1.0);
#2230=DIRECTION('',(-0.8337707218487985,0.5521108433890186,0));
#2231=DIRECTION('',(0.9069968730779668,-0.4211373555347357,0));
#2232=DIRECTION('',(-0.3208070336803868,-0.9471445756278137,0));
#2233=STYLED_ITEM('',(#18),#2234);
#2234=FACE_SURFACE('',(#2239),#2235,.T.);
#2235=PLANE('',#2236);
#2236=AXIS2_PLACEMENT_3D('',#195,#2237,#2238);
#2237=DIRECTION('',(0,0,-1));
#2238=DIRECTION('',(-0.7449711501533726,0.6670966837267003,0));
#2239=FACE_BOUND('',#2240,.T.);
#2240=EDGE_LOOP('',(#2241,#2242,#2243));
#2241=ORIENTED_EDGE('',*,*,#2244,.T.);
#2242=ORIENTED_EDGE('',*,*,#2245,.T.);
#2243=ORIENTED_EDGE('',*,*,#2246,.T.);
#2244=EDGE_CURVE('',#196,#210,#2247,.F.);
#2245=EDGE_CURVE('',#210,#198,#2248,.T.);
#2246=EDGE_CURVE('',#198,#196,#2249,.T.);
#2247=LINE('',#195,#2250);
#2248=LINE('',#209,#2251);
#2249=LINE('',#197,#2252);
#2250=VECTOR('',#2253,1.0);
#2251=VECTOR('',#2254,1.0);
#2252=VECTOR('',#2255,1.0);
#2253=DIRECTION('',(-0.7449711501533726,0.6670966837267003,0));
#2254=DIRECTION('',(0.8337707218487985,-0.5521108433890186,0));
#2255=DIRECTION('',(-0.443387208340821,-0.8963301754820785,0));
#2256=STYLED_ITEM('',(#18),#2257);
#2257=FACE_SURFACE('',(#2262),#2258,.T.);
#2258=PLANE('',#2259);
#2259=AXIS2_PLACEMENT_3D('',#191,#2260,#2261);
#2260=DIRECTION('',(0,0,-1));
#2261=DIRECTION('',(-0.6705569513861218,0.741858055794874,0));
#2262=FACE_BOUND('',#2263,.T.);
#2263=EDGE_LOOP('',(#2264,#2265,#2266));
#2264=ORIENTED_EDGE('',*,*,#2267,.T.);
#2265=ORIENTED_EDGE('',*,*,#2268,.T.);
#2266=ORIENTED_EDGE('',*,*,#2269,.T.);
#2267=EDGE_CURVE('',#192,#212,#2270,.F.);
#2268=EDGE_CURVE('',#212,#196,#2271,.T.);
#2269=EDGE_CURVE('',#196,#192,#2272,.T.);
#2270=LINE('',#191,#2273);
#2271=LINE('',#211,#2274);
#2272=LINE('',#195,#2275);
#2273=VECTOR('',#2276,1.0);
#2274=VECTOR('',#2277,1.0);
#2275=VECTOR('',#2278,1.0);
#2276=DIRECTION('',(-0.6705569513861218,0.741858055794874,0));
#2277=DIRECTION('',(0.7688842702856028,-0.6393879721322385,0));
#2278=DIRECTION('',(-0.5560223079986808,-0.8311673676268938,0));
#2279=STYLED_ITEM('',(#18),#2280);
#2280=FACE_SURFACE('',(#2285),#2281,.T.);
#2281=PLANE('',#2282);
#2282=AXIS2_PLACEMENT_3D('',#189,#2283,#2284);
#2283=DIRECTION('',(0,0,-1));
#2284=DIRECTION('',(-0.5902901342653808,0.8071911529426959,0));
#2285=FACE_BOUND('',#2286,.T.);
#2286=EDGE_LOOP('',(#2287,#2288,#2289));
#2287=ORIENTED_EDGE('',*,*,#2290,.T.);
#2288=ORIENTED_EDGE('',*,*,#2291,.T.);
#2289=ORIENTED_EDGE('',*,*,#2292,.T.);
#2290=EDGE_CURVE('',#190,#214,#2293,.F.);
#2291=EDGE_CURVE('',#214,#192,#2294,.T.);
#2292=EDGE_CURVE('',#192,#190,#2295,.T.);
#2293=LINE('',#189,#2296);
#2294=LINE('',#213,#2297);
#2295=LINE('',#191,#2298);
#2296=VECTOR('',#2299,1.0);
#2297=VECTOR('',#2300,1.0);
#2298=VECTOR('',#2301,1.0);
#2299=DIRECTION('',(-0.5902901342653808,0.8071911529426959,0));
#2300=DIRECTION('',(0.6965659237951319,-0.7174927970421965,0));
#2301=DIRECTION('',(-0.6597221620798716,-0.7515095933257671,0));
#2302=STYLED_ITEM('',(#18),#2303);
#2303=FACE_SURFACE('',(#2308),#2304,.T.);
#2304=PLANE('',#2305);
#2305=AXIS2_PLACEMENT_3D('',#205,#2306,#2307);
#2306=DIRECTION('',(-0,0,-1));
#2307=DIRECTION('',(-0.06499637357340061,-0.9978855001563592,0));
#2308=FACE_BOUND('',#2309,.T.);
#2309=EDGE_LOOP('',(#2310,#2311,#2312));
#2310=ORIENTED_EDGE('',*,*,#2313,.T.);
#2311=ORIENTED_EDGE('',*,*,#2314,.T.);
#2312=ORIENTED_EDGE('',*,*,#2315,.T.);
#2313=EDGE_CURVE('',#206,#204,#2316,.F.);
#2314=EDGE_CURVE('',#204,#216,#2317,.T.);
#2315=EDGE_CURVE('',#216,#206,#2318,.T.);
#2316=LINE('',#205,#2319);
#2317=LINE('',#203,#2320);
#2318=LINE('',#215,#2321);
#2319=VECTOR('',#2322,1.0);
#2320=VECTOR('',#2323,1.0);
#2321=VECTOR('',#2324,1.0);
#2322=DIRECTION('',(-0.06499637357340061,-0.9978855001563592,0));
#2323=DIRECTION('',(-0.9365315880657704,0.3505832063219887,0));
#2324=DIRECTION('',(0.9805069986705778,-0.196484161086882,0));
#2325=STYLED_ITEM('',(#18),#2326);
#2326=FACE_SURFACE('',(#2331),#2327,.T.);
#2327=PLANE('',#2328);
#2328=AXIS2_PLACEMENT_3D('',#217,#2329,#2330);
#2329=DIRECTION('',(0,0,-1));
#2330=DIRECTION('',(-0.29107073252074694,0.9567015358354118,0));
#2331=FACE_BOUND('',#2332,.T.);
#2332=EDGE_LOOP('',(#2333,#2334,#2335));
#2333=ORIENTED_EDGE('',*,*,#2336,.T.);
#2334=ORIENTED_EDGE('',*,*,#2337,.T.);
#2335=ORIENTED_EDGE('',*,*,#2338,.T.);
#2336=EDGE_CURVE('',#218,#220,#2339,.F.);
#2337=EDGE_CURVE('',#220,#184,#2340,.T.);
#2338=EDGE_CURVE('',#184,#218,#2341,.T.);
#2339=LINE('',#217,#2342);
#2340=LINE('',#219,#2343);
#2341=LINE('',#183,#2344);
#2342=VECTOR('',#2345,1.0);
#2343=VECTOR('',#2346,1.0);
#2344=VECTOR('',#2347,1.0);
#2345=DIRECTION('',(-0.29107073252074694,0.9567015358354118,0));
#2346=DIRECTION('',(0.4154680965696767,-0.9096077510294038,0));
#2347=DIRECTION('',(-0.8963301754820817,-0.44338720834081413,0));
#2348=STYLED_ITEM('',(#18),#2349);
#2349=FACE_SURFACE('',(#2354),#2350,.T.);
#2350=PLANE('',#2351);
#2351=AXIS2_PLACEMENT_3D('',#221,#2352,#2353);
#2352=DIRECTION('',(0,0,-1));
#2353=DIRECTION('',(-0.29565836269568746,0.9552937415099637,0));
#2354=FACE_BOUND('',#2355,.T.);
#2355=EDGE_LOOP('',(#2356,#2357,#2358));
#2356=ORIENTED_EDGE('',*,*,#2359,.T.);
#2357=ORIENTED_EDGE('',*,*,#2360,.T.);
#2358=ORIENTED_EDGE('',*,*,#2361,.T.);
#2359=EDGE_CURVE('',#222,#224,#2362,.F.);
#2360=EDGE_CURVE('',#224,#218,#2363,.T.);
#2361=EDGE_CURVE('',#218,#222,#2364,.T.);
#2362=LINE('',#221,#2365);
#2363=LINE('',#223,#2366);
#2364=LINE('',#217,#2367);
#2365=VECTOR('',#2368,1.0);
#2366=VECTOR('',#2369,1.0);
#2367=VECTOR('',#2370,1.0);
#2368=DIRECTION('',(-0.29565836269568746,0.9552937415099637,0));
#2369=DIRECTION('',(0.32292202981015394,-0.9464255716448547,0));
#2370=DIRECTION('',(-0.9472573214667132,-0.32047397230930924,0));
#2371=STYLED_ITEM('',(#18),#2372);
#2372=FACE_SURFACE('',(#2377),#2373,.T.);
#2373=PLANE('',#2374);
#2374=AXIS2_PLACEMENT_3D('',#225,#2375,#2376);
#2375=DIRECTION('',(0,0,-1));
#2376=DIRECTION('',(0.199059924290103,0.9799873195820539,0));
#2377=FACE_BOUND('',#2378,.T.);
#2378=EDGE_LOOP('',(#2379,#2380,#2381));
#2379=ORIENTED_EDGE('',*,*,#2382,.T.);
#2380=ORIENTED_EDGE('',*,*,#2383,.T.);
#2381=ORIENTED_EDGE('',*,*,#2384,.T.);
#2382=EDGE_CURVE('',#226,#228,#2385,.F.);
#2383=EDGE_CURVE('',#228,#230,#2386,.T.);
#2384=EDGE_CURVE('',#230,#226,#2387,.T.);
#2385=LINE('',#225,#2388);
#2386=LINE('',#227,#2389);
#2387=LINE('',#229,#2390);
#2388=VECTOR('',#2391,1.0);
#2389=VECTOR('',#2392,1.0);
#2390=VECTOR('',#2393,1.0);
#2391=DIRECTION('',(0.199059924290103,0.9799873195820539,0));
#2392=DIRECTION('',(0.9932528773730468,-0.11596862330028486,0));
#2393=DIRECTION('',(-0.9973425743025967,0.07285457764251768,0));
#2394=STYLED_ITEM('',(#18),#2395);
#2395=FACE_SURFACE('',(#2400),#2396,.T.);
#2396=PLANE('',#2397);
#2397=AXIS2_PLACEMENT_3D('',#231,#2398,#2399);
#2398=DIRECTION('',(-0,0,-1));
#2399=DIRECTION('',(-0.9471445756278133,-0.3208070336803878,0));
#2400=FACE_BOUND('',#2401,.T.);
#2401=EDGE_LOOP('',(#2402,#2403,#2404));
#2402=ORIENTED_EDGE('',*,*,#2405,.T.);
#2403=ORIENTED_EDGE('',*,*,#2406,.T.);
#2404=ORIENTED_EDGE('',*,*,#2407,.T.);
#2405=EDGE_CURVE('',#232,#234,#2408,.F.);
#2406=EDGE_CURVE('',#234,#236,#2409,.T.);
#2407=EDGE_CURVE('',#236,#232,#2410,.T.);
#2408=LINE('',#231,#2411);
#2409=LINE('',#233,#2412);
#2410=LINE('',#235,#2413);
#2411=VECTOR('',#2414,1.0);
#2412=VECTOR('',#2415,1.0);
#2413=VECTOR('',#2416,1.0);
#2414=DIRECTION('',(-0.9471445756278133,-0.3208070336803878,0));
#2415=DIRECTION('',(-0.3184280302685314,0.9479470394169198,0));
#2416=DIRECTION('',(0.5438212591909755,-0.8392010712886048,0));
#2417=STYLED_ITEM('',(#18),#2418);
#2418=FACE_SURFACE('',(#2423),#2419,.T.);
#2419=PLANE('',#2420);
#2420=AXIS2_PLACEMENT_3D('',#237,#2421,#2422);
#2421=DIRECTION('',(0,0,-1));
#2422=DIRECTION('',(0.9479222324347218,0.3185018700980786,0));
#2423=FACE_BOUND('',#2424,.T.);
#2424=EDGE_LOOP('',(#2425,#2426,#2427));
#2425=ORIENTED_EDGE('',*,*,#2428,.T.);
#2426=ORIENTED_EDGE('',*,*,#2429,.T.);
#2427=ORIENTED_EDGE('',*,*,#2430,.T.);
#2428=EDGE_CURVE('',#238,#236,#2431,.F.);
#2429=EDGE_CURVE('',#236,#234,#2432,.T.);
#2430=EDGE_CURVE('',#234,#238,#2433,.T.);
#2431=LINE('',#237,#2434);
#2432=LINE('',#235,#2435);
#2433=LINE('',#233,#2436);
#2434=VECTOR('',#2437,1.0);
#2435=VECTOR('',#2438,1.0);
#2436=VECTOR('',#2439,1.0);
#2437=DIRECTION('',(0.9479222324347218,0.3185018700980786,0));
#2438=DIRECTION('',(0.3184280302685314,-0.9479470394169198,0));
#2439=DIRECTION('',(-0.3787848936656254,0.9254847401933328,0));
#2440=STYLED_ITEM('',(#18),#2441);
#2441=FACE_SURFACE('',(#2446),#2442,.T.);
#2442=PLANE('',#2443);
#2443=AXIS2_PLACEMENT_3D('',#239,#2444,#2445);
#2444=DIRECTION('',(0,0,-1));
#2445=DIRECTION('',(0.9808006582599831,0.1950129963791745,0));
#2446=FACE_BOUND('',#2447,.T.);
#2447=EDGE_LOOP('',(#2448,#2449,#2450));
#2448=ORIENTED_EDGE('',*,*,#2451,.T.);
#2449=ORIENTED_EDGE('',*,*,#2452,.T.);
#2450=ORIENTED_EDGE('',*,*,#2453,.T.);
#2451=EDGE_CURVE('',#240,#242,#2454,.F.);
#2452=EDGE_CURVE('',#242,#188,#2455,.T.);
#2453=EDGE_CURVE('',#188,#240,#2456,.T.);
#2454=LINE('',#239,#2457);
#2455=LINE('',#241,#2458);
#2456=LINE('',#187,#2459);
#2457=VECTOR('',#2460,1.0);
#2458=VECTOR('',#2461,1.0);
#2459=VECTOR('',#2462,1.0);
#2460=DIRECTION('',(0.9808006582599831,0.1950129963791745,0));
#2461=DIRECTION('',(0.23733391613451,-0.9714281302557886,0));
#2462=DIRECTION('',(-0.27765099178696784,0.9606820112606008,0));
#2463=STYLED_ITEM('',(#18),#2464);
#2464=FACE_SURFACE('',(#2469),#2465,.T.);
#2465=PLANE('',#2466);
#2466=AXIS2_PLACEMENT_3D('',#221,#2467,#2468);
#2467=DIRECTION('',(0,0,-1));
#2468=DIRECTION('',(0.9472573214667132,0.32047397230930924,0));
#2469=FACE_BOUND('',#2470,.T.);
#2470=EDGE_LOOP('',(#2471,#2472,#2473));
#2471=ORIENTED_EDGE('',*,*,#2474,.T.);
#2472=ORIENTED_EDGE('',*,*,#2475,.T.);
#2473=ORIENTED_EDGE('',*,*,#2476,.T.);
#2474=EDGE_CURVE('',#222,#218,#2477,.F.);
#2475=EDGE_CURVE('',#218,#188,#2478,.T.);
#2476=EDGE_CURVE('',#188,#222,#2479,.T.);
#2477=LINE('',#221,#2480);
#2478=LINE('',#217,#2481);
#2479=LINE('',#187,#2482);
#2480=VECTOR('',#2483,1.0);
#2481=VECTOR('',#2484,1.0);
#2482=VECTOR('',#2485,1.0);
#2483=DIRECTION('',(0.9472573214667132,0.32047397230930924,0));
#2484=DIRECTION('',(0.19674438723545515,-0.9804548159356172,0));
#2485=DIRECTION('',(-0.20549904985743098,0.9786573151556642,0));
#2486=STYLED_ITEM('',(#18),#2487);
#2487=FACE_SURFACE('',(#2492),#2488,.T.);
#2488=PLANE('',#2489);
#2489=AXIS2_PLACEMENT_3D('',#241,#2490,#2491);
#2490=DIRECTION('',(0,0,-1));
#2491=DIRECTION('',(0.9471135474510144,0.32089862610294095,0));
#2492=FACE_BOUND('',#2493,.T.);
#2493=EDGE_LOOP('',(#2494,#2495,#2496));
#2494=ORIENTED_EDGE('',*,*,#2497,.T.);
#2495=ORIENTED_EDGE('',*,*,#2498,.T.);
#2496=ORIENTED_EDGE('',*,*,#2499,.T.);
#2497=EDGE_CURVE('',#242,#222,#2500,.F.);
#2498=EDGE_CURVE('',#222,#188,#2501,.T.);
#2499=EDGE_CURVE('',#188,#242,#2502,.T.);
#2500=LINE('',#241,#2503);
#2501=LINE('',#221,#2504);
#2502=LINE('',#187,#2505);
#2503=VECTOR('',#2506,1.0);
#2504=VECTOR('',#2507,1.0);
#2505=VECTOR('',#2508,1.0);
#2506=DIRECTION('',(0.9471135474510144,0.32089862610294095,0));
#2507=DIRECTION('',(0.20549904985743098,-0.9786573151556642,0));
#2508=DIRECTION('',(-0.23733391613451,0.9714281302557886,0));
#2509=STYLED_ITEM('',(#18),#2510);
#2510=FACE_SURFACE('',(#2515),#2511,.T.);
#2511=PLANE('',#2512);
#2512=AXIS2_PLACEMENT_3D('',#217,#2513,#2514);
#2513=DIRECTION('',(0,0,-1));
#2514=DIRECTION('',(0.8963301754820817,0.44338720834081413,0));
#2515=FACE_BOUND('',#2516,.T.);
#2516=EDGE_LOOP('',(#2517,#2518,#2519));
#2517=ORIENTED_EDGE('',*,*,#2520,.T.);
#2518=ORIENTED_EDGE('',*,*,#2521,.T.);
#2519=ORIENTED_EDGE('',*,*,#2522,.T.);
#2520=EDGE_CURVE('',#218,#184,#2523,.F.);
#2521=EDGE_CURVE('',#184,#188,#2524,.T.);
#2522=EDGE_CURVE('',#188,#218,#2525,.T.);
#2523=LINE('',#217,#2526);
#2524=LINE('',#183,#2527);
#2525=LINE('',#187,#2528);
#2526=VECTOR('',#2529,1.0);
#2527=VECTOR('',#2530,1.0);
#2528=VECTOR('',#2531,1.0);
#2529=DIRECTION('',(0.8963301754820817,0.44338720834081413,0));
#2530=DIRECTION('',(0.1575480725649238,-0.9875113188369424,0));
#2531=DIRECTION('',(-0.19674438723545515,0.9804548159356172,0));
#2532=STYLED_ITEM('',(#18),#2533);
#2533=FACE_SURFACE('',(#2538),#2534,.T.);
#2534=PLANE('',#2535);
#2535=AXIS2_PLACEMENT_3D('',#243,#2536,#2537);
#2536=DIRECTION('',(0,-0,-1));
#2537=DIRECTION('',(0.9805806756909244,-0.19611613513816312,0));
#2538=FACE_BOUND('',#2539,.T.);
#2539=EDGE_LOOP('',(#2540,#2541,#2542));
#2540=ORIENTED_EDGE('',*,*,#2543,.T.);
#2541=ORIENTED_EDGE('',*,*,#2544,.T.);
#2542=ORIENTED_EDGE('',*,*,#2545,.T.);
#2543=EDGE_CURVE('',#244,#246,#2546,.F.);
#2544=EDGE_CURVE('',#246,#44,#2547,.T.);
#2545=EDGE_CURVE('',#44,#244,#2548,.T.);
#2546=LINE('',#243,#2549);
#2547=LINE('',#245,#2550);
#2548=LINE('',#43,#2551);
#2549=VECTOR('',#2552,1.0);
#2550=VECTOR('',#2553,1.0);
#2551=VECTOR('',#2554,1.0);
#2552=DIRECTION('',(0.9805806756909244,-0.19611613513816312,0));
#2553=DIRECTION('',(-0.23986809536466486,-0.97080548866708,0));
#2554=DIRECTION('',(0.23733391613451,0.9714281302557886,0));
#2555=STYLED_ITEM('',(#18),#2556);
#2556=FACE_SURFACE('',(#2561),#2557,.T.);
#2557=PLANE('',#2558);
#2558=AXIS2_PLACEMENT_3D('',#247,#2559,#2560);
#2559=DIRECTION('',(0,0,-1));
#2560=DIRECTION('',(-0.06499637357340082,-0.997885500156359,0));
#2561=FACE_BOUND('',#2562,.T.);
#2562=EDGE_LOOP('',(#2563,#2564,#2565));
#2563=ORIENTED_EDGE('',*,*,#2566,.T.);
#2564=ORIENTED_EDGE('',*,*,#2567,.T.);
#2565=ORIENTED_EDGE('',*,*,#2568,.T.);
#2566=EDGE_CURVE('',#248,#250,#2569,.F.);
#2567=EDGE_CURVE('',#250,#252,#2570,.T.);
#2568=EDGE_CURVE('',#252,#248,#2571,.T.);
#2569=LINE('',#247,#2572);
#2570=LINE('',#249,#2573);
#2571=LINE('',#251,#2574);
#2572=VECTOR('',#2575,1.0);
#2573=VECTOR('',#2576,1.0);
#2574=VECTOR('',#2577,1.0);
#2575=DIRECTION('',(-0.06499637357340082,-0.997885500156359,0));
#2576=DIRECTION('',(-0.9973425743025964,-0.07285457764251825,0));
#2577=DIRECTION('',(0.9714105010367848,0.23740606242356768,0));
#2578=STYLED_ITEM('',(#18),#2579);
#2579=FACE_SURFACE('',(#2584),#2580,.T.);
#2580=PLANE('',#2581);
#2581=AXIS2_PLACEMENT_3D('',#245,#2582,#2583);
#2582=DIRECTION('',(0,-0,-1));
#2583=DIRECTION('',(0.9808152527373116,-0.1949395803777254,0));
#2584=FACE_BOUND('',#2585,.T.);
#2585=EDGE_LOOP('',(#2586,#2587,#2588));
#2586=ORIENTED_EDGE('',*,*,#2589,.T.);
#2587=ORIENTED_EDGE('',*,*,#2590,.T.);
#2588=ORIENTED_EDGE('',*,*,#2591,.T.);
#2589=EDGE_CURVE('',#246,#254,#2592,.F.);
#2590=EDGE_CURVE('',#254,#44,#2593,.T.);
#2591=EDGE_CURVE('',#44,#246,#2594,.T.);
#2592=LINE('',#245,#2595);
#2593=LINE('',#253,#2596);
#2594=LINE('',#43,#2597);
#2595=VECTOR('',#2598,1.0);
#2596=VECTOR('',#2599,1.0);
#2597=VECTOR('',#2600,1.0);
#2598=DIRECTION('',(0.9808152527373116,-0.1949395803777254,0));
#2599=DIRECTION('',(-0.27765099178696784,-0.9606820112606008,0));
#2600=DIRECTION('',(0.23986809536466486,0.97080548866708,0));
#2601=STYLED_ITEM('',(#18),#2602);
#2602=FACE_SURFACE('',(#2607),#2603,.T.);
#2603=PLANE('',#2604);
#2604=AXIS2_PLACEMENT_3D('',#253,#2605,#2606);
#2605=DIRECTION('',(0,-0,-1));
#2606=DIRECTION('',(0.037513854952745444,-0.9992961076110445,0));
#2607=FACE_BOUND('',#2608,.T.);
#2608=EDGE_LOOP('',(#2609,#2610,#2611));
#2609=ORIENTED_EDGE('',*,*,#2612,.T.);
#2610=ORIENTED_EDGE('',*,*,#2613,.T.);
#2611=ORIENTED_EDGE('',*,*,#2614,.T.);
#2612=EDGE_CURVE('',#254,#256,#2615,.F.);
#2613=EDGE_CURVE('',#256,#44,#2616,.T.);
#2614=EDGE_CURVE('',#44,#254,#2617,.T.);
#2615=LINE('',#253,#2618);
#2616=LINE('',#255,#2619);
#2617=LINE('',#43,#2620);
#2618=VECTOR('',#2621,1.0);
#2619=VECTOR('',#2622,1.0);
#2620=VECTOR('',#2623,1.0);
#2621=DIRECTION('',(0.037513854952745444,-0.9992961076110445,0));
#2622=DIRECTION('',(-0.9696705366129168,0.2444157327686125,0));
#2623=DIRECTION('',(0.27765099178696784,0.9606820112606008,0));
#2624=STYLED_ITEM('',(#18),#2625);
#2625=FACE_SURFACE('',(#2630),#2626,.T.);
#2626=PLANE('',#2627);
#2627=AXIS2_PLACEMENT_3D('',#49,#2628,#2629);
#2628=DIRECTION('',(0,0,-1));
#2629=DIRECTION('',(0,1,0));
#2630=FACE_BOUND('',#2631,.T.);
#2631=EDGE_LOOP('',(#2632,#2633,#2634));
#2632=ORIENTED_EDGE('',*,*,#2635,.T.);
#2633=ORIENTED_EDGE('',*,*,#2636,.T.);
#2634=ORIENTED_EDGE('',*,*,#2637,.T.);
#2635=EDGE_CURVE('',#50,#44,#2638,.F.);
#2636=EDGE_CURVE('',#44,#256,#2639,.T.);
#2637=EDGE_CURVE('',#256,#50,#2640,.T.);
#2638=LINE('',#49,#2641);
#2639=LINE('',#43,#2642);
#2640=LINE('',#255,#2643);
#2641=VECTOR('',#2644,1.0);
#2642=VECTOR('',#2645,1.0);
#2643=VECTOR('',#2646,1.0);
#2644=DIRECTION('',(0,1,0));
#2645=DIRECTION('',(0.9696705366129168,-0.2444157327686125,0));
#2646=DIRECTION('',(-1,0,0));
#2647=STYLED_ITEM('',(#18),#2648);
#2648=FACE_SURFACE('',(#2653),#2649,.T.);
#2649=PLANE('',#2650);
#2650=AXIS2_PLACEMENT_3D('',#253,#2651,#2652);
#2651=DIRECTION('',(0,0,-1));
#2652=DIRECTION('',(0.9978855001563588,-0.06499637357340421,0));
#2653=FACE_BOUND('',#2654,.T.);
#2654=EDGE_LOOP('',(#2655,#2656,#2657));
#2655=ORIENTED_EDGE('',*,*,#2658,.T.);
#2656=ORIENTED_EDGE('',*,*,#2659,.T.);
#2657=ORIENTED_EDGE('',*,*,#2660,.T.);
#2658=EDGE_CURVE('',#254,#258,#2661,.F.);
#2659=EDGE_CURVE('',#258,#256,#2662,.T.);
#2660=EDGE_CURVE('',#256,#254,#2663,.T.);
#2661=LINE('',#253,#2664);
#2662=LINE('',#257,#2665);
#2663=LINE('',#255,#2666);
#2664=VECTOR('',#2667,1.0);
#2665=VECTOR('',#2668,1.0);
#2666=VECTOR('',#2669,1.0);
#2667=DIRECTION('',(0.9978855001563588,-0.06499637357340421,0));
#2668=DIRECTION('',(-0.00251537665780209,-0.9999968364351306,0));
#2669=DIRECTION('',(-0.037513854952745444,0.9992961076110445,0));
#2670=STYLED_ITEM('',(#18),#2671);
#2671=FACE_SURFACE('',(#2676),#2672,.T.);
#2672=PLANE('',#2673);
#2673=AXIS2_PLACEMENT_3D('',#257,#2674,#2675);
#2674=DIRECTION('',(0,0,-1));
#2675=DIRECTION('',(0.9978855001563588,0.06499637357340421,0));
#2676=FACE_BOUND('',#2677,.T.);
#2677=EDGE_LOOP('',(#2678,#2679,#2680));
#2678=ORIENTED_EDGE('',*,*,#2681,.T.);
#2679=ORIENTED_EDGE('',*,*,#2682,.T.);
#2680=ORIENTED_EDGE('',*,*,#2683,.T.);
#2681=EDGE_CURVE('',#258,#240,#2684,.F.);
#2682=EDGE_CURVE('',#240,#260,#2685,.T.);
#2683=EDGE_CURVE('',#260,#258,#2686,.T.);
#2684=LINE('',#257,#2687);
#2685=LINE('',#239,#2688);
#2686=LINE('',#259,#2689);
#2687=VECTOR('',#2690,1.0);
#2688=VECTOR('',#2691,1.0);
#2689=VECTOR('',#2692,1.0);
#2690=DIRECTION('',(0.9978855001563588,0.06499637357340421,0));
#2691=DIRECTION('',(-0.037513854952745444,-0.9992961076110445,0));
#2692=DIRECTION('',(-0.00251537665780209,0.9999968364351306,0));
#2693=STYLED_ITEM('',(#18),#2694);
#2694=FACE_SURFACE('',(#2699),#2695,.T.);
#2695=PLANE('',#2696);
#2696=AXIS2_PLACEMENT_3D('',#75,#2697,#2698);
#2697=DIRECTION('',(0,-0,-1));
#2698=DIRECTION('',(0.7238964548810242,-0.6899086335238062,0));
#2699=FACE_BOUND('',#2700,.T.);
#2700=EDGE_LOOP('',(#2701,#2702,#2703));
#2701=ORIENTED_EDGE('',*,*,#2704,.T.);
#2702=ORIENTED_EDGE('',*,*,#2705,.T.);
#2703=ORIENTED_EDGE('',*,*,#2706,.T.);
#2704=EDGE_CURVE('',#76,#74,#2707,.F.);
#2705=EDGE_CURVE('',#74,#80,#2708,.T.);
#2706=EDGE_CURVE('',#80,#76,#2709,.T.);
#2707=LINE('',#75,#2710);
#2708=LINE('',#73,#2711);
#2709=LINE('',#79,#2712);
#2710=VECTOR('',#2713,1.0);
#2711=VECTOR('',#2714,1.0);
#2712=VECTOR('',#2715,1.0);
#2713=DIRECTION('',(0.7238964548810242,-0.6899086335238062,0));
#2714=DIRECTION('',(-0.7626148080894262,0.6468528847293855,0));
#2715=DIRECTION('',(0.6558010468760234,0.7549337632642428,0));
#2716=STYLED_ITEM('',(#18),#2717);
#2717=FACE_SURFACE('',(#2722),#2718,.T.);
#2718=PLANE('',#2719);
#2719=AXIS2_PLACEMENT_3D('',#71,#2720,#2721);
#2720=DIRECTION('',(0,-0,-1));
#2721=DIRECTION('',(0.8280642108833512,-0.5606332693072476,0));
#2722=FACE_BOUND('',#2723,.T.);
#2723=EDGE_LOOP('',(#2724,#2725,#2726));
#2724=ORIENTED_EDGE('',*,*,#2727,.T.);
#2725=ORIENTED_EDGE('',*,*,#2728,.T.);
#2726=ORIENTED_EDGE('',*,*,#2729,.T.);
#2727=EDGE_CURVE('',#72,#70,#2730,.F.);
#2728=EDGE_CURVE('',#70,#76,#2731,.T.);
#2729=EDGE_CURVE('',#76,#72,#2732,.T.);
#2730=LINE('',#71,#2733);
#2731=LINE('',#69,#2734);
#2732=LINE('',#75,#2735);
#2733=VECTOR('',#2736,1.0);
#2734=VECTOR('',#2737,1.0);
#2735=VECTOR('',#2738,1.0);
#2736=DIRECTION('',(0.8280642108833512,-0.5606332693072476,0));
#2737=DIRECTION('',(-0.8578278231524707,0.513937180816385,0));
#2738=DIRECTION('',(0.5564580441595975,0.830875709772572,0));
#2739=STYLED_ITEM('',(#18),#2740);
#2740=FACE_SURFACE('',(#2745),#2741,.T.);
#2741=PLANE('',#2742);
#2742=AXIS2_PLACEMENT_3D('',#261,#2743,#2744);
#2743=DIRECTION('',(0,-0,-1));
#2744=DIRECTION('',(0.8959534904282143,-0.44414788414389644,0));
#2745=FACE_BOUND('',#2746,.T.);
#2746=EDGE_LOOP('',(#2747,#2748,#2749));
#2747=ORIENTED_EDGE('',*,*,#2750,.T.);
#2748=ORIENTED_EDGE('',*,*,#2751,.T.);
#2749=ORIENTED_EDGE('',*,*,#2752,.T.);
#2750=EDGE_CURVE('',#262,#264,#2753,.F.);
#2751=EDGE_CURVE('',#264,#266,#2754,.T.);
#2752=EDGE_CURVE('',#266,#262,#2755,.T.);
#2753=LINE('',#261,#2756);
#2754=LINE('',#263,#2757);
#2755=LINE('',#265,#2758);
#2756=VECTOR('',#2759,1.0);
#2757=VECTOR('',#2760,1.0);
#2758=VECTOR('',#2761,1.0);
#2759=DIRECTION('',(0.8959534904282143,-0.44414788414389644,0));
#2760=DIRECTION('',(-0.4154680965696767,-0.9096077510294038,0));
#2761=DIRECTION('',(0.38476118539890936,0.9230161592358099,0));
#2762=STYLED_ITEM('',(#18),#2763);
#2763=FACE_SURFACE('',(#2768),#2764,.T.);
#2764=PLANE('',#2765);
#2765=AXIS2_PLACEMENT_3D('',#79,#2766,#2767);
#2766=DIRECTION('',(0,-0,-1));
#2767=DIRECTION('',(0.5925569218024844,-0.8055285807617035,0));
#2768=FACE_BOUND('',#2769,.T.);
#2769=EDGE_LOOP('',(#2770,#2771,#2772));
#2770=ORIENTED_EDGE('',*,*,#2773,.T.);
#2771=ORIENTED_EDGE('',*,*,#2774,.T.);
#2772=ORIENTED_EDGE('',*,*,#2775,.T.);
#2773=EDGE_CURVE('',#80,#78,#2776,.F.);
#2774=EDGE_CURVE('',#78,#268,#2777,.T.);
#2775=EDGE_CURVE('',#268,#80,#2778,.T.);
#2776=LINE('',#79,#2779);
#2777=LINE('',#77,#2780);
#2778=LINE('',#267,#2781);
#2779=VECTOR('',#2782,1.0);
#2780=VECTOR('',#2783,1.0);
#2781=VECTOR('',#2784,1.0);
#2782=DIRECTION('',(0.5925569218024844,-0.8055285807617035,0));
#2783=DIRECTION('',(-0.639957944939541,0.7684099353266846,0));
#2784=DIRECTION('',(0.7549337632642428,0.6558010468760234,0));
#2785=STYLED_ITEM('',(#18),#2786);
#2786=FACE_SURFACE('',(#2791),#2787,.T.);
#2787=PLANE('',#2788);
#2788=AXIS2_PLACEMENT_3D('',#269,#2789,#2790);
#2789=DIRECTION('',(0,0,-1));
#2790=DIRECTION('',(-0.7514363909015759,0.6598055398591421,0));
#2791=FACE_BOUND('',#2792,.T.);
#2792=EDGE_LOOP('',(#2793,#2794,#2795));
#2793=ORIENTED_EDGE('',*,*,#2796,.T.);
#2794=ORIENTED_EDGE('',*,*,#2797,.T.);
#2795=ORIENTED_EDGE('',*,*,#2798,.T.);
#2796=EDGE_CURVE('',#270,#272,#2799,.F.);
#2797=EDGE_CURVE('',#272,#262,#2800,.T.);
#2798=EDGE_CURVE('',#262,#270,#2801,.T.);
#2799=LINE('',#269,#2802);
#2800=LINE('',#271,#2803);
#2801=LINE('',#261,#2804);
#2802=VECTOR('',#2805,1.0);
#2803=VECTOR('',#2806,1.0);
#2804=VECTOR('',#2807,1.0);
#2805=DIRECTION('',(-0.7514363909015759,0.6598055398591421,0));
#2806=DIRECTION('',(0.5740247366978614,0.8188379581205009,0));
#2807=DIRECTION('',(-0.5050558550912284,-0.8630866603291167,0));
#2808=STYLED_ITEM('',(#18),#2809);
#2809=FACE_SURFACE('',(#2814),#2810,.T.);
#2810=PLANE('',#2811);
#2811=AXIS2_PLACEMENT_3D('',#267,#2812,#2813);
#2812=DIRECTION('',(0,-0,-1));
#2813=DIRECTION('',(0.43600633883799517,-0.899943594061921,0));
#2814=FACE_BOUND('',#2815,.T.);
#2815=EDGE_LOOP('',(#2816,#2817,#2818));
#2816=ORIENTED_EDGE('',*,*,#2819,.T.);
#2817=ORIENTED_EDGE('',*,*,#2820,.T.);
#2818=ORIENTED_EDGE('',*,*,#2821,.T.);
#2819=EDGE_CURVE('',#268,#232,#2822,.F.);
#2820=EDGE_CURVE('',#232,#274,#2823,.T.);
#2821=EDGE_CURVE('',#274,#268,#2824,.T.);
#2822=LINE('',#267,#2825);
#2823=LINE('',#231,#2826);
#2824=LINE('',#273,#2827);
#2825=VECTOR('',#2828,1.0);
#2826=VECTOR('',#2829,1.0);
#2827=VECTOR('',#2830,1.0);
#2828=DIRECTION('',(0.43600633883799517,-0.899943594061921,0));
#2829=DIRECTION('',(-0.4908946868306318,0.8712189199285423,0));
#2830=DIRECTION('',(0.830875709772572,0.5564580441595975,0));
#2831=STYLED_ITEM('',(#18),#2832);
#2832=FACE_SURFACE('',(#2837),#2833,.T.);
#2833=PLANE('',#2834);
#2834=AXIS2_PLACEMENT_3D('',#235,#2835,#2836);
#2835=DIRECTION('',(0,0,-1));
#2836=DIRECTION('',(0.8959534904282143,0.44414788414389644,0));
#2837=FACE_BOUND('',#2838,.T.);
#2838=EDGE_LOOP('',(#2839,#2840,#2841));
#2839=ORIENTED_EDGE('',*,*,#2842,.T.);
#2840=ORIENTED_EDGE('',*,*,#2843,.T.);
#2841=ORIENTED_EDGE('',*,*,#2844,.T.);
#2842=EDGE_CURVE('',#236,#274,#2845,.F.);
#2843=EDGE_CURVE('',#274,#232,#2846,.T.);
#2844=EDGE_CURVE('',#232,#236,#2847,.T.);
#2845=LINE('',#235,#2848);
#2846=LINE('',#273,#2849);
#2847=LINE('',#231,#2850);
#2848=VECTOR('',#2851,1.0);
#2849=VECTOR('',#2852,1.0);
#2850=VECTOR('',#2853,1.0);
#2851=DIRECTION('',(0.8959534904282143,0.44414788414389644,0));
#2852=DIRECTION('',(0.4908946868306318,-0.8712189199285423,0));
#2853=DIRECTION('',(-0.5438212591909755,0.8392010712886048,0));
#2854=STYLED_ITEM('',(#18),#2855);
#2855=FACE_SURFACE('',(#2860),#2856,.T.);
#2856=PLANE('',#2857);
#2857=AXIS2_PLACEMENT_3D('',#271,#2858,#2859);
#2858=DIRECTION('',(0,0,-1));
#2859=DIRECTION('',(-0.7516208142844294,0.6595954453560237,0));
#2860=FACE_BOUND('',#2861,.T.);
#2861=EDGE_LOOP('',(#2862,#2863,#2864));
#2862=ORIENTED_EDGE('',*,*,#2865,.T.);
#2863=ORIENTED_EDGE('',*,*,#2866,.T.);
#2864=ORIENTED_EDGE('',*,*,#2867,.T.);
#2865=EDGE_CURVE('',#272,#276,#2868,.F.);
#2866=EDGE_CURVE('',#276,#262,#2869,.T.);
#2867=EDGE_CURVE('',#262,#272,#2870,.T.);
#2868=LINE('',#271,#2871);
#2869=LINE('',#275,#2872);
#2870=LINE('',#261,#2873);
#2871=VECTOR('',#2874,1.0);
#2872=VECTOR('',#2875,1.0);
#2873=VECTOR('',#2876,1.0);
#2874=DIRECTION('',(-0.7516208142844294,0.6595954453560237,0));
#2875=DIRECTION('',(0.6180326627598935,0.7861524201844803,0));
#2876=DIRECTION('',(-0.5740247366978614,-0.8188379581205009,0));
#2877=STYLED_ITEM('',(#18),#2878);
#2878=FACE_SURFACE('',(#2883),#2879,.T.);
#2879=PLANE('',#2880);
#2880=AXIS2_PLACEMENT_3D('',#277,#2881,#2882);
#2881=DIRECTION('',(0,-0,-1));
#2882=DIRECTION('',(0.8308757097725595,-0.5564580441596162,0));
#2883=FACE_BOUND('',#2884,.T.);
#2884=EDGE_LOOP('',(#2885,#2886,#2887));
#2885=ORIENTED_EDGE('',*,*,#2888,.T.);
#2886=ORIENTED_EDGE('',*,*,#2889,.T.);
#2887=ORIENTED_EDGE('',*,*,#2890,.T.);
#2888=EDGE_CURVE('',#278,#262,#2891,.F.);
#2889=EDGE_CURVE('',#262,#276,#2892,.T.);
#2890=EDGE_CURVE('',#276,#278,#2893,.T.);
#2891=LINE('',#277,#2894);
#2892=LINE('',#261,#2895);
#2893=LINE('',#275,#2896);
#2894=VECTOR('',#2897,1.0);
#2895=VECTOR('',#2898,1.0);
#2896=VECTOR('',#2899,1.0);
#2897=DIRECTION('',(0.8308757097725595,-0.5564580441596162,0));
#2898=DIRECTION('',(-0.6180326627598935,-0.7861524201844803,0));
#2899=DIRECTION('',(0.5902901342653808,0.8071911529426959,0));
#2900=STYLED_ITEM('',(#18),#2901);
#2901=FACE_SURFACE('',(#2906),#2902,.T.);
#2902=PLANE('',#2903);
#2903=AXIS2_PLACEMENT_3D('',#275,#2904,#2905);
#2904=DIRECTION('',(0,0,-1));
#2905=DIRECTION('',(-0.6597221620798716,0.7515095933257671,0));
#2906=FACE_BOUND('',#2907,.T.);
#2907=EDGE_LOOP('',(#2908,#2909,#2910));
#2908=ORIENTED_EDGE('',*,*,#2911,.T.);
#2909=ORIENTED_EDGE('',*,*,#2912,.T.);
#2910=ORIENTED_EDGE('',*,*,#2913,.T.);
#2911=EDGE_CURVE('',#276,#280,#2914,.F.);
#2912=EDGE_CURVE('',#280,#278,#2915,.T.);
#2913=EDGE_CURVE('',#278,#276,#2916,.T.);
#2914=LINE('',#275,#2917);
#2915=LINE('',#279,#2918);
#2916=LINE('',#277,#2919);
#2917=VECTOR('',#2920,1.0);
#2918=VECTOR('',#2921,1.0);
#2919=VECTOR('',#2922,1.0);
#2920=DIRECTION('',(-0.6597221620798716,0.7515095933257671,0));
#2921=DIRECTION('',(0.6965659237951319,0.7174927970421965,0));
#2922=DIRECTION('',(-0.5902901342653808,-0.8071911529426959,0));
#2923=STYLED_ITEM('',(#18),#2924);
#2924=FACE_SURFACE('',(#2929),#2925,.T.);
#2925=PLANE('',#2926);
#2926=AXIS2_PLACEMENT_3D('',#49,#2927,#2928);
#2927=DIRECTION('',(0,0,-1));
#2928=DIRECTION('',(0.9875446996522275,-0.15733869895480845,0));
#2929=FACE_BOUND('',#2930,.T.);
#2930=EDGE_LOOP('',(#2931,#2932,#2933));
#2931=ORIENTED_EDGE('',*,*,#2934,.T.);
#2932=ORIENTED_EDGE('',*,*,#2935,.T.);
#2933=ORIENTED_EDGE('',*,*,#2936,.T.);
#2934=EDGE_CURVE('',#50,#282,#2937,.F.);
#2935=EDGE_CURVE('',#282,#284,#2938,.T.);
#2936=EDGE_CURVE('',#284,#50,#2939,.T.);
#2937=LINE('',#49,#2940);
#2938=LINE('',#281,#2941);
#2939=LINE('',#283,#2942);
#2940=VECTOR('',#2943,1.0);
#2941=VECTOR('',#2944,1.0);
#2942=VECTOR('',#2945,1.0);
#2943=DIRECTION('',(0.9875446996522275,-0.15733869895480845,0));
#2944=DIRECTION('',(-0.44414788414389644,-0.8959534904282143,0));
#2945=DIRECTION('',(-0.9805069986705778,0.196484161086882,0));
#2946=STYLED_ITEM('',(#18),#2947);
#2947=FACE_SURFACE('',(#2952),#2948,.T.);
#2948=PLANE('',#2949);
#2949=AXIS2_PLACEMENT_3D('',#285,#2950,#2951);
#2950=DIRECTION('',(-0,0,-1));
#2951=DIRECTION('',(-0.5564580441595975,-0.830875709772572,0));
#2952=FACE_BOUND('',#2953,.T.);
#2953=EDGE_LOOP('',(#2954,#2955,#2956));
#2954=ORIENTED_EDGE('',*,*,#2957,.T.);
#2955=ORIENTED_EDGE('',*,*,#2958,.T.);
#2956=ORIENTED_EDGE('',*,*,#2959,.T.);
#2957=EDGE_CURVE('',#286,#282,#2960,.F.);
#2958=EDGE_CURVE('',#282,#50,#2961,.T.);
#2959=EDGE_CURVE('',#50,#286,#2962,.T.);
#2960=LINE('',#285,#2963);
#2961=LINE('',#281,#2964);
#2962=LINE('',#49,#2965);
#2963=VECTOR('',#2966,1.0);
#2964=VECTOR('',#2967,1.0);
#2965=VECTOR('',#2968,1.0);
#2966=DIRECTION('',(-0.5564580441595975,-0.830875709772572,0));
#2967=DIRECTION('',(-0.9875446996522275,0.15733869895480845,0));
#2968=DIRECTION('',(0.9926776149714256,-0.12079384394348106,0));
#2969=STYLED_ITEM('',(#18),#2970);
#2970=FACE_SURFACE('',(#2975),#2971,.T.);
#2971=PLANE('',#2972);
#2972=AXIS2_PLACEMENT_3D('',#285,#2973,#2974);
#2973=DIRECTION('',(0,0,-1));
#2974=DIRECTION('',(-0.9926776149714256,0.12079384394348106,0));
#2975=FACE_BOUND('',#2976,.T.);
#2976=EDGE_LOOP('',(#2977,#2978,#2979));
#2977=ORIENTED_EDGE('',*,*,#2980,.T.);
#2978=ORIENTED_EDGE('',*,*,#2981,.T.);
#2979=ORIENTED_EDGE('',*,*,#2982,.T.);
#2980=EDGE_CURVE('',#286,#50,#2983,.F.);
#2981=EDGE_CURVE('',#50,#288,#2984,.T.);
#2982=EDGE_CURVE('',#288,#286,#2985,.T.);
#2983=LINE('',#285,#2986);
#2984=LINE('',#49,#2987);
#2985=LINE('',#287,#2988);
#2986=VECTOR('',#2989,1.0);
#2987=VECTOR('',#2990,1.0);
#2988=VECTOR('',#2991,1.0);
#2989=DIRECTION('',(-0.9926776149714256,0.12079384394348106,0));
#2990=DIRECTION('',(0.9961134647550811,-0.08807931274497992,0));
#2991=DIRECTION('',(-0.6558010468760234,-0.7549337632642428,0));
#2992=STYLED_ITEM('',(#18),#2993);
#2993=FACE_SURFACE('',(#2998),#2994,.T.);
#2994=PLANE('',#2995);
#2995=AXIS2_PLACEMENT_3D('',#289,#2996,#2997);
#2996=DIRECTION('',(-0,0,-1));
#2997=DIRECTION('',(-0.7549337632642428,-0.6558010468760234,0));
#2998=FACE_BOUND('',#2999,.T.);
#2999=EDGE_LOOP('',(#3000,#3001,#3002));
#3000=ORIENTED_EDGE('',*,*,#3003,.T.);
#3001=ORIENTED_EDGE('',*,*,#3004,.T.);
#3002=ORIENTED_EDGE('',*,*,#3005,.T.);
#3003=EDGE_CURVE('',#290,#288,#3006,.F.);
#3004=EDGE_CURVE('',#288,#50,#3007,.T.);
#3005=EDGE_CURVE('',#50,#290,#3008,.T.);
#3006=LINE('',#289,#3009);
#3007=LINE('',#287,#3010);
#3008=LINE('',#49,#3011);
#3009=VECTOR('',#3012,1.0);
#3010=VECTOR('',#3013,1.0);
#3011=VECTOR('',#3014,1.0);
#3012=DIRECTION('',(-0.7549337632642428,-0.6558010468760234,0));
#3013=DIRECTION('',(-0.9961134647550811,0.08807931274497992,0));
#3014=DIRECTION('',(0.998176569536193,-0.06036170995720291,0));
#3015=STYLED_ITEM('',(#18),#3016);
#3016=FACE_SURFACE('',(#3021),#3017,.T.);
#3017=PLANE('',#3018);
#3018=AXIS2_PLACEMENT_3D('',#291,#3019,#3020);
#3019=DIRECTION('',(-0,0,-1));
#3020=DIRECTION('',(-0.830875709772572,-0.5564580441595975,0));
#3021=FACE_BOUND('',#3022,.T.);
#3022=EDGE_LOOP('',(#3023,#3024,#3025));
#3023=ORIENTED_EDGE('',*,*,#3026,.T.);
#3024=ORIENTED_EDGE('',*,*,#3027,.T.);
#3025=ORIENTED_EDGE('',*,*,#3028,.T.);
#3026=EDGE_CURVE('',#292,#290,#3029,.F.);
#3027=EDGE_CURVE('',#290,#50,#3030,.T.);
#3028=EDGE_CURVE('',#50,#292,#3031,.T.);
#3029=LINE('',#291,#3032);
#3030=LINE('',#289,#3033);
#3031=LINE('',#49,#3034);
#3032=VECTOR('',#3035,1.0);
#3033=VECTOR('',#3036,1.0);
#3034=VECTOR('',#3037,1.0);
#3035=DIRECTION('',(-0.830875709772572,-0.5564580441595975,0));
#3036=DIRECTION('',(-0.998176569536193,0.06036170995720291,0));
#3037=DIRECTION('',(0.9992891684029443,-0.03769824813637901,0));
#3038=STYLED_ITEM('',(#18),#3039);
#3039=FACE_SURFACE('',(#3044),#3040,.T.);
#3040=PLANE('',#3041);
#3041=AXIS2_PLACEMENT_3D('',#293,#3042,#3043);
#3042=DIRECTION('',(-0,0,-1));
#3043=DIRECTION('',(-0.8959534904282143,-0.44414788414389644,0));
#3044=FACE_BOUND('',#3045,.T.);
#3045=EDGE_LOOP('',(#3046,#3047,#3048));
#3046=ORIENTED_EDGE('',*,*,#3049,.T.);
#3047=ORIENTED_EDGE('',*,*,#3050,.T.);
#3048=ORIENTED_EDGE('',*,*,#3051,.T.);
#3049=EDGE_CURVE('',#294,#292,#3052,.F.);
#3050=EDGE_CURVE('',#292,#50,#3053,.T.);
#3051=EDGE_CURVE('',#50,#294,#3054,.T.);
#3052=LINE('',#293,#3055);
#3053=LINE('',#291,#3056);
#3054=LINE('',#49,#3057);
#3055=VECTOR('',#3058,1.0);
#3056=VECTOR('',#3059,1.0);
#3057=VECTOR('',#3060,1.0);
#3058=DIRECTION('',(-0.8959534904282143,-0.44414788414389644,0));
#3059=DIRECTION('',(-0.9992891684029443,0.03769824813637901,0));
#3060=DIRECTION('',(0.9997906657867699,-0.02046031782860138,0));
#3061=STYLED_ITEM('',(#18),#3062);
#3062=FACE_SURFACE('',(#3067),#3063,.T.);
#3063=PLANE('',#3064);
#3064=AXIS2_PLACEMENT_3D('',#253,#3065,#3066);
#3065=DIRECTION('',(0,0,-1));
#3066=DIRECTION('',(-0.9808152527373116,0.1949395803777254,0));
#3067=FACE_BOUND('',#3068,.T.);
#3068=EDGE_LOOP('',(#3069,#3070,#3071));
#3069=ORIENTED_EDGE('',*,*,#3072,.T.);
#3070=ORIENTED_EDGE('',*,*,#3073,.T.);
#3071=ORIENTED_EDGE('',*,*,#3074,.T.);
#3072=EDGE_CURVE('',#254,#246,#3075,.F.);
#3073=EDGE_CURVE('',#246,#296,#3076,.T.);
#3074=EDGE_CURVE('',#296,#254,#3077,.T.);
#3075=LINE('',#253,#3078);
#3076=LINE('',#245,#3079);
#3077=LINE('',#295,#3080);
#3078=VECTOR('',#3081,1.0);
#3079=VECTOR('',#3082,1.0);
#3080=VECTOR('',#3083,1.0);
#3081=DIRECTION('',(-0.9808152527373116,0.1949395803777254,0));
#3082=DIRECTION('',(0.2194666795234766,0.9756199959917486,0));
#3083=DIRECTION('',(-0.09796556240538103,-0.9951898053047958,0));
#3084=STYLED_ITEM('',(#18),#3085);
#3085=FACE_SURFACE('',(#3090),#3086,.T.);
#3086=PLANE('',#3087);
#3087=AXIS2_PLACEMENT_3D('',#297,#3088,#3089);
#3088=DIRECTION('',(-0,0,-1));
#3089=DIRECTION('',(-0.9479222324347218,-0.3185018700980786,0));
#3090=FACE_BOUND('',#3091,.T.);
#3091=EDGE_LOOP('',(#3092,#3093,#3094));
#3092=ORIENTED_EDGE('',*,*,#3095,.T.);
#3093=ORIENTED_EDGE('',*,*,#3096,.T.);
#3094=ORIENTED_EDGE('',*,*,#3097,.T.);
#3095=EDGE_CURVE('',#298,#294,#3098,.F.);
#3096=EDGE_CURVE('',#294,#50,#3099,.T.);
#3097=EDGE_CURVE('',#50,#298,#3100,.T.);
#3098=LINE('',#297,#3101);
#3099=LINE('',#293,#3102);
#3100=LINE('',#49,#3103);
#3101=VECTOR('',#3104,1.0);
#3102=VECTOR('',#3105,1.0);
#3103=VECTOR('',#3106,1.0);
#3104=DIRECTION('',(-0.9479222324347218,-0.3185018700980786,0));
#3105=DIRECTION('',(-0.9997906657867699,0.02046031782860138,0));
#3106=DIRECTION('',(0.9999634177247717,-0.00855354968382591,0));
#3107=STYLED_ITEM('',(#18),#3108);
#3108=FACE_SURFACE('',(#3113),#3109,.T.);
#3109=PLANE('',#3110);
#3110=AXIS2_PLACEMENT_3D('',#299,#3111,#3112);
#3111=DIRECTION('',(-0,0,-1));
#3112=DIRECTION('',(-0.9799873195820539,-0.199059924290103,0));
#3113=FACE_BOUND('',#3114,.T.);
#3114=EDGE_LOOP('',(#3115,#3116,#3117));
#3115=ORIENTED_EDGE('',*,*,#3118,.T.);
#3116=ORIENTED_EDGE('',*,*,#3119,.T.);
#3117=ORIENTED_EDGE('',*,*,#3120,.T.);
#3118=EDGE_CURVE('',#300,#298,#3121,.F.);
#3119=EDGE_CURVE('',#298,#50,#3122,.T.);
#3120=EDGE_CURVE('',#50,#300,#3123,.T.);
#3121=LINE('',#299,#3124);
#3122=LINE('',#297,#3125);
#3123=LINE('',#49,#3126);
#3124=VECTOR('',#3127,1.0);
#3125=VECTOR('',#3128,1.0);
#3126=VECTOR('',#3129,1.0);
#3127=DIRECTION('',(-0.9799873195820539,-0.199059924290103,0));
#3128=DIRECTION('',(-0.9999634177247717,0.00855354968382591,0));
#3129=DIRECTION('',(0.9999987975299662,-0.001550786452618254,0));
#3130=STYLED_ITEM('',(#18),#3131);
#3131=FACE_SURFACE('',(#3136),#3132,.T.);
#3132=PLANE('',#3133);
#3133=AXIS2_PLACEMENT_3D('',#255,#3134,#3135);
#3134=DIRECTION('',(-0,0,-1));
#3135=DIRECTION('',(-0.9981423921693005,-0.06092425588012124,0));
#3136=FACE_BOUND('',#3137,.T.);
#3137=EDGE_LOOP('',(#3138,#3139,#3140));
#3138=ORIENTED_EDGE('',*,*,#3141,.T.);
#3139=ORIENTED_EDGE('',*,*,#3142,.T.);
#3140=ORIENTED_EDGE('',*,*,#3143,.T.);
#3141=EDGE_CURVE('',#256,#300,#3144,.F.);
#3142=EDGE_CURVE('',#300,#50,#3145,.T.);
#3143=EDGE_CURVE('',#50,#256,#3146,.T.);
#3144=LINE('',#255,#3147);
#3145=LINE('',#299,#3148);
#3146=LINE('',#49,#3149);
#3147=VECTOR('',#3150,1.0);
#3148=VECTOR('',#3151,1.0);
#3149=VECTOR('',#3152,1.0);
#3150=DIRECTION('',(-0.9981423921693005,-0.06092425588012124,0));
#3151=DIRECTION('',(-0.9999987975299662,0.001550786452618254,0));
#3152=DIRECTION('',(1,0,0));
#3153=STYLED_ITEM('',(#18),#3154);
#3154=FACE_SURFACE('',(#3159),#3155,.T.);
#3155=PLANE('',#3156);
#3156=AXIS2_PLACEMENT_3D('',#247,#3157,#3158);
#3157=DIRECTION('',(0,0,-1));
#3158=DIRECTION('',(-0.9999634177247717,-0.00855354968382591,0));
#3159=FACE_BOUND('',#3160,.T.);
#3160=EDGE_LOOP('',(#3161,#3162,#3163));
#3161=ORIENTED_EDGE('',*,*,#3164,.T.);
#3162=ORIENTED_EDGE('',*,*,#3165,.T.);
#3163=ORIENTED_EDGE('',*,*,#3166,.T.);
#3164=EDGE_CURVE('',#248,#302,#3167,.F.);
#3165=EDGE_CURVE('',#302,#304,#3168,.T.);
#3166=EDGE_CURVE('',#304,#248,#3169,.T.);
#3167=LINE('',#247,#3170);
#3168=LINE('',#301,#3171);
#3169=LINE('',#303,#3172);
#3170=VECTOR('',#3173,1.0);
#3171=VECTOR('',#3174,1.0);
#3172=VECTOR('',#3175,1.0);
#3173=DIRECTION('',(-0.9999634177247717,-0.00855354968382591,0));
#3174=DIRECTION('',(-0.9799873195820539,0.199059924290103,0));
#3175=DIRECTION('',(0.9999987975299662,0.001550786452618254,0));
#3176=STYLED_ITEM('',(#18),#3177);
#3177=FACE_SURFACE('',(#3182),#3178,.T.);
#3178=PLANE('',#3179);
#3179=AXIS2_PLACEMENT_3D('',#247,#3180,#3181);
#3180=DIRECTION('',(-0,0,-1));
#3181=DIRECTION('',(-0.9999987975299662,-0.001550786452618254,0));
#3182=FACE_BOUND('',#3183,.T.);
#3183=EDGE_LOOP('',(#3184,#3185,#3186));
#3184=ORIENTED_EDGE('',*,*,#3187,.T.);
#3185=ORIENTED_EDGE('',*,*,#3188,.T.);
#3186=ORIENTED_EDGE('',*,*,#3189,.T.);
#3187=EDGE_CURVE('',#248,#304,#3190,.F.);
#3188=EDGE_CURVE('',#304,#260,#3191,.T.);
#3189=EDGE_CURVE('',#260,#248,#3192,.T.);
#3190=LINE('',#247,#3193);
#3191=LINE('',#303,#3194);
#3192=LINE('',#259,#3195);
#3193=VECTOR('',#3196,1.0);
#3194=VECTOR('',#3197,1.0);
#3195=VECTOR('',#3198,1.0);
#3196=DIRECTION('',(-0.9999987975299662,-0.001550786452618254,0));
#3197=DIRECTION('',(-0.9981423921693005,0.06092425588012124,0));
#3198=DIRECTION('',(1,0,0));
#3199=STYLED_ITEM('',(#18),#3200);
#3200=FACE_SURFACE('',(#3205),#3201,.T.);
#3201=PLANE('',#3202);
#3202=AXIS2_PLACEMENT_3D('',#243,#3203,#3204);
#3203=DIRECTION('',(0,0,-1));
#3204=DIRECTION('',(-0.9471445756278123,0.3208070336803909,0));
#3205=FACE_BOUND('',#3206,.T.);
#3206=EDGE_LOOP('',(#3207,#3208,#3209));
#3207=ORIENTED_EDGE('',*,*,#3210,.T.);
#3208=ORIENTED_EDGE('',*,*,#3211,.T.);
#3209=ORIENTED_EDGE('',*,*,#3212,.T.);
#3210=EDGE_CURVE('',#244,#306,#3213,.F.);
#3211=EDGE_CURVE('',#306,#308,#3214,.T.);
#3212=EDGE_CURVE('',#308,#244,#3215,.T.);
#3213=LINE('',#243,#3216);
#3214=LINE('',#305,#3217);
#3215=LINE('',#307,#3218);
#3216=VECTOR('',#3219,1.0);
#3217=VECTOR('',#3220,1.0);
#3218=VECTOR('',#3221,1.0);
#3219=DIRECTION('',(-0.9471445756278123,0.3208070336803909,0));
#3220=DIRECTION('',(0.32292202981015394,0.9464255716448547,0));
#3221=DIRECTION('',(-0.19534152390218082,-0.9807352797975474,0));
#3222=STYLED_ITEM('',(#18),#3223);
#3223=FACE_SURFACE('',(#3228),#3224,.T.);
#3224=PLANE('',#3225);
#3225=AXIS2_PLACEMENT_3D('',#263,#3226,#3227);
#3226=DIRECTION('',(0,-0,-1));
#3227=DIRECTION('',(0.9479222324347258,-0.31850187009806646,0));
#3228=FACE_BOUND('',#3229,.T.);
#3229=EDGE_LOOP('',(#3230,#3231,#3232));
#3230=ORIENTED_EDGE('',*,*,#3233,.T.);
#3231=ORIENTED_EDGE('',*,*,#3234,.T.);
#3232=ORIENTED_EDGE('',*,*,#3235,.T.);
#3233=EDGE_CURVE('',#264,#308,#3236,.F.);
#3234=EDGE_CURVE('',#308,#306,#3237,.T.);
#3235=EDGE_CURVE('',#306,#264,#3238,.T.);
#3236=LINE('',#263,#3239);
#3237=LINE('',#307,#3240);
#3238=LINE('',#305,#3241);
#3239=VECTOR('',#3242,1.0);
#3240=VECTOR('',#3243,1.0);
#3241=VECTOR('',#3244,1.0);
#3242=DIRECTION('',(0.9479222324347258,-0.31850187009806646,0));
#3243=DIRECTION('',(-0.32292202981015394,-0.9464255716448547,0));
#3244=DIRECTION('',(0.29107073252074694,0.9567015358354118,0));
#3245=STYLED_ITEM('',(#18),#3246);
#3246=FACE_SURFACE('',(#3251),#3247,.T.);
#3247=PLANE('',#3248);
#3248=AXIS2_PLACEMENT_3D('',#305,#3249,#3250);
#3249=DIRECTION('',(0,0,-1));
#3250=DIRECTION('',(-0.8963301754820817,0.44338720834081413,0));
#3251=FACE_BOUND('',#3252,.T.);
#3252=EDGE_LOOP('',(#3253,#3254,#3255));
#3253=ORIENTED_EDGE('',*,*,#3256,.T.);
#3254=ORIENTED_EDGE('',*,*,#3257,.T.);
#3255=ORIENTED_EDGE('',*,*,#3258,.T.);
#3256=EDGE_CURVE('',#306,#266,#3259,.F.);
#3257=EDGE_CURVE('',#266,#264,#3260,.T.);
#3258=EDGE_CURVE('',#264,#306,#3261,.T.);
#3259=LINE('',#305,#3262);
#3260=LINE('',#265,#3263);
#3261=LINE('',#263,#3264);
#3262=VECTOR('',#3265,1.0);
#3263=VECTOR('',#3266,1.0);
#3264=VECTOR('',#3267,1.0);
#3265=DIRECTION('',(-0.8963301754820817,0.44338720834081413,0));
#3266=DIRECTION('',(0.4154680965696767,0.9096077510294038,0));
#3267=DIRECTION('',(-0.29107073252074694,-0.9567015358354118,0));
#3268=STYLED_ITEM('',(#18),#3269);
#3269=FACE_SURFACE('',(#3274),#3270,.T.);
#3270=PLANE('',#3271);
#3271=AXIS2_PLACEMENT_3D('',#309,#3272,#3273);
#3272=DIRECTION('',(0,0,-1));
#3273=DIRECTION('',(0.9997906657867699,0.02046031782860138,0));
#3274=FACE_BOUND('',#3275,.T.);
#3275=EDGE_LOOP('',(#3276,#3277,#3278));
#3276=ORIENTED_EDGE('',*,*,#3279,.T.);
#3277=ORIENTED_EDGE('',*,*,#3280,.T.);
#3278=ORIENTED_EDGE('',*,*,#3281,.T.);
#3279=EDGE_CURVE('',#310,#248,#3282,.F.);
#3280=EDGE_CURVE('',#248,#312,#3283,.T.);
#3281=EDGE_CURVE('',#312,#310,#3284,.T.);
#3282=LINE('',#309,#3285);
#3283=LINE('',#247,#3286);
#3284=LINE('',#311,#3287);
#3285=VECTOR('',#3288,1.0);
#3286=VECTOR('',#3289,1.0);
#3287=VECTOR('',#3290,1.0);
#3288=DIRECTION('',(0.9997906657867699,0.02046031782860138,0));
#3289=DIRECTION('',(-0.9992891684029443,-0.03769824813637901,0));
#3290=DIRECTION('',(-0.8959534904282143,0.44414788414389644,0));
#3291=STYLED_ITEM('',(#18),#3292);
#3292=FACE_SURFACE('',(#3297),#3293,.T.);
#3293=PLANE('',#3294);
#3294=AXIS2_PLACEMENT_3D('',#301,#3295,#3296);
#3295=DIRECTION('',(0,0,-1));
#3296=DIRECTION('',(0.9999634177247717,0.00855354968382591,0));
#3297=FACE_BOUND('',#3298,.T.);
#3298=EDGE_LOOP('',(#3299,#3300,#3301));
#3299=ORIENTED_EDGE('',*,*,#3302,.T.);
#3300=ORIENTED_EDGE('',*,*,#3303,.T.);
#3301=ORIENTED_EDGE('',*,*,#3304,.T.);
#3302=EDGE_CURVE('',#302,#248,#3305,.F.);
#3303=EDGE_CURVE('',#248,#310,#3306,.T.);
#3304=EDGE_CURVE('',#310,#302,#3307,.T.);
#3305=LINE('',#301,#3308);
#3306=LINE('',#247,#3309);
#3307=LINE('',#309,#3310);
#3308=VECTOR('',#3311,1.0);
#3309=VECTOR('',#3312,1.0);
#3310=VECTOR('',#3313,1.0);
#3311=DIRECTION('',(0.9999634177247717,0.00855354968382591,0));
#3312=DIRECTION('',(-0.9997906657867699,-0.02046031782860138,0));
#3313=DIRECTION('',(-0.9479222324347218,0.3185018700980786,0));
#3314=STYLED_ITEM('',(#18),#3315);
#3315=FACE_SURFACE('',(#3320),#3316,.T.);
#3316=PLANE('',#3317);
#3317=AXIS2_PLACEMENT_3D('',#313,#3318,#3319);
#3318=DIRECTION('',(0,0,-1));
#3319=DIRECTION('',(-0.830875709772572,0.5564580441595975,0));
#3320=FACE_BOUND('',#3321,.T.);
#3321=EDGE_LOOP('',(#3322,#3323,#3324));
#3322=ORIENTED_EDGE('',*,*,#3325,.T.);
#3323=ORIENTED_EDGE('',*,*,#3326,.T.);
#3324=ORIENTED_EDGE('',*,*,#3327,.T.);
#3325=EDGE_CURVE('',#314,#312,#3328,.F.);
#3326=EDGE_CURVE('',#312,#248,#3329,.T.);
#3327=EDGE_CURVE('',#248,#314,#3330,.T.);
#3328=LINE('',#313,#3331);
#3329=LINE('',#311,#3332);
#3330=LINE('',#247,#3333);
#3331=VECTOR('',#3334,1.0);
#3332=VECTOR('',#3335,1.0);
#3333=VECTOR('',#3336,1.0);
#3334=DIRECTION('',(-0.830875709772572,0.5564580441595975,0));
#3335=DIRECTION('',(0.9992891684029443,0.03769824813637901,0));
#3336=DIRECTION('',(-0.998176569536193,-0.06036170995720291,0));
#3337=STYLED_ITEM('',(#18),#3338);
#3338=FACE_SURFACE('',(#3343),#3339,.T.);
#3339=PLANE('',#3340);
#3340=AXIS2_PLACEMENT_3D('',#315,#3341,#3342);
#3341=DIRECTION('',(0,0,-1));
#3342=DIRECTION('',(-0.6558010468760234,0.7549337632642428,0));
#3343=FACE_BOUND('',#3344,.T.);
#3344=EDGE_LOOP('',(#3345,#3346,#3347));
#3345=ORIENTED_EDGE('',*,*,#3348,.T.);
#3346=ORIENTED_EDGE('',*,*,#3349,.T.);
#3347=ORIENTED_EDGE('',*,*,#3350,.T.);
#3348=EDGE_CURVE('',#316,#318,#3351,.F.);
#3349=EDGE_CURVE('',#318,#248,#3352,.T.);
#3350=EDGE_CURVE('',#248,#316,#3353,.T.);
#3351=LINE('',#315,#3354);
#3352=LINE('',#317,#3355);
#3353=LINE('',#247,#3356);
#3354=VECTOR('',#3357,1.0);
#3355=VECTOR('',#3358,1.0);
#3356=VECTOR('',#3359,1.0);
#3357=DIRECTION('',(-0.6558010468760234,0.7549337632642428,0));
#3358=DIRECTION('',(0.9961134647550811,0.08807931274497992,0));
#3359=DIRECTION('',(-0.9926776149714256,-0.12079384394348106,0));
#3360=STYLED_ITEM('',(#18),#3361);
#3361=FACE_SURFACE('',(#3366),#3362,.T.);
#3362=PLANE('',#3363);
#3363=AXIS2_PLACEMENT_3D('',#317,#3364,#3365);
#3364=DIRECTION('',(0,0,-1));
#3365=DIRECTION('',(-0.7549337632642428,0.6558010468760234,0));
#3366=FACE_BOUND('',#3367,.T.);
#3367=EDGE_LOOP('',(#3368,#3369,#3370));
#3368=ORIENTED_EDGE('',*,*,#3371,.T.);
#3369=ORIENTED_EDGE('',*,*,#3372,.T.);
#3370=ORIENTED_EDGE('',*,*,#3373,.T.);
#3371=EDGE_CURVE('',#318,#314,#3374,.F.);
#3372=EDGE_CURVE('',#314,#248,#3375,.T.);
#3373=EDGE_CURVE('',#248,#318,#3376,.T.);
#3374=LINE('',#317,#3377);
#3375=LINE('',#313,#3378);
#3376=LINE('',#247,#3379);
#3377=VECTOR('',#3380,1.0);
#3378=VECTOR('',#3381,1.0);
#3379=VECTOR('',#3382,1.0);
#3380=DIRECTION('',(-0.7549337632642428,0.6558010468760234,0));
#3381=DIRECTION('',(0.998176569536193,0.06036170995720291,0));
#3382=DIRECTION('',(-0.9961134647550811,-0.08807931274497992,0));
#3383=STYLED_ITEM('',(#18),#3384);
#3384=FACE_SURFACE('',(#3389),#3385,.T.);
#3385=PLANE('',#3386);
#3386=AXIS2_PLACEMENT_3D('',#219,#3387,#3388);
#3387=DIRECTION('',(0,-0,-1));
#3388=DIRECTION('',(0.29107073252074694,-0.9567015358354118,0));
#3389=FACE_BOUND('',#3390,.T.);
#3390=EDGE_LOOP('',(#3391,#3392,#3393));
#3391=ORIENTED_EDGE('',*,*,#3394,.T.);
#3392=ORIENTED_EDGE('',*,*,#3395,.T.);
#3393=ORIENTED_EDGE('',*,*,#3396,.T.);
#3394=EDGE_CURVE('',#220,#218,#3397,.F.);
#3395=EDGE_CURVE('',#218,#224,#3398,.T.);
#3396=EDGE_CURVE('',#224,#220,#3399,.T.);
#3397=LINE('',#219,#3400);
#3398=LINE('',#217,#3401);
#3399=LINE('',#223,#3402);
#3400=VECTOR('',#3403,1.0);
#3401=VECTOR('',#3404,1.0);
#3402=VECTOR('',#3405,1.0);
#3403=DIRECTION('',(0.29107073252074694,-0.9567015358354118,0));
#3404=DIRECTION('',(-0.32292202981015394,0.9464255716448547,0));
#3405=DIRECTION('',(0.9479222324347258,0.31850187009806646,0));
#3406=STYLED_ITEM('',(#18),#3407);
#3407=FACE_SURFACE('',(#3412),#3408,.T.);
#3408=PLANE('',#3409);
#3409=AXIS2_PLACEMENT_3D('',#223,#3410,#3411);
#3410=DIRECTION('',(0,-0,-1));
#3411=DIRECTION('',(0.19534152390218082,-0.9807352797975474,0));
#3412=FACE_BOUND('',#3413,.T.);
#3413=EDGE_LOOP('',(#3414,#3415,#3416));
#3414=ORIENTED_EDGE('',*,*,#3417,.T.);
#3415=ORIENTED_EDGE('',*,*,#3418,.T.);
#3416=ORIENTED_EDGE('',*,*,#3419,.T.);
#3417=EDGE_CURVE('',#224,#242,#3420,.F.);
#3418=EDGE_CURVE('',#242,#320,#3421,.T.);
#3419=EDGE_CURVE('',#320,#224,#3422,.T.);
#3420=LINE('',#223,#3423);
#3421=LINE('',#241,#3424);
#3422=LINE('',#319,#3425);
#3423=VECTOR('',#3426,1.0);
#3424=VECTOR('',#3427,1.0);
#3425=VECTOR('',#3428,1.0);
#3426=DIRECTION('',(0.19534152390218082,-0.9807352797975474,0));
#3427=DIRECTION('',(-0.22746824075918756,0.9737854997102392,0));
#3428=DIRECTION('',(0.9799873195820539,0.199059924290103,0));
#3429=STYLED_ITEM('',(#18),#3430);
#3430=FACE_SURFACE('',(#3435),#3431,.T.);
#3431=PLANE('',#3432);
#3432=AXIS2_PLACEMENT_3D('',#321,#3433,#3434);
#3433=DIRECTION('',(0,0,-1));
#3434=DIRECTION('',(-0.5564580441595975,0.830875709772572,0));
#3435=FACE_BOUND('',#3436,.T.);
#3436=EDGE_LOOP('',(#3437,#3438,#3439));
#3437=ORIENTED_EDGE('',*,*,#3440,.T.);
#3438=ORIENTED_EDGE('',*,*,#3441,.T.);
#3439=ORIENTED_EDGE('',*,*,#3442,.T.);
#3440=EDGE_CURVE('',#322,#316,#3443,.F.);
#3441=EDGE_CURVE('',#316,#248,#3444,.T.);
#3442=EDGE_CURVE('',#248,#322,#3445,.T.);
#3443=LINE('',#321,#3446);
#3444=LINE('',#315,#3447);
#3445=LINE('',#247,#3448);
#3446=VECTOR('',#3449,1.0);
#3447=VECTOR('',#3450,1.0);
#3448=VECTOR('',#3451,1.0);
#3449=DIRECTION('',(-0.5564580441595975,0.830875709772572,0));
#3450=DIRECTION('',(0.9926776149714256,0.12079384394348106,0));
#3451=DIRECTION('',(-0.9875446996522275,-0.15733869895480845,0));
#3452=STYLED_ITEM('',(#18),#3453);
#3453=FACE_SURFACE('',(#3458),#3454,.T.);
#3454=PLANE('',#3455);
#3455=AXIS2_PLACEMENT_3D('',#323,#3456,#3457);
#3456=DIRECTION('',(0,0,-1));
#3457=DIRECTION('',(-0.06095514542074996,0.9981405062648923,0));
#3458=FACE_BOUND('',#3459,.T.);
#3459=EDGE_LOOP('',(#3460,#3461,#3462));
#3460=ORIENTED_EDGE('',*,*,#3463,.T.);
#3461=ORIENTED_EDGE('',*,*,#3464,.T.);
#3462=ORIENTED_EDGE('',*,*,#3465,.T.);
#3463=EDGE_CURVE('',#324,#326,#3466,.F.);
#3464=EDGE_CURVE('',#326,#328,#3467,.T.);
#3465=EDGE_CURVE('',#328,#324,#3468,.T.);
#3466=LINE('',#323,#3469);
#3467=LINE('',#325,#3470);
#3468=LINE('',#327,#3471);
#3469=VECTOR('',#3472,1.0);
#3470=VECTOR('',#3473,1.0);
#3471=VECTOR('',#3474,1.0);
#3472=DIRECTION('',(-0.06095514542074996,0.9981405062648923,0));
#3473=DIRECTION('',(0.9892191820295014,0.14644251399400438,0));
#3474=DIRECTION('',(-0.9811231538831227,-0.1933839624023524,0));
#3475=STYLED_ITEM('',(#18),#3476);
#3476=FACE_SURFACE('',(#3481),#3477,.T.);
#3477=PLANE('',#3478);
#3478=AXIS2_PLACEMENT_3D('',#329,#3479,#3480);
#3479=DIRECTION('',(0,0,-1));
#3480=DIRECTION('',(-0.44414788414389644,0.8959534904282143,0));
#3481=FACE_BOUND('',#3482,.T.);
#3482=EDGE_LOOP('',(#3483,#3484,#3485));
#3483=ORIENTED_EDGE('',*,*,#3486,.T.);
#3484=ORIENTED_EDGE('',*,*,#3487,.T.);
#3485=ORIENTED_EDGE('',*,*,#3488,.T.);
#3486=EDGE_CURVE('',#330,#322,#3489,.F.);
#3487=EDGE_CURVE('',#322,#248,#3490,.T.);
#3488=EDGE_CURVE('',#248,#330,#3491,.T.);
#3489=LINE('',#329,#3492);
#3490=LINE('',#321,#3493);
#3491=LINE('',#247,#3494);
#3492=VECTOR('',#3495,1.0);
#3493=VECTOR('',#3496,1.0);
#3494=VECTOR('',#3497,1.0);
#3495=DIRECTION('',(-0.44414788414389644,0.8959534904282143,0));
#3496=DIRECTION('',(0.9875446996522275,0.15733869895480845,0));
#3497=DIRECTION('',(-0.9805069986705778,-0.196484161086882,0));
#3498=STYLED_ITEM('',(#18),#3499);
#3499=FACE_SURFACE('',(#3504),#3500,.T.);
#3500=PLANE('',#3501);
#3501=AXIS2_PLACEMENT_3D('',#331,#3502,#3503);
#3502=DIRECTION('',(0,-0,-1));
#3503=DIRECTION('',(0.1950129963791784,-0.9808006582599823,0));
#3504=FACE_BOUND('',#3505,.T.);
#3505=EDGE_LOOP('',(#3506,#3507,#3508));
#3506=ORIENTED_EDGE('',*,*,#3509,.T.);
#3507=ORIENTED_EDGE('',*,*,#3510,.T.);
#3508=ORIENTED_EDGE('',*,*,#3511,.T.);
#3509=EDGE_CURVE('',#332,#230,#3512,.F.);
#3510=EDGE_CURVE('',#230,#228,#3513,.T.);
#3511=EDGE_CURVE('',#228,#332,#3514,.T.);
#3512=LINE('',#331,#3515);
#3513=LINE('',#229,#3516);
#3514=LINE('',#227,#3517);
#3515=VECTOR('',#3518,1.0);
#3516=VECTOR('',#3519,1.0);
#3517=VECTOR('',#3520,1.0);
#3518=DIRECTION('',(0.1950129963791784,-0.9808006582599823,0));
#3519=DIRECTION('',(-0.9932528773730468,0.11596862330028486,0));
#3520=DIRECTION('',(0.9983314686278072,0.05774321386488373,0));
#3521=STYLED_ITEM('',(#18),#3522);
#3522=FACE_SURFACE('',(#3527),#3523,.T.);
#3523=PLANE('',#3524);
#3524=AXIS2_PLACEMENT_3D('',#215,#3525,#3526);
#3525=DIRECTION('',(0,-0,-1));
#3526=DIRECTION('',(0.9365315880657704,-0.3505832063219887,0));
#3527=FACE_BOUND('',#3528,.T.);
#3528=EDGE_LOOP('',(#3529,#3530,#3531));
#3529=ORIENTED_EDGE('',*,*,#3532,.T.);
#3530=ORIENTED_EDGE('',*,*,#3533,.T.);
#3531=ORIENTED_EDGE('',*,*,#3534,.T.);
#3532=EDGE_CURVE('',#216,#204,#3535,.F.);
#3533=EDGE_CURVE('',#204,#208,#3536,.T.);
#3534=EDGE_CURVE('',#208,#216,#3537,.T.);
#3535=LINE('',#215,#3538);
#3536=LINE('',#203,#3539);
#3537=LINE('',#207,#3540);
#3538=VECTOR('',#3541,1.0);
#3539=VECTOR('',#3542,1.0);
#3540=VECTOR('',#3543,1.0);
#3541=DIRECTION('',(0.9365315880657704,-0.3505832063219887,0));
#3542=DIRECTION('',(-0.9497508284626777,0.31300697090393603,0));
#3543=DIRECTION('',(0.44414788414390177,0.8959534904282115,0));
#3544=STYLED_ITEM('',(#18),#3545);
#3545=FACE_SURFACE('',(#3550),#3546,.T.);
#3546=PLANE('',#3547);
#3547=AXIS2_PLACEMENT_3D('',#207,#3548,#3549);
#3548=DIRECTION('',(0,-0,-1));
#3549=DIRECTION('',(0.8901080399948588,-0.45574957722033144,0));
#3550=FACE_BOUND('',#3551,.T.);
#3551=EDGE_LOOP('',(#3552,#3553,#3554));
#3552=ORIENTED_EDGE('',*,*,#3555,.T.);
#3553=ORIENTED_EDGE('',*,*,#3556,.T.);
#3554=ORIENTED_EDGE('',*,*,#3557,.T.);
#3555=EDGE_CURVE('',#208,#202,#3558,.F.);
#3556=EDGE_CURVE('',#202,#210,#3559,.T.);
#3557=EDGE_CURVE('',#210,#208,#3560,.T.);
#3558=LINE('',#207,#3561);
#3559=LINE('',#201,#3562);
#3560=LINE('',#209,#3563);
#3561=VECTOR('',#3564,1.0);
#3562=VECTOR('',#3565,1.0);
#3563=VECTOR('',#3566,1.0);
#3564=DIRECTION('',(0.8901080399948588,-0.45574957722033144,0));
#3565=DIRECTION('',(-0.9069968730779668,0.4211373555347357,0));
#3566=DIRECTION('',(0.5564580441595913,0.8308757097725762,0));
#3567=STYLED_ITEM('',(#18),#3568);
#3568=FACE_SURFACE('',(#3573),#3569,.T.);
#3569=PLANE('',#3570);
#3570=AXIS2_PLACEMENT_3D('',#209,#3571,#3572);
#3571=DIRECTION('',(0,-0,-1));
#3572=DIRECTION('',(0.7449711501533726,-0.6670966837267003,0));
#3573=FACE_BOUND('',#3574,.T.);
#3574=EDGE_LOOP('',(#3575,#3576,#3577));
#3575=ORIENTED_EDGE('',*,*,#3578,.T.);
#3576=ORIENTED_EDGE('',*,*,#3579,.T.);
#3577=ORIENTED_EDGE('',*,*,#3580,.T.);
#3578=EDGE_CURVE('',#210,#196,#3581,.F.);
#3579=EDGE_CURVE('',#196,#212,#3582,.T.);
#3580=EDGE_CURVE('',#212,#210,#3583,.T.);
#3581=LINE('',#209,#3584);
#3582=LINE('',#195,#3585);
#3583=LINE('',#211,#3586);
#3584=VECTOR('',#3587,1.0);
#3585=VECTOR('',#3588,1.0);
#3586=VECTOR('',#3589,1.0);
#3587=DIRECTION('',(0.7449711501533726,-0.6670966837267003,0));
#3588=DIRECTION('',(-0.7688842702856028,0.6393879721322385,0));
#3589=DIRECTION('',(0.6558010468760234,0.7549337632642428,0));
#3590=STYLED_ITEM('',(#18),#3591);
#3591=FACE_SURFACE('',(#3596),#3592,.T.);
#3592=PLANE('',#3593);
#3593=AXIS2_PLACEMENT_3D('',#213,#3594,#3595);
#3594=DIRECTION('',(0,-0,-1));
#3595=DIRECTION('',(0.5902901342653808,-0.8071911529426959,0));
#3596=FACE_BOUND('',#3597,.T.);
#3597=EDGE_LOOP('',(#3598,#3599,#3600));
#3598=ORIENTED_EDGE('',*,*,#3601,.T.);
#3599=ORIENTED_EDGE('',*,*,#3602,.T.);
#3600=ORIENTED_EDGE('',*,*,#3603,.T.);
#3601=EDGE_CURVE('',#214,#190,#3604,.F.);
#3602=EDGE_CURVE('',#190,#334,#3605,.T.);
#3603=EDGE_CURVE('',#334,#214,#3606,.T.);
#3604=LINE('',#213,#3607);
#3605=LINE('',#189,#3608);
#3606=LINE('',#333,#3609);
#3607=VECTOR('',#3610,1.0);
#3608=VECTOR('',#3611,1.0);
#3609=VECTOR('',#3612,1.0);
#3610=DIRECTION('',(0.5902901342653808,-0.8071911529426959,0));
#3611=DIRECTION('',(-0.6180326627598935,0.7861524201844803,0));
#3612=DIRECTION('',(0.8308757097725595,0.5564580441596162,0));
#3613=STYLED_ITEM('',(#18),#3614);
#3614=FACE_SURFACE('',(#3619),#3615,.T.);
#3615=PLANE('',#3616);
#3616=AXIS2_PLACEMENT_3D('',#231,#3617,#3618);
#3617=DIRECTION('',(0,0,-1));
#3618=DIRECTION('',(-0.43600633883799517,0.899943594061921,0));
#3619=FACE_BOUND('',#3620,.T.);
#3620=EDGE_LOOP('',(#3621,#3622,#3623));
#3621=ORIENTED_EDGE('',*,*,#3624,.T.);
#3622=ORIENTED_EDGE('',*,*,#3625,.T.);
#3623=ORIENTED_EDGE('',*,*,#3626,.T.);
#3624=EDGE_CURVE('',#232,#268,#3627,.F.);
#3625=EDGE_CURVE('',#268,#78,#3628,.T.);
#3626=EDGE_CURVE('',#78,#232,#3629,.T.);
#3627=LINE('',#231,#3630);
#3628=LINE('',#267,#3631);
#3629=LINE('',#77,#3632);
#3630=VECTOR('',#3633,1.0);
#3631=VECTOR('',#3634,1.0);
#3632=VECTOR('',#3635,1.0);
#3633=DIRECTION('',(-0.43600633883799517,0.899943594061921,0));
#3634=DIRECTION('',(0.639957944939541,-0.7684099353266846,0));
#3635=DIRECTION('',(-0.896330175482079,-0.44338720834081957,0));
#3636=STYLED_ITEM('',(#18),#3637);
#3637=FACE_SURFACE('',(#3642),#3638,.T.);
#3638=PLANE('',#3639);
#3639=AXIS2_PLACEMENT_3D('',#67,#3640,#3641);
#3640=DIRECTION('',(0,-0,-1));
#3641=DIRECTION('',(0.9058120384565752,-0.4236797741067464,0));
#3642=FACE_BOUND('',#3643,.T.);
#3643=EDGE_LOOP('',(#3644,#3645,#3646));
#3644=ORIENTED_EDGE('',*,*,#3647,.T.);
#3645=ORIENTED_EDGE('',*,*,#3648,.T.);
#3646=ORIENTED_EDGE('',*,*,#3649,.T.);
#3647=EDGE_CURVE('',#68,#66,#3650,.F.);
#3648=EDGE_CURVE('',#66,#72,#3651,.T.);
#3649=EDGE_CURVE('',#72,#68,#3652,.T.);
#3650=LINE('',#67,#3653);
#3651=LINE('',#65,#3654);
#3652=LINE('',#71,#3655);
#3653=VECTOR('',#3656,1.0);
#3654=VECTOR('',#3657,1.0);
#3655=VECTOR('',#3658,1.0);
#3656=DIRECTION('',(0.9058120384565752,-0.4236797741067464,0));
#3657=DIRECTION('',(-0.9268035779883359,0.3755464389766176,0));
#3658=DIRECTION('',(0.44414788414389644,0.8959534904282143,0));
#3659=STYLED_ITEM('',(#18),#3660);
#3660=FACE_SURFACE('',(#3665),#3661,.T.);
#3661=PLANE('',#3662);
#3662=AXIS2_PLACEMENT_3D('',#61,#3663,#3664);
#3663=DIRECTION('',(0,0,-1));
#3664=DIRECTION('',(0.06095514542074996,0.9981405062648923,0));
#3665=FACE_BOUND('',#3666,.T.);
#3666=EDGE_LOOP('',(#3667,#3668,#3669));
#3667=ORIENTED_EDGE('',*,*,#3670,.T.);
#3668=ORIENTED_EDGE('',*,*,#3671,.T.);
#3669=ORIENTED_EDGE('',*,*,#3672,.T.);
#3670=EDGE_CURVE('',#62,#336,#3673,.F.);
#3671=EDGE_CURVE('',#336,#58,#3674,.T.);
#3672=EDGE_CURVE('',#58,#62,#3675,.T.);
#3673=LINE('',#61,#3676);
#3674=LINE('',#335,#3677);
#3675=LINE('',#57,#3678);
#3676=VECTOR('',#3679,1.0);
#3677=VECTOR('',#3680,1.0);
#3678=VECTOR('',#3681,1.0);
#3679=DIRECTION('',(0.06095514542074996,0.9981405062648923,0));
#3680=DIRECTION('',(0.9811231538831227,-0.19338396240235206,0));
#3681=DIRECTION('',(-0.9892191820295014,0.14644251399400404,0));
#3682=STYLED_ITEM('',(#18),#3683);
#3683=FACE_SURFACE('',(#3688),#3684,.T.);
#3684=PLANE('',#3685);
#3685=AXIS2_PLACEMENT_3D('',#337,#3686,#3687);
#3686=DIRECTION('',(-0,0,-1));
#3687=DIRECTION('',(-0.3208070336803878,-0.9471445756278133,0));
#3688=FACE_BOUND('',#3689,.T.);
#3689=EDGE_LOOP('',(#3690,#3691,#3692));
#3690=ORIENTED_EDGE('',*,*,#3693,.T.);
#3691=ORIENTED_EDGE('',*,*,#3694,.T.);
#3692=ORIENTED_EDGE('',*,*,#3695,.T.);
#3693=EDGE_CURVE('',#338,#58,#3696,.F.);
#3694=EDGE_CURVE('',#58,#336,#3697,.T.);
#3695=EDGE_CURVE('',#336,#338,#3698,.T.);
#3696=LINE('',#337,#3699);
#3697=LINE('',#57,#3700);
#3698=LINE('',#335,#3701);
#3699=VECTOR('',#3702,1.0);
#3700=VECTOR('',#3703,1.0);
#3701=VECTOR('',#3704,1.0);
#3702=DIRECTION('',(-0.3208070336803878,-0.9471445756278133,0));
#3703=DIRECTION('',(-0.9811231538831227,0.19338396240235206,0));
#3704=DIRECTION('',(0.9999252315935084,-0.012228295983847979,0));
#3705=STYLED_ITEM('',(#18),#3706);
#3706=FACE_SURFACE('',(#3711),#3707,.T.);
#3707=PLANE('',#3708);
#3708=AXIS2_PLACEMENT_3D('',#335,#3709,#3710);
#3709=DIRECTION('',(0,0,-1));
#3710=DIRECTION('',(-0.06095514542074996,0.9981405062648923,0));
#3711=FACE_BOUND('',#3712,.T.);
#3712=EDGE_LOOP('',(#3713,#3714,#3715));
#3713=ORIENTED_EDGE('',*,*,#3716,.T.);
#3714=ORIENTED_EDGE('',*,*,#3717,.T.);
#3715=ORIENTED_EDGE('',*,*,#3718,.T.);
#3716=EDGE_CURVE('',#336,#340,#3719,.F.);
#3717=EDGE_CURVE('',#340,#338,#3720,.T.);
#3718=EDGE_CURVE('',#338,#336,#3721,.T.);
#3719=LINE('',#335,#3722);
#3720=LINE('',#339,#3723);
#3721=LINE('',#337,#3724);
#3722=VECTOR('',#3725,1.0);
#3723=VECTOR('',#3726,1.0);
#3724=VECTOR('',#3727,1.0);
#3725=DIRECTION('',(-0.06095514542074996,0.9981405062648923,0));
#3726=DIRECTION('',(0.9983314686278072,-0.05774321386488373,0));
#3727=DIRECTION('',(-0.9999252315935084,0.012228295983847979,0));
#3728=STYLED_ITEM('',(#18),#3729);
#3729=FACE_SURFACE('',(#3734),#3730,.T.);
#3730=PLANE('',#3731);
#3731=AXIS2_PLACEMENT_3D('',#249,#3732,#3733);
#3732=DIRECTION('',(0,0,-1));
#3733=DIRECTION('',(-0.19501299637917774,-0.9808006582599824,0));
#3734=FACE_BOUND('',#3735,.T.);
#3735=EDGE_LOOP('',(#3736,#3737,#3738));
#3736=ORIENTED_EDGE('',*,*,#3739,.T.);
#3737=ORIENTED_EDGE('',*,*,#3740,.T.);
#3738=ORIENTED_EDGE('',*,*,#3741,.T.);
#3739=EDGE_CURVE('',#250,#338,#3742,.F.);
#3740=EDGE_CURVE('',#338,#340,#3743,.T.);
#3741=EDGE_CURVE('',#340,#250,#3744,.T.);
#3742=LINE('',#249,#3745);
#3743=LINE('',#337,#3746);
#3744=LINE('',#339,#3747);
#3745=VECTOR('',#3748,1.0);
#3746=VECTOR('',#3749,1.0);
#3747=VECTOR('',#3750,1.0);
#3748=DIRECTION('',(-0.19501299637917774,-0.9808006582599824,0));
#3749=DIRECTION('',(-0.9983314686278072,0.05774321386488373,0));
#3750=DIRECTION('',(0.9932528773730468,0.11596862330028546,0));
#3751=STYLED_ITEM('',(#18),#3752);
#3752=FACE_SURFACE('',(#3757),#3753,.T.);
#3753=PLANE('',#3754);
#3754=AXIS2_PLACEMENT_3D('',#339,#3755,#3756);
#3755=DIRECTION('',(0,0,-1));
#3756=DIRECTION('',(-0.199059924290103,0.9799873195820539,0));
#3757=FACE_BOUND('',#3758,.T.);
#3758=EDGE_LOOP('',(#3759,#3760,#3761));
#3759=ORIENTED_EDGE('',*,*,#3762,.T.);
#3760=ORIENTED_EDGE('',*,*,#3763,.T.);
#3761=ORIENTED_EDGE('',*,*,#3764,.T.);
#3762=EDGE_CURVE('',#340,#252,#3765,.F.);
#3763=EDGE_CURVE('',#252,#250,#3766,.T.);
#3764=EDGE_CURVE('',#250,#340,#3767,.T.);
#3765=LINE('',#339,#3768);
#3766=LINE('',#251,#3769);
#3767=LINE('',#249,#3770);
#3768=VECTOR('',#3771,1.0);
#3769=VECTOR('',#3772,1.0);
#3770=VECTOR('',#3773,1.0);
#3771=DIRECTION('',(-0.199059924290103,0.9799873195820539,0));
#3772=DIRECTION('',(0.9973425743025964,0.07285457764251825,0));
#3773=DIRECTION('',(-0.9932528773730468,-0.11596862330028546,0));
#3774=STYLED_ITEM('',(#18),#3775);
#3775=FACE_SURFACE('',(#3780),#3776,.T.);
#3776=PLANE('',#3777);
#3777=AXIS2_PLACEMENT_3D('',#251,#3778,#3779);
#3778=DIRECTION('',(0,0,-1));
#3779=DIRECTION('',(-0.3185018700980786,0.9479222324347218,0));
#3780=FACE_BOUND('',#3781,.T.);
#3781=EDGE_LOOP('',(#3782,#3783,#3784));
#3782=ORIENTED_EDGE('',*,*,#3785,.T.);
#3783=ORIENTED_EDGE('',*,*,#3786,.T.);
#3784=ORIENTED_EDGE('',*,*,#3787,.T.);
#3785=EDGE_CURVE('',#252,#330,#3788,.F.);
#3786=EDGE_CURVE('',#330,#248,#3789,.T.);
#3787=EDGE_CURVE('',#248,#252,#3790,.T.);
#3788=LINE('',#251,#3791);
#3789=LINE('',#329,#3792);
#3790=LINE('',#247,#3793);
#3791=VECTOR('',#3794,1.0);
#3792=VECTOR('',#3795,1.0);
#3793=VECTOR('',#3796,1.0);
#3794=DIRECTION('',(-0.3185018700980786,0.9479222324347218,0));
#3795=DIRECTION('',(0.9805069986705778,0.196484161086882,0));
#3796=DIRECTION('',(-0.9714105010367848,-0.23740606242356768,0));
#3797=STYLED_ITEM('',(#18),#3798);
#3798=FACE_SURFACE('',(#3803),#3799,.T.);
#3799=PLANE('',#3800);
#3800=AXIS2_PLACEMENT_3D('',#211,#3801,#3802);
#3801=DIRECTION('',(0,-0,-1));
#3802=DIRECTION('',(0.6705569513861218,-0.741858055794874,0));
#3803=FACE_BOUND('',#3804,.T.);
#3804=EDGE_LOOP('',(#3805,#3806,#3807));
#3805=ORIENTED_EDGE('',*,*,#3808,.T.);
#3806=ORIENTED_EDGE('',*,*,#3809,.T.);
#3807=ORIENTED_EDGE('',*,*,#3810,.T.);
#3808=EDGE_CURVE('',#212,#192,#3811,.F.);
#3809=EDGE_CURVE('',#192,#214,#3812,.T.);
#3810=EDGE_CURVE('',#214,#212,#3813,.T.);
#3811=LINE('',#211,#3814);
#3812=LINE('',#191,#3815);
#3813=LINE('',#213,#3816);
#3814=VECTOR('',#3817,1.0);
#3815=VECTOR('',#3818,1.0);
#3816=VECTOR('',#3819,1.0);
#3817=DIRECTION('',(0.6705569513861218,-0.741858055794874,0));
#3818=DIRECTION('',(-0.6965659237951319,0.7174927970421965,0));
#3819=DIRECTION('',(0.7549337632642495,0.6558010468760157,0));
#3820=STYLED_ITEM('',(#18),#3821);
#3821=FACE_SURFACE('',(#3826),#3822,.T.);
#3822=PLANE('',#3823);
#3823=AXIS2_PLACEMENT_3D('',#183,#3824,#3825);
#3824=DIRECTION('',(0,0,-1));
#3825=DIRECTION('',(-0.38476118539890936,0.9230161592358099,0));
#3826=FACE_BOUND('',#3827,.T.);
#3827=EDGE_LOOP('',(#3828,#3829,#3830));
#3828=ORIENTED_EDGE('',*,*,#3831,.T.);
#3829=ORIENTED_EDGE('',*,*,#3832,.T.);
#3830=ORIENTED_EDGE('',*,*,#3833,.T.);
#3831=EDGE_CURVE('',#184,#334,#3834,.F.);
#3832=EDGE_CURVE('',#334,#186,#3835,.T.);
#3833=EDGE_CURVE('',#186,#184,#3836,.T.);
#3834=LINE('',#183,#3837);
#3835=LINE('',#333,#3838);
#3836=LINE('',#185,#3839);
#3837=VECTOR('',#3840,1.0);
#3838=VECTOR('',#3841,1.0);
#3839=VECTOR('',#3842,1.0);
#3840=DIRECTION('',(-0.38476118539890936,0.9230161592358099,0));
#3841=DIRECTION('',(0.5050558550912284,-0.8630866603291167,0));
#3842=DIRECTION('',(-0.8311673676268928,-0.5560223079986824,0));
#3843=STYLED_ITEM('',(#18),#3844);
#3844=FACE_SURFACE('',(#3849),#3845,.T.);
#3845=PLANE('',#3846);
#3846=AXIS2_PLACEMENT_3D('',#185,#3847,#3848);
#3847=DIRECTION('',(0,0,-1));
#3848=DIRECTION('',(-0.5050558550912284,0.8630866603291167,0));
#3849=FACE_BOUND('',#3850,.T.);
#3850=EDGE_LOOP('',(#3851,#3852,#3853));
#3851=ORIENTED_EDGE('',*,*,#3854,.T.);
#3852=ORIENTED_EDGE('',*,*,#3855,.T.);
#3853=ORIENTED_EDGE('',*,*,#3856,.T.);
#3854=EDGE_CURVE('',#186,#334,#3857,.F.);
#3855=EDGE_CURVE('',#334,#190,#3858,.T.);
#3856=EDGE_CURVE('',#190,#186,#3859,.T.);
#3857=LINE('',#185,#3860);
#3858=LINE('',#333,#3861);
#3859=LINE('',#189,#3862);
#3860=VECTOR('',#3863,1.0);
#3861=VECTOR('',#3864,1.0);
#3862=VECTOR('',#3865,1.0);
#3863=DIRECTION('',(-0.5050558550912284,0.8630866603291167,0));
#3864=DIRECTION('',(0.6180326627598935,-0.7861524201844803,0));
#3865=DIRECTION('',(-0.7515095933257668,-0.6597221620798717,0));
#3866=STYLED_ITEM('',(#18),#3867);
#3867=FACE_SURFACE('',(#3872),#3868,.T.);
#3868=PLANE('',#3869);
#3869=AXIS2_PLACEMENT_3D('',#307,#3870,#3871);
#3870=DIRECTION('',(0,-0,-1));
#3871=DIRECTION('',(0.9799873195820539,-0.199059924290103,0));
#3872=FACE_BOUND('',#3873,.T.);
#3873=EDGE_LOOP('',(#3874,#3875,#3876));
#3874=ORIENTED_EDGE('',*,*,#3877,.T.);
#3875=ORIENTED_EDGE('',*,*,#3878,.T.);
#3876=ORIENTED_EDGE('',*,*,#3879,.T.);
#3877=EDGE_CURVE('',#308,#296,#3880,.F.);
#3878=EDGE_CURVE('',#296,#246,#3881,.T.);
#3879=EDGE_CURVE('',#246,#308,#3882,.T.);
#3880=LINE('',#307,#3883);
#3881=LINE('',#295,#3884);
#3882=LINE('',#245,#3885);
#3883=VECTOR('',#3886,1.0);
#3884=VECTOR('',#3887,1.0);
#3885=VECTOR('',#3888,1.0);
#3886=DIRECTION('',(0.9799873195820539,-0.199059924290103,0));
#3887=DIRECTION('',(-0.2194666795234766,-0.9756199959917486,0));
#3888=DIRECTION('',(0.1872786691327018,0.9823068258379781,0));
#3889=STYLED_ITEM('',(#18),#3890);
#3890=FACE_SURFACE('',(#3895),#3891,.T.);
#3891=PLANE('',#3892);
#3892=AXIS2_PLACEMENT_3D('',#245,#3893,#3894);
#3893=DIRECTION('',(0,0,-1));
#3894=DIRECTION('',(-0.9805806756909244,0.19611613513816312,0));
#3895=FACE_BOUND('',#3896,.T.);
#3896=EDGE_LOOP('',(#3897,#3898,#3899));
#3897=ORIENTED_EDGE('',*,*,#3900,.T.);
#3898=ORIENTED_EDGE('',*,*,#3901,.T.);
#3899=ORIENTED_EDGE('',*,*,#3902,.T.);
#3900=EDGE_CURVE('',#246,#244,#3903,.F.);
#3901=EDGE_CURVE('',#244,#308,#3904,.T.);
#3902=EDGE_CURVE('',#308,#246,#3905,.T.);
#3903=LINE('',#245,#3906);
#3904=LINE('',#243,#3907);
#3905=LINE('',#307,#3908);
#3906=VECTOR('',#3909,1.0);
#3907=VECTOR('',#3910,1.0);
#3908=VECTOR('',#3911,1.0);
#3909=DIRECTION('',(-0.9805806756909244,0.19611613513816312,0));
#3910=DIRECTION('',(0.19534152390218082,0.9807352797975474,0));
#3911=DIRECTION('',(-0.1872786691327018,-0.9823068258379781,0));
#3912=STYLED_ITEM('',(#18),#3913);
#3913=FACE_SURFACE('',(#3918),#3914,.T.);
#3914=PLANE('',#3915);
#3915=AXIS2_PLACEMENT_3D('',#295,#3916,#3917);
#3916=DIRECTION('',(0,-0,-1));
#3917=DIRECTION('',(0.9976483193600396,-0.0685407242308449,0));
#3918=FACE_BOUND('',#3919,.T.);
#3919=EDGE_LOOP('',(#3920,#3921,#3922));
#3920=ORIENTED_EDGE('',*,*,#3923,.T.);
#3921=ORIENTED_EDGE('',*,*,#3924,.T.);
#3922=ORIENTED_EDGE('',*,*,#3925,.T.);
#3923=EDGE_CURVE('',#296,#342,#3926,.F.);
#3924=EDGE_CURVE('',#342,#254,#3927,.T.);
#3925=EDGE_CURVE('',#254,#296,#3928,.T.);
#3926=LINE('',#295,#3929);
#3927=LINE('',#341,#3930);
#3928=LINE('',#253,#3931);
#3929=VECTOR('',#3932,1.0);
#3930=VECTOR('',#3933,1.0);
#3931=VECTOR('',#3934,1.0);
#3932=DIRECTION('',(0.9976483193600396,-0.0685407242308449,0));
#3933=DIRECTION('',(-0.13059041210568875,-0.9914364045495133,0));
#3934=DIRECTION('',(0.09796556240538103,0.9951898053047958,0));
#3935=STYLED_ITEM('',(#18),#3936);
#3936=FACE_SURFACE('',(#3941),#3937,.T.);
#3937=PLANE('',#3938);
#3938=AXIS2_PLACEMENT_3D('',#257,#3939,#3940);
#3939=DIRECTION('',(0,0,-1));
#3940=DIRECTION('',(-0.9978855001563588,0.06499637357340421,0));
#3941=FACE_BOUND('',#3942,.T.);
#3942=EDGE_LOOP('',(#3943,#3944,#3945));
#3943=ORIENTED_EDGE('',*,*,#3946,.T.);
#3944=ORIENTED_EDGE('',*,*,#3947,.T.);
#3945=ORIENTED_EDGE('',*,*,#3948,.T.);
#3946=EDGE_CURVE('',#258,#254,#3949,.F.);
#3947=EDGE_CURVE('',#254,#342,#3950,.T.);
#3948=EDGE_CURVE('',#342,#258,#3951,.T.);
#3949=LINE('',#257,#3952);
#3950=LINE('',#253,#3953);
#3951=LINE('',#341,#3954);
#3952=VECTOR('',#3955,1.0);
#3953=VECTOR('',#3956,1.0);
#3954=VECTOR('',#3957,1.0);
#3955=DIRECTION('',(-0.9978855001563588,0.06499637357340421,0));
#3956=DIRECTION('',(0.13059041210568875,0.9914364045495133,0));
#3957=DIRECTION('',(0,-1,0));
#3958=STYLED_ITEM('',(#18),#3959);
#3959=FACE_SURFACE('',(#3964),#3960,.T.);
#3960=PLANE('',#3961);
#3961=AXIS2_PLACEMENT_3D('',#319,#3962,#3963);
#3962=DIRECTION('',(0,-0,-1));
#3963=DIRECTION('',(0.09796556240538103,-0.9951898053047958,0));
#3964=FACE_BOUND('',#3965,.T.);
#3965=EDGE_LOOP('',(#3966,#3967,#3968));
#3966=ORIENTED_EDGE('',*,*,#3969,.T.);
#3967=ORIENTED_EDGE('',*,*,#3970,.T.);
#3968=ORIENTED_EDGE('',*,*,#3971,.T.);
#3969=EDGE_CURVE('',#320,#240,#3972,.F.);
#3970=EDGE_CURVE('',#240,#342,#3973,.T.);
#3971=EDGE_CURVE('',#342,#320,#3974,.T.);
#3972=LINE('',#319,#3975);
#3973=LINE('',#239,#3976);
#3974=LINE('',#341,#3977);
#3975=VECTOR('',#3978,1.0);
#3976=VECTOR('',#3979,1.0);
#3977=VECTOR('',#3980,1.0);
#3978=DIRECTION('',(0.09796556240538103,-0.9951898053047958,0));
#3979=DIRECTION('',(-0.13059041210568875,0.9914364045495133,0));
#3980=DIRECTION('',(0.9976483193600396,0.0685407242308449,0));
#3981=STYLED_ITEM('',(#18),#3982);
#3982=FACE_SURFACE('',(#3987),#3983,.T.);
#3983=PLANE('',#3984);
#3984=AXIS2_PLACEMENT_3D('',#333,#3985,#3986);
#3985=DIRECTION('',(0,-0,-1));
#3986=DIRECTION('',(0.38476118539890936,-0.9230161592358099,0));
#3987=FACE_BOUND('',#3988,.T.);
#3988=EDGE_LOOP('',(#3989,#3990,#3991));
#3989=ORIENTED_EDGE('',*,*,#3992,.T.);
#3990=ORIENTED_EDGE('',*,*,#3993,.T.);
#3991=ORIENTED_EDGE('',*,*,#3994,.T.);
#3992=EDGE_CURVE('',#334,#184,#3995,.F.);
#3993=EDGE_CURVE('',#184,#220,#3996,.T.);
#3994=EDGE_CURVE('',#220,#334,#3997,.T.);
#3995=LINE('',#333,#3998);
#3996=LINE('',#183,#3999);
#3997=LINE('',#219,#4000);
#3998=VECTOR('',#4001,1.0);
#3999=VECTOR('',#4002,1.0);
#4000=VECTOR('',#4003,1.0);
#4001=DIRECTION('',(0.38476118539890936,-0.9230161592358099,0));
#4002=DIRECTION('',(-0.4154680965696767,0.9096077510294038,0));
#4003=DIRECTION('',(0.8959534904282143,0.44414788414389644,0));
#4004=STYLED_ITEM('',(#18),#4005);
#4005=FACE_SURFACE('',(#4010),#4006,.T.);
#4006=PLANE('',#4007);
#4007=AXIS2_PLACEMENT_3D('',#241,#4008,#4009);
#4008=DIRECTION('',(0,0,-1));
#4009=DIRECTION('',(-0.19534152390218082,0.9807352797975474,0));
#4010=FACE_BOUND('',#4011,.T.);
#4011=EDGE_LOOP('',(#4012,#4013,#4014));
#4012=ORIENTED_EDGE('',*,*,#4015,.T.);
#4013=ORIENTED_EDGE('',*,*,#4016,.T.);
#4014=ORIENTED_EDGE('',*,*,#4017,.T.);
#4015=EDGE_CURVE('',#242,#224,#4018,.F.);
#4016=EDGE_CURVE('',#224,#222,#4019,.T.);
#4017=EDGE_CURVE('',#222,#242,#4020,.T.);
#4018=LINE('',#241,#4021);
#4019=LINE('',#223,#4022);
#4020=LINE('',#221,#4023);
#4021=VECTOR('',#4024,1.0);
#4022=VECTOR('',#4025,1.0);
#4023=VECTOR('',#4026,1.0);
#4024=DIRECTION('',(-0.19534152390218082,0.9807352797975474,0));
#4025=DIRECTION('',(0.29565836269568746,-0.9552937415099637,0));
#4026=DIRECTION('',(-0.9471135474510144,-0.32089862610294095,0));
#4027=STYLED_ITEM('',(#18),#4028);
#4028=FACE_SURFACE('',(#4033),#4029,.T.);
#4029=PLANE('',#4030);
#4030=AXIS2_PLACEMENT_3D('',#239,#4031,#4032);
#4031=DIRECTION('',(0,0,-1));
#4032=DIRECTION('',(-0.09796556240538103,0.9951898053047958,0));
#4033=FACE_BOUND('',#4034,.T.);
#4034=EDGE_LOOP('',(#4035,#4036,#4037));
#4035=ORIENTED_EDGE('',*,*,#4038,.T.);
#4036=ORIENTED_EDGE('',*,*,#4039,.T.);
#4037=ORIENTED_EDGE('',*,*,#4040,.T.);
#4038=EDGE_CURVE('',#240,#320,#4041,.F.);
#4039=EDGE_CURVE('',#320,#242,#4042,.T.);
#4040=EDGE_CURVE('',#242,#240,#4043,.T.);
#4041=LINE('',#239,#4044);
#4042=LINE('',#319,#4045);
#4043=LINE('',#241,#4046);
#4044=VECTOR('',#4047,1.0);
#4045=VECTOR('',#4048,1.0);
#4046=VECTOR('',#4049,1.0);
#4047=DIRECTION('',(-0.09796556240538103,0.9951898053047958,0));
#4048=DIRECTION('',(0.22746824075918756,-0.9737854997102392,0));
#4049=DIRECTION('',(-0.9808006582599831,-0.1950129963791745,0));
#4050=STYLED_ITEM('',(#18),#4051);
#4051=FACE_SURFACE('',(#4056),#4052,.T.);
#4052=PLANE('',#4053);
#4053=AXIS2_PLACEMENT_3D('',#257,#4054,#4055);
#4054=DIRECTION('',(0,0,-1));
#4055=DIRECTION('',(0,1,0));
#4056=FACE_BOUND('',#4057,.T.);
#4057=EDGE_LOOP('',(#4058,#4059,#4060));
#4058=ORIENTED_EDGE('',*,*,#4061,.T.);
#4059=ORIENTED_EDGE('',*,*,#4062,.T.);
#4060=ORIENTED_EDGE('',*,*,#4063,.T.);
#4061=EDGE_CURVE('',#258,#342,#4064,.F.);
#4062=EDGE_CURVE('',#342,#240,#4065,.T.);
#4063=EDGE_CURVE('',#240,#258,#4066,.T.);
#4064=LINE('',#257,#4067);
#4065=LINE('',#341,#4068);
#4066=LINE('',#239,#4069);
#4067=VECTOR('',#4070,1.0);
#4068=VECTOR('',#4071,1.0);
#4069=VECTOR('',#4072,1.0);
#4070=DIRECTION('',(0,1,0));
#4071=DIRECTION('',(0.13059041210568875,-0.9914364045495133,0));
#4072=DIRECTION('',(-0.9978855001563588,-0.06499637357340421,0));
#4073=STYLED_ITEM('',(#18),#4074);
#4074=FACE_SURFACE('',(#4079),#4075,.T.);
#4075=PLANE('',#4076);
#4076=AXIS2_PLACEMENT_3D('',#343,#4077,#4078);
#4077=DIRECTION('',(0,0,-1));
#4078=DIRECTION('',(-0.9808006582599824,0.19501299637917774,0));
#4079=FACE_BOUND('',#4080,.T.);
#4080=EDGE_LOOP('',(#4081,#4082,#4083));
#4081=ORIENTED_EDGE('',*,*,#4084,.T.);
#4082=ORIENTED_EDGE('',*,*,#4085,.T.);
#4083=ORIENTED_EDGE('',*,*,#4086,.T.);
#4084=EDGE_CURVE('',#344,#346,#4087,.F.);
#4085=EDGE_CURVE('',#346,#348,#4088,.T.);
#4086=EDGE_CURVE('',#348,#344,#4089,.T.);
#4087=LINE('',#343,#4090);
#4088=LINE('',#345,#4091);
#4089=LINE('',#347,#4092);
#4090=VECTOR('',#4093,1.0);
#4091=VECTOR('',#4094,1.0);
#4092=VECTOR('',#4095,1.0);
#4093=DIRECTION('',(-0.9808006582599824,0.19501299637917774,0));
#4094=DIRECTION('',(0.3787848936656254,0.9254847401933328,0));
#4095=DIRECTION('',(-0.13050585714686086,-0.9914475383248288,0));
#4096=STYLED_ITEM('',(#18),#4097);
#4097=FACE_SURFACE('',(#4102),#4098,.T.);
#4098=PLANE('',#4099);
#4099=AXIS2_PLACEMENT_3D('',#349,#4100,#4101);
#4100=DIRECTION('',(0,0,-1));
#4101=DIRECTION('',(-0.997885500156359,0.06499637357340082,0));
#4102=FACE_BOUND('',#4103,.T.);
#4103=EDGE_LOOP('',(#4104,#4105,#4106));
#4104=ORIENTED_EDGE('',*,*,#4107,.T.);
#4105=ORIENTED_EDGE('',*,*,#4108,.T.);
#4106=ORIENTED_EDGE('',*,*,#4109,.T.);
#4107=EDGE_CURVE('',#350,#344,#4110,.F.);
#4108=EDGE_CURVE('',#344,#352,#4111,.T.);
#4109=EDGE_CURVE('',#352,#350,#4112,.T.);
#4110=LINE('',#349,#4113);
#4111=LINE('',#343,#4114);
#4112=LINE('',#351,#4115);
#4113=VECTOR('',#4116,1.0);
#4114=VECTOR('',#4117,1.0);
#4115=VECTOR('',#4118,1.0);
#4116=DIRECTION('',(-0.997885500156359,0.06499637357340082,0));
#4117=DIRECTION('',(0.19448969742013025,0.9809045609015316,0));
#4118=DIRECTION('',(0.06516528285644928,-0.9978744840460843,0));
#4119=STYLED_ITEM('',(#18),#4120);
#4120=FACE_SURFACE('',(#4125),#4121,.T.);
#4121=PLANE('',#4122);
#4122=AXIS2_PLACEMENT_3D('',#353,#4123,#4124);
#4123=DIRECTION('',(0,0,-1));
#4124=DIRECTION('',(0.9976483193600396,0.0685407242308449,0));
#4125=FACE_BOUND('',#4126,.T.);
#4126=EDGE_LOOP('',(#4127,#4128,#4129));
#4127=ORIENTED_EDGE('',*,*,#4130,.T.);
#4128=ORIENTED_EDGE('',*,*,#4131,.T.);
#4129=ORIENTED_EDGE('',*,*,#4132,.T.);
#4130=EDGE_CURVE('',#354,#356,#4133,.F.);
#4131=EDGE_CURVE('',#356,#350,#4134,.T.);
#4132=EDGE_CURVE('',#350,#354,#4135,.T.);
#4133=LINE('',#353,#4136);
#4134=LINE('',#355,#4137);
#4135=LINE('',#349,#4138);
#4136=VECTOR('',#4139,1.0);
#4137=VECTOR('',#4140,1.0);
#4138=VECTOR('',#4141,1.0);
#4139=DIRECTION('',(0.9976483193600396,0.0685407242308449,0));
#4140=DIRECTION('',(-0.06516528285644928,-0.9978744840460843,0));
#4141=DIRECTION('',(0,1,0));
#4142=STYLED_ITEM('',(#18),#4143);
#4143=FACE_SURFACE('',(#4148),#4144,.T.);
#4144=PLANE('',#4145);
#4145=AXIS2_PLACEMENT_3D('',#357,#4146,#4147);
#4146=DIRECTION('',(-0,0,-1));
#4147=DIRECTION('',(-0.997885500156359,-0.06499637357340082,0));
#4148=FACE_BOUND('',#4149,.T.);
#4149=EDGE_LOOP('',(#4150,#4151,#4152));
#4150=ORIENTED_EDGE('',*,*,#4153,.T.);
#4151=ORIENTED_EDGE('',*,*,#4154,.T.);
#4152=ORIENTED_EDGE('',*,*,#4155,.T.);
#4153=EDGE_CURVE('',#358,#350,#4156,.F.);
#4154=EDGE_CURVE('',#350,#356,#4157,.T.);
#4155=EDGE_CURVE('',#356,#358,#4158,.T.);
#4156=LINE('',#357,#4159);
#4157=LINE('',#349,#4160);
#4158=LINE('',#355,#4161);
#4159=VECTOR('',#4162,1.0);
#4160=VECTOR('',#4163,1.0);
#4161=VECTOR('',#4164,1.0);
#4162=DIRECTION('',(-0.997885500156359,-0.06499637357340082,0));
#4163=DIRECTION('',(0.06516528285644928,0.9978744840460843,0));
#4164=DIRECTION('',(0.19448969742013025,-0.9809045609015316,0));
#4165=STYLED_ITEM('',(#18),#4166);
#4166=FACE_SURFACE('',(#4171),#4167,.T.);
#4167=PLANE('',#4168);
#4168=AXIS2_PLACEMENT_3D('',#233,#4169,#4170);
#4169=DIRECTION('',(-0,0,-1));
#4170=DIRECTION('',(-0.9808006582599824,-0.19501299637917774,0));
#4171=FACE_BOUND('',#4172,.T.);
#4172=EDGE_LOOP('',(#4173,#4174,#4175));
#4173=ORIENTED_EDGE('',*,*,#4176,.T.);
#4174=ORIENTED_EDGE('',*,*,#4177,.T.);
#4175=ORIENTED_EDGE('',*,*,#4178,.T.);
#4176=EDGE_CURVE('',#234,#358,#4179,.F.);
#4177=EDGE_CURVE('',#358,#238,#4180,.T.);
#4178=EDGE_CURVE('',#238,#234,#4181,.T.);
#4179=LINE('',#233,#4182);
#4180=LINE('',#357,#4183);
#4181=LINE('',#237,#4184);
#4182=VECTOR('',#4185,1.0);
#4183=VECTOR('',#4186,1.0);
#4184=VECTOR('',#4187,1.0);
#4185=DIRECTION('',(-0.9808006582599824,-0.19501299637917774,0));
#4186=DIRECTION('',(-0.13050585714686086,0.9914475383248288,0));
#4187=DIRECTION('',(0.3787848936656254,-0.9254847401933328,0));
#4188=STYLED_ITEM('',(#18),#4189);
#4189=FACE_SURFACE('',(#4194),#4190,.T.);
#4190=PLANE('',#4191);
#4191=AXIS2_PLACEMENT_3D('',#355,#4192,#4193);
#4192=DIRECTION('',(0,0,-1));
#4193=DIRECTION('',(0.9799873195820539,0.199059924290103,0));
#4194=FACE_BOUND('',#4195,.T.);
#4195=EDGE_LOOP('',(#4196,#4197,#4198));
#4196=ORIENTED_EDGE('',*,*,#4199,.T.);
#4197=ORIENTED_EDGE('',*,*,#4200,.T.);
#4198=ORIENTED_EDGE('',*,*,#4201,.T.);
#4199=EDGE_CURVE('',#356,#238,#4202,.F.);
#4200=EDGE_CURVE('',#238,#358,#4203,.T.);
#4201=EDGE_CURVE('',#358,#356,#4204,.T.);
#4202=LINE('',#355,#4205);
#4203=LINE('',#237,#4206);
#4204=LINE('',#357,#4207);
#4205=VECTOR('',#4208,1.0);
#4206=VECTOR('',#4209,1.0);
#4207=VECTOR('',#4210,1.0);
#4208=DIRECTION('',(0.9799873195820539,0.199059924290103,0));
#4209=DIRECTION('',(0.13050585714686086,-0.9914475383248288,0));
#4210=DIRECTION('',(-0.19448969742013025,0.9809045609015316,0));
#4211=STYLED_ITEM('',(#18),#4212);
#4212=FACE_SURFACE('',(#4217),#4213,.T.);
#4213=PLANE('',#4214);
#4214=AXIS2_PLACEMENT_3D('',#351,#4215,#4216);
#4215=DIRECTION('',(0,0,-1));
#4216=DIRECTION('',(0.9976483193600396,-0.0685407242308449,0));
#4217=FACE_BOUND('',#4218,.T.);
#4218=EDGE_LOOP('',(#4219,#4220,#4221));
#4219=ORIENTED_EDGE('',*,*,#4222,.T.);
#4220=ORIENTED_EDGE('',*,*,#4223,.T.);
#4221=ORIENTED_EDGE('',*,*,#4224,.T.);
#4222=EDGE_CURVE('',#352,#354,#4225,.F.);
#4223=EDGE_CURVE('',#354,#350,#4226,.T.);
#4224=EDGE_CURVE('',#350,#352,#4227,.T.);
#4225=LINE('',#351,#4228);
#4226=LINE('',#353,#4229);
#4227=LINE('',#349,#4230);
#4228=VECTOR('',#4231,1.0);
#4229=VECTOR('',#4232,1.0);
#4230=VECTOR('',#4233,1.0);
#4231=DIRECTION('',(0.9976483193600396,-0.0685407242308449,0));
#4232=DIRECTION('',(0,-1,0));
#4233=DIRECTION('',(-0.06516528285644928,0.9978744840460843,0));
#4234=STYLED_ITEM('',(#18),#4235);
#4235=FACE_SURFACE('',(#4240),#4236,.T.);
#4236=PLANE('',#4237);
#4237=AXIS2_PLACEMENT_3D('',#265,#4238,#4239);
#4238=DIRECTION('',(0,0,-1));
#4239=DIRECTION('',(-0.8311673676268928,0.5560223079986824,0));
#4240=FACE_BOUND('',#4241,.T.);
#4241=EDGE_LOOP('',(#4242,#4243,#4244));
#4242=ORIENTED_EDGE('',*,*,#4245,.T.);
#4243=ORIENTED_EDGE('',*,*,#4246,.T.);
#4244=ORIENTED_EDGE('',*,*,#4247,.T.);
#4245=EDGE_CURVE('',#266,#270,#4248,.F.);
#4246=EDGE_CURVE('',#270,#262,#4249,.T.);
#4247=EDGE_CURVE('',#262,#266,#4250,.T.);
#4248=LINE('',#265,#4251);
#4249=LINE('',#269,#4252);
#4250=LINE('',#261,#4253);
#4251=VECTOR('',#4254,1.0);
#4252=VECTOR('',#4255,1.0);
#4253=VECTOR('',#4256,1.0);
#4254=DIRECTION('',(-0.8311673676268928,0.5560223079986824,0));
#4255=DIRECTION('',(0.5050558550912284,0.8630866603291167,0));
#4256=DIRECTION('',(-0.38476118539890936,-0.9230161592358099,0));
#4257=STYLED_ITEM('',(#18),#4258);
#4258=FACE_SURFACE('',(#4263),#4259,.T.);
#4259=PLANE('',#4260);
#4260=AXIS2_PLACEMENT_3D('',#359,#4261,#4262);
#4261=DIRECTION('',(0,-0,-1));
#4262=DIRECTION('',(0.7549337632642495,-0.6558010468760157,0));
#4263=FACE_BOUND('',#4264,.T.);
#4264=EDGE_LOOP('',(#4265,#4266,#4267));
#4265=ORIENTED_EDGE('',*,*,#4268,.T.);
#4266=ORIENTED_EDGE('',*,*,#4269,.T.);
#4267=ORIENTED_EDGE('',*,*,#4270,.T.);
#4268=EDGE_CURVE('',#360,#278,#4271,.F.);
#4269=EDGE_CURVE('',#278,#280,#4272,.T.);
#4270=EDGE_CURVE('',#280,#360,#4273,.T.);
#4271=LINE('',#359,#4274);
#4272=LINE('',#277,#4275);
#4273=LINE('',#279,#4276);
#4274=VECTOR('',#4277,1.0);
#4275=VECTOR('',#4278,1.0);
#4276=VECTOR('',#4279,1.0);
#4277=DIRECTION('',(0.7549337632642495,-0.6558010468760157,0));
#4278=DIRECTION('',(-0.6965659237951319,-0.7174927970421965,0));
#4279=DIRECTION('',(0.6705569513861218,0.741858055794874,0));
#4280=STYLED_ITEM('',(#18),#4281);
#4281=FACE_SURFACE('',(#4286),#4282,.T.);
#4282=PLANE('',#4283);
#4283=AXIS2_PLACEMENT_3D('',#361,#4284,#4285);
#4284=DIRECTION('',(0,-0,-1));
#4285=DIRECTION('',(0.6558010468760234,-0.7549337632642428,0));
#4286=FACE_BOUND('',#4287,.T.);
#4287=EDGE_LOOP('',(#4288,#4289,#4290));
#4288=ORIENTED_EDGE('',*,*,#4291,.T.);
#4289=ORIENTED_EDGE('',*,*,#4292,.T.);
#4290=ORIENTED_EDGE('',*,*,#4293,.T.);
#4291=EDGE_CURVE('',#362,#360,#4294,.F.);
#4292=EDGE_CURVE('',#360,#364,#4295,.T.);
#4293=EDGE_CURVE('',#364,#362,#4296,.T.);
#4294=LINE('',#361,#4297);
#4295=LINE('',#359,#4298);
#4296=LINE('',#363,#4299);
#4297=VECTOR('',#4300,1.0);
#4298=VECTOR('',#4301,1.0);
#4299=VECTOR('',#4302,1.0);
#4300=DIRECTION('',(0.6558010468760234,-0.7549337632642428,0));
#4301=DIRECTION('',(-0.7688842702856028,-0.6393879721322385,0));
#4302=DIRECTION('',(0.7449711501533726,0.6670966837267003,0));
#4303=STYLED_ITEM('',(#18),#4304);
#4304=FACE_SURFACE('',(#4309),#4305,.T.);
#4305=PLANE('',#4306);
#4306=AXIS2_PLACEMENT_3D('',#363,#4307,#4308);
#4307=DIRECTION('',(0,0,-1));
#4308=DIRECTION('',(-0.443387208340821,0.8963301754820785,0));
#4309=FACE_BOUND('',#4310,.T.);
#4310=EDGE_LOOP('',(#4311,#4312,#4313));
#4311=ORIENTED_EDGE('',*,*,#4314,.T.);
#4312=ORIENTED_EDGE('',*,*,#4315,.T.);
#4313=ORIENTED_EDGE('',*,*,#4316,.T.);
#4314=EDGE_CURVE('',#364,#366,#4317,.F.);
#4315=EDGE_CURVE('',#366,#362,#4318,.T.);
#4316=EDGE_CURVE('',#362,#364,#4319,.T.);
#4317=LINE('',#363,#4320);
#4318=LINE('',#365,#4321);
#4319=LINE('',#361,#4322);
#4320=VECTOR('',#4323,1.0);
#4321=VECTOR('',#4324,1.0);
#4322=VECTOR('',#4325,1.0);
#4323=DIRECTION('',(-0.443387208340821,0.8963301754820785,0));
#4324=DIRECTION('',(0.8337707218487985,0.5521108433890186,0));
#4325=DIRECTION('',(-0.7449711501533726,-0.6670966837267003,0));
#4326=STYLED_ITEM('',(#18),#4327);
#4327=FACE_SURFACE('',(#4332),#4328,.T.);
#4328=PLANE('',#4329);
#4329=AXIS2_PLACEMENT_3D('',#365,#4330,#4331);
#4330=DIRECTION('',(0,0,-1));
#4331=DIRECTION('',(-0.3208070336803868,0.9471445756278137,0));
#4332=FACE_BOUND('',#4333,.T.);
#4333=EDGE_LOOP('',(#4334,#4335,#4336));
#4334=ORIENTED_EDGE('',*,*,#4337,.T.);
#4335=ORIENTED_EDGE('',*,*,#4338,.T.);
#4336=ORIENTED_EDGE('',*,*,#4339,.T.);
#4337=EDGE_CURVE('',#366,#368,#4340,.F.);
#4338=EDGE_CURVE('',#368,#362,#4341,.T.);
#4339=EDGE_CURVE('',#362,#366,#4342,.T.);
#4340=LINE('',#365,#4343);
#4341=LINE('',#367,#4344);
#4342=LINE('',#361,#4345);
#4343=VECTOR('',#4346,1.0);
#4344=VECTOR('',#4347,1.0);
#4345=VECTOR('',#4348,1.0);
#4346=DIRECTION('',(-0.3208070336803868,0.9471445756278137,0));
#4347=DIRECTION('',(0.9069968730779668,0.4211373555347357,0));
#4348=DIRECTION('',(-0.8337707218487985,-0.5521108433890186,0));
#4349=STYLED_ITEM('',(#18),#4350);
#4350=FACE_SURFACE('',(#4355),#4351,.T.);
#4351=PLANE('',#4352);
#4352=AXIS2_PLACEMENT_3D('',#35,#4353,#4354);
#4353=DIRECTION('',(0,0,-1));
#4354=DIRECTION('',(1,0,0));
#4355=FACE_BOUND('',#4356,.T.);
#4356=EDGE_LOOP('',(#4357,#4358,#4359));
#4357=ORIENTED_EDGE('',*,*,#4360,.T.);
#4358=ORIENTED_EDGE('',*,*,#4361,.T.);
#4359=ORIENTED_EDGE('',*,*,#4362,.T.);
#4360=EDGE_CURVE('',#36,#48,#4363,.F.);
#4361=EDGE_CURVE('',#48,#38,#4364,.T.);
#4362=EDGE_CURVE('',#38,#36,#4365,.T.);
#4363=LINE('',#35,#4366);
#4364=LINE('',#47,#4367);
#4365=LINE('',#37,#4368);
#4366=VECTOR('',#4369,1.0);
#4367=VECTOR('',#4370,1.0);
#4368=VECTOR('',#4371,1.0);
#4369=DIRECTION('',(1,0,0));
#4370=DIRECTION('',(-0.5547001962252291,-0.8320502943378437,0));
#4371=DIRECTION('',(0,1,0));
#4372=STYLED_ITEM('',(#18),#4373);
#4373=FACE_SURFACE('',(#4378),#4374,.T.);
#4374=PLANE('',#4375);
#4375=AXIS2_PLACEMENT_3D('',#369,#4376,#4377);
#4376=DIRECTION('',(0,-0,-1));
#4377=DIRECTION('',(0.1950129963791784,-0.9808006582599823,0));
#4378=FACE_BOUND('',#4379,.T.);
#4379=EDGE_LOOP('',(#4380,#4381,#4382));
#4380=ORIENTED_EDGE('',*,*,#4383,.T.);
#4381=ORIENTED_EDGE('',*,*,#4384,.T.);
#4382=ORIENTED_EDGE('',*,*,#4385,.T.);
#4383=EDGE_CURVE('',#370,#368,#4386,.F.);
#4384=EDGE_CURVE('',#368,#48,#4387,.T.);
#4385=EDGE_CURVE('',#48,#370,#4388,.T.);
#4386=LINE('',#369,#4389);
#4387=LINE('',#367,#4390);
#4388=LINE('',#47,#4391);
#4389=VECTOR('',#4392,1.0);
#4390=VECTOR('',#4393,1.0);
#4391=VECTOR('',#4394,1.0);
#4392=DIRECTION('',(0.1950129963791784,-0.9808006582599823,0));
#4393=DIRECTION('',(-0.9684438416701503,0.2492318710180558,0));
#4394=DIRECTION('',(0.07095044896247937,0.9974798412960647,0));
#4395=STYLED_ITEM('',(#18),#4396);
#4396=FACE_SURFACE('',(#4401),#4397,.T.);
#4397=PLANE('',#4398);
#4398=AXIS2_PLACEMENT_3D('',#55,#4399,#4400);
#4399=DIRECTION('',(0,0,-1));
#4400=DIRECTION('',(0.06499637357340061,-0.9978855001563592,0));
#4401=FACE_BOUND('',#4402,.T.);
#4402=EDGE_LOOP('',(#4403,#4404,#4405));
#4403=ORIENTED_EDGE('',*,*,#4406,.T.);
#4404=ORIENTED_EDGE('',*,*,#4407,.T.);
#4405=ORIENTED_EDGE('',*,*,#4408,.T.);
#4406=EDGE_CURVE('',#56,#370,#4409,.F.);
#4407=EDGE_CURVE('',#370,#48,#4410,.T.);
#4408=EDGE_CURVE('',#48,#56,#4411,.T.);
#4409=LINE('',#55,#4412);
#4410=LINE('',#369,#4413);
#4411=LINE('',#47,#4414);
#4412=VECTOR('',#4415,1.0);
#4413=VECTOR('',#4416,1.0);
#4414=VECTOR('',#4417,1.0);
#4415=DIRECTION('',(0.06499637357340061,-0.9978855001563592,0));
#4416=DIRECTION('',(-0.07095044896247937,-0.9974798412960647,0));
#4417=DIRECTION('',(0,1,0));
#4418=STYLED_ITEM('',(#18),#4419);
#4419=FACE_SURFACE('',(#4424),#4420,.T.);
#4420=PLANE('',#4421);
#4421=AXIS2_PLACEMENT_3D('',#367,#4422,#4423);
#4422=DIRECTION('',(-0,-0,-1));
#4423=DIRECTION('',(0.3208070336803868,-0.9471445756278137,0));
#4424=FACE_BOUND('',#4425,.T.);
#4425=EDGE_LOOP('',(#4426,#4427,#4428));
#4426=ORIENTED_EDGE('',*,*,#4429,.T.);
#4427=ORIENTED_EDGE('',*,*,#4430,.T.);
#4428=ORIENTED_EDGE('',*,*,#4431,.T.);
#4429=EDGE_CURVE('',#368,#366,#4432,.F.);
#4430=EDGE_CURVE('',#366,#48,#4433,.T.);
#4431=EDGE_CURVE('',#48,#368,#4434,.T.);
#4432=LINE('',#367,#4435);
#4433=LINE('',#365,#4436);
#4434=LINE('',#47,#4437);
#4435=VECTOR('',#4438,1.0);
#4436=VECTOR('',#4439,1.0);
#4437=VECTOR('',#4440,1.0);
#4438=DIRECTION('',(0.3208070336803868,-0.9471445756278137,0));
#4439=DIRECTION('',(-0.49684280351457644,0.8678405548231634,0));
#4440=DIRECTION('',(0.9684438416701503,-0.2492318710180558,0));
#4441=STYLED_ITEM('',(#18),#4442);
#4442=FACE_SURFACE('',(#4447),#4443,.T.);
#4443=PLANE('',#4444);
#4444=AXIS2_PLACEMENT_3D('',#365,#4445,#4446);
#4445=DIRECTION('',(-0,0,-1));
#4446=DIRECTION('',(-0.580082002122258,-0.8145580831431437,0));
#4447=FACE_BOUND('',#4448,.T.);
#4448=EDGE_LOOP('',(#4449,#4450,#4451));
#4449=ORIENTED_EDGE('',*,*,#4452,.T.);
#4450=ORIENTED_EDGE('',*,*,#4453,.T.);
#4451=ORIENTED_EDGE('',*,*,#4454,.T.);
#4452=EDGE_CURVE('',#366,#38,#4455,.F.);
#4453=EDGE_CURVE('',#38,#48,#4456,.T.);
#4454=EDGE_CURVE('',#48,#366,#4457,.T.);
#4455=LINE('',#365,#4458);
#4456=LINE('',#37,#4459);
#4457=LINE('',#47,#4460);
#4458=VECTOR('',#4461,1.0);
#4459=VECTOR('',#4462,1.0);
#4460=VECTOR('',#4463,1.0);
#4461=DIRECTION('',(-0.580082002122258,-0.8145580831431437,0));
#4462=DIRECTION('',(0.5547001962252291,0.8320502943378437,0));
#4463=DIRECTION('',(0.49684280351457644,-0.8678405548231634,0));
#4464=STYLED_ITEM('',(#18),#4465);
#4465=FACE_SURFACE('',(#4470),#4466,.T.);
#4466=PLANE('',#4467);
#4467=AXIS2_PLACEMENT_3D('',#363,#4468,#4469);
#4468=DIRECTION('',(-0,0,-1));
#4469=DIRECTION('',(-0.6013141361212699,-0.7990127093486881,0));
#4470=FACE_BOUND('',#4471,.T.);
#4471=EDGE_LOOP('',(#4472,#4473,#4474));
#4472=ORIENTED_EDGE('',*,*,#4475,.T.);
#4473=ORIENTED_EDGE('',*,*,#4476,.T.);
#4474=ORIENTED_EDGE('',*,*,#4477,.T.);
#4475=EDGE_CURVE('',#364,#38,#4478,.F.);
#4476=EDGE_CURVE('',#38,#366,#4479,.T.);
#4477=EDGE_CURVE('',#366,#364,#4480,.T.);
#4478=LINE('',#363,#4481);
#4479=LINE('',#37,#4482);
#4480=LINE('',#365,#4483);
#4481=VECTOR('',#4484,1.0);
#4482=VECTOR('',#4485,1.0);
#4483=VECTOR('',#4486,1.0);
#4484=DIRECTION('',(-0.6013141361212699,-0.7990127093486881,0));
#4485=DIRECTION('',(0.580082002122258,0.8145580831431437,0));
#4486=DIRECTION('',(0.443387208340821,-0.8963301754820785,0));
#4487=STYLED_ITEM('',(#18),#4488);
#4488=FACE_SURFACE('',(#4493),#4489,.T.);
#4489=PLANE('',#4490);
#4490=AXIS2_PLACEMENT_3D('',#279,#4491,#4492);
#4491=DIRECTION('',(-0,0,-1));
#4492=DIRECTION('',(-0.6238163485665955,-0.7815709585578522,0));
#4493=FACE_BOUND('',#4494,.T.);
#4494=EDGE_LOOP('',(#4495,#4496,#4497));
#4495=ORIENTED_EDGE('',*,*,#4498,.T.);
#4496=ORIENTED_EDGE('',*,*,#4499,.T.);
#4497=ORIENTED_EDGE('',*,*,#4500,.T.);
#4498=EDGE_CURVE('',#280,#38,#4501,.F.);
#4499=EDGE_CURVE('',#38,#364,#4502,.T.);
#4500=EDGE_CURVE('',#364,#280,#4503,.T.);
#4501=LINE('',#279,#4504);
#4502=LINE('',#37,#4505);
#4503=LINE('',#363,#4506);
#4504=VECTOR('',#4507,1.0);
#4505=VECTOR('',#4508,1.0);
#4506=VECTOR('',#4509,1.0);
#4507=DIRECTION('',(-0.6238163485665955,-0.7815709585578522,0));
#4508=DIRECTION('',(0.6013141361212699,0.7990127093486881,0));
#4509=DIRECTION('',(0.5560223079986808,-0.8311673676268938,0));
#4510=STYLED_ITEM('',(#18),#4511);
#4511=FACE_SURFACE('',(#4516),#4512,.T.);
#4512=PLANE('',#4513);
#4513=AXIS2_PLACEMENT_3D('',#283,#4514,#4515);
#4514=DIRECTION('',(-0,0,-1));
#4515=DIRECTION('',(-0.3185018700980786,-0.9479222324347218,0));
#4516=FACE_BOUND('',#4517,.T.);
#4517=EDGE_LOOP('',(#4518,#4519,#4520));
#4518=ORIENTED_EDGE('',*,*,#4521,.T.);
#4519=ORIENTED_EDGE('',*,*,#4522,.T.);
#4520=ORIENTED_EDGE('',*,*,#4523,.T.);
#4521=EDGE_CURVE('',#284,#372,#4524,.F.);
#4522=EDGE_CURVE('',#372,#50,#4525,.T.);
#4523=EDGE_CURVE('',#50,#284,#4526,.T.);
#4524=LINE('',#283,#4527);
#4525=LINE('',#371,#4528);
#4526=LINE('',#49,#4529);
#4527=VECTOR('',#4530,1.0);
#4528=VECTOR('',#4531,1.0);
#4529=VECTOR('',#4532,1.0);
#4530=DIRECTION('',(-0.3185018700980786,-0.9479222324347218,0));
#4531=DIRECTION('',(-0.9714105010367848,0.23740606242356768,0));
#4532=DIRECTION('',(0.9805069986705778,-0.196484161086882,0));
#4533=STYLED_ITEM('',(#18),#4534);
#4534=FACE_SURFACE('',(#4539),#4535,.T.);
#4535=PLANE('',#4536);
#4536=AXIS2_PLACEMENT_3D('',#103,#4537,#4538);
#4537=DIRECTION('',(0,0,-1));
#4538=DIRECTION('',(-0.44338720834081957,0.896330175482079,0));
#4539=FACE_BOUND('',#4540,.T.);
#4540=EDGE_LOOP('',(#4541,#4542,#4543));
#4541=ORIENTED_EDGE('',*,*,#4544,.T.);
#4542=ORIENTED_EDGE('',*,*,#4545,.T.);
#4543=ORIENTED_EDGE('',*,*,#4546,.T.);
#4544=EDGE_CURVE('',#104,#374,#4547,.F.);
#4545=EDGE_CURVE('',#374,#376,#4548,.T.);
#4546=EDGE_CURVE('',#376,#104,#4549,.T.);
#4547=LINE('',#103,#4550);
#4548=LINE('',#373,#4551);
#4549=LINE('',#375,#4552);
#4550=VECTOR('',#4553,1.0);
#4551=VECTOR('',#4554,1.0);
#4552=VECTOR('',#4555,1.0);
#4553=DIRECTION('',(-0.44338720834081957,0.896330175482079,0));
#4554=DIRECTION('',(0.9892191820295014,0.14644251399400404,0));
#4555=DIRECTION('',(-0.9433212477700906,-0.3318810381830805,0));
#4556=STYLED_ITEM('',(#18),#4557);
#4557=FACE_SURFACE('',(#4562),#4558,.T.);
#4558=PLANE('',#4559);
#4559=AXIS2_PLACEMENT_3D('',#375,#4560,#4561);
#4560=DIRECTION('',(0,-0,-1));
#4561=DIRECTION('',(0.199059924290103,-0.9799873195820539,0));
#4562=FACE_BOUND('',#4563,.T.);
#4563=EDGE_LOOP('',(#4564,#4565,#4566));
#4564=ORIENTED_EDGE('',*,*,#4567,.T.);
#4565=ORIENTED_EDGE('',*,*,#4568,.T.);
#4566=ORIENTED_EDGE('',*,*,#4569,.T.);
#4567=EDGE_CURVE('',#376,#92,#4570,.F.);
#4568=EDGE_CURVE('',#92,#104,#4571,.T.);
#4569=EDGE_CURVE('',#104,#376,#4572,.T.);
#4570=LINE('',#375,#4573);
#4571=LINE('',#91,#4574);
#4572=LINE('',#103,#4575);
#4573=VECTOR('',#4576,1.0);
#4574=VECTOR('',#4577,1.0);
#4575=VECTOR('',#4578,1.0);
#4576=DIRECTION('',(0.199059924290103,-0.9799873195820539,0));
#4577=DIRECTION('',(-0.9586468662780967,-0.28459828842630996,0));
#4578=DIRECTION('',(0.9433212477700906,0.3318810381830805,0));
#4579=STYLED_ITEM('',(#18),#4580);
#4580=FACE_SURFACE('',(#4585),#4581,.T.);
#4581=PLANE('',#4582);
#4582=AXIS2_PLACEMENT_3D('',#377,#4583,#4584);
#4583=DIRECTION('',(0,-0,-1));
#4584=DIRECTION('',(0.0685407242308449,-0.9976483193600396,0));
#4585=FACE_BOUND('',#4586,.T.);
#4586=EDGE_LOOP('',(#4587,#4588,#4589));
#4587=ORIENTED_EDGE('',*,*,#4590,.T.);
#4588=ORIENTED_EDGE('',*,*,#4591,.T.);
#4589=ORIENTED_EDGE('',*,*,#4592,.T.);
#4590=EDGE_CURVE('',#378,#376,#4593,.F.);
#4591=EDGE_CURVE('',#376,#374,#4594,.T.);
#4592=EDGE_CURVE('',#374,#378,#4595,.T.);
#4593=LINE('',#377,#4596);
#4594=LINE('',#375,#4597);
#4595=LINE('',#373,#4598);
#4596=VECTOR('',#4599,1.0);
#4597=VECTOR('',#4600,1.0);
#4598=VECTOR('',#4601,1.0);
#4599=DIRECTION('',(0.0685407242308449,-0.9976483193600396,0));
#4600=DIRECTION('',(-0.9892191820295014,-0.14644251399400404,0));
#4601=DIRECTION('',(0.9811095269018487,0.19345308532672864,0));
#4602=STYLED_ITEM('',(#18),#4603);
#4603=FACE_SURFACE('',(#4608),#4604,.T.);
#4604=PLANE('',#4605);
#4605=AXIS2_PLACEMENT_3D('',#373,#4606,#4607);
#4606=DIRECTION('',(0,0,-1));
#4607=DIRECTION('',(-0.3208070336803878,0.9471445756278133,0));
#4608=FACE_BOUND('',#4609,.T.);
#4609=EDGE_LOOP('',(#4610,#4611,#4612));
#4610=ORIENTED_EDGE('',*,*,#4613,.T.);
#4611=ORIENTED_EDGE('',*,*,#4614,.T.);
#4612=ORIENTED_EDGE('',*,*,#4615,.T.);
#4613=EDGE_CURVE('',#374,#380,#4616,.F.);
#4614=EDGE_CURVE('',#380,#378,#4617,.T.);
#4615=EDGE_CURVE('',#378,#374,#4618,.T.);
#4616=LINE('',#373,#4619);
#4617=LINE('',#379,#4620);
#4618=LINE('',#377,#4621);
#4619=VECTOR('',#4622,1.0);
#4620=VECTOR('',#4623,1.0);
#4621=VECTOR('',#4624,1.0);
#4622=DIRECTION('',(-0.3208070336803878,0.9471445756278133,0));
#4623=DIRECTION('',(0.9999251793229172,0.012232569477910604,0));
#4624=DIRECTION('',(-0.9811095269018487,-0.19345308532672864,0));
#4625=STYLED_ITEM('',(#18),#4626);
#4626=FACE_SURFACE('',(#4631),#4627,.T.);
#4627=PLANE('',#4628);
#4628=AXIS2_PLACEMENT_3D('',#381,#4629,#4630);
#4629=DIRECTION('',(0,0,-1));
#4630=DIRECTION('',(-0.0685407242308449,-0.9976483193600396,0));
#4631=FACE_BOUND('',#4632,.T.);
#4632=EDGE_LOOP('',(#4633,#4634,#4635));
#4633=ORIENTED_EDGE('',*,*,#4636,.T.);
#4634=ORIENTED_EDGE('',*,*,#4637,.T.);
#4635=ORIENTED_EDGE('',*,*,#4638,.T.);
#4636=EDGE_CURVE('',#382,#378,#4639,.F.);
#4637=EDGE_CURVE('',#378,#380,#4640,.T.);
#4638=EDGE_CURVE('',#380,#382,#4641,.T.);
#4639=LINE('',#381,#4642);
#4640=LINE('',#377,#4643);
#4641=LINE('',#379,#4644);
#4642=VECTOR('',#4645,1.0);
#4643=VECTOR('',#4646,1.0);
#4644=VECTOR('',#4647,1.0);
#4645=DIRECTION('',(-0.0685407242308449,-0.9976483193600396,0));
#4646=DIRECTION('',(-0.9999251793229172,-0.012232569477910604,0));
#4647=DIRECTION('',(0.9983314686278072,0.05774321386488373,0));
#4648=STYLED_ITEM('',(#18),#4649);
#4649=FACE_SURFACE('',(#4654),#4650,.T.);
#4650=PLANE('',#4651);
#4651=AXIS2_PLACEMENT_3D('',#379,#4652,#4653);
#4652=DIRECTION('',(0,0,-1));
#4653=DIRECTION('',(-0.19501299637917774,0.9808006582599824,0));
#4654=FACE_BOUND('',#4655,.T.);
#4655=EDGE_LOOP('',(#4656,#4657,#4658));
#4656=ORIENTED_EDGE('',*,*,#4659,.T.);
#4657=ORIENTED_EDGE('',*,*,#4660,.T.);
#4658=ORIENTED_EDGE('',*,*,#4661,.T.);
#4659=EDGE_CURVE('',#380,#384,#4662,.F.);
#4660=EDGE_CURVE('',#384,#382,#4663,.T.);
#4661=EDGE_CURVE('',#382,#380,#4664,.T.);
#4662=LINE('',#379,#4665);
#4663=LINE('',#383,#4666);
#4664=LINE('',#381,#4667);
#4665=VECTOR('',#4668,1.0);
#4666=VECTOR('',#4669,1.0);
#4667=VECTOR('',#4670,1.0);
#4668=DIRECTION('',(-0.19501299637917774,0.9808006582599824,0));
#4669=DIRECTION('',(0.9932528773730468,-0.11596862330028546,0));
#4670=DIRECTION('',(-0.9983314686278072,-0.05774321386488373,0));
#4671=STYLED_ITEM('',(#18),#4672);
#4672=FACE_SURFACE('',(#4677),#4673,.T.);
#4673=PLANE('',#4674);
#4674=AXIS2_PLACEMENT_3D('',#371,#4675,#4676);
#4675=DIRECTION('',(-0,0,-1));
#4676=DIRECTION('',(-0.199059924290103,-0.9799873195820539,0));
#4677=FACE_BOUND('',#4678,.T.);
#4678=EDGE_LOOP('',(#4679,#4680,#4681));
#4679=ORIENTED_EDGE('',*,*,#4682,.T.);
#4680=ORIENTED_EDGE('',*,*,#4683,.T.);
#4681=ORIENTED_EDGE('',*,*,#4684,.T.);
#4682=EDGE_CURVE('',#372,#382,#4685,.F.);
#4683=EDGE_CURVE('',#382,#384,#4686,.T.);
#4684=EDGE_CURVE('',#384,#372,#4687,.T.);
#4685=LINE('',#371,#4688);
#4686=LINE('',#381,#4689);
#4687=LINE('',#383,#4690);
#4688=VECTOR('',#4691,1.0);
#4689=VECTOR('',#4692,1.0);
#4690=VECTOR('',#4693,1.0);
#4691=DIRECTION('',(-0.199059924290103,-0.9799873195820539,0));
#4692=DIRECTION('',(-0.9932528773730468,0.11596862330028546,0));
#4693=DIRECTION('',(0.9973425743025964,-0.07285457764251825,0));
#4694=STYLED_ITEM('',(#18),#4695);
#4695=FACE_SURFACE('',(#4700),#4696,.T.);
#4696=PLANE('',#4697);
#4697=AXIS2_PLACEMENT_3D('',#49,#4698,#4699);
#4698=DIRECTION('',(0,0,-1));
#4699=DIRECTION('',(0.9714105010367848,-0.23740606242356768,0));
#4700=FACE_BOUND('',#4701,.T.);
#4701=EDGE_LOOP('',(#4702,#4703,#4704));
#4702=ORIENTED_EDGE('',*,*,#4705,.T.);
#4703=ORIENTED_EDGE('',*,*,#4706,.T.);
#4704=ORIENTED_EDGE('',*,*,#4707,.T.);
#4705=EDGE_CURVE('',#50,#372,#4708,.F.);
#4706=EDGE_CURVE('',#372,#384,#4709,.T.);
#4707=EDGE_CURVE('',#384,#50,#4710,.T.);
#4708=LINE('',#49,#4711);
#4709=LINE('',#371,#4712);
#4710=LINE('',#383,#4713);
#4711=VECTOR('',#4714,1.0);
#4712=VECTOR('',#4715,1.0);
#4713=VECTOR('',#4716,1.0);
#4714=DIRECTION('',(0.9714105010367848,-0.23740606242356768,0));
#4715=DIRECTION('',(-0.9973425743025964,0.07285457764251825,0));
#4716=DIRECTION('',(-0.06499637357340082,0.997885500156359,0));
#4717=STYLED_ITEM('',(#18),#4718);
#4718=FACE_SURFACE('',(#4723),#4719,.T.);
#4719=PLANE('',#4720);
#4720=AXIS2_PLACEMENT_3D('',#43,#4721,#4722);
#4721=DIRECTION('',(0,0,-1));
#4722=DIRECTION('',(-1,0,0));
#4723=FACE_BOUND('',#4724,.T.);
#4724=EDGE_LOOP('',(#4725,#4726,#4727));
#4725=ORIENTED_EDGE('',*,*,#4728,.T.);
#4726=ORIENTED_EDGE('',*,*,#4729,.T.);
#4727=ORIENTED_EDGE('',*,*,#4730,.T.);
#4728=EDGE_CURVE('',#44,#38,#4731,.F.);
#4729=EDGE_CURVE('',#38,#266,#4732,.T.);
#4730=EDGE_CURVE('',#266,#44,#4733,.T.);
#4731=LINE('',#43,#4734);
#4732=LINE('',#37,#4735);
#4733=LINE('',#265,#4736);
#4734=VECTOR('',#4737,1.0);
#4735=VECTOR('',#4738,1.0);
#4736=VECTOR('',#4739,1.0);
#4737=DIRECTION('',(-1,0,0));
#4738=DIRECTION('',(0.6914947350589981,0.7223814998916334,0));
#4739=DIRECTION('',(-0.1575480725649238,-0.9875113188369424,0));
#4740=STYLED_ITEM('',(#18),#4741);
#4741=FACE_SURFACE('',(#4746),#4742,.T.);
#4742=PLANE('',#4743);
#4743=AXIS2_PLACEMENT_3D('',#265,#4744,#4745);
#4744=DIRECTION('',(0,-0,-1));
#4745=DIRECTION('',(0.8963301754820817,-0.44338720834081413,0));
#4746=FACE_BOUND('',#4747,.T.);
#4747=EDGE_LOOP('',(#4748,#4749,#4750));
#4748=ORIENTED_EDGE('',*,*,#4751,.T.);
#4749=ORIENTED_EDGE('',*,*,#4752,.T.);
#4750=ORIENTED_EDGE('',*,*,#4753,.T.);
#4751=EDGE_CURVE('',#266,#306,#4754,.F.);
#4752=EDGE_CURVE('',#306,#44,#4755,.T.);
#4753=EDGE_CURVE('',#44,#266,#4756,.T.);
#4754=LINE('',#265,#4757);
#4755=LINE('',#305,#4758);
#4756=LINE('',#43,#4759);
#4757=VECTOR('',#4760,1.0);
#4758=VECTOR('',#4761,1.0);
#4759=VECTOR('',#4762,1.0);
#4760=DIRECTION('',(0.8963301754820817,-0.44338720834081413,0));
#4761=DIRECTION('',(-0.19674438723545515,-0.9804548159356172,0));
#4762=DIRECTION('',(0.1575480725649238,0.9875113188369424,0));
#4763=STYLED_ITEM('',(#18),#4764);
#4764=FACE_SURFACE('',(#4769),#4765,.T.);
#4765=PLANE('',#4766);
#4766=AXIS2_PLACEMENT_3D('',#275,#4767,#4768);
#4767=DIRECTION('',(0,-0,-1));
#4768=DIRECTION('',(0.7516208142844294,-0.6595954453560237,0));
#4769=FACE_BOUND('',#4770,.T.);
#4770=EDGE_LOOP('',(#4771,#4772,#4773));
#4771=ORIENTED_EDGE('',*,*,#4774,.T.);
#4772=ORIENTED_EDGE('',*,*,#4775,.T.);
#4773=ORIENTED_EDGE('',*,*,#4776,.T.);
#4774=EDGE_CURVE('',#276,#272,#4777,.F.);
#4775=EDGE_CURVE('',#272,#38,#4778,.T.);
#4776=EDGE_CURVE('',#38,#276,#4779,.T.);
#4777=LINE('',#275,#4780);
#4778=LINE('',#271,#4781);
#4779=LINE('',#37,#4782);
#4780=VECTOR('',#4783,1.0);
#4781=VECTOR('',#4784,1.0);
#4782=VECTOR('',#4785,1.0);
#4783=DIRECTION('',(0.7516208142844294,-0.6595954453560237,0));
#4784=DIRECTION('',(-0.6559521749641741,-0.754802453731948,0));
#4785=DIRECTION('',(0.6468346242460999,0.7626302963273925,0));
#4786=STYLED_ITEM('',(#18),#4787);
#4787=FACE_SURFACE('',(#4792),#4788,.T.);
#4788=PLANE('',#4789);
#4789=AXIS2_PLACEMENT_3D('',#305,#4790,#4791);
#4790=DIRECTION('',(0,-0,-1));
#4791=DIRECTION('',(0.9471445756278123,-0.3208070336803909,0));
#4792=FACE_BOUND('',#4793,.T.);
#4793=EDGE_LOOP('',(#4794,#4795,#4796));
#4794=ORIENTED_EDGE('',*,*,#4797,.T.);
#4795=ORIENTED_EDGE('',*,*,#4798,.T.);
#4796=ORIENTED_EDGE('',*,*,#4799,.T.);
#4797=EDGE_CURVE('',#306,#244,#4800,.F.);
#4798=EDGE_CURVE('',#244,#44,#4801,.T.);
#4799=EDGE_CURVE('',#44,#306,#4802,.T.);
#4800=LINE('',#305,#4803);
#4801=LINE('',#243,#4804);
#4802=LINE('',#43,#4805);
#4803=VECTOR('',#4806,1.0);
#4804=VECTOR('',#4807,1.0);
#4805=VECTOR('',#4808,1.0);
#4806=DIRECTION('',(0.9471445756278123,-0.3208070336803909,0));
#4807=DIRECTION('',(-0.23733391613451,-0.9714281302557886,0));
#4808=DIRECTION('',(0.19674438723545515,0.9804548159356172,0));
#4809=STYLED_ITEM('',(#18),#4810);
#4810=FACE_SURFACE('',(#4815),#4811,.T.);
#4811=PLANE('',#4812);
#4812=AXIS2_PLACEMENT_3D('',#385,#4813,#4814);
#4813=DIRECTION('',(0,-0,-1));
#4814=DIRECTION('',(0.9479222324347218,-0.3185018700980786,0));
#4815=FACE_BOUND('',#4816,.T.);
#4816=EDGE_LOOP('',(#4817,#4818,#4819));
#4817=ORIENTED_EDGE('',*,*,#4820,.T.);
#4818=ORIENTED_EDGE('',*,*,#4821,.T.);
#4819=ORIENTED_EDGE('',*,*,#4822,.T.);
#4820=EDGE_CURVE('',#386,#348,#4823,.F.);
#4821=EDGE_CURVE('',#348,#346,#4824,.T.);
#4822=EDGE_CURVE('',#346,#386,#4825,.T.);
#4823=LINE('',#385,#4826);
#4824=LINE('',#347,#4827);
#4825=LINE('',#345,#4828);
#4826=VECTOR('',#4829,1.0);
#4827=VECTOR('',#4830,1.0);
#4828=VECTOR('',#4831,1.0);
#4829=DIRECTION('',(0.9479222324347218,-0.3185018700980786,0));
#4830=DIRECTION('',(-0.3787848936656254,-0.9254847401933328,0));
#4831=DIRECTION('',(0.3184280302685314,0.9479470394169198,0));
#4832=STYLED_ITEM('',(#18),#4833);
#4833=FACE_SURFACE('',(#4838),#4834,.T.);
#4834=PLANE('',#4835);
#4835=AXIS2_PLACEMENT_3D('',#135,#4836,#4837);
#4836=DIRECTION('',(0,0,-1));
#4837=DIRECTION('',(0.5438212591909755,0.8392010712886048,0));
#4838=FACE_BOUND('',#4839,.T.);
#4839=EDGE_LOOP('',(#4840,#4841,#4842));
#4840=ORIENTED_EDGE('',*,*,#4843,.T.);
#4841=ORIENTED_EDGE('',*,*,#4844,.T.);
#4842=ORIENTED_EDGE('',*,*,#4845,.T.);
#4843=EDGE_CURVE('',#136,#386,#4846,.F.);
#4844=EDGE_CURVE('',#386,#346,#4847,.T.);
#4845=EDGE_CURVE('',#346,#136,#4848,.T.);
#4846=LINE('',#135,#4849);
#4847=LINE('',#385,#4850);
#4848=LINE('',#345,#4851);
#4849=VECTOR('',#4852,1.0);
#4850=VECTOR('',#4853,1.0);
#4851=VECTOR('',#4854,1.0);
#4852=DIRECTION('',(0.5438212591909755,0.8392010712886048,0));
#4853=DIRECTION('',(-0.3184280302685314,-0.9479470394169198,0));
#4854=DIRECTION('',(-0.9471445756278133,0.3208070336803878,0));
#4855=STYLED_ITEM('',(#18),#4856);
#4856=FACE_SURFACE('',(#4861),#4857,.T.);
#4857=PLANE('',#4858);
#4858=AXIS2_PLACEMENT_3D('',#139,#4859,#4860);
#4859=DIRECTION('',(0,0,-1));
#4860=DIRECTION('',(0.639957944939541,0.7684099353266846,0));
#4861=FACE_BOUND('',#4862,.T.);
#4862=EDGE_LOOP('',(#4863,#4864,#4865));
#4863=ORIENTED_EDGE('',*,*,#4866,.T.);
#4864=ORIENTED_EDGE('',*,*,#4867,.T.);
#4865=ORIENTED_EDGE('',*,*,#4868,.T.);
#4866=EDGE_CURVE('',#140,#138,#4869,.F.);
#4867=EDGE_CURVE('',#138,#136,#4870,.T.);
#4868=EDGE_CURVE('',#136,#140,#4871,.T.);
#4869=LINE('',#139,#4872);
#4870=LINE('',#137,#4873);
#4871=LINE('',#135,#4874);
#4872=VECTOR('',#4875,1.0);
#4873=VECTOR('',#4876,1.0);
#4874=VECTOR('',#4877,1.0);
#4875=DIRECTION('',(0.639957944939541,0.7684099353266846,0));
#4876=DIRECTION('',(-0.43600633883799517,-0.899943594061921,0));
#4877=DIRECTION('',(-0.896330175482079,0.44338720834081957,0));
#4878=STYLED_ITEM('',(#18),#4879);
#4879=FACE_SURFACE('',(#4884),#4880,.T.);
#4880=PLANE('',#4881);
#4881=AXIS2_PLACEMENT_3D('',#89,#4882,#4883);
#4882=DIRECTION('',(0,0,-1));
#4883=DIRECTION('',(0.7626148080894262,0.6468528847293855,0));
#4884=FACE_BOUND('',#4885,.T.);
#4885=EDGE_LOOP('',(#4886,#4887,#4888));
#4886=ORIENTED_EDGE('',*,*,#4889,.T.);
#4887=ORIENTED_EDGE('',*,*,#4890,.T.);
#4888=ORIENTED_EDGE('',*,*,#4891,.T.);
#4889=EDGE_CURVE('',#90,#88,#4892,.F.);
#4890=EDGE_CURVE('',#88,#140,#4893,.T.);
#4891=EDGE_CURVE('',#140,#90,#4894,.T.);
#4892=LINE('',#89,#4895);
#4893=LINE('',#87,#4896);
#4894=LINE('',#139,#4897);
#4895=VECTOR('',#4898,1.0);
#4896=VECTOR('',#4899,1.0);
#4897=VECTOR('',#4900,1.0);
#4898=DIRECTION('',(0.7626148080894262,0.6468528847293855,0));
#4899=DIRECTION('',(-0.5925569218024844,-0.8055285807617035,0));
#4900=DIRECTION('',(-0.8311673676268928,0.5560223079986824,0));
#4901=STYLED_ITEM('',(#18),#4902);
#4902=FACE_SURFACE('',(#4907),#4903,.T.);
#4903=PLANE('',#4904);
#4904=AXIS2_PLACEMENT_3D('',#95,#4905,#4906);
#4905=DIRECTION('',(0,0,-1));
#4906=DIRECTION('',(0.9268035779883359,0.3755464389766176,0));
#4907=FACE_BOUND('',#4908,.T.);
#4908=EDGE_LOOP('',(#4909,#4910,#4911));
#4909=ORIENTED_EDGE('',*,*,#4912,.T.);
#4910=ORIENTED_EDGE('',*,*,#4913,.T.);
#4911=ORIENTED_EDGE('',*,*,#4914,.T.);
#4912=EDGE_CURVE('',#96,#86,#4915,.F.);
#4913=EDGE_CURVE('',#86,#84,#4916,.T.);
#4914=EDGE_CURVE('',#84,#96,#4917,.T.);
#4915=LINE('',#95,#4918);
#4916=LINE('',#85,#4919);
#4917=LINE('',#83,#4920);
#4918=VECTOR('',#4921,1.0);
#4919=VECTOR('',#4922,1.0);
#4920=VECTOR('',#4923,1.0);
#4921=DIRECTION('',(0.9268035779883359,0.3755464389766176,0));
#4922=DIRECTION('',(-0.8280642108833512,-0.5606332693072476,0));
#4923=DIRECTION('',(-0.6597221620798697,0.7515095933257684,0));
#4924=STYLED_ITEM('',(#18),#4925);
#4925=FACE_SURFACE('',(#4930),#4926,.T.);
#4926=PLANE('',#4927);
#4927=AXIS2_PLACEMENT_3D('',#83,#4928,#4929);
#4928=DIRECTION('',(0,0,-1));
#4929=DIRECTION('',(0.8578278231524707,0.513937180816385,0));
#4930=FACE_BOUND('',#4931,.T.);
#4931=EDGE_LOOP('',(#4932,#4933,#4934));
#4932=ORIENTED_EDGE('',*,*,#4935,.T.);
#4933=ORIENTED_EDGE('',*,*,#4936,.T.);
#4934=ORIENTED_EDGE('',*,*,#4937,.T.);
#4935=EDGE_CURVE('',#84,#82,#4938,.F.);
#4936=EDGE_CURVE('',#82,#90,#4939,.T.);
#4937=EDGE_CURVE('',#90,#84,#4940,.T.);
#4938=LINE('',#83,#4941);
#4939=LINE('',#81,#4942);
#4940=LINE('',#89,#4943);
#4941=VECTOR('',#4944,1.0);
#4942=VECTOR('',#4945,1.0);
#4943=VECTOR('',#4946,1.0);
#4944=DIRECTION('',(0.8578278231524707,0.513937180816385,0));
#4945=DIRECTION('',(-0.7238964548810242,-0.6899086335238062,0));
#4946=DIRECTION('',(-0.7515095933257684,0.6597221620798697,0));
#4947=STYLED_ITEM('',(#18),#4948);
#4948=FACE_SURFACE('',(#4953),#4949,.T.);
#4949=PLANE('',#4950);
#4950=AXIS2_PLACEMENT_3D('',#347,#4951,#4952);
#4951=DIRECTION('',(0,-0,-1));
#4952=DIRECTION('',(0.9799873195820539,-0.199059924290103,0));
#4953=FACE_BOUND('',#4954,.T.);
#4954=EDGE_LOOP('',(#4955,#4956,#4957));
#4955=ORIENTED_EDGE('',*,*,#4958,.T.);
#4956=ORIENTED_EDGE('',*,*,#4959,.T.);
#4957=ORIENTED_EDGE('',*,*,#4960,.T.);
#4958=EDGE_CURVE('',#348,#352,#4961,.F.);
#4959=EDGE_CURVE('',#352,#344,#4962,.T.);
#4960=EDGE_CURVE('',#344,#348,#4963,.T.);
#4961=LINE('',#347,#4964);
#4962=LINE('',#351,#4965);
#4963=LINE('',#343,#4966);
#4964=VECTOR('',#4967,1.0);
#4965=VECTOR('',#4968,1.0);
#4966=VECTOR('',#4969,1.0);
#4967=DIRECTION('',(0.9799873195820539,-0.199059924290103,0));
#4968=DIRECTION('',(-0.19448969742013025,-0.9809045609015316,0));
#4969=DIRECTION('',(0.13050585714686086,0.9914475383248288,0));
#4970=STYLED_ITEM('',(#18),#4971);
#4971=FACE_SURFACE('',(#4976),#4972,.T.);
#4972=PLANE('',#4973);
#4973=AXIS2_PLACEMENT_3D('',#385,#4974,#4975);
#4974=DIRECTION('',(-0,0,-1));
#4975=DIRECTION('',(-0.5438212591909755,-0.8392010712886048,0));
#4976=FACE_BOUND('',#4977,.T.);
#4977=EDGE_LOOP('',(#4978,#4979,#4980));
#4978=ORIENTED_EDGE('',*,*,#4981,.T.);
#4979=ORIENTED_EDGE('',*,*,#4982,.T.);
#4980=ORIENTED_EDGE('',*,*,#4983,.T.);
#4981=EDGE_CURVE('',#386,#136,#4984,.F.);
#4982=EDGE_CURVE('',#136,#134,#4985,.T.);
#4983=EDGE_CURVE('',#134,#386,#4986,.T.);
#4984=LINE('',#385,#4987);
#4985=LINE('',#135,#4988);
#4986=LINE('',#133,#4989);
#4987=VECTOR('',#4990,1.0);
#4988=VECTOR('',#4991,1.0);
#4989=VECTOR('',#4992,1.0);
#4990=DIRECTION('',(-0.5438212591909755,-0.8392010712886048,0));
#4991=DIRECTION('',(0.4908946868306318,0.8712189199285423,0));
#4992=DIRECTION('',(0.8959534904282143,-0.44414788414389644,0));
#4993=STYLED_ITEM('',(#18),#4994);
#4994=FACE_SURFACE('',(#4999),#4995,.T.);
#4995=PLANE('',#4996);
#4996=AXIS2_PLACEMENT_3D('',#363,#4997,#4998);
#4997=DIRECTION('',(0,0,-1));
#4998=DIRECTION('',(0.7688842702856028,0.6393879721322385,0));
#4999=FACE_BOUND('',#5000,.T.);
#5000=EDGE_LOOP('',(#5001,#5002,#5003));
#5001=ORIENTED_EDGE('',*,*,#5004,.T.);
#5002=ORIENTED_EDGE('',*,*,#5005,.T.);
#5003=ORIENTED_EDGE('',*,*,#5006,.T.);
#5004=EDGE_CURVE('',#364,#360,#5007,.F.);
#5005=EDGE_CURVE('',#360,#280,#5008,.T.);
#5006=EDGE_CURVE('',#280,#364,#5009,.T.);
#5007=LINE('',#363,#5010);
#5008=LINE('',#359,#5011);
#5009=LINE('',#279,#5012);
#5010=VECTOR('',#5013,1.0);
#5011=VECTOR('',#5014,1.0);
#5012=VECTOR('',#5015,1.0);
#5013=DIRECTION('',(0.7688842702856028,0.6393879721322385,0));
#5014=DIRECTION('',(-0.6705569513861218,-0.741858055794874,0));
#5015=DIRECTION('',(-0.5560223079986808,0.8311673676268938,0));
#5016=STYLED_ITEM('',(#18),#5017);
#5017=FACE_SURFACE('',(#5022),#5018,.T.);
#5018=PLANE('',#5019);
#5019=AXIS2_PLACEMENT_3D('',#367,#5020,#5021);
#5020=DIRECTION('',(0,0,-1));
#5021=DIRECTION('',(-0.1950129963791784,0.9808006582599823,0));
#5022=FACE_BOUND('',#5023,.T.);
#5023=EDGE_LOOP('',(#5024,#5025,#5026));
#5024=ORIENTED_EDGE('',*,*,#5027,.T.);
#5025=ORIENTED_EDGE('',*,*,#5028,.T.);
#5026=ORIENTED_EDGE('',*,*,#5029,.T.);
#5027=EDGE_CURVE('',#368,#370,#5030,.F.);
#5028=EDGE_CURVE('',#370,#388,#5031,.T.);
#5029=EDGE_CURVE('',#388,#368,#5032,.T.);
#5030=LINE('',#367,#5033);
#5031=LINE('',#369,#5034);
#5032=LINE('',#387,#5035);
#5033=VECTOR('',#5036,1.0);
#5034=VECTOR('',#5037,1.0);
#5035=VECTOR('',#5038,1.0);
#5036=DIRECTION('',(-0.1950129963791784,0.9808006582599823,0));
#5037=DIRECTION('',(0.9497508284626777,0.31300697090393603,0));
#5038=DIRECTION('',(-0.8901080399948588,-0.45574957722033144,0));
#5039=STYLED_ITEM('',(#18),#5040);
#5040=FACE_SURFACE('',(#5045),#5041,.T.);
#5041=PLANE('',#5042);
#5042=AXIS2_PLACEMENT_3D('',#389,#5043,#5044);
#5043=DIRECTION('',(0,-0,-1));
#5044=DIRECTION('',(0.44414788414390177,-0.8959534904282115,0));
#5045=FACE_BOUND('',#5046,.T.);
#5046=EDGE_LOOP('',(#5047,#5048,#5049));
#5047=ORIENTED_EDGE('',*,*,#5050,.T.);
#5048=ORIENTED_EDGE('',*,*,#5051,.T.);
#5049=ORIENTED_EDGE('',*,*,#5052,.T.);
#5050=EDGE_CURVE('',#390,#388,#5053,.F.);
#5051=EDGE_CURVE('',#388,#370,#5054,.T.);
#5052=EDGE_CURVE('',#370,#390,#5055,.T.);
#5053=LINE('',#389,#5056);
#5054=LINE('',#387,#5057);
#5055=LINE('',#369,#5058);
#5056=VECTOR('',#5059,1.0);
#5057=VECTOR('',#5060,1.0);
#5058=VECTOR('',#5061,1.0);
#5059=DIRECTION('',(0.44414788414390177,-0.8959534904282115,0));
#5060=DIRECTION('',(-0.9497508284626777,-0.31300697090393603,0));
#5061=DIRECTION('',(0.9365315880657704,0.3505832063219887,0));
#5062=STYLED_ITEM('',(#18),#5063);
#5063=FACE_SURFACE('',(#5068),#5064,.T.);
#5064=PLANE('',#5065);
#5065=AXIS2_PLACEMENT_3D('',#369,#5066,#5067);
#5066=DIRECTION('',(0,0,-1));
#5067=DIRECTION('',(-0.06499637357340061,0.9978855001563592,0));
#5068=FACE_BOUND('',#5069,.T.);
#5069=EDGE_LOOP('',(#5070,#5071,#5072));
#5070=ORIENTED_EDGE('',*,*,#5073,.T.);
#5071=ORIENTED_EDGE('',*,*,#5074,.T.);
#5072=ORIENTED_EDGE('',*,*,#5075,.T.);
#5073=EDGE_CURVE('',#370,#56,#5076,.F.);
#5074=EDGE_CURVE('',#56,#390,#5077,.T.);
#5075=EDGE_CURVE('',#390,#370,#5078,.T.);
#5076=LINE('',#369,#5079);
#5077=LINE('',#55,#5080);
#5078=LINE('',#389,#5081);
#5079=VECTOR('',#5082,1.0);
#5080=VECTOR('',#5083,1.0);
#5081=VECTOR('',#5084,1.0);
#5082=DIRECTION('',(-0.06499637357340061,0.9978855001563592,0));
#5083=DIRECTION('',(0.9805069986705778,0.196484161086882,0));
#5084=DIRECTION('',(-0.9365315880657704,-0.3505832063219887,0));
#5085=STYLED_ITEM('',(#18),#5086);
#5086=FACE_SURFACE('',(#5091),#5087,.T.);
#5087=PLANE('',#5088);
#5088=AXIS2_PLACEMENT_3D('',#387,#5089,#5090);
#5089=DIRECTION('',(0,-0,-1));
#5090=DIRECTION('',(0.5564580441595913,-0.8308757097725762,0));
#5091=FACE_BOUND('',#5092,.T.);
#5092=EDGE_LOOP('',(#5093,#5094,#5095));
#5093=ORIENTED_EDGE('',*,*,#5096,.T.);
#5094=ORIENTED_EDGE('',*,*,#5097,.T.);
#5095=ORIENTED_EDGE('',*,*,#5098,.T.);
#5096=EDGE_CURVE('',#388,#362,#5099,.F.);
#5097=EDGE_CURVE('',#362,#368,#5100,.T.);
#5098=EDGE_CURVE('',#368,#388,#5101,.T.);
#5099=LINE('',#387,#5102);
#5100=LINE('',#361,#5103);
#5101=LINE('',#367,#5104);
#5102=VECTOR('',#5105,1.0);
#5103=VECTOR('',#5106,1.0);
#5104=VECTOR('',#5107,1.0);
#5105=DIRECTION('',(0.5564580441595913,-0.8308757097725762,0));
#5106=DIRECTION('',(-0.9069968730779668,-0.4211373555347357,0));
#5107=DIRECTION('',(0.8901080399948588,0.45574957722033144,0));
#5108=STYLED_ITEM('',(#18),#5109);
#5109=FACE_SURFACE('',(#5114),#5110,.T.);
#5110=PLANE('',#5111);
#5111=AXIS2_PLACEMENT_3D('',#181,#5112,#5113);
#5112=DIRECTION('',(0,-0,-1));
#5113=DIRECTION('',(0.9983314686278072,-0.05774321386488373,0));
#5114=FACE_BOUND('',#5115,.T.);
#5115=EDGE_LOOP('',(#5116,#5117,#5118));
#5116=ORIENTED_EDGE('',*,*,#5119,.T.);
#5117=ORIENTED_EDGE('',*,*,#5120,.T.);
#5118=ORIENTED_EDGE('',*,*,#5121,.T.);
#5119=EDGE_CURVE('',#182,#176,#5122,.F.);
#5120=EDGE_CURVE('',#176,#180,#5123,.T.);
#5121=EDGE_CURVE('',#180,#182,#5124,.T.);
#5122=LINE('',#181,#5125);
#5123=LINE('',#175,#5126);
#5124=LINE('',#179,#5127);
#5125=VECTOR('',#5128,1.0);
#5126=VECTOR('',#5129,1.0);
#5127=VECTOR('',#5130,1.0);
#5128=DIRECTION('',(0.9983314686278072,-0.05774321386488373,0));
#5129=DIRECTION('',(-0.9932528773730468,-0.11596862330028486,0));
#5130=DIRECTION('',(0.1950129963791784,0.9808006582599823,0));
#5131=STYLED_ITEM('',(#18),#5132);
#5132=FACE_SURFACE('',(#5137),#5133,.T.);
#5133=PLANE('',#5134);
#5134=AXIS2_PLACEMENT_3D('',#177,#5135,#5136);
#5135=DIRECTION('',(0,-0,-1));
#5136=DIRECTION('',(0.3185018700980786,-0.9479222324347218,0));
#5137=FACE_BOUND('',#5138,.T.);
#5138=EDGE_LOOP('',(#5139,#5140,#5141));
#5139=ORIENTED_EDGE('',*,*,#5142,.T.);
#5140=ORIENTED_EDGE('',*,*,#5143,.T.);
#5141=ORIENTED_EDGE('',*,*,#5144,.T.);
#5142=EDGE_CURVE('',#178,#390,#5145,.F.);
#5143=EDGE_CURVE('',#390,#56,#5146,.T.);
#5144=EDGE_CURVE('',#56,#178,#5147,.T.);
#5145=LINE('',#177,#5148);
#5146=LINE('',#389,#5149);
#5147=LINE('',#55,#5150);
#5148=VECTOR('',#5151,1.0);
#5149=VECTOR('',#5152,1.0);
#5150=VECTOR('',#5153,1.0);
#5151=DIRECTION('',(0.3185018700980786,-0.9479222324347218,0));
#5152=DIRECTION('',(-0.9805069986705778,-0.196484161086882,0));
#5153=DIRECTION('',(0.9714105010367848,0.23740606242356768,0));
#5154=STYLED_ITEM('',(#18),#5155);
#5155=FACE_SURFACE('',(#5160),#5156,.T.);
#5156=PLANE('',#5157);
#5157=AXIS2_PLACEMENT_3D('',#391,#5158,#5159);
#5158=DIRECTION('',(0,0,1));
#5159=DIRECTION('',(-0.06095514542074996,-0.9981405062648923,0));
#5160=FACE_BOUND('',#5161,.T.);
#5161=EDGE_LOOP('',(#5162,#5163,#5164));
#5162=ORIENTED_EDGE('',*,*,#5165,.T.);
#5163=ORIENTED_EDGE('',*,*,#5166,.T.);
#5164=ORIENTED_EDGE('',*,*,#5167,.T.);
#5165=EDGE_CURVE('',#392,#394,#5168,.F.);
#5166=EDGE_CURVE('',#394,#396,#5169,.T.);
#5167=EDGE_CURVE('',#396,#392,#5170,.T.);
#5168=LINE('',#391,#5171);
#5169=LINE('',#393,#5172);
#5170=LINE('',#395,#5173);
#5171=VECTOR('',#5174,1.0);
#5172=VECTOR('',#5175,1.0);
#5173=VECTOR('',#5176,1.0);
#5174=DIRECTION('',(-0.06095514542074996,-0.9981405062648923,0));
#5175=DIRECTION('',(0.9892191820295014,-0.14644251399400404,0));
#5176=DIRECTION('',(-0.9811231538831227,0.19338396240235206,0));
#5177=STYLED_ITEM('',(#18),#5178);
#5178=FACE_SURFACE('',(#5183),#5179,.T.);
#5179=PLANE('',#5180);
#5180=AXIS2_PLACEMENT_3D('',#397,#5181,#5182);
#5181=DIRECTION('',(0,0,1));
#5182=DIRECTION('',(-0.9714105010367848,-0.23740606242356768,0));
#5183=FACE_BOUND('',#5184,.T.);
#5184=EDGE_LOOP('',(#5185,#5186,#5187));
#5185=ORIENTED_EDGE('',*,*,#5188,.T.);
#5186=ORIENTED_EDGE('',*,*,#5189,.T.);
#5187=ORIENTED_EDGE('',*,*,#5190,.T.);
#5188=EDGE_CURVE('',#398,#400,#5191,.F.);
#5189=EDGE_CURVE('',#400,#402,#5192,.T.);
#5190=EDGE_CURVE('',#402,#398,#5193,.T.);
#5191=LINE('',#397,#5194);
#5192=LINE('',#399,#5195);
#5193=LINE('',#401,#5196);
#5194=VECTOR('',#5197,1.0);
#5195=VECTOR('',#5198,1.0);
#5196=VECTOR('',#5199,1.0);
#5197=DIRECTION('',(-0.9714105010367848,-0.23740606242356768,0));
#5198=DIRECTION('',(0.9973425743025964,0.07285457764251825,0));
#5199=DIRECTION('',(0.06499637357340082,0.997885500156359,0));
#5200=STYLED_ITEM('',(#18),#5201);
#5201=FACE_SURFACE('',(#5206),#5202,.T.);
#5202=PLANE('',#5203);
#5203=AXIS2_PLACEMENT_3D('',#403,#5204,#5205);
#5204=DIRECTION('',(0,0,1));
#5205=DIRECTION('',(-0.9999252315935084,0.012228295983847979,0));
#5206=FACE_BOUND('',#5207,.T.);
#5207=EDGE_LOOP('',(#5208,#5209,#5210));
#5208=ORIENTED_EDGE('',*,*,#5211,.T.);
#5209=ORIENTED_EDGE('',*,*,#5212,.T.);
#5210=ORIENTED_EDGE('',*,*,#5213,.T.);
#5211=EDGE_CURVE('',#404,#392,#5214,.F.);
#5212=EDGE_CURVE('',#392,#396,#5215,.T.);
#5213=EDGE_CURVE('',#396,#404,#5216,.T.);
#5214=LINE('',#403,#5217);
#5215=LINE('',#391,#5218);
#5216=LINE('',#395,#5219);
#5217=VECTOR('',#5220,1.0);
#5218=VECTOR('',#5221,1.0);
#5219=VECTOR('',#5222,1.0);
#5220=DIRECTION('',(-0.9999252315935084,0.012228295983847979,0));
#5221=DIRECTION('',(0.9811231538831227,-0.19338396240235206,0));
#5222=DIRECTION('',(0.3208070336803878,0.9471445756278133,0));
#5223=STYLED_ITEM('',(#18),#5224);
#5224=FACE_SURFACE('',(#5229),#5225,.T.);
#5225=PLANE('',#5226);
#5226=AXIS2_PLACEMENT_3D('',#401,#5227,#5228);
#5227=DIRECTION('',(0,0,1));
#5228=DIRECTION('',(-0.9932528773730468,-0.11596862330028546,0));
#5229=FACE_BOUND('',#5230,.T.);
#5230=EDGE_LOOP('',(#5231,#5232,#5233));
#5231=ORIENTED_EDGE('',*,*,#5234,.T.);
#5232=ORIENTED_EDGE('',*,*,#5235,.T.);
#5233=ORIENTED_EDGE('',*,*,#5236,.T.);
#5234=EDGE_CURVE('',#402,#406,#5237,.F.);
#5235=EDGE_CURVE('',#406,#404,#5238,.T.);
#5236=EDGE_CURVE('',#404,#402,#5239,.T.);
#5237=LINE('',#401,#5240);
#5238=LINE('',#405,#5241);
#5239=LINE('',#403,#5242);
#5240=VECTOR('',#5243,1.0);
#5241=VECTOR('',#5244,1.0);
#5242=VECTOR('',#5245,1.0);
#5243=DIRECTION('',(-0.9932528773730468,-0.11596862330028546,0));
#5244=DIRECTION('',(0.9983314686278072,-0.05774321386488373,0));
#5245=DIRECTION('',(0.19501299637917774,0.9808006582599824,0));
#5246=STYLED_ITEM('',(#18),#5247);
#5247=FACE_SURFACE('',(#5252),#5248,.T.);
#5248=PLANE('',#5249);
#5249=AXIS2_PLACEMENT_3D('',#407,#5250,#5251);
#5250=DIRECTION('',(-0,1,0));
#5251=DIRECTION('',(1,0,0));
#5252=FACE_BOUND('',#5253,.T.);
#5253=EDGE_LOOP('',(#5254,#5255,#5256));
#5254=ORIENTED_EDGE('',*,*,#5257,.T.);
#5255=ORIENTED_EDGE('',*,*,#5258,.T.);
#5256=ORIENTED_EDGE('',*,*,#5259,.T.);
#5257=EDGE_CURVE('',#408,#410,#5260,.F.);
#5258=EDGE_CURVE('',#410,#200,#5261,.T.);
#5259=EDGE_CURVE('',#200,#408,#5262,.T.);
#5260=LINE('',#407,#5263);
#5261=LINE('',#409,#5264);
#5262=LINE('',#199,#5265);
#5263=VECTOR('',#5266,1.0);
#5264=VECTOR('',#5267,1.0);
#5265=VECTOR('',#5268,1.0);
#5266=DIRECTION('',(1,0,0));
#5267=DIRECTION('',(-0.7682212795973759,0,-0.6401843996644799));
#5268=DIRECTION('',(0,0,1));
#5269=STYLED_ITEM('',(#18),#5270);
#5270=FACE_SURFACE('',(#5275),#5271,.T.);
#5271=PLANE('',#5272);
#5272=AXIS2_PLACEMENT_3D('',#193,#5273,#5274);
#5273=DIRECTION('',(0,1,-0));
#5274=DIRECTION('',(-1,0,0));
#5275=FACE_BOUND('',#5276,.T.);
#5276=EDGE_LOOP('',(#5277,#5278,#5279));
#5277=ORIENTED_EDGE('',*,*,#5280,.T.);
#5278=ORIENTED_EDGE('',*,*,#5281,.T.);
#5279=ORIENTED_EDGE('',*,*,#5282,.T.);
#5280=EDGE_CURVE('',#194,#200,#5283,.F.);
#5281=EDGE_CURVE('',#200,#410,#5284,.T.);
#5282=EDGE_CURVE('',#410,#194,#5285,.T.);
#5283=LINE('',#193,#5286);
#5284=LINE('',#199,#5287);
#5285=LINE('',#409,#5288);
#5286=VECTOR('',#5289,1.0);
#5287=VECTOR('',#5290,1.0);
#5288=VECTOR('',#5291,1.0);
#5289=DIRECTION('',(-1,0,0));
#5290=DIRECTION('',(0.7682212795973759,0,0.6401843996644799));
#5291=DIRECTION('',(0,0,-1));
#5292=STYLED_ITEM('',(#18),#5293);
#5293=FACE_SURFACE('',(#5298),#5294,.T.);
#5294=PLANE('',#5295);
#5295=AXIS2_PLACEMENT_3D('',#411,#5296,#5297);
#5296=DIRECTION('',(-0,0,1));
#5297=DIRECTION('',(0.3208070336803878,-0.9471445756278133,0));
#5298=FACE_BOUND('',#5299,.T.);
#5299=EDGE_LOOP('',(#5300,#5301,#5302));
#5300=ORIENTED_EDGE('',*,*,#5303,.T.);
#5301=ORIENTED_EDGE('',*,*,#5304,.T.);
#5302=ORIENTED_EDGE('',*,*,#5305,.T.);
#5303=EDGE_CURVE('',#412,#414,#5306,.F.);
#5304=EDGE_CURVE('',#414,#416,#5307,.T.);
#5305=EDGE_CURVE('',#416,#412,#5308,.T.);
#5306=LINE('',#411,#5309);
#5307=LINE('',#413,#5310);
#5308=LINE('',#415,#5311);
#5309=VECTOR('',#5312,1.0);
#5310=VECTOR('',#5313,1.0);
#5311=VECTOR('',#5314,1.0);
#5312=DIRECTION('',(0.3208070336803878,-0.9471445756278133,0));
#5313=DIRECTION('',(0.9811095269018487,0.19345308532672864,0));
#5314=DIRECTION('',(-0.9999251793229172,-0.012232569477910604,0));
#5315=STYLED_ITEM('',(#18),#5316);
#5316=FACE_SURFACE('',(#5321),#5317,.T.);
#5317=PLANE('',#5318);
#5318=AXIS2_PLACEMENT_3D('',#413,#5319,#5320);
#5319=DIRECTION('',(-0,0,1));
#5320=DIRECTION('',(0.44338720834081957,-0.896330175482079,0));
#5321=FACE_BOUND('',#5322,.T.);
#5322=EDGE_LOOP('',(#5323,#5324,#5325));
#5323=ORIENTED_EDGE('',*,*,#5326,.T.);
#5324=ORIENTED_EDGE('',*,*,#5327,.T.);
#5325=ORIENTED_EDGE('',*,*,#5328,.T.);
#5326=EDGE_CURVE('',#414,#418,#5329,.F.);
#5327=EDGE_CURVE('',#418,#420,#5330,.T.);
#5328=EDGE_CURVE('',#420,#414,#5331,.T.);
#5329=LINE('',#413,#5332);
#5330=LINE('',#417,#5333);
#5331=LINE('',#419,#5334);
#5332=VECTOR('',#5335,1.0);
#5333=VECTOR('',#5336,1.0);
#5334=VECTOR('',#5337,1.0);
#5335=DIRECTION('',(0.44338720834081957,-0.896330175482079,0));
#5336=DIRECTION('',(0.9433212477700906,0.3318810381830805,0));
#5337=DIRECTION('',(-0.9892191820295014,-0.14644251399400404,0));
#5338=STYLED_ITEM('',(#18),#5339);
#5339=FACE_SURFACE('',(#5344),#5340,.T.);
#5340=PLANE('',#5341);
#5341=AXIS2_PLACEMENT_3D('',#121,#5342,#5343);
#5342=DIRECTION('',(-0.7549337632642399,-0.6558010468760267,0));
#5343=DIRECTION('',(0.6558010468760267,-0.7549337632642399,0));
#5344=FACE_BOUND('',#5345,.T.);
#5345=EDGE_LOOP('',(#5346,#5347,#5348));
#5346=ORIENTED_EDGE('',*,*,#5349,.T.);
#5347=ORIENTED_EDGE('',*,*,#5350,.T.);
#5348=ORIENTED_EDGE('',*,*,#5351,.T.);
#5349=EDGE_CURVE('',#122,#124,#5352,.F.);
#5350=EDGE_CURVE('',#124,#422,#5353,.T.);
#5351=EDGE_CURVE('',#422,#122,#5354,.T.);
#5352=LINE('',#121,#5355);
#5353=LINE('',#123,#5356);
#5354=LINE('',#421,#5357);
#5355=VECTOR('',#5358,1.0);
#5356=VECTOR('',#5359,1.0);
#5357=VECTOR('',#5360,1.0);
#5358=DIRECTION('',(0.6558010468760267,-0.7549337632642399,0));
#5359=DIRECTION('',(-0.008599260624361662,0.00989914885827649,0.9999140260885412));
#5360=DIRECTION('',(0,0,-1));
#5361=STYLED_ITEM('',(#18),#5362);
#5362=FACE_SURFACE('',(#5367),#5363,.T.);
#5363=PLANE('',#5364);
#5364=AXIS2_PLACEMENT_3D('',#415,#5365,#5366);
#5365=DIRECTION('',(0,-0,1));
#5366=DIRECTION('',(0.0685407242308449,0.9976483193600396,0));
#5367=FACE_BOUND('',#5368,.T.);
#5368=EDGE_LOOP('',(#5369,#5370,#5371));
#5369=ORIENTED_EDGE('',*,*,#5372,.T.);
#5370=ORIENTED_EDGE('',*,*,#5373,.T.);
#5371=ORIENTED_EDGE('',*,*,#5374,.T.);
#5372=EDGE_CURVE('',#416,#424,#5375,.F.);
#5373=EDGE_CURVE('',#424,#412,#5376,.T.);
#5374=EDGE_CURVE('',#412,#416,#5377,.T.);
#5375=LINE('',#415,#5378);
#5376=LINE('',#423,#5379);
#5377=LINE('',#411,#5380);
#5378=VECTOR('',#5381,1.0);
#5379=VECTOR('',#5382,1.0);
#5380=VECTOR('',#5383,1.0);
#5381=DIRECTION('',(0.0685407242308449,0.9976483193600396,0));
#5382=DIRECTION('',(-0.9983314686278072,-0.05774321386488373,0));
#5383=DIRECTION('',(0.9999251793229172,0.012232569477910604,0));
#5384=STYLED_ITEM('',(#18),#5385);
#5385=FACE_SURFACE('',(#5390),#5386,.T.);
#5386=PLANE('',#5387);
#5387=AXIS2_PLACEMENT_3D('',#425,#5388,#5389);
#5388=DIRECTION('',(0,0,1));
#5389=DIRECTION('',(0.19501299637917774,-0.9808006582599824,0));
#5390=FACE_BOUND('',#5391,.T.);
#5391=EDGE_LOOP('',(#5392,#5393,#5394));
#5392=ORIENTED_EDGE('',*,*,#5395,.T.);
#5393=ORIENTED_EDGE('',*,*,#5396,.T.);
#5394=ORIENTED_EDGE('',*,*,#5397,.T.);
#5395=EDGE_CURVE('',#426,#412,#5398,.F.);
#5396=EDGE_CURVE('',#412,#424,#5399,.T.);
#5397=EDGE_CURVE('',#424,#426,#5400,.T.);
#5398=LINE('',#425,#5401);
#5399=LINE('',#411,#5402);
#5400=LINE('',#423,#5403);
#5401=VECTOR('',#5404,1.0);
#5402=VECTOR('',#5405,1.0);
#5403=VECTOR('',#5406,1.0);
#5404=DIRECTION('',(0.19501299637917774,-0.9808006582599824,0));
#5405=DIRECTION('',(0.9983314686278072,0.05774321386488373,0));
#5406=DIRECTION('',(-0.9932528773730468,0.11596862330028546,0));
#5407=STYLED_ITEM('',(#18),#5408);
#5408=FACE_SURFACE('',(#5413),#5409,.T.);
#5409=PLANE('',#5410);
#5410=AXIS2_PLACEMENT_3D('',#419,#5411,#5412);
#5411=DIRECTION('',(0,0,1));
#5412=DIRECTION('',(-0.0685407242308449,0.9976483193600396,0));
#5413=FACE_BOUND('',#5414,.T.);
#5414=EDGE_LOOP('',(#5415,#5416,#5417));
#5415=ORIENTED_EDGE('',*,*,#5418,.T.);
#5416=ORIENTED_EDGE('',*,*,#5419,.T.);
#5417=ORIENTED_EDGE('',*,*,#5420,.T.);
#5418=EDGE_CURVE('',#420,#416,#5421,.F.);
#5419=EDGE_CURVE('',#416,#414,#5422,.T.);
#5420=EDGE_CURVE('',#414,#420,#5423,.T.);
#5421=LINE('',#419,#5424);
#5422=LINE('',#415,#5425);
#5423=LINE('',#413,#5426);
#5424=VECTOR('',#5427,1.0);
#5425=VECTOR('',#5428,1.0);
#5426=VECTOR('',#5429,1.0);
#5427=DIRECTION('',(-0.0685407242308449,0.9976483193600396,0));
#5428=DIRECTION('',(-0.9811095269018487,-0.19345308532672864,0));
#5429=DIRECTION('',(0.9892191820295014,0.14644251399400404,0));
#5430=STYLED_ITEM('',(#18),#5431);
#5431=FACE_SURFACE('',(#5436),#5432,.T.);
#5432=PLANE('',#5433);
#5433=AXIS2_PLACEMENT_3D('',#51,#5434,#5435);
#5434=DIRECTION('',(0,0,1));
#5435=DIRECTION('',(0.06499637357340082,-0.997885500156359,0));
#5436=FACE_BOUND('',#5437,.T.);
#5437=EDGE_LOOP('',(#5438,#5439,#5440));
#5438=ORIENTED_EDGE('',*,*,#5441,.T.);
#5439=ORIENTED_EDGE('',*,*,#5442,.T.);
#5440=ORIENTED_EDGE('',*,*,#5443,.T.);
#5441=EDGE_CURVE('',#52,#426,#5444,.F.);
#5442=EDGE_CURVE('',#426,#428,#5445,.T.);
#5443=EDGE_CURVE('',#428,#52,#5446,.T.);
#5444=LINE('',#51,#5447);
#5445=LINE('',#425,#5448);
#5446=LINE('',#427,#5449);
#5447=VECTOR('',#5450,1.0);
#5448=VECTOR('',#5451,1.0);
#5449=VECTOR('',#5452,1.0);
#5450=DIRECTION('',(0.06499637357340082,-0.997885500156359,0));
#5451=DIRECTION('',(0.9973425743025964,-0.07285457764251825,0));
#5452=DIRECTION('',(-0.9714105010367848,0.23740606242356768,0));
#5453=STYLED_ITEM('',(#18),#5454);
#5454=FACE_SURFACE('',(#5459),#5455,.T.);
#5455=PLANE('',#5456);
#5456=AXIS2_PLACEMENT_3D('',#407,#5457,#5458);
#5457=DIRECTION('',(1,-0,0));
#5458=DIRECTION('',(0,0,-1));
#5459=FACE_BOUND('',#5460,.T.);
#5460=EDGE_LOOP('',(#5461,#5462,#5463));
#5461=ORIENTED_EDGE('',*,*,#5464,.T.);
#5462=ORIENTED_EDGE('',*,*,#5465,.T.);
#5463=ORIENTED_EDGE('',*,*,#5466,.T.);
#5464=EDGE_CURVE('',#408,#200,#5467,.F.);
#5465=EDGE_CURVE('',#200,#430,#5468,.T.);
#5466=EDGE_CURVE('',#430,#408,#5469,.T.);
#5467=LINE('',#407,#5470);
#5468=LINE('',#199,#5471);
#5469=LINE('',#429,#5472);
#5470=VECTOR('',#5473,1.0);
#5471=VECTOR('',#5474,1.0);
#5472=VECTOR('',#5475,1.0);
#5473=DIRECTION('',(0,0,-1));
#5474=DIRECTION('',(0,0.09950371902099892,0.9950371902099892));
#5475=DIRECTION('',(0,-1,0));
#5476=STYLED_ITEM('',(#18),#5477);
#5477=FACE_SURFACE('',(#5482),#5478,.T.);
#5478=PLANE('',#5479);
#5479=AXIS2_PLACEMENT_3D('',#147,#5480,#5481);
#5480=DIRECTION('',(-0.9799873195820538,-0.19905992429010297,0));
#5481=DIRECTION('',(0.199059924290103,-0.9799873195820539,0));
#5482=FACE_BOUND('',#5483,.T.);
#5483=EDGE_LOOP('',(#5484,#5485,#5486));
#5484=ORIENTED_EDGE('',*,*,#5487,.T.);
#5485=ORIENTED_EDGE('',*,*,#5488,.T.);
#5486=ORIENTED_EDGE('',*,*,#5489,.T.);
#5487=EDGE_CURVE('',#148,#326,#5490,.F.);
#5488=EDGE_CURVE('',#326,#432,#5491,.T.);
#5489=EDGE_CURVE('',#432,#148,#5492,.T.);
#5490=LINE('',#147,#5493);
#5491=LINE('',#325,#5494);
#5492=LINE('',#431,#5495);
#5493=VECTOR('',#5496,1.0);
#5494=VECTOR('',#5497,1.0);
#5495=VECTOR('',#5498,1.0);
#5496=DIRECTION('',(0.199059924290103,-0.9799873195820539,0));
#5497=DIRECTION('',(-0.0025997782483726975,0.01279890829968108,0.9999147109125835));
#5498=DIRECTION('',(0,0,-1));
#5499=STYLED_ITEM('',(#18),#5500);
#5500=FACE_SURFACE('',(#5505),#5501,.T.);
#5501=PLANE('',#5502);
#5502=AXIS2_PLACEMENT_3D('',#205,#5503,#5504);
#5503=DIRECTION('',(1,0,-0));
#5504=DIRECTION('',(0,0,1));
#5505=FACE_BOUND('',#5506,.T.);
#5506=EDGE_LOOP('',(#5507,#5508,#5509));
#5507=ORIENTED_EDGE('',*,*,#5510,.T.);
#5508=ORIENTED_EDGE('',*,*,#5511,.T.);
#5509=ORIENTED_EDGE('',*,*,#5512,.T.);
#5510=EDGE_CURVE('',#206,#430,#5513,.F.);
#5511=EDGE_CURVE('',#430,#200,#5514,.T.);
#5512=EDGE_CURVE('',#200,#206,#5515,.T.);
#5513=LINE('',#205,#5516);
#5514=LINE('',#429,#5517);
#5515=LINE('',#199,#5518);
#5516=VECTOR('',#5519,1.0);
#5517=VECTOR('',#5520,1.0);
#5518=VECTOR('',#5521,1.0);
#5519=DIRECTION('',(0,0,1));
#5520=DIRECTION('',(0,-0.09950371902099892,-0.9950371902099892));
#5521=DIRECTION('',(0,1,0));
#5522=STYLED_ITEM('',(#18),#5523);
#5523=FACE_SURFACE('',(#5528),#5524,.T.);
#5524=PLANE('',#5525);
#5525=AXIS2_PLACEMENT_3D('',#433,#5526,#5527);
#5526=DIRECTION('',(0,0,1));
#5527=DIRECTION('',(-0.830875709772572,0.5564580441595975,0));
#5528=FACE_BOUND('',#5529,.T.);
#5529=EDGE_LOOP('',(#5530,#5531,#5532));
#5530=ORIENTED_EDGE('',*,*,#5533,.T.);
#5531=ORIENTED_EDGE('',*,*,#5534,.T.);
#5532=ORIENTED_EDGE('',*,*,#5535,.T.);
#5533=EDGE_CURVE('',#434,#436,#5536,.F.);
#5534=EDGE_CURVE('',#436,#438,#5537,.T.);
#5535=EDGE_CURVE('',#438,#434,#5538,.T.);
#5536=LINE('',#433,#5539);
#5537=LINE('',#435,#5540);
#5538=LINE('',#437,#5541);
#5539=VECTOR('',#5542,1.0);
#5540=VECTOR('',#5543,1.0);
#5541=VECTOR('',#5544,1.0);
#5542=DIRECTION('',(-0.830875709772572,0.5564580441595975,0));
#5543=DIRECTION('',(-0.43600633883799517,-0.899943594061921,0));
#5544=DIRECTION('',(0.4908946868306318,0.8712189199285423,0));
#5545=STYLED_ITEM('',(#18),#5546);
#5546=FACE_SURFACE('',(#5551),#5547,.T.);
#5547=PLANE('',#5548);
#5548=AXIS2_PLACEMENT_3D('',#439,#5549,#5550);
#5549=DIRECTION('',(-0,0,1));
#5550=DIRECTION('',(0.8311673676268928,-0.5560223079986824,0));
#5551=FACE_BOUND('',#5552,.T.);
#5552=EDGE_LOOP('',(#5553,#5554,#5555));
#5553=ORIENTED_EDGE('',*,*,#5556,.T.);
#5554=ORIENTED_EDGE('',*,*,#5557,.T.);
#5555=ORIENTED_EDGE('',*,*,#5558,.T.);
#5556=EDGE_CURVE('',#440,#442,#5559,.F.);
#5557=EDGE_CURVE('',#442,#444,#5560,.T.);
#5558=EDGE_CURVE('',#444,#440,#5561,.T.);
#5559=LINE('',#439,#5562);
#5560=LINE('',#441,#5563);
#5561=LINE('',#443,#5564);
#5562=VECTOR('',#5565,1.0);
#5563=VECTOR('',#5566,1.0);
#5564=VECTOR('',#5567,1.0);
#5565=DIRECTION('',(0.8311673676268928,-0.5560223079986824,0));
#5566=DIRECTION('',(0.5925569218024844,0.8055285807617035,0));
#5567=DIRECTION('',(-0.7626148080894262,-0.6468528847293855,0));
#5568=STYLED_ITEM('',(#18),#5569);
#5569=FACE_SURFACE('',(#5574),#5570,.T.);
#5570=PLANE('',#5571);
#5571=AXIS2_PLACEMENT_3D('',#445,#5572,#5573);
#5572=DIRECTION('',(0,0,1));
#5573=DIRECTION('',(-0.5560223079986816,0.8311673676268934,0));
#5574=FACE_BOUND('',#5575,.T.);
#5575=EDGE_LOOP('',(#5576,#5577,#5578));
#5576=ORIENTED_EDGE('',*,*,#5579,.T.);
#5577=ORIENTED_EDGE('',*,*,#5580,.T.);
#5578=ORIENTED_EDGE('',*,*,#5581,.T.);
#5579=EDGE_CURVE('',#446,#448,#5582,.F.);
#5580=EDGE_CURVE('',#448,#432,#5583,.T.);
#5581=EDGE_CURVE('',#432,#446,#5584,.T.);
#5582=LINE('',#445,#5585);
#5583=LINE('',#447,#5586);
#5584=LINE('',#431,#5587);
#5585=VECTOR('',#5588,1.0);
#5586=VECTOR('',#5589,1.0);
#5587=VECTOR('',#5590,1.0);
#5588=DIRECTION('',(-0.5560223079986816,0.8311673676268934,0));
#5589=DIRECTION('',(-0.8823529411764707,-0.47058823529411775,0));
#5590=DIRECTION('',(0.9586468662780967,0.28459828842630996,0));
#5591=STYLED_ITEM('',(#18),#5592);
#5592=FACE_SURFACE('',(#5597),#5593,.T.);
#5593=PLANE('',#5594);
#5594=AXIS2_PLACEMENT_3D('',#449,#5595,#5596);
#5595=DIRECTION('',(-0,0,1));
#5596=DIRECTION('',(0.3185018700980786,-0.9479222324347218,0));
#5597=FACE_BOUND('',#5598,.T.);
#5598=EDGE_LOOP('',(#5599,#5600,#5601));
#5599=ORIENTED_EDGE('',*,*,#5602,.T.);
#5600=ORIENTED_EDGE('',*,*,#5603,.T.);
#5601=ORIENTED_EDGE('',*,*,#5604,.T.);
#5602=EDGE_CURVE('',#450,#432,#5605,.F.);
#5603=EDGE_CURVE('',#432,#448,#5606,.T.);
#5604=EDGE_CURVE('',#448,#450,#5607,.T.);
#5605=LINE('',#449,#5608);
#5606=LINE('',#431,#5609);
#5607=LINE('',#447,#5610);
#5608=VECTOR('',#5611,1.0);
#5609=VECTOR('',#5612,1.0);
#5610=VECTOR('',#5613,1.0);
#5611=DIRECTION('',(0.3185018700980786,-0.9479222324347218,0));
#5612=DIRECTION('',(0.8823529411764707,0.47058823529411775,0));
#5613=DIRECTION('',(-0.9058120384565752,-0.42367977410674673,0));
#5614=STYLED_ITEM('',(#18),#5615);
#5615=FACE_SURFACE('',(#5620),#5616,.T.);
#5616=PLANE('',#5617);
#5617=AXIS2_PLACEMENT_3D('',#451,#5618,#5619);
#5618=DIRECTION('',(0,0,1));
#5619=DIRECTION('',(-0.8280642108833509,-0.560633269307248,0));
#5620=FACE_BOUND('',#5621,.T.);
#5621=EDGE_LOOP('',(#5622,#5623,#5624));
#5622=ORIENTED_EDGE('',*,*,#5625,.T.);
#5623=ORIENTED_EDGE('',*,*,#5626,.T.);
#5624=ORIENTED_EDGE('',*,*,#5627,.T.);
#5625=EDGE_CURVE('',#452,#454,#5628,.F.);
#5626=EDGE_CURVE('',#454,#448,#5629,.T.);
#5627=EDGE_CURVE('',#448,#452,#5630,.T.);
#5628=LINE('',#451,#5631);
#5629=LINE('',#453,#5632);
#5630=LINE('',#447,#5633);
#5631=VECTOR('',#5634,1.0);
#5632=VECTOR('',#5635,1.0);
#5633=VECTOR('',#5636,1.0);
#5634=DIRECTION('',(-0.8280642108833509,-0.560633269307248,0));
#5635=DIRECTION('',(0.9268035779883358,0.37554643897661827,0));
#5636=DIRECTION('',(-0.6597221620798697,0.7515095933257684,0));
#5637=STYLED_ITEM('',(#18),#5638);
#5638=FACE_SURFACE('',(#5643),#5639,.T.);
#5639=PLANE('',#5640);
#5640=AXIS2_PLACEMENT_3D('',#455,#5641,#5642);
#5641=DIRECTION('',(0,0,1));
#5642=DIRECTION('',(-0.7238964548810239,-0.6899086335238063,0));
#5643=FACE_BOUND('',#5644,.T.);
#5644=EDGE_LOOP('',(#5645,#5646,#5647));
#5645=ORIENTED_EDGE('',*,*,#5648,.T.);
#5646=ORIENTED_EDGE('',*,*,#5649,.T.);
#5647=ORIENTED_EDGE('',*,*,#5650,.T.);
#5648=EDGE_CURVE('',#456,#458,#5651,.F.);
#5649=EDGE_CURVE('',#458,#452,#5652,.T.);
#5650=EDGE_CURVE('',#452,#456,#5653,.T.);
#5651=LINE('',#455,#5654);
#5652=LINE('',#457,#5655);
#5653=LINE('',#451,#5656);
#5654=VECTOR('',#5657,1.0);
#5655=VECTOR('',#5658,1.0);
#5656=VECTOR('',#5659,1.0);
#5657=DIRECTION('',(-0.7238964548810239,-0.6899086335238063,0));
#5658=DIRECTION('',(0.8578278231524707,0.513937180816385,0));
#5659=DIRECTION('',(-0.7515095933257677,0.6597221620798709,0));
#5660=STYLED_ITEM('',(#18),#5661);
#5661=FACE_SURFACE('',(#5666),#5662,.T.);
#5662=PLANE('',#5663);
#5663=AXIS2_PLACEMENT_3D('',#459,#5664,#5665);
#5664=DIRECTION('',(0,0,1));
#5665=DIRECTION('',(-0.5564580441595975,0.830875709772572,0));
#5666=FACE_BOUND('',#5667,.T.);
#5667=EDGE_LOOP('',(#5668,#5669,#5670));
#5668=ORIENTED_EDGE('',*,*,#5671,.T.);
#5669=ORIENTED_EDGE('',*,*,#5672,.T.);
#5670=ORIENTED_EDGE('',*,*,#5673,.T.);
#5671=EDGE_CURVE('',#460,#462,#5674,.F.);
#5672=EDGE_CURVE('',#462,#464,#5675,.T.);
#5673=EDGE_CURVE('',#464,#460,#5676,.T.);
#5674=LINE('',#459,#5677);
#5675=LINE('',#461,#5678);
#5676=LINE('',#463,#5679);
#5677=VECTOR('',#5680,1.0);
#5678=VECTOR('',#5681,1.0);
#5679=VECTOR('',#5682,1.0);
#5680=DIRECTION('',(-0.5564580441595975,0.830875709772572,0));
#5681=DIRECTION('',(-0.8280642108833512,-0.5606332693072476,0));
#5682=DIRECTION('',(0.8578278231524707,0.513937180816385,0));
#5683=STYLED_ITEM('',(#18),#5684);
#5684=FACE_SURFACE('',(#5689),#5685,.T.);
#5685=PLANE('',#5686);
#5686=AXIS2_PLACEMENT_3D('',#465,#5687,#5688);
#5687=DIRECTION('',(0,0,1));
#5688=DIRECTION('',(-0.3184280302685314,-0.9479470394169198,0));
#5689=FACE_BOUND('',#5690,.T.);
#5690=EDGE_LOOP('',(#5691,#5692,#5693));
#5691=ORIENTED_EDGE('',*,*,#5694,.T.);
#5692=ORIENTED_EDGE('',*,*,#5695,.T.);
#5693=ORIENTED_EDGE('',*,*,#5696,.T.);
#5694=EDGE_CURVE('',#466,#468,#5697,.F.);
#5695=EDGE_CURVE('',#468,#470,#5698,.T.);
#5696=EDGE_CURVE('',#470,#466,#5699,.T.);
#5697=LINE('',#465,#5700);
#5698=LINE('',#467,#5701);
#5699=LINE('',#469,#5702);
#5700=VECTOR('',#5703,1.0);
#5701=VECTOR('',#5704,1.0);
#5702=VECTOR('',#5705,1.0);
#5703=DIRECTION('',(-0.3184280302685314,-0.9479470394169198,0));
#5704=DIRECTION('',(0.3787848936656254,0.9254847401933328,0));
#5705=DIRECTION('',(-0.9479222324347218,0.3185018700980786,0));
#5706=STYLED_ITEM('',(#18),#5707);
#5707=FACE_SURFACE('',(#5712),#5708,.T.);
#5708=PLANE('',#5709);
#5709=AXIS2_PLACEMENT_3D('',#229,#5710,#5711);
#5710=DIRECTION('',(0.997885500156359,0.0649963735734006,-0));
#5711=DIRECTION('',(0,0,1));
#5712=FACE_BOUND('',#5713,.T.);
#5713=EDGE_LOOP('',(#5714,#5715,#5716));
#5714=ORIENTED_EDGE('',*,*,#5717,.T.);
#5715=ORIENTED_EDGE('',*,*,#5718,.T.);
#5716=ORIENTED_EDGE('',*,*,#5719,.T.);
#5717=EDGE_CURVE('',#230,#472,#5720,.F.);
#5718=EDGE_CURVE('',#472,#430,#5721,.T.);
#5719=EDGE_CURVE('',#430,#230,#5722,.T.);
#5720=LINE('',#229,#5723);
#5721=LINE('',#471,#5724);
#5722=LINE('',#429,#5725);
#5723=VECTOR('',#5726,1.0);
#5724=VECTOR('',#5727,1.0);
#5725=VECTOR('',#5728,1.0);
#5726=DIRECTION('',(0,0,1));
#5727=DIRECTION('',(0.06499637357340061,-0.9978855001563592,0));
#5728=DIRECTION('',(-0.0033953576453347504,0.05212872620190579,-0.9986346015690759));
#5729=STYLED_ITEM('',(#18),#5730);
#5730=FACE_SURFACE('',(#5735),#5731,.T.);
#5731=PLANE('',#5732);
#5732=AXIS2_PLACEMENT_3D('',#229,#5733,#5734);
#5733=DIRECTION('',(0.997885500156359,0.0649963735734006,0));
#5734=DIRECTION('',(0.0033953576453347504,-0.05212872620190579,0.9986346015690759));
#5735=FACE_BOUND('',#5736,.T.);
#5736=EDGE_LOOP('',(#5737,#5738,#5739));
#5737=ORIENTED_EDGE('',*,*,#5740,.T.);
#5738=ORIENTED_EDGE('',*,*,#5741,.T.);
#5739=ORIENTED_EDGE('',*,*,#5742,.T.);
#5740=EDGE_CURVE('',#230,#430,#5743,.F.);
#5741=EDGE_CURVE('',#430,#206,#5744,.T.);
#5742=EDGE_CURVE('',#206,#230,#5745,.T.);
#5743=LINE('',#229,#5746);
#5744=LINE('',#429,#5747);
#5745=LINE('',#205,#5748);
#5746=VECTOR('',#5749,1.0);
#5747=VECTOR('',#5750,1.0);
#5748=VECTOR('',#5751,1.0);
#5749=DIRECTION('',(0.0033953576453347504,-0.05212872620190579,0.9986346015690759));
#5750=DIRECTION('',(0,0,-1));
#5751=DIRECTION('',(-0.06499637357340061,0.9978855001563592,0));
#5752=STYLED_ITEM('',(#18),#5753);
#5753=FACE_SURFACE('',(#5758),#5754,.T.);
#5754=PLANE('',#5755);
#5755=AXIS2_PLACEMENT_3D('',#473,#5756,#5757);
#5756=DIRECTION('',(0,-0,1));
#5757=DIRECTION('',(0.3185018700980786,0.9479222324347218,0));
#5758=FACE_BOUND('',#5759,.T.);
#5759=EDGE_LOOP('',(#5760,#5761,#5762));
#5760=ORIENTED_EDGE('',*,*,#5763,.T.);
#5761=ORIENTED_EDGE('',*,*,#5764,.T.);
#5762=ORIENTED_EDGE('',*,*,#5765,.T.);
#5763=EDGE_CURVE('',#474,#476,#5766,.F.);
#5764=EDGE_CURVE('',#476,#478,#5767,.T.);
#5765=EDGE_CURVE('',#478,#474,#5768,.T.);
#5766=LINE('',#473,#5769);
#5767=LINE('',#475,#5770);
#5768=LINE('',#477,#5771);
#5769=VECTOR('',#5772,1.0);
#5770=VECTOR('',#5773,1.0);
#5771=VECTOR('',#5774,1.0);
#5772=DIRECTION('',(0.3185018700980786,0.9479222324347218,0));
#5773=DIRECTION('',(-0.9058120384565752,0.42367977410674673,0));
#5774=DIRECTION('',(0.8823529411764707,-0.47058823529411775,0));
#5775=STYLED_ITEM('',(#18),#5776);
#5776=FACE_SURFACE('',(#5781),#5777,.T.);
#5777=PLANE('',#5778);
#5778=AXIS2_PLACEMENT_3D('',#479,#5779,#5780);
#5779=DIRECTION('',(0,0,1));
#5780=DIRECTION('',(-0.9999251793229172,0.012232569477910604,0));
#5781=FACE_BOUND('',#5782,.T.);
#5782=EDGE_LOOP('',(#5783,#5784,#5785));
#5783=ORIENTED_EDGE('',*,*,#5786,.T.);
#5784=ORIENTED_EDGE('',*,*,#5787,.T.);
#5785=ORIENTED_EDGE('',*,*,#5788,.T.);
#5786=EDGE_CURVE('',#480,#482,#5789,.F.);
#5787=EDGE_CURVE('',#482,#484,#5790,.T.);
#5788=EDGE_CURVE('',#484,#480,#5791,.T.);
#5789=LINE('',#479,#5792);
#5790=LINE('',#481,#5793);
#5791=LINE('',#483,#5794);
#5792=VECTOR('',#5795,1.0);
#5793=VECTOR('',#5796,1.0);
#5794=VECTOR('',#5797,1.0);
#5795=DIRECTION('',(-0.9999251793229172,0.012232569477910604,0));
#5796=DIRECTION('',(0.9983314686278072,-0.05774321386488373,0));
#5797=DIRECTION('',(-0.0685407242308449,0.9976483193600396,0));
#5798=STYLED_ITEM('',(#18),#5799);
#5799=FACE_SURFACE('',(#5804),#5800,.T.);
#5800=PLANE('',#5801);
#5801=AXIS2_PLACEMENT_3D('',#229,#5802,#5803);
#5802=DIRECTION('',(0.9808006582599823,0.1950129963791784,-0));
#5803=DIRECTION('',(-0.010186076339028715,0.051229972175703076,0.9986349351988906));
#5804=FACE_BOUND('',#5805,.T.);
#5805=EDGE_LOOP('',(#5806,#5807,#5808));
#5806=ORIENTED_EDGE('',*,*,#5809,.T.);
#5807=ORIENTED_EDGE('',*,*,#5810,.T.);
#5808=ORIENTED_EDGE('',*,*,#5811,.T.);
#5809=EDGE_CURVE('',#230,#486,#5812,.F.);
#5810=EDGE_CURVE('',#486,#472,#5813,.T.);
#5811=EDGE_CURVE('',#472,#230,#5814,.T.);
#5812=LINE('',#229,#5815);
#5813=LINE('',#485,#5816);
#5814=LINE('',#471,#5817);
#5815=VECTOR('',#5818,1.0);
#5816=VECTOR('',#5819,1.0);
#5817=VECTOR('',#5820,1.0);
#5818=DIRECTION('',(-0.010186076339028715,0.051229972175703076,0.9986349351988906));
#5819=DIRECTION('',(0.1950129963791784,-0.9808006582599823,0));
#5820=DIRECTION('',(0,0,-1));
#5821=STYLED_ITEM('',(#18),#5822);
#5822=FACE_SURFACE('',(#5827),#5823,.T.);
#5823=PLANE('',#5824);
#5824=AXIS2_PLACEMENT_3D('',#487,#5825,#5826);
#5825=DIRECTION('',(0,0,1));
#5826=DIRECTION('',(-0.9976483193600396,-0.0685407242308449,0));
#5827=FACE_BOUND('',#5828,.T.);
#5828=EDGE_LOOP('',(#5829,#5830,#5831));
#5829=ORIENTED_EDGE('',*,*,#5832,.T.);
#5830=ORIENTED_EDGE('',*,*,#5833,.T.);
#5831=ORIENTED_EDGE('',*,*,#5834,.T.);
#5832=EDGE_CURVE('',#488,#490,#5835,.F.);
#5833=EDGE_CURVE('',#490,#492,#5836,.T.);
#5834=EDGE_CURVE('',#492,#488,#5837,.T.);
#5835=LINE('',#487,#5838);
#5836=LINE('',#489,#5839);
#5837=LINE('',#491,#5840);
#5838=VECTOR('',#5841,1.0);
#5839=VECTOR('',#5842,1.0);
#5840=VECTOR('',#5843,1.0);
#5841=DIRECTION('',(-0.9976483193600396,-0.0685407242308449,0));
#5842=DIRECTION('',(0,-1,0));
#5843=DIRECTION('',(0.06516528285644928,0.9978744840460843,0));
#5844=STYLED_ITEM('',(#18),#5845);
#5845=FACE_SURFACE('',(#5850),#5846,.T.);
#5846=PLANE('',#5847);
#5847=AXIS2_PLACEMENT_3D('',#489,#5848,#5849);
#5848=DIRECTION('',(0,0,1));
#5849=DIRECTION('',(-0.9976483193600396,0.0685407242308449,0));
#5850=FACE_BOUND('',#5851,.T.);
#5851=EDGE_LOOP('',(#5852,#5853,#5854));
#5852=ORIENTED_EDGE('',*,*,#5855,.T.);
#5853=ORIENTED_EDGE('',*,*,#5856,.T.);
#5854=ORIENTED_EDGE('',*,*,#5857,.T.);
#5855=EDGE_CURVE('',#490,#494,#5858,.F.);
#5856=EDGE_CURVE('',#494,#492,#5859,.T.);
#5857=EDGE_CURVE('',#492,#490,#5860,.T.);
#5858=LINE('',#489,#5861);
#5859=LINE('',#493,#5862);
#5860=LINE('',#491,#5863);
#5861=VECTOR('',#5864,1.0);
#5862=VECTOR('',#5865,1.0);
#5863=VECTOR('',#5866,1.0);
#5864=DIRECTION('',(-0.9976483193600396,0.0685407242308449,0));
#5865=DIRECTION('',(0.06516528285644928,-0.9978744840460843,0));
#5866=DIRECTION('',(0,1,0));
#5867=STYLED_ITEM('',(#18),#5868);
#5868=FACE_SURFACE('',(#5873),#5869,.T.);
#5869=PLANE('',#5870);
#5870=AXIS2_PLACEMENT_3D('',#495,#5871,#5872);
#5871=DIRECTION('',(0,0,1));
#5872=DIRECTION('',(-0.6597221620798697,-0.7515095933257684,0));
#5873=FACE_BOUND('',#5874,.T.);
#5874=EDGE_LOOP('',(#5875,#5876,#5877));
#5875=ORIENTED_EDGE('',*,*,#5878,.T.);
#5876=ORIENTED_EDGE('',*,*,#5879,.T.);
#5877=ORIENTED_EDGE('',*,*,#5880,.T.);
#5878=EDGE_CURVE('',#496,#478,#5881,.F.);
#5879=EDGE_CURVE('',#478,#498,#5882,.T.);
#5880=EDGE_CURVE('',#498,#496,#5883,.T.);
#5881=LINE('',#495,#5884);
#5882=LINE('',#477,#5885);
#5883=LINE('',#497,#5886);
#5884=VECTOR('',#5887,1.0);
#5885=VECTOR('',#5888,1.0);
#5886=VECTOR('',#5889,1.0);
#5887=DIRECTION('',(-0.6597221620798697,-0.7515095933257684,0));
#5888=DIRECTION('',(0.9268035779883358,-0.37554643897661827,0));
#5889=DIRECTION('',(-0.8280642108833509,0.560633269307248,0));
#5890=STYLED_ITEM('',(#18),#5891);
#5891=FACE_SURFACE('',(#5896),#5892,.T.);
#5892=PLANE('',#5893);
#5893=AXIS2_PLACEMENT_3D('',#497,#5894,#5895);
#5894=DIRECTION('',(0,-0,1));
#5895=DIRECTION('',(0.5564580441595913,0.8308757097725762,0));
#5896=FACE_BOUND('',#5897,.T.);
#5897=EDGE_LOOP('',(#5898,#5899,#5900));
#5898=ORIENTED_EDGE('',*,*,#5901,.T.);
#5899=ORIENTED_EDGE('',*,*,#5902,.T.);
#5900=ORIENTED_EDGE('',*,*,#5903,.T.);
#5901=EDGE_CURVE('',#498,#500,#5904,.F.);
#5902=EDGE_CURVE('',#500,#496,#5905,.T.);
#5903=EDGE_CURVE('',#496,#498,#5906,.T.);
#5904=LINE('',#497,#5907);
#5905=LINE('',#499,#5908);
#5906=LINE('',#495,#5909);
#5907=VECTOR('',#5910,1.0);
#5908=VECTOR('',#5911,1.0);
#5909=VECTOR('',#5912,1.0);
#5910=DIRECTION('',(0.5564580441595913,0.8308757097725762,0));
#5911=DIRECTION('',(-0.8578278231524707,0.513937180816385,0));
#5912=DIRECTION('',(0.8280642108833509,-0.560633269307248,0));
#5913=STYLED_ITEM('',(#18),#5914);
#5914=FACE_SURFACE('',(#5919),#5915,.T.);
#5915=PLANE('',#5916);
#5916=AXIS2_PLACEMENT_3D('',#501,#5917,#5918);
#5917=DIRECTION('',(0,0,1));
#5918=DIRECTION('',(-0.7515095933257677,-0.6597221620798709,0));
#5919=FACE_BOUND('',#5920,.T.);
#5920=EDGE_LOOP('',(#5921,#5922,#5923));
#5921=ORIENTED_EDGE('',*,*,#5924,.T.);
#5922=ORIENTED_EDGE('',*,*,#5925,.T.);
#5923=ORIENTED_EDGE('',*,*,#5926,.T.);
#5924=EDGE_CURVE('',#502,#496,#5927,.F.);
#5925=EDGE_CURVE('',#496,#500,#5928,.T.);
#5926=EDGE_CURVE('',#500,#502,#5929,.T.);
#5927=LINE('',#501,#5930);
#5928=LINE('',#495,#5931);
#5929=LINE('',#499,#5932);
#5930=VECTOR('',#5933,1.0);
#5931=VECTOR('',#5934,1.0);
#5932=VECTOR('',#5935,1.0);
#5933=DIRECTION('',(-0.7515095933257677,-0.6597221620798709,0));
#5934=DIRECTION('',(0.8578278231524707,-0.513937180816385,0));
#5935=DIRECTION('',(-0.7238964548810239,0.6899086335238063,0));
#5936=STYLED_ITEM('',(#18),#5937);
#5937=FACE_SURFACE('',(#5942),#5938,.T.);
#5938=PLANE('',#5939);
#5939=AXIS2_PLACEMENT_3D('',#405,#5940,#5941);
#5940=DIRECTION('',(0,-0,1));
#5941=DIRECTION('',(0.9932528773730468,0.11596862330028546,0));
#5942=FACE_BOUND('',#5943,.T.);
#5943=EDGE_LOOP('',(#5944,#5945,#5946));
#5944=ORIENTED_EDGE('',*,*,#5947,.T.);
#5945=ORIENTED_EDGE('',*,*,#5948,.T.);
#5946=ORIENTED_EDGE('',*,*,#5949,.T.);
#5947=EDGE_CURVE('',#406,#402,#5950,.F.);
#5948=EDGE_CURVE('',#402,#400,#5951,.T.);
#5949=EDGE_CURVE('',#400,#406,#5952,.T.);
#5950=LINE('',#405,#5953);
#5951=LINE('',#401,#5954);
#5952=LINE('',#399,#5955);
#5953=VECTOR('',#5956,1.0);
#5954=VECTOR('',#5957,1.0);
#5955=VECTOR('',#5958,1.0);
#5956=DIRECTION('',(0.9932528773730468,0.11596862330028546,0));
#5957=DIRECTION('',(-0.9973425743025964,-0.07285457764251825,0));
#5958=DIRECTION('',(0.199059924290103,-0.9799873195820539,0));
#5959=STYLED_ITEM('',(#18),#5960);
#5960=FACE_SURFACE('',(#5965),#5961,.T.);
#5961=PLANE('',#5962);
#5962=AXIS2_PLACEMENT_3D('',#503,#5963,#5964);
#5963=DIRECTION('',(0.31850187009806646,-0.9479222324347258,0));
#5964=DIRECTION('',(-0.9479222324347258,-0.31850187009806646,0));
#5965=FACE_BOUND('',#5966,.T.);
#5966=EDGE_LOOP('',(#5967,#5968,#5969));
#5967=ORIENTED_EDGE('',*,*,#5970,.T.);
#5968=ORIENTED_EDGE('',*,*,#5971,.T.);
#5969=ORIENTED_EDGE('',*,*,#5972,.T.);
#5970=EDGE_CURVE('',#504,#506,#5973,.F.);
#5971=EDGE_CURVE('',#506,#508,#5974,.T.);
#5972=EDGE_CURVE('',#508,#504,#5975,.T.);
#5973=LINE('',#503,#5976);
#5974=LINE('',#505,#5977);
#5975=LINE('',#507,#5978);
#5976=VECTOR('',#5979,1.0);
#5977=VECTOR('',#5980,1.0);
#5978=VECTOR('',#5981,1.0);
#5979=DIRECTION('',(-0.9479222324347258,-0.31850187009806646,0));
#5980=DIRECTION('',(0.012498913329218835,0.00419963487861751,-0.9999130663375068));
#5981=DIRECTION('',(0,0,1));
#5982=STYLED_ITEM('',(#18),#5983);
#5983=FACE_SURFACE('',(#5988),#5984,.T.);
#5984=PLANE('',#5985);
#5985=AXIS2_PLACEMENT_3D('',#509,#5986,#5987);
#5986=DIRECTION('',(0,-0,1));
#5987=DIRECTION('',(0.7549337632642495,0.6558010468760157,0));
#5988=FACE_BOUND('',#5989,.T.);
#5989=EDGE_LOOP('',(#5990,#5991,#5992));
#5990=ORIENTED_EDGE('',*,*,#5993,.T.);
#5991=ORIENTED_EDGE('',*,*,#5994,.T.);
#5992=ORIENTED_EDGE('',*,*,#5995,.T.);
#5993=EDGE_CURVE('',#510,#512,#5996,.F.);
#5994=EDGE_CURVE('',#512,#514,#5997,.T.);
#5995=EDGE_CURVE('',#514,#510,#5998,.T.);
#5996=LINE('',#509,#5999);
#5997=LINE('',#511,#6000);
#5998=LINE('',#513,#6001);
#5999=VECTOR('',#6002,1.0);
#6000=VECTOR('',#6003,1.0);
#6001=VECTOR('',#6004,1.0);
#6002=DIRECTION('',(0.7549337632642495,0.6558010468760157,0));
#6003=DIRECTION('',(-0.6399579449395402,0.7684099353266852,0));
#6004=DIRECTION('',(0.5925569218024841,-0.8055285807617039,0));
#6005=STYLED_ITEM('',(#18),#6006);
#6006=FACE_SURFACE('',(#6011),#6007,.T.);
#6007=PLANE('',#6008);
#6008=AXIS2_PLACEMENT_3D('',#515,#6009,#6010);
#6009=DIRECTION('',(-0,0,1));
#6010=DIRECTION('',(0.3185018700980786,-0.9479222324347218,0));
#6011=FACE_BOUND('',#6012,.T.);
#6012=EDGE_LOOP('',(#6013,#6014,#6015));
#6013=ORIENTED_EDGE('',*,*,#6016,.T.);
#6014=ORIENTED_EDGE('',*,*,#6017,.T.);
#6015=ORIENTED_EDGE('',*,*,#6018,.T.);
#6016=EDGE_CURVE('',#516,#400,#6019,.F.);
#6017=EDGE_CURVE('',#400,#398,#6020,.T.);
#6018=EDGE_CURVE('',#398,#516,#6021,.T.);
#6019=LINE('',#515,#6022);
#6020=LINE('',#399,#6023);
#6021=LINE('',#397,#6024);
#6022=VECTOR('',#6025,1.0);
#6023=VECTOR('',#6026,1.0);
#6024=VECTOR('',#6027,1.0);
#6025=DIRECTION('',(0.3185018700980786,-0.9479222324347218,0));
#6026=DIRECTION('',(0.9714105010367848,0.23740606242356768,0));
#6027=DIRECTION('',(-0.9805069986705778,-0.196484161086882,0));
#6028=STYLED_ITEM('',(#18),#6029);
#6029=FACE_SURFACE('',(#6034),#6030,.T.);
#6030=PLANE('',#6031);
#6031=AXIS2_PLACEMENT_3D('',#391,#6032,#6033);
#6032=DIRECTION('',(-0,-0,1));
#6033=DIRECTION('',(0.9999252315935084,-0.012228295983847979,0));
#6034=FACE_BOUND('',#6035,.T.);
#6035=EDGE_LOOP('',(#6036,#6037,#6038));
#6036=ORIENTED_EDGE('',*,*,#6039,.T.);
#6037=ORIENTED_EDGE('',*,*,#6040,.T.);
#6038=ORIENTED_EDGE('',*,*,#6041,.T.);
#6039=EDGE_CURVE('',#392,#404,#6042,.F.);
#6040=EDGE_CURVE('',#404,#406,#6043,.T.);
#6041=EDGE_CURVE('',#406,#392,#6044,.T.);
#6042=LINE('',#391,#6045);
#6043=LINE('',#403,#6046);
#6044=LINE('',#405,#6047);
#6045=VECTOR('',#6048,1.0);
#6046=VECTOR('',#6049,1.0);
#6047=VECTOR('',#6050,1.0);
#6048=DIRECTION('',(0.9999252315935084,-0.012228295983847979,0));
#6049=DIRECTION('',(-0.9983314686278072,0.05774321386488373,0));
#6050=DIRECTION('',(0.06095514542074996,-0.9981405062648923,0));
#6051=STYLED_ITEM('',(#18),#6052);
#6052=FACE_SURFACE('',(#6057),#6053,.T.);
#6053=PLANE('',#6054);
#6054=AXIS2_PLACEMENT_3D('',#517,#6055,#6056);
#6055=DIRECTION('',(-0,0,1));
#6056=DIRECTION('',(0.9586468662780967,-0.28459828842630996,0));
#6057=FACE_BOUND('',#6058,.T.);
#6058=EDGE_LOOP('',(#6059,#6060,#6061));
#6059=ORIENTED_EDGE('',*,*,#6062,.T.);
#6060=ORIENTED_EDGE('',*,*,#6063,.T.);
#6061=ORIENTED_EDGE('',*,*,#6064,.T.);
#6062=EDGE_CURVE('',#518,#520,#6065,.F.);
#6063=EDGE_CURVE('',#520,#394,#6066,.T.);
#6064=EDGE_CURVE('',#394,#518,#6067,.T.);
#6065=LINE('',#517,#6068);
#6066=LINE('',#519,#6069);
#6067=LINE('',#393,#6070);
#6068=VECTOR('',#6071,1.0);
#6069=VECTOR('',#6072,1.0);
#6070=VECTOR('',#6073,1.0);
#6071=DIRECTION('',(0.9586468662780967,-0.28459828842630996,0));
#6072=DIRECTION('',(-0.9433212477700906,0.3318810381830805,0));
#6073=DIRECTION('',(-0.199059924290103,-0.9799873195820539,0));
#6074=STYLED_ITEM('',(#18),#6075);
#6075=FACE_SURFACE('',(#6080),#6076,.T.);
#6076=PLANE('',#6077);
#6077=AXIS2_PLACEMENT_3D('',#521,#6078,#6079);
#6078=DIRECTION('',(0,0,1));
#6079=DIRECTION('',(-0.8963301754820817,-0.44338720834081413,0));
#6080=FACE_BOUND('',#6081,.T.);
#6081=EDGE_LOOP('',(#6082,#6083,#6084));
#6082=ORIENTED_EDGE('',*,*,#6085,.T.);
#6083=ORIENTED_EDGE('',*,*,#6086,.T.);
#6084=ORIENTED_EDGE('',*,*,#6087,.T.);
#6085=EDGE_CURVE('',#522,#514,#6088,.F.);
#6086=EDGE_CURVE('',#514,#512,#6089,.T.);
#6087=EDGE_CURVE('',#512,#522,#6090,.T.);
#6088=LINE('',#521,#6091);
#6089=LINE('',#513,#6092);
#6090=LINE('',#511,#6093);
#6091=VECTOR('',#6094,1.0);
#6092=VECTOR('',#6095,1.0);
#6093=VECTOR('',#6096,1.0);
#6094=DIRECTION('',(-0.8963301754820817,-0.44338720834081413,0));
#6095=DIRECTION('',(0.6399579449395402,-0.7684099353266852,0));
#6096=DIRECTION('',(-0.43600633883799517,0.899943594061921,0));
#6097=STYLED_ITEM('',(#18),#6098);
#6098=FACE_SURFACE('',(#6103),#6099,.T.);
#6099=PLANE('',#6100);
#6100=AXIS2_PLACEMENT_3D('',#523,#6101,#6102);
#6101=DIRECTION('',(0,0,1));
#6102=DIRECTION('',(-0.9471445756278127,-0.3208070336803893,0));
#6103=FACE_BOUND('',#6104,.T.);
#6104=EDGE_LOOP('',(#6105,#6106,#6107));
#6105=ORIENTED_EDGE('',*,*,#6108,.T.);
#6106=ORIENTED_EDGE('',*,*,#6109,.T.);
#6107=ORIENTED_EDGE('',*,*,#6110,.T.);
#6108=EDGE_CURVE('',#524,#522,#6111,.F.);
#6109=EDGE_CURVE('',#522,#506,#6112,.T.);
#6110=EDGE_CURVE('',#506,#524,#6113,.T.);
#6111=LINE('',#523,#6114);
#6112=LINE('',#521,#6115);
#6113=LINE('',#505,#6116);
#6114=VECTOR('',#6117,1.0);
#6115=VECTOR('',#6118,1.0);
#6116=VECTOR('',#6119,1.0);
#6117=DIRECTION('',(-0.9471445756278127,-0.3208070336803893,0));
#6118=DIRECTION('',(0.5438212591909763,-0.8392010712886043,0));
#6119=DIRECTION('',(-0.3184280302685317,0.9479470394169195,0));
#6120=STYLED_ITEM('',(#18),#6121);
#6121=FACE_SURFACE('',(#6126),#6122,.T.);
#6122=PLANE('',#6123);
#6123=AXIS2_PLACEMENT_3D('',#525,#6124,#6125);
#6124=DIRECTION('',(0,0,1));
#6125=DIRECTION('',(-0.9268035779883359,0.3755464389766176,0));
#6126=FACE_BOUND('',#6127,.T.);
#6127=EDGE_LOOP('',(#6128,#6129,#6130));
#6128=ORIENTED_EDGE('',*,*,#6131,.T.);
#6129=ORIENTED_EDGE('',*,*,#6132,.T.);
#6130=ORIENTED_EDGE('',*,*,#6133,.T.);
#6131=EDGE_CURVE('',#526,#528,#6134,.F.);
#6132=EDGE_CURVE('',#528,#530,#6135,.T.);
#6133=EDGE_CURVE('',#530,#526,#6136,.T.);
#6134=LINE('',#525,#6137);
#6135=LINE('',#527,#6138);
#6136=LINE('',#529,#6139);
#6137=VECTOR('',#6140,1.0);
#6138=VECTOR('',#6141,1.0);
#6139=VECTOR('',#6142,1.0);
#6140=DIRECTION('',(-0.9268035779883359,0.3755464389766176,0));
#6141=DIRECTION('',(0.8280642108833512,-0.5606332693072476,0));
#6142=DIRECTION('',(0.6597221620798697,0.7515095933257684,0));
#6143=STYLED_ITEM('',(#18),#6144);
#6144=FACE_SURFACE('',(#6149),#6145,.T.);
#6145=PLANE('',#6146);
#6146=AXIS2_PLACEMENT_3D('',#531,#6147,#6148);
#6147=DIRECTION('',(0,-0,1));
#6148=DIRECTION('',(0.8959534904282143,0.44414788414389644,0));
#6149=FACE_BOUND('',#6150,.T.);
#6150=EDGE_LOOP('',(#6151,#6152,#6153));
#6151=ORIENTED_EDGE('',*,*,#6154,.T.);
#6152=ORIENTED_EDGE('',*,*,#6155,.T.);
#6153=ORIENTED_EDGE('',*,*,#6156,.T.);
#6154=EDGE_CURVE('',#532,#506,#6157,.F.);
#6155=EDGE_CURVE('',#506,#522,#6158,.T.);
#6156=EDGE_CURVE('',#522,#532,#6159,.T.);
#6157=LINE('',#531,#6160);
#6158=LINE('',#505,#6161);
#6159=LINE('',#521,#6162);
#6160=VECTOR('',#6163,1.0);
#6161=VECTOR('',#6164,1.0);
#6162=VECTOR('',#6165,1.0);
#6163=DIRECTION('',(0.8959534904282143,0.44414788414389644,0));
#6164=DIRECTION('',(-0.5438212591909763,0.8392010712886043,0));
#6165=DIRECTION('',(0.49089468683063253,-0.8712189199285418,0));
#6166=STYLED_ITEM('',(#18),#6167);
#6167=FACE_SURFACE('',(#6172),#6168,.T.);
#6168=PLANE('',#6169);
#6169=AXIS2_PLACEMENT_3D('',#511,#6170,#6171);
#6170=DIRECTION('',(0,-0,1));
#6171=DIRECTION('',(0.8308757097725595,0.5564580441596162,0));
#6172=FACE_BOUND('',#6173,.T.);
#6173=EDGE_LOOP('',(#6174,#6175,#6176));
#6174=ORIENTED_EDGE('',*,*,#6177,.T.);
#6175=ORIENTED_EDGE('',*,*,#6178,.T.);
#6176=ORIENTED_EDGE('',*,*,#6179,.T.);
#6177=EDGE_CURVE('',#512,#532,#6180,.F.);
#6178=EDGE_CURVE('',#532,#522,#6181,.T.);
#6179=EDGE_CURVE('',#522,#512,#6182,.T.);
#6180=LINE('',#511,#6183);
#6181=LINE('',#531,#6184);
#6182=LINE('',#521,#6185);
#6183=VECTOR('',#6186,1.0);
#6184=VECTOR('',#6187,1.0);
#6185=VECTOR('',#6188,1.0);
#6186=DIRECTION('',(0.8308757097725595,0.5564580441596162,0));
#6187=DIRECTION('',(-0.49089468683063253,0.8712189199285418,0));
#6188=DIRECTION('',(0.43600633883799517,-0.899943594061921,0));
#6189=STYLED_ITEM('',(#18),#6190);
#6190=FACE_SURFACE('',(#6195),#6191,.T.);
#6191=PLANE('',#6192);
#6192=AXIS2_PLACEMENT_3D('',#533,#6193,#6194);
#6193=DIRECTION('',(0,-0,1));
#6194=DIRECTION('',(0.8311673676268928,0.5560223079986824,0));
#6195=FACE_BOUND('',#6196,.T.);
#6196=EDGE_LOOP('',(#6197,#6198,#6199));
#6197=ORIENTED_EDGE('',*,*,#6200,.T.);
#6198=ORIENTED_EDGE('',*,*,#6201,.T.);
#6199=ORIENTED_EDGE('',*,*,#6202,.T.);
#6200=EDGE_CURVE('',#534,#536,#6203,.F.);
#6201=EDGE_CURVE('',#536,#538,#6204,.T.);
#6202=EDGE_CURVE('',#538,#534,#6205,.T.);
#6203=LINE('',#533,#6206);
#6204=LINE('',#535,#6207);
#6205=LINE('',#537,#6208);
#6206=VECTOR('',#6209,1.0);
#6207=VECTOR('',#6210,1.0);
#6208=VECTOR('',#6211,1.0);
#6209=DIRECTION('',(0.8311673676268928,0.5560223079986824,0));
#6210=DIRECTION('',(-0.7626148080894262,0.6468528847293855,0));
#6211=DIRECTION('',(0.5925569218024844,-0.8055285807617035,0));
#6212=STYLED_ITEM('',(#18),#6213);
#6213=FACE_SURFACE('',(#6218),#6214,.T.);
#6214=PLANE('',#6215);
#6215=AXIS2_PLACEMENT_3D('',#505,#6216,#6217);
#6216=DIRECTION('',(0,-0,1));
#6217=DIRECTION('',(0.9479222324347258,0.31850187009806646,0));
#6218=FACE_BOUND('',#6219,.T.);
#6219=EDGE_LOOP('',(#6220,#6221,#6222));
#6220=ORIENTED_EDGE('',*,*,#6223,.T.);
#6221=ORIENTED_EDGE('',*,*,#6224,.T.);
#6222=ORIENTED_EDGE('',*,*,#6225,.T.);
#6223=EDGE_CURVE('',#506,#504,#6226,.F.);
#6224=EDGE_CURVE('',#504,#524,#6227,.T.);
#6225=EDGE_CURVE('',#524,#506,#6228,.T.);
#6226=LINE('',#505,#6229);
#6227=LINE('',#503,#6230);
#6228=LINE('',#523,#6231);
#6229=VECTOR('',#6232,1.0);
#6230=VECTOR('',#6233,1.0);
#6231=VECTOR('',#6234,1.0);
#6232=DIRECTION('',(0.9479222324347258,0.31850187009806646,0));
#6233=DIRECTION('',(-0.37878489366562557,0.9254847401933328,0));
#6234=DIRECTION('',(0.3184280302685317,-0.9479470394169195,0));
#6235=STYLED_ITEM('',(#18),#6236);
#6236=FACE_SURFACE('',(#6241),#6237,.T.);
#6237=PLANE('',#6238);
#6238=AXIS2_PLACEMENT_3D('',#539,#6239,#6240);
#6239=DIRECTION('',(-0,0,1));
#6240=DIRECTION('',(0.639957944939541,-0.7684099353266846,0));
#6241=FACE_BOUND('',#6242,.T.);
#6242=EDGE_LOOP('',(#6243,#6244,#6245));
#6243=ORIENTED_EDGE('',*,*,#6246,.T.);
#6244=ORIENTED_EDGE('',*,*,#6247,.T.);
#6245=ORIENTED_EDGE('',*,*,#6248,.T.);
#6246=EDGE_CURVE('',#540,#534,#6249,.F.);
#6247=EDGE_CURVE('',#534,#538,#6250,.T.);
#6248=EDGE_CURVE('',#538,#540,#6251,.T.);
#6249=LINE('',#539,#6252);
#6250=LINE('',#533,#6253);
#6251=LINE('',#537,#6254);
#6252=VECTOR('',#6255,1.0);
#6253=VECTOR('',#6256,1.0);
#6254=VECTOR('',#6257,1.0);
#6255=DIRECTION('',(0.639957944939541,-0.7684099353266846,0));
#6256=DIRECTION('',(-0.5925569218024844,0.8055285807617035,0));
#6257=DIRECTION('',(-0.7549337632642428,-0.6558010468760234,0));
#6258=STYLED_ITEM('',(#18),#6259);
#6259=FACE_SURFACE('',(#6264),#6260,.T.);
#6260=PLANE('',#6261);
#6261=AXIS2_PLACEMENT_3D('',#541,#6262,#6263);
#6262=DIRECTION('',(0,0,1));
#6263=DIRECTION('',(-0.9808006582599824,-0.19501299637917774,0));
#6264=FACE_BOUND('',#6265,.T.);
#6265=EDGE_LOOP('',(#6266,#6267,#6268));
#6266=ORIENTED_EDGE('',*,*,#6269,.T.);
#6267=ORIENTED_EDGE('',*,*,#6270,.T.);
#6268=ORIENTED_EDGE('',*,*,#6271,.T.);
#6269=EDGE_CURVE('',#542,#524,#6272,.F.);
#6270=EDGE_CURVE('',#524,#504,#6273,.T.);
#6271=EDGE_CURVE('',#504,#542,#6274,.T.);
#6272=LINE('',#541,#6275);
#6273=LINE('',#523,#6276);
#6274=LINE('',#503,#6277);
#6275=VECTOR('',#6278,1.0);
#6276=VECTOR('',#6279,1.0);
#6277=VECTOR('',#6280,1.0);
#6278=DIRECTION('',(-0.9808006582599824,-0.19501299637917774,0));
#6279=DIRECTION('',(0.37878489366562557,-0.9254847401933328,0));
#6280=DIRECTION('',(-0.13050585714686092,0.9914475383248288,0));
#6281=STYLED_ITEM('',(#18),#6282);
#6282=FACE_SURFACE('',(#6287),#6283,.T.);
#6283=PLANE('',#6284);
#6284=AXIS2_PLACEMENT_3D('',#543,#6285,#6286);
#6285=DIRECTION('',(0,-0,1));
#6286=DIRECTION('',(0,1,0));
#6287=FACE_BOUND('',#6288,.T.);
#6288=EDGE_LOOP('',(#6289,#6290,#6291));
#6289=ORIENTED_EDGE('',*,*,#6292,.T.);
#6290=ORIENTED_EDGE('',*,*,#6293,.T.);
#6291=ORIENTED_EDGE('',*,*,#6294,.T.);
#6292=EDGE_CURVE('',#544,#546,#6295,.F.);
#6293=EDGE_CURVE('',#546,#548,#6296,.T.);
#6294=EDGE_CURVE('',#548,#544,#6297,.T.);
#6295=LINE('',#543,#6298);
#6296=LINE('',#545,#6299);
#6297=LINE('',#547,#6300);
#6298=VECTOR('',#6301,1.0);
#6299=VECTOR('',#6302,1.0);
#6300=VECTOR('',#6303,1.0);
#6301=DIRECTION('',(0,1,0));
#6302=DIRECTION('',(-0.06516528285644928,-0.9978744840460843,0));
#6303=DIRECTION('',(0.9981405062648918,0.060955145420756696,0));
#6304=STYLED_ITEM('',(#18),#6305);
#6305=FACE_SURFACE('',(#6310),#6306,.T.);
#6306=PLANE('',#6307);
#6307=AXIS2_PLACEMENT_3D('',#503,#6308,#6309);
#6308=DIRECTION('',(0,-0,1));
#6309=DIRECTION('',(0.9799873195820539,0.199059924290103,0));
#6310=FACE_BOUND('',#6311,.T.);
#6311=EDGE_LOOP('',(#6312,#6313,#6314));
#6312=ORIENTED_EDGE('',*,*,#6315,.T.);
#6313=ORIENTED_EDGE('',*,*,#6316,.T.);
#6314=ORIENTED_EDGE('',*,*,#6317,.T.);
#6315=EDGE_CURVE('',#504,#548,#6318,.F.);
#6316=EDGE_CURVE('',#548,#542,#6319,.T.);
#6317=EDGE_CURVE('',#542,#504,#6320,.T.);
#6318=LINE('',#503,#6321);
#6319=LINE('',#547,#6322);
#6320=LINE('',#541,#6323);
#6321=VECTOR('',#6324,1.0);
#6322=VECTOR('',#6325,1.0);
#6323=VECTOR('',#6326,1.0);
#6324=DIRECTION('',(0.9799873195820539,0.199059924290103,0));
#6325=DIRECTION('',(-0.19448969742013034,0.9809045609015316,0));
#6326=DIRECTION('',(0.13050585714686092,-0.9914475383248288,0));
#6327=STYLED_ITEM('',(#18),#6328);
#6328=FACE_SURFACE('',(#6333),#6329,.T.);
#6329=PLANE('',#6330);
#6330=AXIS2_PLACEMENT_3D('',#549,#6331,#6332);
#6331=DIRECTION('',(-0,0,1));
#6332=DIRECTION('',(0.4908946868306318,-0.8712189199285423,0));
#6333=FACE_BOUND('',#6334,.T.);
#6334=EDGE_LOOP('',(#6335,#6336,#6337));
#6335=ORIENTED_EDGE('',*,*,#6338,.T.);
#6336=ORIENTED_EDGE('',*,*,#6339,.T.);
#6337=ORIENTED_EDGE('',*,*,#6340,.T.);
#6338=EDGE_CURVE('',#550,#552,#6341,.F.);
#6339=EDGE_CURVE('',#552,#540,#6342,.T.);
#6340=EDGE_CURVE('',#540,#550,#6343,.T.);
#6341=LINE('',#549,#6344);
#6342=LINE('',#551,#6345);
#6343=LINE('',#539,#6346);
#6344=VECTOR('',#6347,1.0);
#6345=VECTOR('',#6348,1.0);
#6346=VECTOR('',#6349,1.0);
#6347=DIRECTION('',(0.4908946868306318,-0.8712189199285423,0));
#6348=DIRECTION('',(-0.43600633883799517,0.899943594061921,0));
#6349=DIRECTION('',(-0.830875709772572,-0.5564580441595975,0));
#6350=STYLED_ITEM('',(#18),#6351);
#6351=FACE_SURFACE('',(#6356),#6352,.T.);
#6352=PLANE('',#6353);
#6353=AXIS2_PLACEMENT_3D('',#553,#6354,#6355);
#6354=DIRECTION('',(-0,0,1));
#6355=DIRECTION('',(0.8578278231524707,-0.513937180816385,0));
#6356=FACE_BOUND('',#6357,.T.);
#6357=EDGE_LOOP('',(#6358,#6359,#6360));
#6358=ORIENTED_EDGE('',*,*,#6361,.T.);
#6359=ORIENTED_EDGE('',*,*,#6362,.T.);
#6360=ORIENTED_EDGE('',*,*,#6363,.T.);
#6361=EDGE_CURVE('',#554,#530,#6364,.F.);
#6362=EDGE_CURVE('',#530,#528,#6365,.T.);
#6363=EDGE_CURVE('',#528,#554,#6366,.T.);
#6364=LINE('',#553,#6367);
#6365=LINE('',#529,#6368);
#6366=LINE('',#527,#6369);
#6367=VECTOR('',#6370,1.0);
#6368=VECTOR('',#6371,1.0);
#6369=VECTOR('',#6372,1.0);
#6370=DIRECTION('',(0.8578278231524707,-0.513937180816385,0));
#6371=DIRECTION('',(-0.8280642108833512,0.5606332693072476,0));
#6372=DIRECTION('',(-0.5564580441595975,-0.830875709772572,0));
#6373=STYLED_ITEM('',(#18),#6374);
#6374=FACE_SURFACE('',(#6379),#6375,.T.);
#6375=PLANE('',#6376);
#6376=AXIS2_PLACEMENT_3D('',#555,#6377,#6378);
#6377=DIRECTION('',(0,-0,1));
#6378=DIRECTION('',(0.3184280302685317,0.9479470394169195,0));
#6379=FACE_BOUND('',#6380,.T.);
#6380=EDGE_LOOP('',(#6381,#6382,#6383));
#6381=ORIENTED_EDGE('',*,*,#6384,.T.);
#6382=ORIENTED_EDGE('',*,*,#6385,.T.);
#6383=ORIENTED_EDGE('',*,*,#6386,.T.);
#6384=EDGE_CURVE('',#556,#558,#6387,.F.);
#6385=EDGE_CURVE('',#558,#560,#6388,.T.);
#6386=EDGE_CURVE('',#560,#556,#6389,.T.);
#6387=LINE('',#555,#6390);
#6388=LINE('',#557,#6391);
#6389=LINE('',#559,#6392);
#6390=VECTOR('',#6393,1.0);
#6391=VECTOR('',#6394,1.0);
#6392=VECTOR('',#6395,1.0);
#6393=DIRECTION('',(0.3184280302685317,0.9479470394169195,0));
#6394=DIRECTION('',(-0.37878489366562557,-0.9254847401933328,0));
#6395=DIRECTION('',(0.9479222324347258,-0.31850187009806646,0));
#6396=STYLED_ITEM('',(#18),#6397);
#6397=FACE_SURFACE('',(#6402),#6398,.T.);
#6398=PLANE('',#6399);
#6399=AXIS2_PLACEMENT_3D('',#561,#6400,#6401);
#6400=DIRECTION('',(0,-0,1));
#6401=DIRECTION('',(0.49089468683063253,0.8712189199285418,0));
#6402=FACE_BOUND('',#6403,.T.);
#6403=EDGE_LOOP('',(#6404,#6405,#6406));
#6404=ORIENTED_EDGE('',*,*,#6407,.T.);
#6405=ORIENTED_EDGE('',*,*,#6408,.T.);
#6406=ORIENTED_EDGE('',*,*,#6409,.T.);
#6407=EDGE_CURVE('',#562,#564,#6410,.F.);
#6408=EDGE_CURVE('',#564,#556,#6411,.T.);
#6409=EDGE_CURVE('',#556,#562,#6412,.T.);
#6410=LINE('',#561,#6413);
#6411=LINE('',#563,#6414);
#6412=LINE('',#555,#6415);
#6413=VECTOR('',#6416,1.0);
#6414=VECTOR('',#6417,1.0);
#6415=VECTOR('',#6418,1.0);
#6416=DIRECTION('',(0.49089468683063253,0.8712189199285418,0));
#6417=DIRECTION('',(-0.5438212591909763,-0.8392010712886043,0));
#6418=DIRECTION('',(0.8959534904282143,-0.44414788414389644,0));
#6419=STYLED_ITEM('',(#18),#6420);
#6420=FACE_SURFACE('',(#6425),#6421,.T.);
#6421=PLANE('',#6422);
#6422=AXIS2_PLACEMENT_3D('',#565,#6423,#6424);
#6423=DIRECTION('',(0,0,1));
#6424=DIRECTION('',(-0.9926776149714256,0.12079384394348106,0));
#6425=FACE_BOUND('',#6426,.T.);
#6426=EDGE_LOOP('',(#6427,#6428,#6429));
#6427=ORIENTED_EDGE('',*,*,#6430,.T.);
#6428=ORIENTED_EDGE('',*,*,#6431,.T.);
#6429=ORIENTED_EDGE('',*,*,#6432,.T.);
#6430=EDGE_CURVE('',#566,#52,#6433,.F.);
#6431=EDGE_CURVE('',#52,#568,#6434,.T.);
#6432=EDGE_CURVE('',#568,#566,#6435,.T.);
#6433=LINE('',#565,#6436);
#6434=LINE('',#51,#6437);
#6435=LINE('',#567,#6438);
#6436=VECTOR('',#6439,1.0);
#6437=VECTOR('',#6440,1.0);
#6438=VECTOR('',#6441,1.0);
#6439=DIRECTION('',(-0.9926776149714256,0.12079384394348106,0));
#6440=DIRECTION('',(0.9875446996522275,-0.15733869895480845,0));
#6441=DIRECTION('',(0.5564580441595975,0.830875709772572,0));
#6442=STYLED_ITEM('',(#18),#6443);
#6443=FACE_SURFACE('',(#6448),#6444,.T.);
#6444=PLANE('',#6445);
#6445=AXIS2_PLACEMENT_3D('',#569,#6446,#6447);
#6446=DIRECTION('',(0,0,1));
#6447=DIRECTION('',(-0.9961134647550811,0.08807931274497992,0));
#6448=FACE_BOUND('',#6449,.T.);
#6449=EDGE_LOOP('',(#6450,#6451,#6452));
#6450=ORIENTED_EDGE('',*,*,#6453,.T.);
#6451=ORIENTED_EDGE('',*,*,#6454,.T.);
#6452=ORIENTED_EDGE('',*,*,#6455,.T.);
#6453=EDGE_CURVE('',#570,#52,#6456,.F.);
#6454=EDGE_CURVE('',#52,#566,#6457,.T.);
#6455=EDGE_CURVE('',#566,#570,#6458,.T.);
#6456=LINE('',#569,#6459);
#6457=LINE('',#51,#6460);
#6458=LINE('',#565,#6461);
#6459=VECTOR('',#6462,1.0);
#6460=VECTOR('',#6463,1.0);
#6461=VECTOR('',#6464,1.0);
#6462=DIRECTION('',(-0.9961134647550811,0.08807931274497992,0));
#6463=DIRECTION('',(0.9926776149714256,-0.12079384394348106,0));
#6464=DIRECTION('',(0.6558010468760234,0.7549337632642428,0));
#6465=STYLED_ITEM('',(#18),#6466);
#6466=FACE_SURFACE('',(#6471),#6467,.T.);
#6467=PLANE('',#6468);
#6468=AXIS2_PLACEMENT_3D('',#121,#6469,#6470);
#6469=DIRECTION('',(-0.6558010468760156,-0.7549337632642494,0));
#6470=DIRECTION('',(0,0,1));
#6471=FACE_BOUND('',#6472,.T.);
#6472=EDGE_LOOP('',(#6473,#6474,#6475));
#6473=ORIENTED_EDGE('',*,*,#6476,.T.);
#6474=ORIENTED_EDGE('',*,*,#6477,.T.);
#6475=ORIENTED_EDGE('',*,*,#6478,.T.);
#6476=EDGE_CURVE('',#122,#422,#6479,.F.);
#6477=EDGE_CURVE('',#422,#572,#6480,.T.);
#6478=EDGE_CURVE('',#572,#122,#6481,.T.);
#6479=LINE('',#121,#6482);
#6480=LINE('',#421,#6483);
#6481=LINE('',#571,#6484);
#6482=VECTOR('',#6485,1.0);
#6483=VECTOR('',#6486,1.0);
#6484=VECTOR('',#6487,1.0);
#6485=DIRECTION('',(0,0,1));
#6486=DIRECTION('',(-0.7549337632642495,0.6558010468760157,0));
#6487=DIRECTION('',(0.009899148858276578,-0.008599260624361484,-0.9999140260885412));
#6488=STYLED_ITEM('',(#18),#6489);
#6489=FACE_SURFACE('',(#6494),#6490,.T.);
#6490=PLANE('',#6491);
#6491=AXIS2_PLACEMENT_3D('',#569,#6492,#6493);
#6492=DIRECTION('',(0,-0,1));
#6493=DIRECTION('',(0.7549337632642428,0.6558010468760234,0));
#6494=FACE_BOUND('',#6495,.T.);
#6495=EDGE_LOOP('',(#6496,#6497,#6498));
#6496=ORIENTED_EDGE('',*,*,#6499,.T.);
#6497=ORIENTED_EDGE('',*,*,#6500,.T.);
#6498=ORIENTED_EDGE('',*,*,#6501,.T.);
#6499=EDGE_CURVE('',#570,#574,#6502,.F.);
#6500=EDGE_CURVE('',#574,#52,#6503,.T.);
#6501=EDGE_CURVE('',#52,#570,#6504,.T.);
#6502=LINE('',#569,#6505);
#6503=LINE('',#573,#6506);
#6504=LINE('',#51,#6507);
#6505=VECTOR('',#6508,1.0);
#6506=VECTOR('',#6509,1.0);
#6507=VECTOR('',#6510,1.0);
#6508=DIRECTION('',(0.7549337632642428,0.6558010468760234,0));
#6509=DIRECTION('',(-0.998176569536193,0.06036170995720291,0));
#6510=DIRECTION('',(0.9961134647550811,-0.08807931274497992,0));
#6511=STYLED_ITEM('',(#18),#6512);
#6512=FACE_SURFACE('',(#6517),#6513,.T.);
#6513=PLANE('',#6514);
#6514=AXIS2_PLACEMENT_3D('',#575,#6515,#6516);
#6515=DIRECTION('',(0,0,1));
#6516=DIRECTION('',(-0.9992891684029443,0.03769824813637901,0));
#6517=FACE_BOUND('',#6518,.T.);
#6518=EDGE_LOOP('',(#6519,#6520,#6521));
#6519=ORIENTED_EDGE('',*,*,#6522,.T.);
#6520=ORIENTED_EDGE('',*,*,#6523,.T.);
#6521=ORIENTED_EDGE('',*,*,#6524,.T.);
#6522=EDGE_CURVE('',#576,#52,#6525,.F.);
#6523=EDGE_CURVE('',#52,#574,#6526,.T.);
#6524=EDGE_CURVE('',#574,#576,#6527,.T.);
#6525=LINE('',#575,#6528);
#6526=LINE('',#51,#6529);
#6527=LINE('',#573,#6530);
#6528=VECTOR('',#6531,1.0);
#6529=VECTOR('',#6532,1.0);
#6530=VECTOR('',#6533,1.0);
#6531=DIRECTION('',(-0.9992891684029443,0.03769824813637901,0));
#6532=DIRECTION('',(0.998176569536193,-0.06036170995720291,0));
#6533=DIRECTION('',(0.830875709772572,0.5564580441595975,0));
#6534=STYLED_ITEM('',(#18),#6535);
#6535=FACE_SURFACE('',(#6540),#6536,.T.);
#6536=PLANE('',#6537);
#6537=AXIS2_PLACEMENT_3D('',#571,#6538,#6539);
#6538=DIRECTION('',(0,-0,1));
#6539=DIRECTION('',(0.43600633883799517,0.899943594061921,0));
#6540=FACE_BOUND('',#6541,.T.);
#6541=EDGE_LOOP('',(#6542,#6543,#6544));
#6542=ORIENTED_EDGE('',*,*,#6545,.T.);
#6543=ORIENTED_EDGE('',*,*,#6546,.T.);
#6544=ORIENTED_EDGE('',*,*,#6547,.T.);
#6545=EDGE_CURVE('',#572,#564,#6548,.F.);
#6546=EDGE_CURVE('',#564,#562,#6549,.T.);
#6547=EDGE_CURVE('',#562,#572,#6550,.T.);
#6548=LINE('',#571,#6551);
#6549=LINE('',#563,#6552);
#6550=LINE('',#561,#6553);
#6551=VECTOR('',#6554,1.0);
#6552=VECTOR('',#6555,1.0);
#6553=VECTOR('',#6556,1.0);
#6554=DIRECTION('',(0.43600633883799517,0.899943594061921,0));
#6555=DIRECTION('',(-0.49089468683063253,-0.8712189199285418,0));
#6556=DIRECTION('',(0.8308757097725595,-0.5564580441596162,0));
#6557=STYLED_ITEM('',(#18),#6558);
#6558=FACE_SURFACE('',(#6563),#6559,.T.);
#6559=PLANE('',#6560);
#6560=AXIS2_PLACEMENT_3D('',#577,#6561,#6562);
#6561=DIRECTION('',(0,0,1));
#6562=DIRECTION('',(-0.9997906657867699,0.02046031782860138,0));
#6563=FACE_BOUND('',#6564,.T.);
#6564=EDGE_LOOP('',(#6565,#6566,#6567));
#6565=ORIENTED_EDGE('',*,*,#6568,.T.);
#6566=ORIENTED_EDGE('',*,*,#6569,.T.);
#6567=ORIENTED_EDGE('',*,*,#6570,.T.);
#6568=EDGE_CURVE('',#578,#52,#6571,.F.);
#6569=EDGE_CURVE('',#52,#576,#6572,.T.);
#6570=EDGE_CURVE('',#576,#578,#6573,.T.);
#6571=LINE('',#577,#6574);
#6572=LINE('',#51,#6575);
#6573=LINE('',#575,#6576);
#6574=VECTOR('',#6577,1.0);
#6575=VECTOR('',#6578,1.0);
#6576=VECTOR('',#6579,1.0);
#6577=DIRECTION('',(-0.9997906657867699,0.02046031782860138,0));
#6578=DIRECTION('',(0.9992891684029443,-0.03769824813637901,0));
#6579=DIRECTION('',(0.8959534904282143,0.44414788414389644,0));
#6580=STYLED_ITEM('',(#18),#6581);
#6581=FACE_SURFACE('',(#6586),#6582,.T.);
#6582=PLANE('',#6583);
#6583=AXIS2_PLACEMENT_3D('',#579,#6584,#6585);
#6584=DIRECTION('',(0,0,1));
#6585=DIRECTION('',(-0.9999634177247717,0.00855354968382591,0));
#6586=FACE_BOUND('',#6587,.T.);
#6587=EDGE_LOOP('',(#6588,#6589,#6590));
#6588=ORIENTED_EDGE('',*,*,#6591,.T.);
#6589=ORIENTED_EDGE('',*,*,#6592,.T.);
#6590=ORIENTED_EDGE('',*,*,#6593,.T.);
#6591=EDGE_CURVE('',#580,#52,#6594,.F.);
#6592=EDGE_CURVE('',#52,#578,#6595,.T.);
#6593=EDGE_CURVE('',#578,#580,#6596,.T.);
#6594=LINE('',#579,#6597);
#6595=LINE('',#51,#6598);
#6596=LINE('',#577,#6599);
#6597=VECTOR('',#6600,1.0);
#6598=VECTOR('',#6601,1.0);
#6599=VECTOR('',#6602,1.0);
#6600=DIRECTION('',(-0.9999634177247717,0.00855354968382591,0));
#6601=DIRECTION('',(0.9997906657867699,-0.02046031782860138,0));
#6602=DIRECTION('',(0.9479222324347218,0.3185018700980786,0));
#6603=STYLED_ITEM('',(#18),#6604);
#6604=FACE_SURFACE('',(#6609),#6605,.T.);
#6605=PLANE('',#6606);
#6606=AXIS2_PLACEMENT_3D('',#581,#6607,#6608);
#6607=DIRECTION('',(0,0,1));
#6608=DIRECTION('',(-0.9999987975299662,0.001550786452618254,0));
#6609=FACE_BOUND('',#6610,.T.);
#6610=EDGE_LOOP('',(#6611,#6612,#6613));
#6611=ORIENTED_EDGE('',*,*,#6614,.T.);
#6612=ORIENTED_EDGE('',*,*,#6615,.T.);
#6613=ORIENTED_EDGE('',*,*,#6616,.T.);
#6614=EDGE_CURVE('',#582,#52,#6617,.F.);
#6615=EDGE_CURVE('',#52,#580,#6618,.T.);
#6616=EDGE_CURVE('',#580,#582,#6619,.T.);
#6617=LINE('',#581,#6620);
#6618=LINE('',#51,#6621);
#6619=LINE('',#579,#6622);
#6620=VECTOR('',#6623,1.0);
#6621=VECTOR('',#6624,1.0);
#6622=VECTOR('',#6625,1.0);
#6623=DIRECTION('',(-0.9999987975299662,0.001550786452618254,0));
#6624=DIRECTION('',(0.9999634177247717,-0.00855354968382591,0));
#6625=DIRECTION('',(0.9799873195820539,0.199059924290103,0));
#6626=STYLED_ITEM('',(#18),#6627);
#6627=FACE_SURFACE('',(#6632),#6628,.T.);
#6628=PLANE('',#6629);
#6629=AXIS2_PLACEMENT_3D('',#421,#6630,#6631);
#6630=DIRECTION('',(0,-0,1));
#6631=DIRECTION('',(0.5925569218024841,0.8055285807617039,0));
#6632=FACE_BOUND('',#6633,.T.);
#6633=EDGE_LOOP('',(#6634,#6635,#6636));
#6634=ORIENTED_EDGE('',*,*,#6637,.T.);
#6635=ORIENTED_EDGE('',*,*,#6638,.T.);
#6636=ORIENTED_EDGE('',*,*,#6639,.T.);
#6637=EDGE_CURVE('',#422,#584,#6640,.F.);
#6638=EDGE_CURVE('',#584,#572,#6641,.T.);
#6639=EDGE_CURVE('',#572,#422,#6642,.T.);
#6640=LINE('',#421,#6643);
#6641=LINE('',#583,#6644);
#6642=LINE('',#571,#6645);
#6643=VECTOR('',#6646,1.0);
#6644=VECTOR('',#6647,1.0);
#6645=VECTOR('',#6648,1.0);
#6646=DIRECTION('',(0.5925569218024841,0.8055285807617039,0));
#6647=DIRECTION('',(-0.6399579449395402,-0.7684099353266852,0));
#6648=DIRECTION('',(0.7549337632642495,-0.6558010468760157,0));
#6649=STYLED_ITEM('',(#18),#6650);
#6650=FACE_SURFACE('',(#6655),#6651,.T.);
#6651=PLANE('',#6652);
#6652=AXIS2_PLACEMENT_3D('',#51,#6653,#6654);
#6653=DIRECTION('',(-0,0,1));
#6654=DIRECTION('',(0.9999987975299662,-0.001550786452618254,0));
#6655=FACE_BOUND('',#6656,.T.);
#6656=EDGE_LOOP('',(#6657,#6658,#6659));
#6657=ORIENTED_EDGE('',*,*,#6660,.T.);
#6658=ORIENTED_EDGE('',*,*,#6661,.T.);
#6659=ORIENTED_EDGE('',*,*,#6662,.T.);
#6660=EDGE_CURVE('',#52,#582,#6663,.F.);
#6661=EDGE_CURVE('',#582,#586,#6664,.T.);
#6662=EDGE_CURVE('',#586,#52,#6665,.T.);
#6663=LINE('',#51,#6666);
#6664=LINE('',#581,#6667);
#6665=LINE('',#585,#6668);
#6666=VECTOR('',#6669,1.0);
#6667=VECTOR('',#6670,1.0);
#6668=VECTOR('',#6671,1.0);
#6669=DIRECTION('',(0.9999987975299662,-0.001550786452618254,0));
#6670=DIRECTION('',(0.9981423921693005,0.06092425588012124,0));
#6671=DIRECTION('',(-1,0,0));
#6672=STYLED_ITEM('',(#18),#6673);
#6673=FACE_SURFACE('',(#6678),#6674,.T.);
#6674=PLANE('',#6675);
#6675=AXIS2_PLACEMENT_3D('',#587,#6676,#6677);
#6676=DIRECTION('',(0,-0,1));
#6677=DIRECTION('',(0.9999634177247717,0.00855354968382591,0));
#6678=FACE_BOUND('',#6679,.T.);
#6679=EDGE_LOOP('',(#6680,#6681,#6682));
#6680=ORIENTED_EDGE('',*,*,#6683,.T.);
#6681=ORIENTED_EDGE('',*,*,#6684,.T.);
#6682=ORIENTED_EDGE('',*,*,#6685,.T.);
#6683=EDGE_CURVE('',#588,#398,#6686,.F.);
#6684=EDGE_CURVE('',#398,#590,#6687,.T.);
#6685=EDGE_CURVE('',#590,#588,#6688,.T.);
#6686=LINE('',#587,#6689);
#6687=LINE('',#397,#6690);
#6688=LINE('',#589,#6691);
#6689=VECTOR('',#6692,1.0);
#6690=VECTOR('',#6693,1.0);
#6691=VECTOR('',#6694,1.0);
#6692=DIRECTION('',(0.9999634177247717,0.00855354968382591,0));
#6693=DIRECTION('',(-0.9999987975299662,-0.001550786452618254,0));
#6694=DIRECTION('',(0.9799873195820539,-0.199059924290103,0));
#6695=STYLED_ITEM('',(#18),#6696);
#6696=FACE_SURFACE('',(#6701),#6697,.T.);
#6697=PLANE('',#6698);
#6698=AXIS2_PLACEMENT_3D('',#449,#6699,#6700);
#6699=DIRECTION('',(0,-0,1));
#6700=DIRECTION('',(0.9058120384565752,0.42367977410674673,0));
#6701=FACE_BOUND('',#6702,.T.);
#6702=EDGE_LOOP('',(#6703,#6704,#6705));
#6703=ORIENTED_EDGE('',*,*,#6706,.T.);
#6704=ORIENTED_EDGE('',*,*,#6707,.T.);
#6705=ORIENTED_EDGE('',*,*,#6708,.T.);
#6706=EDGE_CURVE('',#450,#448,#6709,.F.);
#6707=EDGE_CURVE('',#448,#454,#6710,.T.);
#6708=EDGE_CURVE('',#454,#450,#6711,.T.);
#6709=LINE('',#449,#6712);
#6710=LINE('',#447,#6713);
#6711=LINE('',#453,#6714);
#6712=VECTOR('',#6715,1.0);
#6713=VECTOR('',#6716,1.0);
#6714=VECTOR('',#6717,1.0);
#6715=DIRECTION('',(0.9058120384565752,0.42367977410674673,0));
#6716=DIRECTION('',(-0.9268035779883358,-0.37554643897661827,0));
#6717=DIRECTION('',(0.44414788414389905,-0.8959534904282127,0));
#6718=STYLED_ITEM('',(#18),#6719);
#6719=FACE_SURFACE('',(#6724),#6720,.T.);
#6720=PLANE('',#6721);
#6721=AXIS2_PLACEMENT_3D('',#85,#6722,#6723);
#6722=DIRECTION('',(0.830875709772572,0.5564580441595975,-0));
#6723=DIRECTION('',(0,0,1));
#6724=FACE_BOUND('',#6725,.T.);
#6725=EDGE_LOOP('',(#6726,#6727,#6728));
#6726=ORIENTED_EDGE('',*,*,#6729,.T.);
#6727=ORIENTED_EDGE('',*,*,#6730,.T.);
#6728=ORIENTED_EDGE('',*,*,#6731,.T.);
#6729=EDGE_CURVE('',#86,#462,#6732,.F.);
#6730=EDGE_CURVE('',#462,#460,#6733,.T.);
#6731=EDGE_CURVE('',#460,#86,#6734,.T.);
#6732=LINE('',#85,#6735);
#6733=LINE('',#461,#6736);
#6734=LINE('',#459,#6737);
#6735=VECTOR('',#6738,1.0);
#6736=VECTOR('',#6739,1.0);
#6737=VECTOR('',#6740,1.0);
#6738=DIRECTION('',(0,0,1));
#6739=DIRECTION('',(0.5564580441595975,-0.830875709772572,0));
#6740=DIRECTION('',(-0.007299371916068455,0.010899062176047712,-0.999913961105311));
#6741=STYLED_ITEM('',(#18),#6742);
#6742=FACE_SURFACE('',(#6747),#6743,.T.);
#6743=PLANE('',#6744);
#6744=AXIS2_PLACEMENT_3D('',#591,#6745,#6746);
#6745=DIRECTION('',(0,-0,1));
#6746=DIRECTION('',(0.9997906657867699,0.02046031782860138,0));
#6747=FACE_BOUND('',#6748,.T.);
#6748=EDGE_LOOP('',(#6749,#6750,#6751));
#6749=ORIENTED_EDGE('',*,*,#6752,.T.);
#6750=ORIENTED_EDGE('',*,*,#6753,.T.);
#6751=ORIENTED_EDGE('',*,*,#6754,.T.);
#6752=EDGE_CURVE('',#592,#398,#6755,.F.);
#6753=EDGE_CURVE('',#398,#588,#6756,.T.);
#6754=EDGE_CURVE('',#588,#592,#6757,.T.);
#6755=LINE('',#591,#6758);
#6756=LINE('',#397,#6759);
#6757=LINE('',#587,#6760);
#6758=VECTOR('',#6761,1.0);
#6759=VECTOR('',#6762,1.0);
#6760=VECTOR('',#6763,1.0);
#6761=DIRECTION('',(0.9997906657867699,0.02046031782860138,0));
#6762=DIRECTION('',(-0.9999634177247717,-0.00855354968382591,0));
#6763=DIRECTION('',(0.9479222324347218,-0.3185018700980786,0));
#6764=STYLED_ITEM('',(#18),#6765);
#6765=FACE_SURFACE('',(#6770),#6766,.T.);
#6766=PLANE('',#6767);
#6767=AXIS2_PLACEMENT_3D('',#431,#6768,#6769);
#6768=DIRECTION('',(-0,0,1));
#6769=DIRECTION('',(0.199059924290103,-0.9799873195820539,0));
#6770=FACE_BOUND('',#6771,.T.);
#6771=EDGE_LOOP('',(#6772,#6773,#6774));
#6772=ORIENTED_EDGE('',*,*,#6775,.T.);
#6773=ORIENTED_EDGE('',*,*,#6776,.T.);
#6774=ORIENTED_EDGE('',*,*,#6777,.T.);
#6775=EDGE_CURVE('',#432,#594,#6778,.F.);
#6776=EDGE_CURVE('',#594,#446,#6779,.T.);
#6777=EDGE_CURVE('',#446,#432,#6780,.T.);
#6778=LINE('',#431,#6781);
#6779=LINE('',#593,#6782);
#6780=LINE('',#445,#6783);
#6781=VECTOR('',#6784,1.0);
#6782=VECTOR('',#6785,1.0);
#6783=VECTOR('',#6786,1.0);
#6784=DIRECTION('',(0.199059924290103,-0.9799873195820539,0));
#6785=DIRECTION('',(0.9433212477700906,0.3318810381830805,0));
#6786=DIRECTION('',(-0.9586468662780967,-0.28459828842630996,0));
#6787=STYLED_ITEM('',(#18),#6788);
#6788=FACE_SURFACE('',(#6793),#6789,.T.);
#6789=PLANE('',#6790);
#6790=AXIS2_PLACEMENT_3D('',#461,#6791,#6792);
#6791=DIRECTION('',(0.8959534904282141,0.4441478841438964,0));
#6792=DIRECTION('',(0,0,-1));
#6793=FACE_BOUND('',#6794,.T.);
#6794=EDGE_LOOP('',(#6795,#6796,#6797));
#6795=ORIENTED_EDGE('',*,*,#6798,.T.);
#6796=ORIENTED_EDGE('',*,*,#6799,.T.);
#6797=ORIENTED_EDGE('',*,*,#6800,.T.);
#6798=EDGE_CURVE('',#462,#86,#6801,.F.);
#6799=EDGE_CURVE('',#86,#94,#6802,.T.);
#6800=EDGE_CURVE('',#94,#462,#6803,.T.);
#6801=LINE('',#461,#6804);
#6802=LINE('',#85,#6805);
#6803=LINE('',#93,#6806);
#6804=VECTOR('',#6807,1.0);
#6805=VECTOR('',#6808,1.0);
#6806=VECTOR('',#6809,1.0);
#6807=DIRECTION('',(0,0,-1));
#6808=DIRECTION('',(-0.44414788414389644,0.8959534904282143,0));
#6809=DIRECTION('',(0.005799505526241042,-0.01169900252707257,0.9999147459036308));
#6810=STYLED_ITEM('',(#18),#6811);
#6811=FACE_SURFACE('',(#6816),#6812,.T.);
#6812=PLANE('',#6813);
#6813=AXIS2_PLACEMENT_3D('',#595,#6814,#6815);
#6814=DIRECTION('',(0,-0,1));
#6815=DIRECTION('',(0.9811231538831227,0.1933839624023524,0));
#6816=FACE_BOUND('',#6817,.T.);
#6817=EDGE_LOOP('',(#6818,#6819,#6820));
#6818=ORIENTED_EDGE('',*,*,#6821,.T.);
#6819=ORIENTED_EDGE('',*,*,#6822,.T.);
#6820=ORIENTED_EDGE('',*,*,#6823,.T.);
#6821=EDGE_CURVE('',#596,#598,#6824,.F.);
#6822=EDGE_CURVE('',#598,#594,#6825,.T.);
#6823=EDGE_CURVE('',#594,#596,#6826,.T.);
#6824=LINE('',#595,#6827);
#6825=LINE('',#597,#6828);
#6826=LINE('',#593,#6829);
#6827=VECTOR('',#6830,1.0);
#6828=VECTOR('',#6831,1.0);
#6829=VECTOR('',#6832,1.0);
#6830=DIRECTION('',(0.9811231538831227,0.1933839624023524,0));
#6831=DIRECTION('',(-0.9892191820295014,-0.14644251399400438,0));
#6832=DIRECTION('',(0.06095514542074996,-0.9981405062648923,0));
#6833=STYLED_ITEM('',(#18),#6834);
#6834=FACE_SURFACE('',(#6839),#6835,.T.);
#6835=PLANE('',#6836);
#6836=AXIS2_PLACEMENT_3D('',#599,#6837,#6838);
#6837=DIRECTION('',(0,-0,1));
#6838=DIRECTION('',(0.998176569536193,0.06036170995720291,0));
#6839=FACE_BOUND('',#6840,.T.);
#6840=EDGE_LOOP('',(#6841,#6842,#6843));
#6841=ORIENTED_EDGE('',*,*,#6844,.T.);
#6842=ORIENTED_EDGE('',*,*,#6845,.T.);
#6843=ORIENTED_EDGE('',*,*,#6846,.T.);
#6844=EDGE_CURVE('',#600,#398,#6847,.F.);
#6845=EDGE_CURVE('',#398,#602,#6848,.T.);
#6846=EDGE_CURVE('',#602,#600,#6849,.T.);
#6847=LINE('',#599,#6850);
#6848=LINE('',#397,#6851);
#6849=LINE('',#601,#6852);
#6850=VECTOR('',#6853,1.0);
#6851=VECTOR('',#6854,1.0);
#6852=VECTOR('',#6855,1.0);
#6853=DIRECTION('',(0.998176569536193,0.06036170995720291,0));
#6854=DIRECTION('',(-0.9992891684029443,-0.03769824813637901,0));
#6855=DIRECTION('',(0.830875709772572,-0.5564580441595975,0));
#6856=STYLED_ITEM('',(#18),#6857);
#6857=FACE_SURFACE('',(#6862),#6858,.T.);
#6858=PLANE('',#6859);
#6859=AXIS2_PLACEMENT_3D('',#603,#6860,#6861);
#6860=DIRECTION('',(-0,0,1));
#6861=DIRECTION('',(0.9973425743025967,-0.07285457764251768,0));
#6862=FACE_BOUND('',#6863,.T.);
#6863=EDGE_LOOP('',(#6864,#6865,#6866));
#6864=ORIENTED_EDGE('',*,*,#6867,.T.);
#6865=ORIENTED_EDGE('',*,*,#6868,.T.);
#6866=ORIENTED_EDGE('',*,*,#6869,.T.);
#6867=EDGE_CURVE('',#604,#472,#6870,.F.);
#6868=EDGE_CURVE('',#472,#606,#6871,.T.);
#6869=EDGE_CURVE('',#606,#604,#6872,.T.);
#6870=LINE('',#603,#6873);
#6871=LINE('',#471,#6874);
#6872=LINE('',#605,#6875);
#6873=VECTOR('',#6876,1.0);
#6874=VECTOR('',#6877,1.0);
#6875=VECTOR('',#6878,1.0);
#6876=DIRECTION('',(0.9973425743025967,-0.07285457764251768,0));
#6877=DIRECTION('',(-0.9932528773730468,0.11596862330028486,0));
#6878=DIRECTION('',(-0.199059924290103,-0.9799873195820539,0));
#6879=STYLED_ITEM('',(#18),#6880);
#6880=FACE_SURFACE('',(#6885),#6881,.T.);
#6881=PLANE('',#6882);
#6882=AXIS2_PLACEMENT_3D('',#607,#6883,#6884);
#6883=DIRECTION('',(0.9799873195820538,0.19905992429010297,0));
#6884=DIRECTION('',(0,0,-1));
#6885=FACE_BOUND('',#6886,.T.);
#6886=EDGE_LOOP('',(#6887,#6888,#6889));
#6887=ORIENTED_EDGE('',*,*,#6890,.T.);
#6888=ORIENTED_EDGE('',*,*,#6891,.T.);
#6889=ORIENTED_EDGE('',*,*,#6892,.T.);
#6890=EDGE_CURVE('',#608,#92,#6893,.F.);
#6891=EDGE_CURVE('',#92,#420,#6894,.T.);
#6892=EDGE_CURVE('',#420,#608,#6895,.T.);
#6893=LINE('',#607,#6896);
#6894=LINE('',#91,#6897);
#6895=LINE('',#419,#6898);
#6896=VECTOR('',#6899,1.0);
#6897=VECTOR('',#6900,1.0);
#6898=VECTOR('',#6901,1.0);
#6899=DIRECTION('',(0,0,-1));
#6900=DIRECTION('',(-0.0025997782483726975,0.01279890829968108,0.9999147109125835));
#6901=DIRECTION('',(0.199059924290103,-0.9799873195820539,0));
#6902=STYLED_ITEM('',(#18),#6903);
#6903=FACE_SURFACE('',(#6908),#6904,.T.);
#6904=PLANE('',#6905);
#6905=AXIS2_PLACEMENT_3D('',#591,#6906,#6907);
#6906=DIRECTION('',(-0,0,1));
#6907=DIRECTION('',(0.8959534904282143,-0.44414788414389644,0));
#6908=FACE_BOUND('',#6909,.T.);
#6909=EDGE_LOOP('',(#6910,#6911,#6912));
#6910=ORIENTED_EDGE('',*,*,#6913,.T.);
#6911=ORIENTED_EDGE('',*,*,#6914,.T.);
#6912=ORIENTED_EDGE('',*,*,#6915,.T.);
#6913=EDGE_CURVE('',#592,#602,#6916,.F.);
#6914=EDGE_CURVE('',#602,#398,#6917,.T.);
#6915=EDGE_CURVE('',#398,#592,#6918,.T.);
#6916=LINE('',#591,#6919);
#6917=LINE('',#601,#6920);
#6918=LINE('',#397,#6921);
#6919=VECTOR('',#6922,1.0);
#6920=VECTOR('',#6923,1.0);
#6921=VECTOR('',#6924,1.0);
#6922=DIRECTION('',(0.8959534904282143,-0.44414788414389644,0));
#6923=DIRECTION('',(0.9992891684029443,0.03769824813637901,0));
#6924=DIRECTION('',(-0.9997906657867699,-0.02046031782860138,0));
#6925=STYLED_ITEM('',(#18),#6926);
#6926=FACE_SURFACE('',(#6931),#6927,.T.);
#6927=PLANE('',#6928);
#6928=AXIS2_PLACEMENT_3D('',#609,#6929,#6930);
#6929=DIRECTION('',(0,-0,1));
#6930=DIRECTION('',(0.9961134647550811,0.08807931274497992,0));
#6931=FACE_BOUND('',#6932,.T.);
#6932=EDGE_LOOP('',(#6933,#6934,#6935));
#6933=ORIENTED_EDGE('',*,*,#6936,.T.);
#6934=ORIENTED_EDGE('',*,*,#6937,.T.);
#6935=ORIENTED_EDGE('',*,*,#6938,.T.);
#6936=EDGE_CURVE('',#610,#398,#6939,.F.);
#6937=EDGE_CURVE('',#398,#600,#6940,.T.);
#6938=EDGE_CURVE('',#600,#610,#6941,.T.);
#6939=LINE('',#609,#6942);
#6940=LINE('',#397,#6943);
#6941=LINE('',#599,#6944);
#6942=VECTOR('',#6945,1.0);
#6943=VECTOR('',#6946,1.0);
#6944=VECTOR('',#6947,1.0);
#6945=DIRECTION('',(0.9961134647550811,0.08807931274497992,0));
#6946=DIRECTION('',(-0.998176569536193,-0.06036170995720291,0));
#6947=DIRECTION('',(0.7549337632642428,-0.6558010468760234,0));
#6948=STYLED_ITEM('',(#18),#6949);
#6949=FACE_SURFACE('',(#6954),#6950,.T.);
#6950=PLANE('',#6951);
#6951=AXIS2_PLACEMENT_3D('',#611,#6952,#6953);
#6952=DIRECTION('',(-0,0,1));
#6953=DIRECTION('',(0.9981423921693005,-0.06092425588012124,0));
#6954=FACE_BOUND('',#6955,.T.);
#6955=EDGE_LOOP('',(#6956,#6957,#6958));
#6956=ORIENTED_EDGE('',*,*,#6959,.T.);
#6957=ORIENTED_EDGE('',*,*,#6960,.T.);
#6958=ORIENTED_EDGE('',*,*,#6961,.T.);
#6959=EDGE_CURVE('',#612,#590,#6962,.F.);
#6960=EDGE_CURVE('',#590,#398,#6963,.T.);
#6961=EDGE_CURVE('',#398,#612,#6964,.T.);
#6962=LINE('',#611,#6965);
#6963=LINE('',#589,#6966);
#6964=LINE('',#397,#6967);
#6965=VECTOR('',#6968,1.0);
#6966=VECTOR('',#6969,1.0);
#6967=VECTOR('',#6970,1.0);
#6968=DIRECTION('',(0.9981423921693005,-0.06092425588012124,0));
#6969=DIRECTION('',(0.9999987975299662,0.001550786452618254,0));
#6970=DIRECTION('',(-1,0,0));
#6971=STYLED_ITEM('',(#18),#6972);
#6972=FACE_SURFACE('',(#6977),#6973,.T.);
#6973=PLANE('',#6974);
#6974=AXIS2_PLACEMENT_3D('',#613,#6975,#6976);
#6975=DIRECTION('',(0,-0,1));
#6976=DIRECTION('',(0.9926776149714256,0.12079384394348106,0));
#6977=FACE_BOUND('',#6978,.T.);
#6978=EDGE_LOOP('',(#6979,#6980,#6981));
#6979=ORIENTED_EDGE('',*,*,#6982,.T.);
#6980=ORIENTED_EDGE('',*,*,#6983,.T.);
#6981=ORIENTED_EDGE('',*,*,#6984,.T.);
#6982=EDGE_CURVE('',#614,#398,#6985,.F.);
#6983=EDGE_CURVE('',#398,#610,#6986,.T.);
#6984=EDGE_CURVE('',#610,#614,#6987,.T.);
#6985=LINE('',#613,#6988);
#6986=LINE('',#397,#6989);
#6987=LINE('',#609,#6990);
#6988=VECTOR('',#6991,1.0);
#6989=VECTOR('',#6992,1.0);
#6990=VECTOR('',#6993,1.0);
#6991=DIRECTION('',(0.9926776149714256,0.12079384394348106,0));
#6992=DIRECTION('',(-0.9961134647550811,-0.08807931274497992,0));
#6993=DIRECTION('',(0.6558010468760234,-0.7549337632642428,0));
#6994=STYLED_ITEM('',(#18),#6995);
#6995=FACE_SURFACE('',(#7000),#6996,.T.);
#6996=PLANE('',#6997);
#6997=AXIS2_PLACEMENT_3D('',#615,#6998,#6999);
#6998=DIRECTION('',(0,-0,1));
#6999=DIRECTION('',(0.9875446996522275,0.15733869895480845,0));
#7000=FACE_BOUND('',#7001,.T.);
#7001=EDGE_LOOP('',(#7002,#7003,#7004));
#7002=ORIENTED_EDGE('',*,*,#7005,.T.);
#7003=ORIENTED_EDGE('',*,*,#7006,.T.);
#7004=ORIENTED_EDGE('',*,*,#7007,.T.);
#7005=EDGE_CURVE('',#616,#398,#7008,.F.);
#7006=EDGE_CURVE('',#398,#614,#7009,.T.);
#7007=EDGE_CURVE('',#614,#616,#7010,.T.);
#7008=LINE('',#615,#7011);
#7009=LINE('',#397,#7012);
#7010=LINE('',#613,#7013);
#7011=VECTOR('',#7014,1.0);
#7012=VECTOR('',#7015,1.0);
#7013=VECTOR('',#7016,1.0);
#7014=DIRECTION('',(0.9875446996522275,0.15733869895480845,0));
#7015=DIRECTION('',(-0.9926776149714256,-0.12079384394348106,0));
#7016=DIRECTION('',(0.5564580441595975,-0.830875709772572,0));
#7017=STYLED_ITEM('',(#18),#7018);
#7018=FACE_SURFACE('',(#7023),#7019,.T.);
#7019=PLANE('',#7020);
#7020=AXIS2_PLACEMENT_3D('',#545,#7021,#7022);
#7021=DIRECTION('',(0,0,1));
#7022=DIRECTION('',(-0.997885500156359,-0.06499637357340252,0));
#7023=FACE_BOUND('',#7024,.T.);
#7024=EDGE_LOOP('',(#7025,#7026,#7027));
#7025=ORIENTED_EDGE('',*,*,#7028,.T.);
#7026=ORIENTED_EDGE('',*,*,#7029,.T.);
#7027=ORIENTED_EDGE('',*,*,#7030,.T.);
#7028=EDGE_CURVE('',#546,#542,#7031,.F.);
#7029=EDGE_CURVE('',#542,#548,#7032,.T.);
#7030=EDGE_CURVE('',#548,#546,#7033,.T.);
#7031=LINE('',#545,#7034);
#7032=LINE('',#541,#7035);
#7033=LINE('',#547,#7036);
#7034=VECTOR('',#7037,1.0);
#7035=VECTOR('',#7038,1.0);
#7036=VECTOR('',#7039,1.0);
#7037=DIRECTION('',(-0.997885500156359,-0.06499637357340252,0));
#7038=DIRECTION('',(0.19448969742013034,-0.9809045609015316,0));
#7039=DIRECTION('',(0.06516528285644928,0.9978744840460843,0));
#7040=STYLED_ITEM('',(#18),#7041);
#7041=FACE_SURFACE('',(#7046),#7042,.T.);
#7042=PLANE('',#7043);
#7043=AXIS2_PLACEMENT_3D('',#545,#7044,#7045);
#7044=DIRECTION('',(0,0,1));
#7045=DIRECTION('',(0,-1,0));
#7046=FACE_BOUND('',#7047,.T.);
#7047=EDGE_LOOP('',(#7048,#7049,#7050));
#7048=ORIENTED_EDGE('',*,*,#7051,.T.);
#7049=ORIENTED_EDGE('',*,*,#7052,.T.);
#7050=ORIENTED_EDGE('',*,*,#7053,.T.);
#7051=EDGE_CURVE('',#546,#544,#7054,.F.);
#7052=EDGE_CURVE('',#544,#618,#7055,.T.);
#7053=EDGE_CURVE('',#618,#546,#7056,.T.);
#7054=LINE('',#545,#7057);
#7055=LINE('',#543,#7058);
#7056=LINE('',#617,#7059);
#7057=VECTOR('',#7060,1.0);
#7058=VECTOR('',#7061,1.0);
#7059=VECTOR('',#7062,1.0);
#7060=DIRECTION('',(0,-1,0));
#7061=DIRECTION('',(0.9981405062648918,-0.060955145420756696,0));
#7062=DIRECTION('',(-0.06516528285644928,0.9978744840460843,0));
#7063=STYLED_ITEM('',(#18),#7064);
#7064=FACE_SURFACE('',(#7069),#7065,.T.);
#7065=PLANE('',#7066);
#7066=AXIS2_PLACEMENT_3D('',#559,#7067,#7068);
#7067=DIRECTION('',(0,-0,1));
#7068=DIRECTION('',(0.13050585714686092,0.9914475383248288,0));
#7069=FACE_BOUND('',#7070,.T.);
#7070=EDGE_LOOP('',(#7071,#7072,#7073));
#7071=ORIENTED_EDGE('',*,*,#7074,.T.);
#7072=ORIENTED_EDGE('',*,*,#7075,.T.);
#7073=ORIENTED_EDGE('',*,*,#7076,.T.);
#7074=EDGE_CURVE('',#560,#620,#7077,.F.);
#7075=EDGE_CURVE('',#620,#618,#7078,.T.);
#7076=EDGE_CURVE('',#618,#560,#7079,.T.);
#7077=LINE('',#559,#7080);
#7078=LINE('',#619,#7081);
#7079=LINE('',#617,#7082);
#7080=VECTOR('',#7083,1.0);
#7081=VECTOR('',#7084,1.0);
#7082=VECTOR('',#7085,1.0);
#7083=DIRECTION('',(0.13050585714686092,0.9914475383248288,0));
#7084=DIRECTION('',(-0.19448969742013034,-0.9809045609015316,0));
#7085=DIRECTION('',(0.9799873195820539,-0.199059924290103,0));
#7086=STYLED_ITEM('',(#18),#7087);
#7087=FACE_SURFACE('',(#7092),#7088,.T.);
#7088=PLANE('',#7089);
#7089=AXIS2_PLACEMENT_3D('',#457,#7090,#7091);
#7090=DIRECTION('',(0,-0,1));
#7091=DIRECTION('',(0.7238964548810239,0.6899086335238063,0));
#7092=FACE_BOUND('',#7093,.T.);
#7093=EDGE_LOOP('',(#7094,#7095,#7096));
#7094=ORIENTED_EDGE('',*,*,#7097,.T.);
#7095=ORIENTED_EDGE('',*,*,#7098,.T.);
#7096=ORIENTED_EDGE('',*,*,#7099,.T.);
#7097=EDGE_CURVE('',#458,#456,#7100,.F.);
#7098=EDGE_CURVE('',#456,#422,#7101,.T.);
#7099=EDGE_CURVE('',#422,#458,#7102,.T.);
#7100=LINE('',#457,#7103);
#7101=LINE('',#455,#7104);
#7102=LINE('',#421,#7105);
#7103=VECTOR('',#7106,1.0);
#7104=VECTOR('',#7107,1.0);
#7105=VECTOR('',#7108,1.0);
#7106=DIRECTION('',(0.7238964548810239,0.6899086335238063,0));
#7107=DIRECTION('',(-0.7626148080894257,-0.646852884729386,0));
#7108=DIRECTION('',(0.6558010468760267,-0.7549337632642399,0));
#7109=STYLED_ITEM('',(#18),#7110);
#7110=FACE_SURFACE('',(#7115),#7111,.T.);
#7111=PLANE('',#7112);
#7112=AXIS2_PLACEMENT_3D('',#453,#7113,#7114);
#7113=DIRECTION('',(0,-0,1));
#7114=DIRECTION('',(0.8280642108833509,0.560633269307248,0));
#7115=FACE_BOUND('',#7116,.T.);
#7116=EDGE_LOOP('',(#7117,#7118,#7119));
#7117=ORIENTED_EDGE('',*,*,#7120,.T.);
#7118=ORIENTED_EDGE('',*,*,#7121,.T.);
#7119=ORIENTED_EDGE('',*,*,#7122,.T.);
#7120=EDGE_CURVE('',#454,#452,#7123,.F.);
#7121=EDGE_CURVE('',#452,#458,#7124,.T.);
#7122=EDGE_CURVE('',#458,#454,#7125,.T.);
#7123=LINE('',#453,#7126);
#7124=LINE('',#451,#7127);
#7125=LINE('',#457,#7128);
#7126=VECTOR('',#7129,1.0);
#7127=VECTOR('',#7130,1.0);
#7128=VECTOR('',#7131,1.0);
#7129=DIRECTION('',(0.8280642108833509,0.560633269307248,0));
#7130=DIRECTION('',(-0.8578278231524707,-0.513937180816385,0));
#7131=DIRECTION('',(0.5564580441595913,-0.8308757097725762,0));
#7132=STYLED_ITEM('',(#18),#7133);
#7133=FACE_SURFACE('',(#7138),#7134,.T.);
#7134=PLANE('',#7135);
#7135=AXIS2_PLACEMENT_3D('',#619,#7136,#7137);
#7136=DIRECTION('',(0,0,1));
#7137=DIRECTION('',(-0.13050585714686092,-0.9914475383248288,0));
#7138=FACE_BOUND('',#7139,.T.);
#7139=EDGE_LOOP('',(#7140,#7141,#7142));
#7140=ORIENTED_EDGE('',*,*,#7143,.T.);
#7141=ORIENTED_EDGE('',*,*,#7144,.T.);
#7142=ORIENTED_EDGE('',*,*,#7145,.T.);
#7143=EDGE_CURVE('',#620,#560,#7146,.F.);
#7144=EDGE_CURVE('',#560,#558,#7147,.T.);
#7145=EDGE_CURVE('',#558,#620,#7148,.T.);
#7146=LINE('',#619,#7149);
#7147=LINE('',#559,#7150);
#7148=LINE('',#557,#7151);
#7149=VECTOR('',#7152,1.0);
#7150=VECTOR('',#7153,1.0);
#7151=VECTOR('',#7154,1.0);
#7152=DIRECTION('',(-0.13050585714686092,-0.9914475383248288,0));
#7153=DIRECTION('',(0.37878489366562557,0.9254847401933328,0));
#7154=DIRECTION('',(-0.9808006582599824,0.19501299637917774,0));
#7155=STYLED_ITEM('',(#18),#7156);
#7156=FACE_SURFACE('',(#7161),#7157,.T.);
#7157=PLANE('',#7158);
#7158=AXIS2_PLACEMENT_3D('',#545,#7159,#7160);
#7159=DIRECTION('',(0,0,1));
#7160=DIRECTION('',(0.06516528285644928,-0.9978744840460843,0));
#7161=FACE_BOUND('',#7162,.T.);
#7162=EDGE_LOOP('',(#7163,#7164,#7165));
#7163=ORIENTED_EDGE('',*,*,#7166,.T.);
#7164=ORIENTED_EDGE('',*,*,#7167,.T.);
#7165=ORIENTED_EDGE('',*,*,#7168,.T.);
#7166=EDGE_CURVE('',#546,#618,#7169,.F.);
#7167=EDGE_CURVE('',#618,#620,#7170,.T.);
#7168=EDGE_CURVE('',#620,#546,#7171,.T.);
#7169=LINE('',#545,#7172);
#7170=LINE('',#617,#7173);
#7171=LINE('',#619,#7174);
#7172=VECTOR('',#7175,1.0);
#7173=VECTOR('',#7176,1.0);
#7174=VECTOR('',#7177,1.0);
#7175=DIRECTION('',(0.06516528285644928,-0.9978744840460843,0));
#7176=DIRECTION('',(0.19448969742013034,0.9809045609015316,0));
#7177=DIRECTION('',(-0.997885500156359,0.06499637357340252,0));
#7178=STYLED_ITEM('',(#18),#7179);
#7179=FACE_SURFACE('',(#7184),#7180,.T.);
#7180=PLANE('',#7181);
#7181=AXIS2_PLACEMENT_3D('',#397,#7182,#7183);
#7182=DIRECTION('',(0,0,1));
#7183=DIRECTION('',(-0.9875446996522275,-0.15733869895480845,0));
#7184=FACE_BOUND('',#7185,.T.);
#7185=EDGE_LOOP('',(#7186,#7187,#7188));
#7186=ORIENTED_EDGE('',*,*,#7189,.T.);
#7187=ORIENTED_EDGE('',*,*,#7190,.T.);
#7188=ORIENTED_EDGE('',*,*,#7191,.T.);
#7189=EDGE_CURVE('',#398,#616,#7192,.F.);
#7190=EDGE_CURVE('',#616,#516,#7193,.T.);
#7191=EDGE_CURVE('',#516,#398,#7194,.T.);
#7192=LINE('',#397,#7195);
#7193=LINE('',#615,#7196);
#7194=LINE('',#515,#7197);
#7195=VECTOR('',#7198,1.0);
#7196=VECTOR('',#7199,1.0);
#7197=VECTOR('',#7200,1.0);
#7198=DIRECTION('',(-0.9875446996522275,-0.15733869895480845,0));
#7199=DIRECTION('',(0.44414788414389644,-0.8959534904282143,0));
#7200=DIRECTION('',(0.9805069986705778,0.196484161086882,0));
#7201=STYLED_ITEM('',(#18),#7202);
#7202=FACE_SURFACE('',(#7207),#7203,.T.);
#7203=PLANE('',#7204);
#7204=AXIS2_PLACEMENT_3D('',#597,#7205,#7206);
#7205=DIRECTION('',(0,0,1));
#7206=DIRECTION('',(-0.44338720834082024,0.8963301754820787,0));
#7207=FACE_BOUND('',#7208,.T.);
#7208=EDGE_LOOP('',(#7209,#7210,#7211));
#7209=ORIENTED_EDGE('',*,*,#7212,.T.);
#7210=ORIENTED_EDGE('',*,*,#7213,.T.);
#7211=ORIENTED_EDGE('',*,*,#7214,.T.);
#7212=EDGE_CURVE('',#598,#446,#7215,.F.);
#7213=EDGE_CURVE('',#446,#594,#7216,.T.);
#7214=EDGE_CURVE('',#594,#598,#7217,.T.);
#7215=LINE('',#597,#7218);
#7216=LINE('',#445,#7219);
#7217=LINE('',#593,#7220);
#7218=VECTOR('',#7221,1.0);
#7219=VECTOR('',#7222,1.0);
#7220=VECTOR('',#7223,1.0);
#7221=DIRECTION('',(-0.44338720834082024,0.8963301754820787,0));
#7222=DIRECTION('',(-0.9433212477700906,-0.3318810381830805,0));
#7223=DIRECTION('',(0.9892191820295014,0.14644251399400438,0));
#7224=STYLED_ITEM('',(#18),#7225);
#7225=FACE_SURFACE('',(#7230),#7226,.T.);
#7226=PLANE('',#7227);
#7227=AXIS2_PLACEMENT_3D('',#563,#7228,#7229);
#7228=DIRECTION('',(0,0,1));
#7229=DIRECTION('',(-0.43600633883799517,-0.899943594061921,0));
#7230=FACE_BOUND('',#7231,.T.);
#7231=EDGE_LOOP('',(#7232,#7233,#7234));
#7232=ORIENTED_EDGE('',*,*,#7235,.T.);
#7233=ORIENTED_EDGE('',*,*,#7236,.T.);
#7234=ORIENTED_EDGE('',*,*,#7237,.T.);
#7235=EDGE_CURVE('',#564,#572,#7238,.F.);
#7236=EDGE_CURVE('',#572,#584,#7239,.T.);
#7237=EDGE_CURVE('',#584,#564,#7240,.T.);
#7238=LINE('',#563,#7241);
#7239=LINE('',#571,#7242);
#7240=LINE('',#583,#7243);
#7241=VECTOR('',#7244,1.0);
#7242=VECTOR('',#7245,1.0);
#7243=VECTOR('',#7246,1.0);
#7244=DIRECTION('',(-0.43600633883799517,-0.899943594061921,0));
#7245=DIRECTION('',(0.6399579449395402,0.7684099353266852,0));
#7246=DIRECTION('',(-0.8963301754820817,0.44338720834081413,0));
#7247=STYLED_ITEM('',(#18),#7248);
#7248=FACE_SURFACE('',(#7253),#7249,.T.);
#7249=PLANE('',#7250);
#7250=AXIS2_PLACEMENT_3D('',#605,#7251,#7252);
#7251=DIRECTION('',(0,0,1));
#7252=DIRECTION('',(0.9983314686278072,0.05774321386488373,0));
#7253=FACE_BOUND('',#7254,.T.);
#7254=EDGE_LOOP('',(#7255,#7256,#7257));
#7255=ORIENTED_EDGE('',*,*,#7258,.T.);
#7256=ORIENTED_EDGE('',*,*,#7259,.T.);
#7257=ORIENTED_EDGE('',*,*,#7260,.T.);
#7258=EDGE_CURVE('',#606,#486,#7261,.F.);
#7259=EDGE_CURVE('',#486,#596,#7262,.T.);
#7260=EDGE_CURVE('',#596,#606,#7263,.T.);
#7261=LINE('',#605,#7264);
#7262=LINE('',#485,#7265);
#7263=LINE('',#595,#7266);
#7264=VECTOR('',#7267,1.0);
#7265=VECTOR('',#7268,1.0);
#7266=VECTOR('',#7269,1.0);
#7267=DIRECTION('',(0.9983314686278072,0.05774321386488373,0));
#7268=DIRECTION('',(-0.9999252315935084,-0.012228295983847979,0));
#7269=DIRECTION('',(-0.06095514542074996,-0.9981405062648923,0));
#7270=STYLED_ITEM('',(#18),#7271);
#7271=FACE_SURFACE('',(#7276),#7272,.T.);
#7272=PLANE('',#7273);
#7273=AXIS2_PLACEMENT_3D('',#557,#7274,#7275);
#7274=DIRECTION('',(0,0,1));
#7275=DIRECTION('',(-0.3184280302685317,-0.9479470394169195,0));
#7276=FACE_BOUND('',#7277,.T.);
#7277=EDGE_LOOP('',(#7278,#7279,#7280));
#7278=ORIENTED_EDGE('',*,*,#7281,.T.);
#7279=ORIENTED_EDGE('',*,*,#7282,.T.);
#7280=ORIENTED_EDGE('',*,*,#7283,.T.);
#7281=EDGE_CURVE('',#558,#556,#7284,.F.);
#7282=EDGE_CURVE('',#556,#564,#7285,.T.);
#7283=EDGE_CURVE('',#564,#558,#7286,.T.);
#7284=LINE('',#557,#7287);
#7285=LINE('',#555,#7288);
#7286=LINE('',#563,#7289);
#7287=VECTOR('',#7290,1.0);
#7288=VECTOR('',#7291,1.0);
#7289=VECTOR('',#7292,1.0);
#7290=DIRECTION('',(-0.3184280302685317,-0.9479470394169195,0));
#7291=DIRECTION('',(0.5438212591909763,0.8392010712886043,0));
#7292=DIRECTION('',(-0.9471445756278127,0.3208070336803893,0));
#7293=STYLED_ITEM('',(#18),#7294);
#7294=FACE_SURFACE('',(#7299),#7295,.T.);
#7295=PLANE('',#7296);
#7296=AXIS2_PLACEMENT_3D('',#475,#7297,#7298);
#7297=DIRECTION('',(0,-0,1));
#7298=DIRECTION('',(0.44414788414389905,0.8959534904282127,0));
#7299=FACE_BOUND('',#7300,.T.);
#7300=EDGE_LOOP('',(#7301,#7302,#7303));
#7301=ORIENTED_EDGE('',*,*,#7304,.T.);
#7302=ORIENTED_EDGE('',*,*,#7305,.T.);
#7303=ORIENTED_EDGE('',*,*,#7306,.T.);
#7304=EDGE_CURVE('',#476,#498,#7307,.F.);
#7305=EDGE_CURVE('',#498,#478,#7308,.T.);
#7306=EDGE_CURVE('',#478,#476,#7309,.T.);
#7307=LINE('',#475,#7310);
#7308=LINE('',#497,#7311);
#7309=LINE('',#477,#7312);
#7310=VECTOR('',#7313,1.0);
#7311=VECTOR('',#7314,1.0);
#7312=VECTOR('',#7315,1.0);
#7313=DIRECTION('',(0.44414788414389905,0.8959534904282127,0));
#7314=DIRECTION('',(-0.9268035779883358,0.37554643897661827,0));
#7315=DIRECTION('',(0.9058120384565752,-0.42367977410674673,0));
#7316=STYLED_ITEM('',(#18),#7317);
#7317=FACE_SURFACE('',(#7322),#7318,.T.);
#7318=PLANE('',#7319);
#7319=AXIS2_PLACEMENT_3D('',#499,#7320,#7321);
#7320=DIRECTION('',(0,-0,1));
#7321=DIRECTION('',(0.6558010468760267,0.7549337632642399,0));
#7322=FACE_BOUND('',#7323,.T.);
#7323=EDGE_LOOP('',(#7324,#7325,#7326));
#7324=ORIENTED_EDGE('',*,*,#7327,.T.);
#7325=ORIENTED_EDGE('',*,*,#7328,.T.);
#7326=ORIENTED_EDGE('',*,*,#7329,.T.);
#7327=EDGE_CURVE('',#500,#510,#7330,.F.);
#7328=EDGE_CURVE('',#510,#502,#7331,.T.);
#7329=EDGE_CURVE('',#502,#500,#7332,.T.);
#7330=LINE('',#499,#7333);
#7331=LINE('',#509,#7334);
#7332=LINE('',#501,#7335);
#7333=VECTOR('',#7336,1.0);
#7334=VECTOR('',#7337,1.0);
#7335=VECTOR('',#7338,1.0);
#7336=DIRECTION('',(0.6558010468760267,0.7549337632642399,0));
#7337=DIRECTION('',(-0.7626148080894257,0.646852884729386,0));
#7338=DIRECTION('',(0.7238964548810239,-0.6899086335238063,0));
#7339=STYLED_ITEM('',(#18),#7340);
#7340=FACE_SURFACE('',(#7345),#7341,.T.);
#7341=PLANE('',#7342);
#7342=AXIS2_PLACEMENT_3D('',#513,#7343,#7344);
#7343=DIRECTION('',(0,0,1));
#7344=DIRECTION('',(-0.8311673676268928,-0.5560223079986824,0));
#7345=FACE_BOUND('',#7346,.T.);
#7346=EDGE_LOOP('',(#7347,#7348,#7349));
#7347=ORIENTED_EDGE('',*,*,#7350,.T.);
#7348=ORIENTED_EDGE('',*,*,#7351,.T.);
#7349=ORIENTED_EDGE('',*,*,#7352,.T.);
#7350=EDGE_CURVE('',#514,#502,#7353,.F.);
#7351=EDGE_CURVE('',#502,#510,#7354,.T.);
#7352=EDGE_CURVE('',#510,#514,#7355,.T.);
#7353=LINE('',#513,#7356);
#7354=LINE('',#501,#7357);
#7355=LINE('',#509,#7358);
#7356=VECTOR('',#7359,1.0);
#7357=VECTOR('',#7360,1.0);
#7358=VECTOR('',#7361,1.0);
#7359=DIRECTION('',(-0.8311673676268928,-0.5560223079986824,0));
#7360=DIRECTION('',(0.7626148080894257,-0.646852884729386,0));
#7361=DIRECTION('',(-0.5925569218024841,0.8055285807617039,0));
#7362=STYLED_ITEM('',(#18),#7363);
#7363=FACE_SURFACE('',(#7368),#7364,.T.);
#7364=PLANE('',#7365);
#7365=AXIS2_PLACEMENT_3D('',#477,#7366,#7367);
#7366=DIRECTION('',(0,0,1));
#7367=DIRECTION('',(-0.5560223079986816,-0.8311673676268934,0));
#7368=FACE_BOUND('',#7369,.T.);
#7369=EDGE_LOOP('',(#7370,#7371,#7372));
#7370=ORIENTED_EDGE('',*,*,#7373,.T.);
#7371=ORIENTED_EDGE('',*,*,#7374,.T.);
#7372=ORIENTED_EDGE('',*,*,#7375,.T.);
#7373=EDGE_CURVE('',#478,#622,#7376,.F.);
#7374=EDGE_CURVE('',#622,#474,#7377,.T.);
#7375=EDGE_CURVE('',#474,#478,#7378,.T.);
#7376=LINE('',#477,#7379);
#7377=LINE('',#621,#7380);
#7378=LINE('',#473,#7381);
#7379=VECTOR('',#7382,1.0);
#7380=VECTOR('',#7383,1.0);
#7381=VECTOR('',#7384,1.0);
#7382=DIRECTION('',(-0.5560223079986816,-0.8311673676268934,0));
#7383=DIRECTION('',(0.9586468662780967,-0.28459828842630996,0));
#7384=DIRECTION('',(-0.8823529411764707,0.47058823529411775,0));
#7385=STYLED_ITEM('',(#18),#7386);
#7386=FACE_SURFACE('',(#7391),#7387,.T.);
#7387=PLANE('',#7388);
#7388=AXIS2_PLACEMENT_3D('',#623,#7389,#7390);
#7389=DIRECTION('',(0,-0,1));
#7390=DIRECTION('',(0.199059924290103,0.9799873195820539,0));
#7391=FACE_BOUND('',#7392,.T.);
#7392=EDGE_LOOP('',(#7393,#7394,#7395));
#7393=ORIENTED_EDGE('',*,*,#7396,.T.);
#7394=ORIENTED_EDGE('',*,*,#7397,.T.);
#7395=ORIENTED_EDGE('',*,*,#7398,.T.);
#7396=EDGE_CURVE('',#624,#474,#7399,.F.);
#7397=EDGE_CURVE('',#474,#622,#7400,.T.);
#7398=EDGE_CURVE('',#622,#624,#7401,.T.);
#7399=LINE('',#623,#7402);
#7400=LINE('',#473,#7403);
#7401=LINE('',#621,#7404);
#7402=VECTOR('',#7405,1.0);
#7403=VECTOR('',#7406,1.0);
#7404=VECTOR('',#7407,1.0);
#7405=DIRECTION('',(0.199059924290103,0.9799873195820539,0));
#7406=DIRECTION('',(-0.9586468662780967,0.28459828842630996,0));
#7407=DIRECTION('',(0.9433212477700906,-0.3318810381830805,0));
#7408=STYLED_ITEM('',(#18),#7409);
#7409=FACE_SURFACE('',(#7414),#7410,.T.);
#7410=PLANE('',#7411);
#7411=AXIS2_PLACEMENT_3D('',#621,#7412,#7413);
#7412=DIRECTION('',(0,0,1));
#7413=DIRECTION('',(-0.44338720834082024,-0.8963301754820787,0));
#7414=FACE_BOUND('',#7415,.T.);
#7415=EDGE_LOOP('',(#7416,#7417,#7418));
#7416=ORIENTED_EDGE('',*,*,#7419,.T.);
#7417=ORIENTED_EDGE('',*,*,#7420,.T.);
#7418=ORIENTED_EDGE('',*,*,#7421,.T.);
#7419=EDGE_CURVE('',#622,#626,#7422,.F.);
#7420=EDGE_CURVE('',#626,#624,#7423,.T.);
#7421=EDGE_CURVE('',#624,#622,#7424,.T.);
#7422=LINE('',#621,#7425);
#7423=LINE('',#625,#7426);
#7424=LINE('',#623,#7427);
#7425=VECTOR('',#7428,1.0);
#7426=VECTOR('',#7429,1.0);
#7427=VECTOR('',#7430,1.0);
#7428=DIRECTION('',(-0.44338720834082024,-0.8963301754820787,0));
#7429=DIRECTION('',(0.9892191820295014,-0.14644251399400438,0));
#7430=DIRECTION('',(-0.9433212477700906,0.3318810381830805,0));
#7431=STYLED_ITEM('',(#18),#7432);
#7432=FACE_SURFACE('',(#7437),#7433,.T.);
#7433=PLANE('',#7434);
#7434=AXIS2_PLACEMENT_3D('',#479,#7435,#7436);
#7435=DIRECTION('',(0,-0,1));
#7436=DIRECTION('',(0.0685407242308449,0.9976483193600396,0));
#7437=FACE_BOUND('',#7438,.T.);
#7438=EDGE_LOOP('',(#7439,#7440,#7441));
#7439=ORIENTED_EDGE('',*,*,#7442,.T.);
#7440=ORIENTED_EDGE('',*,*,#7443,.T.);
#7441=ORIENTED_EDGE('',*,*,#7444,.T.);
#7442=EDGE_CURVE('',#480,#624,#7445,.F.);
#7443=EDGE_CURVE('',#624,#626,#7446,.T.);
#7444=EDGE_CURVE('',#626,#480,#7447,.T.);
#7445=LINE('',#479,#7448);
#7446=LINE('',#623,#7449);
#7447=LINE('',#625,#7450);
#7448=VECTOR('',#7451,1.0);
#7449=VECTOR('',#7452,1.0);
#7450=VECTOR('',#7453,1.0);
#7451=DIRECTION('',(0.0685407242308449,0.9976483193600396,0));
#7452=DIRECTION('',(-0.9892191820295014,0.14644251399400438,0));
#7453=DIRECTION('',(0.9811095269018486,-0.19345308532672895,0));
#7454=STYLED_ITEM('',(#18),#7455);
#7455=FACE_SURFACE('',(#7460),#7456,.T.);
#7456=PLANE('',#7457);
#7457=AXIS2_PLACEMENT_3D('',#481,#7458,#7459);
#7458=DIRECTION('',(-0,0,1));
#7459=DIRECTION('',(0.9999251793229172,-0.012232569477910604,0));
#7460=FACE_BOUND('',#7461,.T.);
#7461=EDGE_LOOP('',(#7462,#7463,#7464));
#7462=ORIENTED_EDGE('',*,*,#7465,.T.);
#7463=ORIENTED_EDGE('',*,*,#7466,.T.);
#7464=ORIENTED_EDGE('',*,*,#7467,.T.);
#7465=EDGE_CURVE('',#482,#480,#7468,.F.);
#7466=EDGE_CURVE('',#480,#626,#7469,.T.);
#7467=EDGE_CURVE('',#626,#482,#7470,.T.);
#7468=LINE('',#481,#7471);
#7469=LINE('',#479,#7472);
#7470=LINE('',#625,#7473);
#7471=VECTOR('',#7474,1.0);
#7472=VECTOR('',#7475,1.0);
#7473=VECTOR('',#7476,1.0);
#7474=DIRECTION('',(0.9999251793229172,-0.012232569477910604,0));
#7475=DIRECTION('',(-0.9811095269018486,0.19345308532672895,0));
#7476=DIRECTION('',(-0.32080703368038727,-0.9471445756278134,0));
#7477=STYLED_ITEM('',(#18),#7478);
#7478=FACE_SURFACE('',(#7483),#7479,.T.);
#7479=PLANE('',#7480);
#7480=AXIS2_PLACEMENT_3D('',#519,#7481,#7482);
#7481=DIRECTION('',(0,-0,1));
#7482=DIRECTION('',(0.44338720834081957,0.896330175482079,0));
#7483=FACE_BOUND('',#7484,.T.);
#7484=EDGE_LOOP('',(#7485,#7486,#7487));
#7485=ORIENTED_EDGE('',*,*,#7488,.T.);
#7486=ORIENTED_EDGE('',*,*,#7489,.T.);
#7487=ORIENTED_EDGE('',*,*,#7490,.T.);
#7488=EDGE_CURVE('',#520,#396,#7491,.F.);
#7489=EDGE_CURVE('',#396,#394,#7492,.T.);
#7490=EDGE_CURVE('',#394,#520,#7493,.T.);
#7491=LINE('',#519,#7494);
#7492=LINE('',#395,#7495);
#7493=LINE('',#393,#7496);
#7494=VECTOR('',#7497,1.0);
#7495=VECTOR('',#7498,1.0);
#7496=VECTOR('',#7499,1.0);
#7497=DIRECTION('',(0.44338720834081957,0.896330175482079,0));
#7498=DIRECTION('',(-0.9892191820295014,0.14644251399400404,0));
#7499=DIRECTION('',(0.9433212477700906,-0.3318810381830805,0));
#7500=STYLED_ITEM('',(#18),#7501);
#7501=FACE_SURFACE('',(#7506),#7502,.T.);
#7502=PLANE('',#7503);
#7503=AXIS2_PLACEMENT_3D('',#627,#7504,#7505);
#7504=DIRECTION('',(-0,0,1));
#7505=DIRECTION('',(0.9058120384565752,-0.4236797741067464,0));
#7506=FACE_BOUND('',#7507,.T.);
#7507=EDGE_LOOP('',(#7508,#7509,#7510));
#7508=ORIENTED_EDGE('',*,*,#7511,.T.);
#7509=ORIENTED_EDGE('',*,*,#7512,.T.);
#7510=ORIENTED_EDGE('',*,*,#7513,.T.);
#7511=EDGE_CURVE('',#628,#526,#7514,.F.);
#7512=EDGE_CURVE('',#526,#518,#7515,.T.);
#7513=EDGE_CURVE('',#518,#628,#7516,.T.);
#7514=LINE('',#627,#7517);
#7515=LINE('',#525,#7518);
#7516=LINE('',#517,#7519);
#7517=VECTOR('',#7520,1.0);
#7518=VECTOR('',#7521,1.0);
#7519=VECTOR('',#7522,1.0);
#7520=DIRECTION('',(0.9058120384565752,-0.4236797741067464,0));
#7521=DIRECTION('',(-0.8823529411764708,0.4705882352941175,0));
#7522=DIRECTION('',(-0.3185018700980786,-0.9479222324347218,0));
#7523=STYLED_ITEM('',(#18),#7524);
#7524=FACE_SURFACE('',(#7529),#7525,.T.);
#7525=PLANE('',#7526);
#7526=AXIS2_PLACEMENT_3D('',#527,#7527,#7528);
#7527=DIRECTION('',(-0,0,1));
#7528=DIRECTION('',(0.9268035779883359,-0.3755464389766176,0));
#7529=FACE_BOUND('',#7530,.T.);
#7530=EDGE_LOOP('',(#7531,#7532,#7533));
#7531=ORIENTED_EDGE('',*,*,#7534,.T.);
#7532=ORIENTED_EDGE('',*,*,#7535,.T.);
#7533=ORIENTED_EDGE('',*,*,#7536,.T.);
#7534=EDGE_CURVE('',#528,#526,#7537,.F.);
#7535=EDGE_CURVE('',#526,#628,#7538,.T.);
#7536=EDGE_CURVE('',#628,#528,#7539,.T.);
#7537=LINE('',#527,#7540);
#7538=LINE('',#525,#7541);
#7539=LINE('',#627,#7542);
#7540=VECTOR('',#7543,1.0);
#7541=VECTOR('',#7544,1.0);
#7542=VECTOR('',#7545,1.0);
#7543=DIRECTION('',(0.9268035779883359,-0.3755464389766176,0));
#7544=DIRECTION('',(-0.9058120384565752,0.4236797741067464,0));
#7545=DIRECTION('',(-0.44414788414389644,-0.8959534904282143,0));
#7546=STYLED_ITEM('',(#18),#7547);
#7547=FACE_SURFACE('',(#7552),#7548,.T.);
#7548=PLANE('',#7549);
#7549=AXIS2_PLACEMENT_3D('',#529,#7550,#7551);
#7550=DIRECTION('',(0,0,1));
#7551=DIRECTION('',(-0.8578278231524707,0.513937180816385,0));
#7552=FACE_BOUND('',#7553,.T.);
#7553=EDGE_LOOP('',(#7554,#7555,#7556));
#7554=ORIENTED_EDGE('',*,*,#7557,.T.);
#7555=ORIENTED_EDGE('',*,*,#7558,.T.);
#7556=ORIENTED_EDGE('',*,*,#7559,.T.);
#7557=EDGE_CURVE('',#530,#554,#7560,.F.);
#7558=EDGE_CURVE('',#554,#536,#7561,.T.);
#7559=EDGE_CURVE('',#536,#530,#7562,.T.);
#7560=LINE('',#529,#7563);
#7561=LINE('',#553,#7564);
#7562=LINE('',#535,#7565);
#7563=VECTOR('',#7566,1.0);
#7564=VECTOR('',#7567,1.0);
#7565=VECTOR('',#7568,1.0);
#7566=DIRECTION('',(-0.8578278231524707,0.513937180816385,0));
#7567=DIRECTION('',(0.7238964548810242,-0.6899086335238062,0));
#7568=DIRECTION('',(0.7515095933257684,0.6597221620798697,0));
#7569=STYLED_ITEM('',(#18),#7570);
#7570=FACE_SURFACE('',(#7575),#7571,.T.);
#7571=PLANE('',#7572);
#7572=AXIS2_PLACEMENT_3D('',#537,#7573,#7574);
#7573=DIRECTION('',(-0,0,1));
#7574=DIRECTION('',(0.7626148080894262,-0.6468528847293855,0));
#7575=FACE_BOUND('',#7576,.T.);
#7576=EDGE_LOOP('',(#7577,#7578,#7579));
#7577=ORIENTED_EDGE('',*,*,#7580,.T.);
#7578=ORIENTED_EDGE('',*,*,#7581,.T.);
#7579=ORIENTED_EDGE('',*,*,#7582,.T.);
#7580=EDGE_CURVE('',#538,#536,#7583,.F.);
#7581=EDGE_CURVE('',#536,#554,#7584,.T.);
#7582=EDGE_CURVE('',#554,#538,#7585,.T.);
#7583=LINE('',#537,#7586);
#7584=LINE('',#535,#7587);
#7585=LINE('',#553,#7588);
#7586=VECTOR('',#7589,1.0);
#7587=VECTOR('',#7590,1.0);
#7588=VECTOR('',#7591,1.0);
#7589=DIRECTION('',(0.7626148080894262,-0.6468528847293855,0));
#7590=DIRECTION('',(-0.7238964548810242,0.6899086335238062,0));
#7591=DIRECTION('',(-0.6558010468760234,-0.7549337632642428,0));
#7592=STYLED_ITEM('',(#18),#7593);
#7593=FACE_SURFACE('',(#7598),#7594,.T.);
#7594=PLANE('',#7595);
#7595=AXIS2_PLACEMENT_3D('',#519,#7596,#7597);
#7596=DIRECTION('',(0,0,1));
#7597=DIRECTION('',(-0.9586468662780967,0.28459828842630996,0));
#7598=FACE_BOUND('',#7599,.T.);
#7599=EDGE_LOOP('',(#7600,#7601,#7602));
#7600=ORIENTED_EDGE('',*,*,#7603,.T.);
#7601=ORIENTED_EDGE('',*,*,#7604,.T.);
#7602=ORIENTED_EDGE('',*,*,#7605,.T.);
#7603=EDGE_CURVE('',#520,#518,#7606,.F.);
#7604=EDGE_CURVE('',#518,#526,#7607,.T.);
#7605=EDGE_CURVE('',#526,#520,#7608,.T.);
#7606=LINE('',#519,#7609);
#7607=LINE('',#517,#7610);
#7608=LINE('',#525,#7611);
#7609=VECTOR('',#7612,1.0);
#7610=VECTOR('',#7613,1.0);
#7611=VECTOR('',#7614,1.0);
#7612=DIRECTION('',(-0.9586468662780967,0.28459828842630996,0));
#7613=DIRECTION('',(0.8823529411764708,-0.4705882352941175,0));
#7614=DIRECTION('',(0.5560223079986824,0.8311673676268928,0));
#7615=STYLED_ITEM('',(#18),#7616);
#7616=FACE_SURFACE('',(#7621),#7617,.T.);
#7617=PLANE('',#7618);
#7618=AXIS2_PLACEMENT_3D('',#629,#7619,#7620);
#7619=DIRECTION('',(-0,0,1));
#7620=DIRECTION('',(0.19674438723545515,-0.9804548159356172,0));
#7621=FACE_BOUND('',#7622,.T.);
#7622=EDGE_LOOP('',(#7623,#7624,#7625));
#7623=ORIENTED_EDGE('',*,*,#7626,.T.);
#7624=ORIENTED_EDGE('',*,*,#7627,.T.);
#7625=ORIENTED_EDGE('',*,*,#7628,.T.);
#7626=EDGE_CURVE('',#630,#632,#7629,.F.);
#7627=EDGE_CURVE('',#632,#634,#7630,.T.);
#7628=EDGE_CURVE('',#634,#630,#7631,.T.);
#7629=LINE('',#629,#7632);
#7630=LINE('',#631,#7633);
#7631=LINE('',#633,#7634);
#7632=VECTOR('',#7635,1.0);
#7633=VECTOR('',#7636,1.0);
#7634=VECTOR('',#7637,1.0);
#7635=DIRECTION('',(0.19674438723545515,-0.9804548159356172,0));
#7636=DIRECTION('',(-0.1575480725649238,0.9875113188369424,0));
#7637=DIRECTION('',(-0.8963301754820817,-0.44338720834081413,0));
#7638=STYLED_ITEM('',(#18),#7639);
#7639=FACE_SURFACE('',(#7644),#7640,.T.);
#7640=PLANE('',#7641);
#7641=AXIS2_PLACEMENT_3D('',#633,#7642,#7643);
#7642=DIRECTION('',(-0,0,1));
#7643=DIRECTION('',(0.7449851801450527,-0.6670810155927415,0));
#7644=FACE_BOUND('',#7645,.T.);
#7645=EDGE_LOOP('',(#7646,#7647,#7648));
#7646=ORIENTED_EDGE('',*,*,#7649,.T.);
#7647=ORIENTED_EDGE('',*,*,#7650,.T.);
#7648=ORIENTED_EDGE('',*,*,#7651,.T.);
#7649=EDGE_CURVE('',#634,#636,#7652,.F.);
#7650=EDGE_CURVE('',#636,#638,#7653,.T.);
#7651=EDGE_CURVE('',#638,#634,#7654,.T.);
#7652=LINE('',#633,#7655);
#7653=LINE('',#635,#7656);
#7654=LINE('',#637,#7657);
#7655=VECTOR('',#7658,1.0);
#7656=VECTOR('',#7659,1.0);
#7657=VECTOR('',#7660,1.0);
#7658=DIRECTION('',(0.7449851801450527,-0.6670810155927415,0));
#7659=DIRECTION('',(-0.7265956035131308,0.6870653745862829,0));
#7660=DIRECTION('',(-0.8311673676268928,-0.5560223079986824,0));
#7661=STYLED_ITEM('',(#18),#7662);
#7662=FACE_SURFACE('',(#7667),#7663,.T.);
#7663=PLANE('',#7664);
#7664=AXIS2_PLACEMENT_3D('',#639,#7665,#7666);
#7665=DIRECTION('',(-0,0,1));
#7666=DIRECTION('',(0.7071067811865476,-0.7071067811865476,0));
#7667=FACE_BOUND('',#7668,.T.);
#7668=EDGE_LOOP('',(#7669,#7670,#7671));
#7669=ORIENTED_EDGE('',*,*,#7672,.T.);
#7670=ORIENTED_EDGE('',*,*,#7673,.T.);
#7671=ORIENTED_EDGE('',*,*,#7674,.T.);
#7672=EDGE_CURVE('',#640,#636,#7675,.F.);
#7673=EDGE_CURVE('',#636,#642,#7676,.T.);
#7674=EDGE_CURVE('',#642,#640,#7677,.T.);
#7675=LINE('',#639,#7678);
#7676=LINE('',#635,#7679);
#7677=LINE('',#641,#7680);
#7678=VECTOR('',#7681,1.0);
#7679=VECTOR('',#7682,1.0);
#7680=VECTOR('',#7683,1.0);
#7681=DIRECTION('',(0.7071067811865476,-0.7071067811865476,0));
#7682=DIRECTION('',(-0.687065374586283,0.7265956035131307,0));
#7683=DIRECTION('',(-0.6597221620798716,-0.7515095933257671,0));
#7684=STYLED_ITEM('',(#18),#7685);
#7685=FACE_SURFACE('',(#7690),#7686,.T.);
#7686=PLANE('',#7687);
#7687=AXIS2_PLACEMENT_3D('',#87,#7688,#7689);
#7688=DIRECTION('',(0.6558010468760234,0.7549337632642428,-0));
#7689=DIRECTION('',(0,0,1));
#7690=FACE_BOUND('',#7691,.T.);
#7691=EDGE_LOOP('',(#7692,#7693,#7694));
#7692=ORIENTED_EDGE('',*,*,#7695,.T.);
#7693=ORIENTED_EDGE('',*,*,#7696,.T.);
#7694=ORIENTED_EDGE('',*,*,#7697,.T.);
#7695=EDGE_CURVE('',#88,#444,#7698,.F.);
#7696=EDGE_CURVE('',#444,#436,#7699,.T.);
#7697=EDGE_CURVE('',#436,#88,#7700,.T.);
#7698=LINE('',#87,#7701);
#7699=LINE('',#443,#7702);
#7700=LINE('',#435,#7703);
#7701=VECTOR('',#7704,1.0);
#7702=VECTOR('',#7705,1.0);
#7703=VECTOR('',#7706,1.0);
#7704=DIRECTION('',(0,0,1));
#7705=DIRECTION('',(0.7549337632642428,-0.6558010468760234,0));
#7706=DIRECTION('',(-0.009899148858276578,0.008599260624361662,-0.9999140260885412));
#7707=STYLED_ITEM('',(#18),#7708);
#7708=FACE_SURFACE('',(#7713),#7709,.T.);
#7709=PLANE('',#7710);
#7710=AXIS2_PLACEMENT_3D('',#643,#7711,#7712);
#7711=DIRECTION('',(-0,0,1));
#7712=DIRECTION('',(0.5438212591909755,-0.8392010712886048,0));
#7713=FACE_BOUND('',#7714,.T.);
#7714=EDGE_LOOP('',(#7715,#7716,#7717));
#7715=ORIENTED_EDGE('',*,*,#7718,.T.);
#7716=ORIENTED_EDGE('',*,*,#7719,.T.);
#7717=ORIENTED_EDGE('',*,*,#7720,.T.);
#7718=EDGE_CURVE('',#644,#552,#7721,.F.);
#7719=EDGE_CURVE('',#552,#550,#7722,.T.);
#7720=EDGE_CURVE('',#550,#644,#7723,.T.);
#7721=LINE('',#643,#7724);
#7722=LINE('',#551,#7725);
#7723=LINE('',#549,#7726);
#7724=VECTOR('',#7727,1.0);
#7725=VECTOR('',#7728,1.0);
#7726=VECTOR('',#7729,1.0);
#7727=DIRECTION('',(0.5438212591909755,-0.8392010712886048,0));
#7728=DIRECTION('',(-0.4908946868306318,0.8712189199285423,0));
#7729=DIRECTION('',(-0.8959534904282143,-0.44414788414389644,0));
#7730=STYLED_ITEM('',(#18),#7731);
#7731=FACE_SURFACE('',(#7736),#7732,.T.);
#7732=PLANE('',#7733);
#7733=AXIS2_PLACEMENT_3D('',#645,#7734,#7735);
#7734=DIRECTION('',(0,0,1));
#7735=DIRECTION('',(-0.9799873195820539,-0.199059924290103,0));
#7736=FACE_BOUND('',#7737,.T.);
#7737=EDGE_LOOP('',(#7738,#7739,#7740));
#7738=ORIENTED_EDGE('',*,*,#7741,.T.);
#7739=ORIENTED_EDGE('',*,*,#7742,.T.);
#7740=ORIENTED_EDGE('',*,*,#7743,.T.);
#7741=EDGE_CURVE('',#646,#488,#7744,.F.);
#7742=EDGE_CURVE('',#488,#648,#7745,.T.);
#7743=EDGE_CURVE('',#648,#646,#7746,.T.);
#7744=LINE('',#645,#7747);
#7745=LINE('',#487,#7748);
#7746=LINE('',#647,#7749);
#7747=VECTOR('',#7750,1.0);
#7748=VECTOR('',#7751,1.0);
#7749=VECTOR('',#7752,1.0);
#7750=DIRECTION('',(-0.9799873195820539,-0.199059924290103,0));
#7751=DIRECTION('',(0.19448969742013025,-0.9809045609015316,0));
#7752=DIRECTION('',(-0.13050585714686086,0.9914475383248288,0));
#7753=STYLED_ITEM('',(#18),#7754);
#7754=FACE_SURFACE('',(#7759),#7755,.T.);
#7755=PLANE('',#7756);
#7756=AXIS2_PLACEMENT_3D('',#649,#7757,#7758);
#7757=DIRECTION('',(-0,0,1));
#7758=DIRECTION('',(0.997885500156359,-0.06499637357340082,0));
#7759=FACE_BOUND('',#7760,.T.);
#7760=EDGE_LOOP('',(#7761,#7762,#7763));
#7761=ORIENTED_EDGE('',*,*,#7764,.T.);
#7762=ORIENTED_EDGE('',*,*,#7765,.T.);
#7763=ORIENTED_EDGE('',*,*,#7766,.T.);
#7764=EDGE_CURVE('',#650,#492,#7767,.F.);
#7765=EDGE_CURVE('',#492,#494,#7768,.T.);
#7766=EDGE_CURVE('',#494,#650,#7769,.T.);
#7767=LINE('',#649,#7770);
#7768=LINE('',#491,#7771);
#7769=LINE('',#493,#7772);
#7770=VECTOR('',#7773,1.0);
#7771=VECTOR('',#7774,1.0);
#7772=VECTOR('',#7775,1.0);
#7773=DIRECTION('',(0.997885500156359,-0.06499637357340082,0));
#7774=DIRECTION('',(-0.06516528285644928,0.9978744840460843,0));
#7775=DIRECTION('',(-0.19448969742013025,-0.9809045609015316,0));
#7776=STYLED_ITEM('',(#18),#7777);
#7777=FACE_SURFACE('',(#7782),#7778,.T.);
#7778=PLANE('',#7779);
#7779=AXIS2_PLACEMENT_3D('',#649,#7780,#7781);
#7780=DIRECTION('',(0,0,1));
#7781=DIRECTION('',(0.19448969742013025,0.9809045609015316,0));
#7782=FACE_BOUND('',#7783,.T.);
#7783=EDGE_LOOP('',(#7784,#7785,#7786));
#7784=ORIENTED_EDGE('',*,*,#7787,.T.);
#7785=ORIENTED_EDGE('',*,*,#7788,.T.);
#7786=ORIENTED_EDGE('',*,*,#7789,.T.);
#7787=EDGE_CURVE('',#650,#494,#7790,.F.);
#7788=EDGE_CURVE('',#494,#470,#7791,.T.);
#7789=EDGE_CURVE('',#470,#650,#7792,.T.);
#7790=LINE('',#649,#7793);
#7791=LINE('',#493,#7794);
#7792=LINE('',#469,#7795);
#7793=VECTOR('',#7796,1.0);
#7794=VECTOR('',#7797,1.0);
#7795=VECTOR('',#7798,1.0);
#7796=DIRECTION('',(0.19448969742013025,0.9809045609015316,0));
#7797=DIRECTION('',(-0.9799873195820539,0.199059924290103,0));
#7798=DIRECTION('',(-0.13050585714686086,-0.9914475383248288,0));
#7799=STYLED_ITEM('',(#18),#7800);
#7800=FACE_SURFACE('',(#7805),#7801,.T.);
#7801=PLANE('',#7802);
#7802=AXIS2_PLACEMENT_3D('',#651,#7803,#7804);
#7803=DIRECTION('',(0,0,1));
#7804=DIRECTION('',(-0.3185018700980786,0.9479222324347218,0));
#7805=FACE_BOUND('',#7806,.T.);
#7806=EDGE_LOOP('',(#7807,#7808,#7809));
#7807=ORIENTED_EDGE('',*,*,#7810,.T.);
#7808=ORIENTED_EDGE('',*,*,#7811,.T.);
#7809=ORIENTED_EDGE('',*,*,#7812,.T.);
#7810=EDGE_CURVE('',#652,#608,#7813,.F.);
#7811=EDGE_CURVE('',#608,#654,#7814,.T.);
#7812=EDGE_CURVE('',#654,#652,#7815,.T.);
#7813=LINE('',#651,#7816);
#7814=LINE('',#607,#7817);
#7815=LINE('',#653,#7818);
#7816=VECTOR('',#7819,1.0);
#7817=VECTOR('',#7820,1.0);
#7818=VECTOR('',#7821,1.0);
#7819=DIRECTION('',(-0.3185018700980786,0.9479222324347218,0));
#7820=DIRECTION('',(-0.8823529411764708,-0.4705882352941175,0));
#7821=DIRECTION('',(0.9058120384565752,0.4236797741067464,0));
#7822=STYLED_ITEM('',(#18),#7823);
#7823=FACE_SURFACE('',(#7828),#7824,.T.);
#7824=PLANE('',#7825);
#7825=AXIS2_PLACEMENT_3D('',#491,#7826,#7827);
#7826=DIRECTION('',(0,0,1));
#7827=DIRECTION('',(0.997885500156359,0.06499637357340082,0));
#7828=FACE_BOUND('',#7829,.T.);
#7829=EDGE_LOOP('',(#7830,#7831,#7832));
#7830=ORIENTED_EDGE('',*,*,#7833,.T.);
#7831=ORIENTED_EDGE('',*,*,#7834,.T.);
#7832=ORIENTED_EDGE('',*,*,#7835,.T.);
#7833=EDGE_CURVE('',#492,#648,#7836,.F.);
#7834=EDGE_CURVE('',#648,#488,#7837,.T.);
#7835=EDGE_CURVE('',#488,#492,#7838,.T.);
#7836=LINE('',#491,#7839);
#7837=LINE('',#647,#7840);
#7838=LINE('',#487,#7841);
#7839=VECTOR('',#7842,1.0);
#7840=VECTOR('',#7843,1.0);
#7841=VECTOR('',#7844,1.0);
#7842=DIRECTION('',(0.997885500156359,0.06499637357340082,0));
#7843=DIRECTION('',(-0.19448969742013025,0.9809045609015316,0));
#7844=DIRECTION('',(-0.06516528285644928,-0.9978744840460843,0));
#7845=STYLED_ITEM('',(#18),#7846);
#7846=FACE_SURFACE('',(#7851),#7847,.T.);
#7847=PLANE('',#7848);
#7848=AXIS2_PLACEMENT_3D('',#465,#7849,#7850);
#7849=DIRECTION('',(0.4441478841438964,0.8959534904282141,0));
#7850=DIRECTION('',(0,0,-1));
#7851=FACE_BOUND('',#7852,.T.);
#7852=EDGE_LOOP('',(#7853,#7854,#7855));
#7853=ORIENTED_EDGE('',*,*,#7856,.T.);
#7854=ORIENTED_EDGE('',*,*,#7857,.T.);
#7855=ORIENTED_EDGE('',*,*,#7858,.T.);
#7856=EDGE_CURVE('',#466,#386,#7859,.F.);
#7857=EDGE_CURVE('',#386,#434,#7860,.T.);
#7858=EDGE_CURVE('',#434,#466,#7861,.T.);
#7859=LINE('',#465,#7862);
#7860=LINE('',#385,#7863);
#7861=LINE('',#433,#7864);
#7862=VECTOR('',#7865,1.0);
#7863=VECTOR('',#7866,1.0);
#7864=VECTOR('',#7867,1.0);
#7865=DIRECTION('',(0,0,-1));
#7866=DIRECTION('',(-0.01169900252707257,0.005799505526241042,0.9999147459036308));
#7867=DIRECTION('',(0.8959534904282143,-0.44414788414389644,0));
#7868=STYLED_ITEM('',(#18),#7869);
#7869=FACE_SURFACE('',(#7874),#7870,.T.);
#7870=PLANE('',#7871);
#7871=AXIS2_PLACEMENT_3D('',#637,#7872,#7873);
#7872=DIRECTION('',(-0,0,1));
#7873=DIRECTION('',(0.7265956035131308,-0.6870653745862829,0));
#7874=FACE_BOUND('',#7875,.T.);
#7875=EDGE_LOOP('',(#7876,#7877,#7878));
#7876=ORIENTED_EDGE('',*,*,#7879,.T.);
#7877=ORIENTED_EDGE('',*,*,#7880,.T.);
#7878=ORIENTED_EDGE('',*,*,#7881,.T.);
#7879=EDGE_CURVE('',#638,#636,#7882,.F.);
#7880=EDGE_CURVE('',#636,#640,#7883,.T.);
#7881=EDGE_CURVE('',#640,#638,#7884,.T.);
#7882=LINE('',#637,#7885);
#7883=LINE('',#635,#7886);
#7884=LINE('',#639,#7887);
#7885=VECTOR('',#7888,1.0);
#7886=VECTOR('',#7889,1.0);
#7887=VECTOR('',#7890,1.0);
#7888=DIRECTION('',(0.7265956035131308,-0.6870653745862829,0));
#7889=DIRECTION('',(-0.7071067811865476,0.7071067811865476,0));
#7890=DIRECTION('',(-0.7515095933257668,-0.6597221620798717,0));
#7891=STYLED_ITEM('',(#18),#7892);
#7892=FACE_SURFACE('',(#7897),#7893,.T.);
#7893=PLANE('',#7894);
#7894=AXIS2_PLACEMENT_3D('',#407,#7895,#7896);
#7895=DIRECTION('',(0,0,1));
#7896=DIRECTION('',(-0.9684438416701503,-0.2492318710180558,0));
#7897=FACE_BOUND('',#7898,.T.);
#7898=EDGE_LOOP('',(#7899,#7900,#7901));
#7899=ORIENTED_EDGE('',*,*,#7902,.T.);
#7900=ORIENTED_EDGE('',*,*,#7903,.T.);
#7901=ORIENTED_EDGE('',*,*,#7904,.T.);
#7902=EDGE_CURVE('',#408,#656,#7905,.F.);
#7903=EDGE_CURVE('',#656,#636,#7906,.T.);
#7904=EDGE_CURVE('',#636,#408,#7907,.T.);
#7905=LINE('',#407,#7908);
#7906=LINE('',#655,#7909);
#7907=LINE('',#635,#7910);
#7908=VECTOR('',#7911,1.0);
#7909=VECTOR('',#7912,1.0);
#7910=VECTOR('',#7913,1.0);
#7911=DIRECTION('',(-0.9684438416701503,-0.2492318710180558,0));
#7912=DIRECTION('',(0.6298713555720452,-0.7766994756209342,0));
#7913=DIRECTION('',(-0.6246950475544243,0.7808688094430304,0));
#7914=STYLED_ITEM('',(#18),#7915);
#7915=FACE_SURFACE('',(#7920),#7916,.T.);
#7916=PLANE('',#7917);
#7917=AXIS2_PLACEMENT_3D('',#461,#7918,#7919);
#7918=DIRECTION('',(0,0,1));
#7919=DIRECTION('',(-0.44414788414389644,0.8959534904282143,0));
#7920=FACE_BOUND('',#7921,.T.);
#7921=EDGE_LOOP('',(#7922,#7923,#7924));
#7922=ORIENTED_EDGE('',*,*,#7925,.T.);
#7923=ORIENTED_EDGE('',*,*,#7926,.T.);
#7924=ORIENTED_EDGE('',*,*,#7927,.T.);
#7925=EDGE_CURVE('',#462,#652,#7928,.F.);
#7926=EDGE_CURVE('',#652,#654,#7929,.T.);
#7927=EDGE_CURVE('',#654,#462,#7930,.T.);
#7928=LINE('',#461,#7931);
#7929=LINE('',#651,#7932);
#7930=LINE('',#653,#7933);
#7931=VECTOR('',#7934,1.0);
#7932=VECTOR('',#7935,1.0);
#7933=VECTOR('',#7936,1.0);
#7934=DIRECTION('',(-0.44414788414389644,0.8959534904282143,0));
#7935=DIRECTION('',(-0.9058120384565752,-0.4236797741067464,0));
#7936=DIRECTION('',(0.9268035779883359,0.3755464389766176,0));
#7937=STYLED_ITEM('',(#18),#7938);
#7938=FACE_SURFACE('',(#7943),#7939,.T.);
#7939=PLANE('',#7940);
#7940=AXIS2_PLACEMENT_3D('',#653,#7941,#7942);
#7941=DIRECTION('',(-0,0,1));
#7942=DIRECTION('',(0.6597221620798697,-0.7515095933257684,0));
#7943=FACE_BOUND('',#7944,.T.);
#7944=EDGE_LOOP('',(#7945,#7946,#7947));
#7945=ORIENTED_EDGE('',*,*,#7948,.T.);
#7946=ORIENTED_EDGE('',*,*,#7949,.T.);
#7947=ORIENTED_EDGE('',*,*,#7950,.T.);
#7948=EDGE_CURVE('',#654,#464,#7951,.F.);
#7949=EDGE_CURVE('',#464,#462,#7952,.T.);
#7950=EDGE_CURVE('',#462,#654,#7953,.T.);
#7951=LINE('',#653,#7954);
#7952=LINE('',#463,#7955);
#7953=LINE('',#461,#7956);
#7954=VECTOR('',#7957,1.0);
#7955=VECTOR('',#7958,1.0);
#7956=VECTOR('',#7959,1.0);
#7957=DIRECTION('',(0.6597221620798697,-0.7515095933257684,0));
#7958=DIRECTION('',(0.8280642108833512,0.5606332693072476,0));
#7959=DIRECTION('',(-0.9268035779883359,-0.3755464389766176,0));
#7960=STYLED_ITEM('',(#18),#7961);
#7961=FACE_SURFACE('',(#7966),#7962,.T.);
#7962=PLANE('',#7963);
#7963=AXIS2_PLACEMENT_3D('',#463,#7964,#7965);
#7964=DIRECTION('',(-0,0,1));
#7965=DIRECTION('',(0.7515095933257684,-0.6597221620798697,0));
#7966=FACE_BOUND('',#7967,.T.);
#7967=EDGE_LOOP('',(#7968,#7969,#7970));
#7968=ORIENTED_EDGE('',*,*,#7971,.T.);
#7969=ORIENTED_EDGE('',*,*,#7972,.T.);
#7970=ORIENTED_EDGE('',*,*,#7973,.T.);
#7971=EDGE_CURVE('',#464,#440,#7974,.F.);
#7972=EDGE_CURVE('',#440,#460,#7975,.T.);
#7973=EDGE_CURVE('',#460,#464,#7976,.T.);
#7974=LINE('',#463,#7977);
#7975=LINE('',#439,#7978);
#7976=LINE('',#459,#7979);
#7977=VECTOR('',#7980,1.0);
#7978=VECTOR('',#7981,1.0);
#7979=VECTOR('',#7982,1.0);
#7980=DIRECTION('',(0.7515095933257684,-0.6597221620798697,0));
#7981=DIRECTION('',(0.7238964548810242,0.6899086335238062,0));
#7982=DIRECTION('',(-0.8578278231524707,-0.513937180816385,0));
#7983=STYLED_ITEM('',(#18),#7984);
#7984=FACE_SURFACE('',(#7989),#7985,.T.);
#7985=PLANE('',#7986);
#7986=AXIS2_PLACEMENT_3D('',#443,#7987,#7988);
#7987=DIRECTION('',(0,0,1));
#7988=DIRECTION('',(-0.6558010468760234,0.7549337632642428,0));
#7989=FACE_BOUND('',#7990,.T.);
#7990=EDGE_LOOP('',(#7991,#7992,#7993));
#7991=ORIENTED_EDGE('',*,*,#7994,.T.);
#7992=ORIENTED_EDGE('',*,*,#7995,.T.);
#7993=ORIENTED_EDGE('',*,*,#7996,.T.);
#7994=EDGE_CURVE('',#444,#460,#7997,.F.);
#7995=EDGE_CURVE('',#460,#440,#7998,.T.);
#7996=EDGE_CURVE('',#440,#444,#7999,.T.);
#7997=LINE('',#443,#8000);
#7998=LINE('',#459,#8001);
#7999=LINE('',#439,#8002);
#8000=VECTOR('',#8003,1.0);
#8001=VECTOR('',#8004,1.0);
#8002=VECTOR('',#8005,1.0);
#8003=DIRECTION('',(-0.6558010468760234,0.7549337632642428,0));
#8004=DIRECTION('',(-0.7238964548810242,-0.6899086335238062,0));
#8005=DIRECTION('',(0.7626148080894262,0.6468528847293855,0));
#8006=STYLED_ITEM('',(#18),#8007);
#8007=FACE_SURFACE('',(#8012),#8008,.T.);
#8008=PLANE('',#8009);
#8009=AXIS2_PLACEMENT_3D('',#417,#8010,#8011);
#8010=DIRECTION('',(-0,0,1));
#8011=DIRECTION('',(0.5560223079986824,-0.8311673676268928,0));
#8012=FACE_BOUND('',#8013,.T.);
#8013=EDGE_LOOP('',(#8014,#8015,#8016));
#8014=ORIENTED_EDGE('',*,*,#8017,.T.);
#8015=ORIENTED_EDGE('',*,*,#8018,.T.);
#8016=ORIENTED_EDGE('',*,*,#8019,.T.);
#8017=EDGE_CURVE('',#418,#654,#8020,.F.);
#8018=EDGE_CURVE('',#654,#608,#8021,.T.);
#8019=EDGE_CURVE('',#608,#418,#8022,.T.);
#8020=LINE('',#417,#8023);
#8021=LINE('',#653,#8024);
#8022=LINE('',#607,#8025);
#8023=VECTOR('',#8026,1.0);
#8024=VECTOR('',#8027,1.0);
#8025=VECTOR('',#8028,1.0);
#8026=DIRECTION('',(0.5560223079986824,-0.8311673676268928,0));
#8027=DIRECTION('',(0.8823529411764708,0.4705882352941175,0));
#8028=DIRECTION('',(-0.9586468662780967,-0.28459828842630996,0));
#8029=STYLED_ITEM('',(#18),#8030);
#8030=FACE_SURFACE('',(#8035),#8031,.T.);
#8031=PLANE('',#8032);
#8032=AXIS2_PLACEMENT_3D('',#607,#8033,#8034);
#8033=DIRECTION('',(0,0,1));
#8034=DIRECTION('',(-0.199059924290103,0.9799873195820539,0));
#8035=FACE_BOUND('',#8036,.T.);
#8036=EDGE_LOOP('',(#8037,#8038,#8039));
#8037=ORIENTED_EDGE('',*,*,#8040,.T.);
#8038=ORIENTED_EDGE('',*,*,#8041,.T.);
#8039=ORIENTED_EDGE('',*,*,#8042,.T.);
#8040=EDGE_CURVE('',#608,#420,#8043,.F.);
#8041=EDGE_CURVE('',#420,#418,#8044,.T.);
#8042=EDGE_CURVE('',#418,#608,#8045,.T.);
#8043=LINE('',#607,#8046);
#8044=LINE('',#419,#8047);
#8045=LINE('',#417,#8048);
#8046=VECTOR('',#8049,1.0);
#8047=VECTOR('',#8050,1.0);
#8048=VECTOR('',#8051,1.0);
#8049=DIRECTION('',(-0.199059924290103,0.9799873195820539,0));
#8050=DIRECTION('',(-0.9433212477700906,-0.3318810381830805,0));
#8051=DIRECTION('',(0.9586468662780967,0.28459828842630996,0));
#8052=STYLED_ITEM('',(#18),#8053);
#8053=FACE_SURFACE('',(#8058),#8054,.T.);
#8054=PLANE('',#8055);
#8055=AXIS2_PLACEMENT_3D('',#423,#8056,#8057);
#8056=DIRECTION('',(0,-0,1));
#8057=DIRECTION('',(0.199059924290103,0.9799873195820539,0));
#8058=FACE_BOUND('',#8059,.T.);
#8059=EDGE_LOOP('',(#8060,#8061,#8062));
#8060=ORIENTED_EDGE('',*,*,#8063,.T.);
#8061=ORIENTED_EDGE('',*,*,#8064,.T.);
#8062=ORIENTED_EDGE('',*,*,#8065,.T.);
#8063=EDGE_CURVE('',#424,#428,#8066,.F.);
#8064=EDGE_CURVE('',#428,#426,#8067,.T.);
#8065=EDGE_CURVE('',#426,#424,#8068,.T.);
#8066=LINE('',#423,#8069);
#8067=LINE('',#427,#8070);
#8068=LINE('',#425,#8071);
#8069=VECTOR('',#8072,1.0);
#8070=VECTOR('',#8073,1.0);
#8071=VECTOR('',#8074,1.0);
#8072=DIRECTION('',(0.199059924290103,0.9799873195820539,0));
#8073=DIRECTION('',(-0.9973425743025964,0.07285457764251825,0));
#8074=DIRECTION('',(0.9932528773730468,-0.11596862330028546,0));
#8075=STYLED_ITEM('',(#18),#8076);
#8076=FACE_SURFACE('',(#8081),#8077,.T.);
#8077=PLANE('',#8078);
#8078=AXIS2_PLACEMENT_3D('',#51,#8079,#8080);
#8079=DIRECTION('',(0,0,1));
#8080=DIRECTION('',(0.9714105010367848,-0.23740606242356768,0));
#8081=FACE_BOUND('',#8082,.T.);
#8082=EDGE_LOOP('',(#8083,#8084,#8085));
#8083=ORIENTED_EDGE('',*,*,#8086,.T.);
#8084=ORIENTED_EDGE('',*,*,#8087,.T.);
#8085=ORIENTED_EDGE('',*,*,#8088,.T.);
#8086=EDGE_CURVE('',#52,#428,#8089,.F.);
#8087=EDGE_CURVE('',#428,#658,#8090,.T.);
#8088=EDGE_CURVE('',#658,#52,#8091,.T.);
#8089=LINE('',#51,#8092);
#8090=LINE('',#427,#8093);
#8091=LINE('',#657,#8094);
#8092=VECTOR('',#8095,1.0);
#8093=VECTOR('',#8096,1.0);
#8094=VECTOR('',#8097,1.0);
#8095=DIRECTION('',(0.9714105010367848,-0.23740606242356768,0));
#8096=DIRECTION('',(0.3185018700980786,0.9479222324347218,0));
#8097=DIRECTION('',(-0.9805069986705778,0.196484161086882,0));
#8098=STYLED_ITEM('',(#18),#8099);
#8099=FACE_SURFACE('',(#8104),#8100,.T.);
#8100=PLANE('',#8101);
#8101=AXIS2_PLACEMENT_3D('',#657,#8102,#8103);
#8102=DIRECTION('',(0,-0,1));
#8103=DIRECTION('',(0.44414788414389644,0.8959534904282143,0));
#8104=FACE_BOUND('',#8105,.T.);
#8105=EDGE_LOOP('',(#8106,#8107,#8108));
#8106=ORIENTED_EDGE('',*,*,#8109,.T.);
#8107=ORIENTED_EDGE('',*,*,#8110,.T.);
#8108=ORIENTED_EDGE('',*,*,#8111,.T.);
#8109=EDGE_CURVE('',#658,#568,#8112,.F.);
#8110=EDGE_CURVE('',#568,#52,#8113,.T.);
#8111=EDGE_CURVE('',#52,#658,#8114,.T.);
#8112=LINE('',#657,#8115);
#8113=LINE('',#567,#8116);
#8114=LINE('',#51,#8117);
#8115=VECTOR('',#8118,1.0);
#8116=VECTOR('',#8119,1.0);
#8117=VECTOR('',#8120,1.0);
#8118=DIRECTION('',(0.44414788414389644,0.8959534904282143,0));
#8119=DIRECTION('',(-0.9875446996522275,0.15733869895480845,0));
#8120=DIRECTION('',(0.9805069986705778,-0.196484161086882,0));
#8121=STYLED_ITEM('',(#18),#8122);
#8122=FACE_SURFACE('',(#8127),#8123,.T.);
#8123=PLANE('',#8124);
#8124=AXIS2_PLACEMENT_3D('',#641,#8125,#8126);
#8125=DIRECTION('',(-0,0,1));
#8126=DIRECTION('',(0.687065374586283,-0.7265956035131307,0));
#8127=FACE_BOUND('',#8128,.T.);
#8128=EDGE_LOOP('',(#8129,#8130,#8131));
#8129=ORIENTED_EDGE('',*,*,#8132,.T.);
#8130=ORIENTED_EDGE('',*,*,#8133,.T.);
#8131=ORIENTED_EDGE('',*,*,#8134,.T.);
#8132=EDGE_CURVE('',#642,#636,#8135,.F.);
#8133=EDGE_CURVE('',#636,#660,#8136,.T.);
#8134=EDGE_CURVE('',#660,#642,#8137,.T.);
#8135=LINE('',#641,#8138);
#8136=LINE('',#635,#8139);
#8137=LINE('',#659,#8140);
#8138=VECTOR('',#8141,1.0);
#8139=VECTOR('',#8142,1.0);
#8140=VECTOR('',#8143,1.0);
#8141=DIRECTION('',(0.687065374586283,-0.7265956035131307,0));
#8142=DIRECTION('',(-0.6670810155927416,0.7449851801450527,0));
#8143=DIRECTION('',(-0.5560223079986808,-0.8311673676268938,0));
#8144=STYLED_ITEM('',(#18),#8145);
#8145=FACE_SURFACE('',(#8150),#8146,.T.);
#8146=PLANE('',#8147);
#8147=AXIS2_PLACEMENT_3D('',#659,#8148,#8149);
#8148=DIRECTION('',(-0,0,1));
#8149=DIRECTION('',(0.6670810155927416,-0.7449851801450527,0));
#8150=FACE_BOUND('',#8151,.T.);
#8151=EDGE_LOOP('',(#8152,#8153,#8154));
#8152=ORIENTED_EDGE('',*,*,#8155,.T.);
#8153=ORIENTED_EDGE('',*,*,#8156,.T.);
#8154=ORIENTED_EDGE('',*,*,#8157,.T.);
#8155=EDGE_CURVE('',#660,#636,#8158,.F.);
#8156=EDGE_CURVE('',#636,#662,#8159,.T.);
#8157=EDGE_CURVE('',#662,#660,#8160,.T.);
#8158=LINE('',#659,#8161);
#8159=LINE('',#635,#8162);
#8160=LINE('',#661,#8163);
#8161=VECTOR('',#8164,1.0);
#8162=VECTOR('',#8165,1.0);
#8163=VECTOR('',#8166,1.0);
#8164=DIRECTION('',(0.6670810155927416,-0.7449851801450527,0));
#8165=DIRECTION('',(-0.6478119350802568,0.7618002997948827,0));
#8166=DIRECTION('',(-0.443387208340821,-0.8963301754820785,0));
#8167=STYLED_ITEM('',(#18),#8168);
#8168=FACE_SURFACE('',(#8173),#8169,.T.);
#8169=PLANE('',#8170);
#8170=AXIS2_PLACEMENT_3D('',#661,#8171,#8172);
#8171=DIRECTION('',(-0,0,1));
#8172=DIRECTION('',(0.6478119350802568,-0.7618002997948827,0));
#8173=FACE_BOUND('',#8174,.T.);
#8174=EDGE_LOOP('',(#8175,#8176,#8177));
#8175=ORIENTED_EDGE('',*,*,#8178,.T.);
#8176=ORIENTED_EDGE('',*,*,#8179,.T.);
#8177=ORIENTED_EDGE('',*,*,#8180,.T.);
#8178=EDGE_CURVE('',#662,#636,#8181,.F.);
#8179=EDGE_CURVE('',#636,#656,#8182,.T.);
#8180=EDGE_CURVE('',#656,#662,#8183,.T.);
#8181=LINE('',#661,#8184);
#8182=LINE('',#635,#8185);
#8183=LINE('',#655,#8186);
#8184=VECTOR('',#8187,1.0);
#8185=VECTOR('',#8188,1.0);
#8186=VECTOR('',#8189,1.0);
#8187=DIRECTION('',(0.6478119350802568,-0.7618002997948827,0));
#8188=DIRECTION('',(-0.6298713555720452,0.7766994756209342,0));
#8189=DIRECTION('',(-0.3208070336803868,-0.9471445756278137,0));
#8190=STYLED_ITEM('',(#18),#8191);
#8191=FACE_SURFACE('',(#8196),#8192,.T.);
#8192=PLANE('',#8193);
#8193=AXIS2_PLACEMENT_3D('',#655,#8194,#8195);
#8194=DIRECTION('',(0,0,1));
#8195=DIRECTION('',(0.9684438416701503,0.2492318710180558,0));
#8196=FACE_BOUND('',#8197,.T.);
#8197=EDGE_LOOP('',(#8198,#8199,#8200));
#8198=ORIENTED_EDGE('',*,*,#8201,.T.);
#8199=ORIENTED_EDGE('',*,*,#8202,.T.);
#8200=ORIENTED_EDGE('',*,*,#8203,.T.);
#8201=EDGE_CURVE('',#656,#408,#8204,.F.);
#8202=EDGE_CURVE('',#408,#664,#8205,.T.);
#8203=EDGE_CURVE('',#664,#656,#8206,.T.);
#8204=LINE('',#655,#8207);
#8205=LINE('',#407,#8208);
#8206=LINE('',#663,#8209);
#8207=VECTOR('',#8210,1.0);
#8208=VECTOR('',#8211,1.0);
#8209=VECTOR('',#8212,1.0);
#8210=DIRECTION('',(0.9684438416701503,0.2492318710180558,0));
#8211=DIRECTION('',(-0.07095044896247937,0.9974798412960647,0));
#8212=DIRECTION('',(-0.1950129963791784,-0.9808006582599823,0));
#8213=STYLED_ITEM('',(#18),#8214);
#8214=FACE_SURFACE('',(#8219),#8215,.T.);
#8215=PLANE('',#8216);
#8216=AXIS2_PLACEMENT_3D('',#429,#8217,#8218);
#8217=DIRECTION('',(0,0,1));
#8218=DIRECTION('',(-0.06499637357340061,-0.9978855001563592,0));
#8219=FACE_BOUND('',#8220,.T.);
#8220=EDGE_LOOP('',(#8221,#8222,#8223));
#8221=ORIENTED_EDGE('',*,*,#8224,.T.);
#8222=ORIENTED_EDGE('',*,*,#8225,.T.);
#8223=ORIENTED_EDGE('',*,*,#8226,.T.);
#8224=EDGE_CURVE('',#430,#664,#8227,.F.);
#8225=EDGE_CURVE('',#664,#408,#8228,.T.);
#8226=EDGE_CURVE('',#408,#430,#8229,.T.);
#8227=LINE('',#429,#8230);
#8228=LINE('',#663,#8231);
#8229=LINE('',#407,#8232);
#8230=VECTOR('',#8233,1.0);
#8231=VECTOR('',#8234,1.0);
#8232=VECTOR('',#8235,1.0);
#8233=DIRECTION('',(-0.06499637357340061,-0.9978855001563592,0));
#8234=DIRECTION('',(0.07095044896247937,-0.9974798412960647,0));
#8235=DIRECTION('',(0,1,0));
#8236=STYLED_ITEM('',(#18),#8237);
#8237=FACE_SURFACE('',(#8242),#8238,.T.);
#8238=PLANE('',#8239);
#8239=AXIS2_PLACEMENT_3D('',#665,#8240,#8241);
#8240=DIRECTION('',(0,0,1));
#8241=DIRECTION('',(-0.3787848936656254,0.9254847401933328,0));
#8242=FACE_BOUND('',#8243,.T.);
#8243=EDGE_LOOP('',(#8244,#8245,#8246));
#8244=ORIENTED_EDGE('',*,*,#8247,.T.);
#8245=ORIENTED_EDGE('',*,*,#8248,.T.);
#8246=ORIENTED_EDGE('',*,*,#8249,.T.);
#8247=EDGE_CURVE('',#666,#646,#8250,.F.);
#8248=EDGE_CURVE('',#646,#648,#8251,.T.);
#8249=EDGE_CURVE('',#648,#666,#8252,.T.);
#8250=LINE('',#665,#8253);
#8251=LINE('',#645,#8254);
#8252=LINE('',#647,#8255);
#8253=VECTOR('',#8256,1.0);
#8254=VECTOR('',#8257,1.0);
#8255=VECTOR('',#8258,1.0);
#8256=DIRECTION('',(-0.3787848936656254,0.9254847401933328,0));
#8257=DIRECTION('',(0.13050585714686086,-0.9914475383248288,0));
#8258=DIRECTION('',(0.9808006582599824,0.19501299637917774,0));
#8259=STYLED_ITEM('',(#18),#8260);
#8260=FACE_SURFACE('',(#8265),#8261,.T.);
#8261=PLANE('',#8262);
#8262=AXIS2_PLACEMENT_3D('',#551,#8263,#8264);
#8263=DIRECTION('',(0,0,1));
#8264=DIRECTION('',(-0.5438212591909755,0.8392010712886048,0));
#8265=FACE_BOUND('',#8266,.T.);
#8266=EDGE_LOOP('',(#8267,#8268,#8269));
#8267=ORIENTED_EDGE('',*,*,#8270,.T.);
#8268=ORIENTED_EDGE('',*,*,#8271,.T.);
#8269=ORIENTED_EDGE('',*,*,#8272,.T.);
#8270=EDGE_CURVE('',#552,#644,#8273,.F.);
#8271=EDGE_CURVE('',#644,#666,#8274,.T.);
#8272=EDGE_CURVE('',#666,#552,#8275,.T.);
#8273=LINE('',#551,#8276);
#8274=LINE('',#643,#8277);
#8275=LINE('',#665,#8278);
#8276=VECTOR('',#8279,1.0);
#8277=VECTOR('',#8280,1.0);
#8278=VECTOR('',#8281,1.0);
#8279=DIRECTION('',(-0.5438212591909755,0.8392010712886048,0));
#8280=DIRECTION('',(0.3184280302685314,-0.9479470394169198,0));
#8281=DIRECTION('',(0.9471445756278133,0.3208070336803878,0));
#8282=STYLED_ITEM('',(#18),#8283);
#8283=FACE_SURFACE('',(#8288),#8284,.T.);
#8284=PLANE('',#8285);
#8285=AXIS2_PLACEMENT_3D('',#533,#8286,#8287);
#8286=DIRECTION('',(0,0,1));
#8287=DIRECTION('',(-0.639957944939541,0.7684099353266846,0));
#8288=FACE_BOUND('',#8289,.T.);
#8289=EDGE_LOOP('',(#8290,#8291,#8292));
#8290=ORIENTED_EDGE('',*,*,#8293,.T.);
#8291=ORIENTED_EDGE('',*,*,#8294,.T.);
#8292=ORIENTED_EDGE('',*,*,#8295,.T.);
#8293=EDGE_CURVE('',#534,#540,#8296,.F.);
#8294=EDGE_CURVE('',#540,#552,#8297,.T.);
#8295=EDGE_CURVE('',#552,#534,#8298,.T.);
#8296=LINE('',#533,#8299);
#8297=LINE('',#539,#8300);
#8298=LINE('',#551,#8301);
#8299=VECTOR('',#8302,1.0);
#8300=VECTOR('',#8303,1.0);
#8301=VECTOR('',#8304,1.0);
#8302=DIRECTION('',(-0.639957944939541,0.7684099353266846,0));
#8303=DIRECTION('',(0.43600633883799517,-0.899943594061921,0));
#8304=DIRECTION('',(0.896330175482079,0.44338720834081957,0));
#8305=STYLED_ITEM('',(#18),#8306);
#8306=FACE_SURFACE('',(#8311),#8307,.T.);
#8307=PLANE('',#8308);
#8308=AXIS2_PLACEMENT_3D('',#645,#8309,#8310);
#8309=DIRECTION('',(-0,0,1));
#8310=DIRECTION('',(0.3787848936656254,-0.9254847401933328,0));
#8311=FACE_BOUND('',#8312,.T.);
#8312=EDGE_LOOP('',(#8313,#8314,#8315));
#8313=ORIENTED_EDGE('',*,*,#8316,.T.);
#8314=ORIENTED_EDGE('',*,*,#8317,.T.);
#8315=ORIENTED_EDGE('',*,*,#8318,.T.);
#8316=EDGE_CURVE('',#646,#666,#8319,.F.);
#8317=EDGE_CURVE('',#666,#644,#8320,.T.);
#8318=EDGE_CURVE('',#644,#646,#8321,.T.);
#8319=LINE('',#645,#8322);
#8320=LINE('',#665,#8323);
#8321=LINE('',#643,#8324);
#8322=VECTOR('',#8325,1.0);
#8323=VECTOR('',#8326,1.0);
#8324=VECTOR('',#8327,1.0);
#8325=DIRECTION('',(0.3787848936656254,-0.9254847401933328,0));
#8326=DIRECTION('',(-0.3184280302685314,0.9479470394169198,0));
#8327=DIRECTION('',(-0.9479222324347218,-0.3185018700980786,0));
#8328=STYLED_ITEM('',(#18),#8329);
#8329=FACE_SURFACE('',(#8334),#8330,.T.);
#8330=PLANE('',#8331);
#8331=AXIS2_PLACEMENT_3D('',#435,#8332,#8333);
#8332=DIRECTION('',(0,0,1));
#8333=DIRECTION('',(-0.7549337632642428,0.6558010468760234,0));
#8334=FACE_BOUND('',#8335,.T.);
#8335=EDGE_LOOP('',(#8336,#8337,#8338));
#8336=ORIENTED_EDGE('',*,*,#8339,.T.);
#8337=ORIENTED_EDGE('',*,*,#8340,.T.);
#8338=ORIENTED_EDGE('',*,*,#8341,.T.);
#8339=EDGE_CURVE('',#436,#444,#8342,.F.);
#8340=EDGE_CURVE('',#444,#442,#8343,.T.);
#8341=EDGE_CURVE('',#442,#436,#8344,.T.);
#8342=LINE('',#435,#8345);
#8343=LINE('',#443,#8346);
#8344=LINE('',#441,#8347);
#8345=VECTOR('',#8348,1.0);
#8346=VECTOR('',#8349,1.0);
#8347=VECTOR('',#8350,1.0);
#8348=DIRECTION('',(-0.7549337632642428,0.6558010468760234,0));
#8349=DIRECTION('',(-0.5925569218024844,-0.8055285807617035,0));
#8350=DIRECTION('',(0.639957944939541,0.7684099353266846,0));
#8351=STYLED_ITEM('',(#18),#8352);
#8352=FACE_SURFACE('',(#8357),#8353,.T.);
#8353=PLANE('',#8354);
#8354=AXIS2_PLACEMENT_3D('',#441,#8355,#8356);
#8355=DIRECTION('',(-0,0,1));
#8356=DIRECTION('',(0.896330175482079,-0.44338720834081957,0));
#8357=FACE_BOUND('',#8358,.T.);
#8358=EDGE_LOOP('',(#8359,#8360,#8361));
#8359=ORIENTED_EDGE('',*,*,#8362,.T.);
#8360=ORIENTED_EDGE('',*,*,#8363,.T.);
#8361=ORIENTED_EDGE('',*,*,#8364,.T.);
#8362=EDGE_CURVE('',#442,#438,#8365,.F.);
#8363=EDGE_CURVE('',#438,#436,#8366,.T.);
#8364=EDGE_CURVE('',#436,#442,#8367,.T.);
#8365=LINE('',#441,#8368);
#8366=LINE('',#437,#8369);
#8367=LINE('',#435,#8370);
#8368=VECTOR('',#8371,1.0);
#8369=VECTOR('',#8372,1.0);
#8370=VECTOR('',#8373,1.0);
#8371=DIRECTION('',(0.896330175482079,-0.44338720834081957,0));
#8372=DIRECTION('',(0.43600633883799517,0.899943594061921,0));
#8373=DIRECTION('',(-0.639957944939541,-0.7684099353266846,0));
#8374=STYLED_ITEM('',(#18),#8375);
#8375=FACE_SURFACE('',(#8380),#8376,.T.);
#8376=PLANE('',#8377);
#8377=AXIS2_PLACEMENT_3D('',#433,#8378,#8379);
#8378=DIRECTION('',(0,0,1));
#8379=DIRECTION('',(-0.4908946868306318,-0.8712189199285423,0));
#8380=FACE_BOUND('',#8381,.T.);
#8381=EDGE_LOOP('',(#8382,#8383,#8384));
#8382=ORIENTED_EDGE('',*,*,#8385,.T.);
#8383=ORIENTED_EDGE('',*,*,#8386,.T.);
#8384=ORIENTED_EDGE('',*,*,#8387,.T.);
#8385=EDGE_CURVE('',#434,#438,#8388,.F.);
#8386=EDGE_CURVE('',#438,#466,#8389,.T.);
#8387=EDGE_CURVE('',#466,#434,#8390,.T.);
#8388=LINE('',#433,#8391);
#8389=LINE('',#437,#8392);
#8390=LINE('',#465,#8393);
#8391=VECTOR('',#8394,1.0);
#8392=VECTOR('',#8395,1.0);
#8393=VECTOR('',#8396,1.0);
#8394=DIRECTION('',(-0.4908946868306318,-0.8712189199285423,0));
#8395=DIRECTION('',(0.5438212591909755,0.8392010712886048,0));
#8396=DIRECTION('',(-0.8959534904282143,0.44414788414389644,0));
#8397=STYLED_ITEM('',(#18),#8398);
#8398=FACE_SURFACE('',(#8403),#8399,.T.);
#8399=PLANE('',#8400);
#8400=AXIS2_PLACEMENT_3D('',#467,#8401,#8402);
#8401=DIRECTION('',(0,-0,1));
#8402=DIRECTION('',(0.3184280302685314,0.9479470394169198,0));
#8403=FACE_BOUND('',#8404,.T.);
#8404=EDGE_LOOP('',(#8405,#8406,#8407));
#8405=ORIENTED_EDGE('',*,*,#8408,.T.);
#8406=ORIENTED_EDGE('',*,*,#8409,.T.);
#8407=ORIENTED_EDGE('',*,*,#8410,.T.);
#8408=EDGE_CURVE('',#468,#466,#8411,.F.);
#8409=EDGE_CURVE('',#466,#438,#8412,.T.);
#8410=EDGE_CURVE('',#438,#468,#8413,.T.);
#8411=LINE('',#467,#8414);
#8412=LINE('',#465,#8415);
#8413=LINE('',#437,#8416);
#8414=VECTOR('',#8417,1.0);
#8415=VECTOR('',#8418,1.0);
#8416=VECTOR('',#8419,1.0);
#8417=DIRECTION('',(0.3184280302685314,0.9479470394169198,0));
#8418=DIRECTION('',(-0.5438212591909755,-0.8392010712886048,0));
#8419=DIRECTION('',(0.9471445756278133,-0.3208070336803878,0));
#8420=STYLED_ITEM('',(#18),#8421);
#8421=FACE_SURFACE('',(#8426),#8422,.T.);
#8422=PLANE('',#8423);
#8423=AXIS2_PLACEMENT_3D('',#649,#8424,#8425);
#8424=DIRECTION('',(0,-0,1));
#8425=DIRECTION('',(0.13050585714686086,0.9914475383248288,0));
#8426=FACE_BOUND('',#8427,.T.);
#8427=EDGE_LOOP('',(#8428,#8429,#8430));
#8428=ORIENTED_EDGE('',*,*,#8431,.T.);
#8429=ORIENTED_EDGE('',*,*,#8432,.T.);
#8430=ORIENTED_EDGE('',*,*,#8433,.T.);
#8431=EDGE_CURVE('',#650,#470,#8434,.F.);
#8432=EDGE_CURVE('',#470,#468,#8435,.T.);
#8433=EDGE_CURVE('',#468,#650,#8436,.T.);
#8434=LINE('',#649,#8437);
#8435=LINE('',#469,#8438);
#8436=LINE('',#467,#8439);
#8437=VECTOR('',#8440,1.0);
#8438=VECTOR('',#8441,1.0);
#8439=VECTOR('',#8442,1.0);
#8440=DIRECTION('',(0.13050585714686086,0.9914475383248288,0));
#8441=DIRECTION('',(-0.3787848936656254,-0.9254847401933328,0));
#8442=DIRECTION('',(0.9808006582599824,-0.19501299637917774,0));
#8443=STYLED_ITEM('',(#18),#8444);
#8444=FACE_SURFACE('',(#8449),#8445,.T.);
#8445=PLANE('',#8446);
#8446=AXIS2_PLACEMENT_3D('',#77,#8447,#8448);
#8447=DIRECTION('',(0.4433872083408196,-0.8963301754820792,0));
#8448=DIRECTION('',(0,0,1));
#8449=FACE_BOUND('',#8450,.T.);
#8450=EDGE_LOOP('',(#8451,#8452,#8453));
#8451=ORIENTED_EDGE('',*,*,#8454,.T.);
#8452=ORIENTED_EDGE('',*,*,#8455,.T.);
#8453=ORIENTED_EDGE('',*,*,#8456,.T.);
#8454=EDGE_CURVE('',#78,#534,#8457,.F.);
#8455=EDGE_CURVE('',#534,#552,#8458,.T.);
#8456=EDGE_CURVE('',#552,#78,#8459,.T.);
#8457=LINE('',#77,#8460);
#8458=LINE('',#533,#8461);
#8459=LINE('',#551,#8462);
#8460=VECTOR('',#8463,1.0);
#8461=VECTOR('',#8464,1.0);
#8462=VECTOR('',#8465,1.0);
#8463=DIRECTION('',(0,0,1));
#8464=DIRECTION('',(-0.896330175482079,-0.44338720834081957,0));
#8465=DIRECTION('',(0.0468359289502173,0.02316830600522499,-0.9986338795355476));
#8466=STYLED_ITEM('',(#18),#8467);
#8467=FACE_SURFACE('',(#8472),#8468,.T.);
#8468=PLANE('',#8469);
#8469=AXIS2_PLACEMENT_3D('',#667,#8470,#8471);
#8470=DIRECTION('',(0,0,1));
#8471=DIRECTION('',(-0.7549337632642495,-0.6558010468760157,0));
#8472=FACE_BOUND('',#8473,.T.);
#8473=EDGE_LOOP('',(#8474,#8475,#8476));
#8474=ORIENTED_EDGE('',*,*,#8477,.T.);
#8475=ORIENTED_EDGE('',*,*,#8478,.T.);
#8476=ORIENTED_EDGE('',*,*,#8479,.T.);
#8477=EDGE_CURVE('',#668,#670,#8480,.F.);
#8478=EDGE_CURVE('',#670,#642,#8481,.T.);
#8479=EDGE_CURVE('',#642,#668,#8482,.T.);
#8480=LINE('',#667,#8483);
#8481=LINE('',#669,#8484);
#8482=LINE('',#641,#8485);
#8483=VECTOR('',#8486,1.0);
#8484=VECTOR('',#8487,1.0);
#8485=VECTOR('',#8488,1.0);
#8486=DIRECTION('',(-0.7549337632642495,-0.6558010468760157,0));
#8487=DIRECTION('',(0.6965659237951319,-0.7174927970421965,0));
#8488=DIRECTION('',(-0.6705569513861218,0.741858055794874,0));
#8489=STYLED_ITEM('',(#18),#8490);
#8490=FACE_SURFACE('',(#8495),#8491,.T.);
#8491=PLANE('',#8492);
#8492=AXIS2_PLACEMENT_3D('',#671,#8493,#8494);
#8493=DIRECTION('',(0,0,1));
#8494=DIRECTION('',(-0.6558010468760234,-0.7549337632642428,0));
#8495=FACE_BOUND('',#8496,.T.);
#8496=EDGE_LOOP('',(#8497,#8498,#8499));
#8497=ORIENTED_EDGE('',*,*,#8500,.T.);
#8498=ORIENTED_EDGE('',*,*,#8501,.T.);
#8499=ORIENTED_EDGE('',*,*,#8502,.T.);
#8500=EDGE_CURVE('',#672,#668,#8503,.F.);
#8501=EDGE_CURVE('',#668,#660,#8504,.T.);
#8502=EDGE_CURVE('',#660,#672,#8505,.T.);
#8503=LINE('',#671,#8506);
#8504=LINE('',#667,#8507);
#8505=LINE('',#659,#8508);
#8506=VECTOR('',#8509,1.0);
#8507=VECTOR('',#8510,1.0);
#8508=VECTOR('',#8511,1.0);
#8509=DIRECTION('',(-0.6558010468760234,-0.7549337632642428,0));
#8510=DIRECTION('',(0.7688842702856028,-0.6393879721322385,0));
#8511=DIRECTION('',(-0.7449711501533726,0.6670966837267003,0));
#8512=STYLED_ITEM('',(#18),#8513);
#8513=FACE_SURFACE('',(#8518),#8514,.T.);
#8514=PLANE('',#8515);
#8515=AXIS2_PLACEMENT_3D('',#673,#8516,#8517);
#8516=DIRECTION('',(0,0,1));
#8517=DIRECTION('',(-0.5564580441595913,-0.8308757097725762,0));
#8518=FACE_BOUND('',#8519,.T.);
#8519=EDGE_LOOP('',(#8520,#8521,#8522));
#8520=ORIENTED_EDGE('',*,*,#8523,.T.);
#8521=ORIENTED_EDGE('',*,*,#8524,.T.);
#8522=ORIENTED_EDGE('',*,*,#8525,.T.);
#8523=EDGE_CURVE('',#674,#672,#8526,.F.);
#8524=EDGE_CURVE('',#672,#656,#8527,.T.);
#8525=EDGE_CURVE('',#656,#674,#8528,.T.);
#8526=LINE('',#673,#8529);
#8527=LINE('',#671,#8530);
#8528=LINE('',#655,#8531);
#8529=VECTOR('',#8532,1.0);
#8530=VECTOR('',#8533,1.0);
#8531=VECTOR('',#8534,1.0);
#8532=DIRECTION('',(-0.5564580441595913,-0.8308757097725762,0));
#8533=DIRECTION('',(0.9069968730779668,-0.4211373555347357,0));
#8534=DIRECTION('',(-0.8901080399948588,0.45574957722033144,0));
#8535=STYLED_ITEM('',(#18),#8536);
#8536=FACE_SURFACE('',(#8541),#8537,.T.);
#8537=PLANE('',#8538);
#8538=AXIS2_PLACEMENT_3D('',#597,#8539,#8540);
#8539=DIRECTION('',(0,0,1));
#8540=DIRECTION('',(-0.9811231538831227,-0.1933839624023524,0));
#8541=FACE_BOUND('',#8542,.T.);
#8542=EDGE_LOOP('',(#8543,#8544,#8545));
#8543=ORIENTED_EDGE('',*,*,#8546,.T.);
#8544=ORIENTED_EDGE('',*,*,#8547,.T.);
#8545=ORIENTED_EDGE('',*,*,#8548,.T.);
#8546=EDGE_CURVE('',#598,#596,#8549,.F.);
#8547=EDGE_CURVE('',#596,#486,#8550,.T.);
#8548=EDGE_CURVE('',#486,#598,#8551,.T.);
#8549=LINE('',#597,#8552);
#8550=LINE('',#595,#8553);
#8551=LINE('',#485,#8554);
#8552=VECTOR('',#8555,1.0);
#8553=VECTOR('',#8556,1.0);
#8554=VECTOR('',#8557,1.0);
#8555=DIRECTION('',(-0.9811231538831227,-0.1933839624023524,0));
#8556=DIRECTION('',(0.9999252315935084,0.012228295983847979,0));
#8557=DIRECTION('',(-0.32080703368038727,0.9471445756278134,0));
#8558=STYLED_ITEM('',(#18),#8559);
#8559=FACE_SURFACE('',(#8564),#8560,.T.);
#8560=PLANE('',#8561);
#8561=AXIS2_PLACEMENT_3D('',#485,#8562,#8563);
#8562=DIRECTION('',(0,0,1));
#8563=DIRECTION('',(-0.9983314686278072,-0.05774321386488373,0));
#8564=FACE_BOUND('',#8565,.T.);
#8565=EDGE_LOOP('',(#8566,#8567,#8568));
#8566=ORIENTED_EDGE('',*,*,#8569,.T.);
#8567=ORIENTED_EDGE('',*,*,#8570,.T.);
#8568=ORIENTED_EDGE('',*,*,#8571,.T.);
#8569=EDGE_CURVE('',#486,#606,#8572,.F.);
#8570=EDGE_CURVE('',#606,#472,#8573,.T.);
#8571=EDGE_CURVE('',#472,#486,#8574,.T.);
#8572=LINE('',#485,#8575);
#8573=LINE('',#605,#8576);
#8574=LINE('',#471,#8577);
#8575=VECTOR('',#8578,1.0);
#8576=VECTOR('',#8579,1.0);
#8577=VECTOR('',#8580,1.0);
#8578=DIRECTION('',(-0.9983314686278072,-0.05774321386488373,0));
#8579=DIRECTION('',(0.9932528773730468,-0.11596862330028486,0));
#8580=DIRECTION('',(-0.1950129963791784,0.9808006582599823,0));
#8581=STYLED_ITEM('',(#18),#8582);
#8582=FACE_SURFACE('',(#8587),#8583,.T.);
#8583=PLANE('',#8584);
#8584=AXIS2_PLACEMENT_3D('',#471,#8585,#8586);
#8585=DIRECTION('',(0,0,1));
#8586=DIRECTION('',(-0.9973425743025967,0.07285457764251768,0));
#8587=FACE_BOUND('',#8588,.T.);
#8588=EDGE_LOOP('',(#8589,#8590,#8591));
#8589=ORIENTED_EDGE('',*,*,#8592,.T.);
#8590=ORIENTED_EDGE('',*,*,#8593,.T.);
#8591=ORIENTED_EDGE('',*,*,#8594,.T.);
#8592=EDGE_CURVE('',#472,#604,#8595,.F.);
#8593=EDGE_CURVE('',#604,#430,#8596,.T.);
#8594=EDGE_CURVE('',#430,#472,#8597,.T.);
#8595=LINE('',#471,#8598);
#8596=LINE('',#603,#8599);
#8597=LINE('',#429,#8600);
#8598=VECTOR('',#8601,1.0);
#8599=VECTOR('',#8602,1.0);
#8600=VECTOR('',#8603,1.0);
#8601=DIRECTION('',(-0.9973425743025967,0.07285457764251768,0));
#8602=DIRECTION('',(0.9714105010367848,-0.23740606242356768,0));
#8603=DIRECTION('',(-0.06499637357340061,0.9978855001563592,0));
#8604=STYLED_ITEM('',(#18),#8605);
#8605=FACE_SURFACE('',(#8610),#8606,.T.);
#8606=PLANE('',#8607);
#8607=AXIS2_PLACEMENT_3D('',#659,#8608,#8609);
#8608=DIRECTION('',(0,-0,1));
#8609=DIRECTION('',(0.443387208340821,0.8963301754820785,0));
#8610=FACE_BOUND('',#8611,.T.);
#8611=EDGE_LOOP('',(#8612,#8613,#8614));
#8612=ORIENTED_EDGE('',*,*,#8615,.T.);
#8613=ORIENTED_EDGE('',*,*,#8616,.T.);
#8614=ORIENTED_EDGE('',*,*,#8617,.T.);
#8615=EDGE_CURVE('',#660,#662,#8618,.F.);
#8616=EDGE_CURVE('',#662,#672,#8619,.T.);
#8617=EDGE_CURVE('',#672,#660,#8620,.T.);
#8618=LINE('',#659,#8621);
#8619=LINE('',#661,#8622);
#8620=LINE('',#671,#8623);
#8621=VECTOR('',#8624,1.0);
#8622=VECTOR('',#8625,1.0);
#8623=VECTOR('',#8626,1.0);
#8624=DIRECTION('',(0.443387208340821,0.8963301754820785,0));
#8625=DIRECTION('',(-0.8337707218487985,0.5521108433890186,0));
#8626=DIRECTION('',(0.7449711501533726,-0.6670966837267003,0));
#8627=STYLED_ITEM('',(#18),#8628);
#8628=FACE_SURFACE('',(#8633),#8629,.T.);
#8629=PLANE('',#8630);
#8630=AXIS2_PLACEMENT_3D('',#661,#8631,#8632);
#8631=DIRECTION('',(0,-0,1));
#8632=DIRECTION('',(0.3208070336803868,0.9471445756278137,0));
#8633=FACE_BOUND('',#8634,.T.);
#8634=EDGE_LOOP('',(#8635,#8636,#8637));
#8635=ORIENTED_EDGE('',*,*,#8638,.T.);
#8636=ORIENTED_EDGE('',*,*,#8639,.T.);
#8637=ORIENTED_EDGE('',*,*,#8640,.T.);
#8638=EDGE_CURVE('',#662,#656,#8641,.F.);
#8639=EDGE_CURVE('',#656,#672,#8642,.T.);
#8640=EDGE_CURVE('',#672,#662,#8643,.T.);
#8641=LINE('',#661,#8644);
#8642=LINE('',#655,#8645);
#8643=LINE('',#671,#8646);
#8644=VECTOR('',#8647,1.0);
#8645=VECTOR('',#8648,1.0);
#8646=VECTOR('',#8649,1.0);
#8647=DIRECTION('',(0.3208070336803868,0.9471445756278137,0));
#8648=DIRECTION('',(-0.9069968730779668,0.4211373555347357,0));
#8649=DIRECTION('',(0.8337707218487985,-0.5521108433890186,0));
#8650=STYLED_ITEM('',(#18),#8651);
#8651=FACE_SURFACE('',(#8656),#8652,.T.);
#8652=PLANE('',#8653);
#8653=AXIS2_PLACEMENT_3D('',#655,#8654,#8655);
#8654=DIRECTION('',(0,-0,1));
#8655=DIRECTION('',(0.1950129963791784,0.9808006582599823,0));
#8656=FACE_BOUND('',#8657,.T.);
#8657=EDGE_LOOP('',(#8658,#8659,#8660));
#8658=ORIENTED_EDGE('',*,*,#8661,.T.);
#8659=ORIENTED_EDGE('',*,*,#8662,.T.);
#8660=ORIENTED_EDGE('',*,*,#8663,.T.);
#8661=EDGE_CURVE('',#656,#664,#8664,.F.);
#8662=EDGE_CURVE('',#664,#674,#8665,.T.);
#8663=EDGE_CURVE('',#674,#656,#8666,.T.);
#8664=LINE('',#655,#8667);
#8665=LINE('',#663,#8668);
#8666=LINE('',#673,#8669);
#8667=VECTOR('',#8670,1.0);
#8668=VECTOR('',#8671,1.0);
#8669=VECTOR('',#8672,1.0);
#8670=DIRECTION('',(0.1950129963791784,0.9808006582599823,0));
#8671=DIRECTION('',(-0.9497508284626777,0.31300697090393603,0));
#8672=DIRECTION('',(0.8901080399948588,-0.45574957722033144,0));
#8673=STYLED_ITEM('',(#18),#8674);
#8674=FACE_SURFACE('',(#8679),#8675,.T.);
#8675=PLANE('',#8676);
#8676=AXIS2_PLACEMENT_3D('',#675,#8677,#8678);
#8677=DIRECTION('',(0,0,1));
#8678=DIRECTION('',(-0.44414788414390177,-0.8959534904282115,0));
#8679=FACE_BOUND('',#8680,.T.);
#8680=EDGE_LOOP('',(#8681,#8682,#8683));
#8681=ORIENTED_EDGE('',*,*,#8684,.T.);
#8682=ORIENTED_EDGE('',*,*,#8685,.T.);
#8683=ORIENTED_EDGE('',*,*,#8686,.T.);
#8684=EDGE_CURVE('',#676,#674,#8687,.F.);
#8685=EDGE_CURVE('',#674,#664,#8688,.T.);
#8686=EDGE_CURVE('',#664,#676,#8689,.T.);
#8687=LINE('',#675,#8690);
#8688=LINE('',#673,#8691);
#8689=LINE('',#663,#8692);
#8690=VECTOR('',#8693,1.0);
#8691=VECTOR('',#8694,1.0);
#8692=VECTOR('',#8695,1.0);
#8693=DIRECTION('',(-0.44414788414390177,-0.8959534904282115,0));
#8694=DIRECTION('',(0.9497508284626777,-0.31300697090393603,0));
#8695=DIRECTION('',(-0.9365315880657704,0.3505832063219887,0));
#8696=STYLED_ITEM('',(#18),#8697);
#8697=FACE_SURFACE('',(#8702),#8698,.T.);
#8698=PLANE('',#8699);
#8699=AXIS2_PLACEMENT_3D('',#429,#8700,#8701);
#8700=DIRECTION('',(0,0,1));
#8701=DIRECTION('',(-0.9805069986705778,0.196484161086882,0));
#8702=FACE_BOUND('',#8703,.T.);
#8703=EDGE_LOOP('',(#8704,#8705,#8706));
#8704=ORIENTED_EDGE('',*,*,#8707,.T.);
#8705=ORIENTED_EDGE('',*,*,#8708,.T.);
#8706=ORIENTED_EDGE('',*,*,#8709,.T.);
#8707=EDGE_CURVE('',#430,#676,#8710,.F.);
#8708=EDGE_CURVE('',#676,#664,#8711,.T.);
#8709=EDGE_CURVE('',#664,#430,#8712,.T.);
#8710=LINE('',#429,#8713);
#8711=LINE('',#675,#8714);
#8712=LINE('',#663,#8715);
#8713=VECTOR('',#8716,1.0);
#8714=VECTOR('',#8717,1.0);
#8715=VECTOR('',#8718,1.0);
#8716=DIRECTION('',(-0.9805069986705778,0.196484161086882,0));
#8717=DIRECTION('',(0.9365315880657704,-0.3505832063219887,0));
#8718=DIRECTION('',(0.06499637357340061,0.9978855001563592,0));
#8719=STYLED_ITEM('',(#18),#8720);
#8720=FACE_SURFACE('',(#8725),#8721,.T.);
#8721=PLANE('',#8722);
#8722=AXIS2_PLACEMENT_3D('',#533,#8723,#8724);
#8723=DIRECTION('',(0.5560223079986824,-0.8311673676268928,0));
#8724=DIRECTION('',(0,0,-1));
#8725=FACE_BOUND('',#8726,.T.);
#8726=EDGE_LOOP('',(#8727,#8728,#8729));
#8727=ORIENTED_EDGE('',*,*,#8730,.T.);
#8728=ORIENTED_EDGE('',*,*,#8731,.T.);
#8729=ORIENTED_EDGE('',*,*,#8732,.T.);
#8730=EDGE_CURVE('',#534,#78,#8733,.F.);
#8731=EDGE_CURVE('',#78,#536,#8734,.T.);
#8732=EDGE_CURVE('',#536,#534,#8735,.T.);
#8733=LINE('',#533,#8736);
#8734=LINE('',#77,#8737);
#8735=LINE('',#535,#8738);
#8736=VECTOR('',#8739,1.0);
#8737=VECTOR('',#8740,1.0);
#8738=VECTOR('',#8741,1.0);
#8739=DIRECTION('',(0,0,-1));
#8740=DIRECTION('',(0.04344054755003125,0.029060228361055512,0.9986332770122157));
#8741=DIRECTION('',(-0.8311673676268928,-0.5560223079986824,0));
#8742=STYLED_ITEM('',(#18),#8743);
#8743=FACE_SURFACE('',(#8748),#8744,.T.);
#8744=PLANE('',#8745);
#8745=AXIS2_PLACEMENT_3D('',#73,#8746,#8747);
#8746=DIRECTION('',(0.5560223079986824,-0.8311673676268928,0));
#8747=DIRECTION('',(0,0,1));
#8748=FACE_BOUND('',#8749,.T.);
#8749=EDGE_LOOP('',(#8750,#8751,#8752));
#8750=ORIENTED_EDGE('',*,*,#8753,.T.);
#8751=ORIENTED_EDGE('',*,*,#8754,.T.);
#8752=ORIENTED_EDGE('',*,*,#8755,.T.);
#8753=EDGE_CURVE('',#74,#536,#8756,.F.);
#8754=EDGE_CURVE('',#536,#78,#8757,.T.);
#8755=EDGE_CURVE('',#78,#74,#8758,.T.);
#8756=LINE('',#73,#8759);
#8757=LINE('',#535,#8760);
#8758=LINE('',#77,#8761);
#8759=VECTOR('',#8762,1.0);
#8760=VECTOR('',#8763,1.0);
#8761=VECTOR('',#8764,1.0);
#8762=DIRECTION('',(0,0,1));
#8763=DIRECTION('',(-0.04344054755003125,-0.029060228361055512,-0.9986332770122157));
#8764=DIRECTION('',(0.8311673676268928,0.5560223079986824,0));
#8765=STYLED_ITEM('',(#18),#8766);
#8766=FACE_SURFACE('',(#8771),#8767,.T.);
#8767=PLANE('',#8768);
#8768=AXIS2_PLACEMENT_3D('',#677,#8769,#8770);
#8769=DIRECTION('',(-0,0,1));
#8770=DIRECTION('',(0.20549904985743098,-0.9786573151556642,0));
#8771=FACE_BOUND('',#8772,.T.);
#8772=EDGE_LOOP('',(#8773,#8774,#8775));
#8773=ORIENTED_EDGE('',*,*,#8776,.T.);
#8774=ORIENTED_EDGE('',*,*,#8777,.T.);
#8775=ORIENTED_EDGE('',*,*,#8778,.T.);
#8776=EDGE_CURVE('',#678,#632,#8779,.F.);
#8777=EDGE_CURVE('',#632,#630,#8780,.T.);
#8778=EDGE_CURVE('',#630,#678,#8781,.T.);
#8779=LINE('',#677,#8782);
#8780=LINE('',#631,#8783);
#8781=LINE('',#629,#8784);
#8782=VECTOR('',#8785,1.0);
#8783=VECTOR('',#8786,1.0);
#8784=VECTOR('',#8787,1.0);
#8785=DIRECTION('',(0.20549904985743098,-0.9786573151556642,0));
#8786=DIRECTION('',(-0.19674438723545515,0.9804548159356172,0));
#8787=DIRECTION('',(-0.9472573214667132,-0.32047397230930924,0));
#8788=STYLED_ITEM('',(#18),#8789);
#8789=FACE_SURFACE('',(#8794),#8790,.T.);
#8790=PLANE('',#8791);
#8791=AXIS2_PLACEMENT_3D('',#679,#8792,#8793);
#8792=DIRECTION('',(0,0,1));
#8793=DIRECTION('',(-0.9978855001563588,0.06499637357340421,0));
#8794=FACE_BOUND('',#8795,.T.);
#8795=EDGE_LOOP('',(#8796,#8797,#8798));
#8796=ORIENTED_EDGE('',*,*,#8799,.T.);
#8797=ORIENTED_EDGE('',*,*,#8800,.T.);
#8798=ORIENTED_EDGE('',*,*,#8801,.T.);
#8799=EDGE_CURVE('',#680,#682,#8802,.F.);
#8800=EDGE_CURVE('',#682,#586,#8803,.T.);
#8801=EDGE_CURVE('',#586,#680,#8804,.T.);
#8802=LINE('',#679,#8805);
#8803=LINE('',#681,#8806);
#8804=LINE('',#585,#8807);
#8805=VECTOR('',#8808,1.0);
#8806=VECTOR('',#8809,1.0);
#8807=VECTOR('',#8810,1.0);
#8808=DIRECTION('',(-0.9978855001563588,0.06499637357340421,0));
#8809=DIRECTION('',(0.037513854952745444,-0.9992961076110445,0));
#8810=DIRECTION('',(0.00251537665780209,0.9999968364351306,0));
#8811=STYLED_ITEM('',(#18),#8812);
#8812=FACE_SURFACE('',(#8817),#8813,.T.);
#8813=PLANE('',#8814);
#8814=AXIS2_PLACEMENT_3D('',#683,#8815,#8816);
#8815=DIRECTION('',(-0,0,1));
#8816=DIRECTION('',(0.9981348313039861,-0.06104800191458604,0));
#8817=FACE_BOUND('',#8818,.T.);
#8818=EDGE_LOOP('',(#8819,#8820,#8821));
#8819=ORIENTED_EDGE('',*,*,#8822,.T.);
#8820=ORIENTED_EDGE('',*,*,#8823,.T.);
#8821=ORIENTED_EDGE('',*,*,#8824,.T.);
#8822=EDGE_CURVE('',#684,#612,#8825,.F.);
#8823=EDGE_CURVE('',#612,#680,#8826,.T.);
#8824=EDGE_CURVE('',#680,#684,#8827,.T.);
#8825=LINE('',#683,#8828);
#8826=LINE('',#611,#8829);
#8827=LINE('',#679,#8830);
#8828=VECTOR('',#8831,1.0);
#8829=VECTOR('',#8832,1.0);
#8830=VECTOR('',#8833,1.0);
#8831=DIRECTION('',(0.9981348313039861,-0.06104800191458604,0));
#8832=DIRECTION('',(-0.00251537665780209,0.9999968364351306,0));
#8833=DIRECTION('',(0,-1,0));
#8834=STYLED_ITEM('',(#18),#8835);
#8835=FACE_SURFACE('',(#8840),#8836,.T.);
#8836=PLANE('',#8837);
#8837=AXIS2_PLACEMENT_3D('',#535,#8838,#8839);
#8838=DIRECTION('',(0.6597221620798698,-0.7515095933257685,0));
#8839=DIRECTION('',(0,0,-1));
#8840=FACE_BOUND('',#8841,.T.);
#8841=EDGE_LOOP('',(#8842,#8843,#8844));
#8842=ORIENTED_EDGE('',*,*,#8845,.T.);
#8843=ORIENTED_EDGE('',*,*,#8846,.T.);
#8844=ORIENTED_EDGE('',*,*,#8847,.T.);
#8845=EDGE_CURVE('',#536,#74,#8848,.F.);
#8846=EDGE_CURVE('',#74,#530,#8849,.T.);
#8847=EDGE_CURVE('',#530,#536,#8850,.T.);
#8848=LINE('',#535,#8851);
#8849=LINE('',#73,#8852);
#8850=LINE('',#529,#8853);
#8851=VECTOR('',#8854,1.0);
#8852=VECTOR('',#8855,1.0);
#8853=VECTOR('',#8856,1.0);
#8854=DIRECTION('',(0,0,-1));
#8855=DIRECTION('',(0.03924637232727365,0.03445292227203395,0.9986354281749003));
#8856=DIRECTION('',(-0.7515095933257684,-0.6597221620798697,0));
#8857=STYLED_ITEM('',(#18),#8858);
#8858=FACE_SURFACE('',(#8863),#8859,.T.);
#8859=PLANE('',#8860);
#8860=AXIS2_PLACEMENT_3D('',#69,#8861,#8862);
#8861=DIRECTION('',(0.6597221620798698,-0.7515095933257685,0));
#8862=DIRECTION('',(0,0,1));
#8863=FACE_BOUND('',#8864,.T.);
#8864=EDGE_LOOP('',(#8865,#8866,#8867));
#8865=ORIENTED_EDGE('',*,*,#8868,.T.);
#8866=ORIENTED_EDGE('',*,*,#8869,.T.);
#8867=ORIENTED_EDGE('',*,*,#8870,.T.);
#8868=EDGE_CURVE('',#70,#530,#8871,.F.);
#8869=EDGE_CURVE('',#530,#74,#8872,.T.);
#8870=EDGE_CURVE('',#74,#70,#8873,.T.);
#8871=LINE('',#69,#8874);
#8872=LINE('',#529,#8875);
#8873=LINE('',#73,#8876);
#8874=VECTOR('',#8877,1.0);
#8875=VECTOR('',#8878,1.0);
#8876=VECTOR('',#8879,1.0);
#8877=DIRECTION('',(0,0,1));
#8878=DIRECTION('',(-0.03924637232727365,-0.03445292227203395,-0.9986354281749003));
#8879=DIRECTION('',(0.7515095933257684,0.6597221620798697,0));
#8880=STYLED_ITEM('',(#18),#8881);
#8881=FACE_SURFACE('',(#8886),#8882,.T.);
#8882=PLANE('',#8883);
#8883=AXIS2_PLACEMENT_3D('',#685,#8884,#8885);
#8884=DIRECTION('',(-0,0,1));
#8885=DIRECTION('',(0.23733391613451,-0.9714281302557886,0));
#8886=FACE_BOUND('',#8887,.T.);
#8887=EDGE_LOOP('',(#8888,#8889,#8890));
#8888=ORIENTED_EDGE('',*,*,#8891,.T.);
#8889=ORIENTED_EDGE('',*,*,#8892,.T.);
#8890=ORIENTED_EDGE('',*,*,#8893,.T.);
#8891=EDGE_CURVE('',#686,#632,#8894,.F.);
#8892=EDGE_CURVE('',#632,#678,#8895,.T.);
#8893=EDGE_CURVE('',#678,#686,#8896,.T.);
#8894=LINE('',#685,#8897);
#8895=LINE('',#631,#8898);
#8896=LINE('',#677,#8899);
#8897=VECTOR('',#8900,1.0);
#8898=VECTOR('',#8901,1.0);
#8899=VECTOR('',#8902,1.0);
#8900=DIRECTION('',(0.23733391613451,-0.9714281302557886,0));
#8901=DIRECTION('',(-0.20549904985743098,0.9786573151556642,0));
#8902=DIRECTION('',(-0.9471135474510144,-0.32089862610294095,0));
#8903=STYLED_ITEM('',(#18),#8904);
#8904=FACE_SURFACE('',(#8909),#8905,.T.);
#8905=PLANE('',#8906);
#8906=AXIS2_PLACEMENT_3D('',#525,#8907,#8908);
#8907=DIRECTION('',(0.7515095933257685,-0.6597221620798698,0));
#8908=DIRECTION('',(-0.6597221620798697,-0.7515095933257684,0));
#8909=FACE_BOUND('',#8910,.T.);
#8910=EDGE_LOOP('',(#8911,#8912,#8913));
#8911=ORIENTED_EDGE('',*,*,#8914,.T.);
#8912=ORIENTED_EDGE('',*,*,#8915,.T.);
#8913=ORIENTED_EDGE('',*,*,#8916,.T.);
#8914=EDGE_CURVE('',#526,#530,#8917,.F.);
#8915=EDGE_CURVE('',#530,#70,#8918,.T.);
#8916=EDGE_CURVE('',#70,#526,#8919,.T.);
#8917=LINE('',#525,#8920);
#8918=LINE('',#529,#8921);
#8919=LINE('',#69,#8922);
#8920=VECTOR('',#8923,1.0);
#8921=VECTOR('',#8924,1.0);
#8922=VECTOR('',#8925,1.0);
#8923=DIRECTION('',(-0.6597221620798697,-0.7515095933257684,0));
#8924=DIRECTION('',(0,0,-1));
#8925=DIRECTION('',(0.03445292227203395,0.03924637232727365,0.9986354281749003));
#8926=STYLED_ITEM('',(#18),#8927);
#8927=FACE_SURFACE('',(#8932),#8928,.T.);
#8928=PLANE('',#8929);
#8929=AXIS2_PLACEMENT_3D('',#687,#8930,#8931);
#8930=DIRECTION('',(0,0,1));
#8931=DIRECTION('',(-0.6559521749641741,-0.754802453731948,0));
#8932=FACE_BOUND('',#8933,.T.);
#8933=EDGE_LOOP('',(#8934,#8935,#8936));
#8934=ORIENTED_EDGE('',*,*,#8937,.T.);
#8935=ORIENTED_EDGE('',*,*,#8938,.T.);
#8936=ORIENTED_EDGE('',*,*,#8939,.T.);
#8937=EDGE_CURVE('',#688,#40,#8940,.F.);
#8938=EDGE_CURVE('',#40,#690,#8941,.T.);
#8939=EDGE_CURVE('',#690,#688,#8942,.T.);
#8940=LINE('',#687,#8943);
#8941=LINE('',#39,#8944);
#8942=LINE('',#689,#8945);
#8943=VECTOR('',#8946,1.0);
#8944=VECTOR('',#8947,1.0);
#8945=VECTOR('',#8948,1.0);
#8946=DIRECTION('',(-0.6559521749641741,-0.754802453731948,0));
#8947=DIRECTION('',(0.6696266504310096,0.74269788543697,0));
#8948=DIRECTION('',(-0.7514363909015759,0.6598055398591421,0));
#8949=STYLED_ITEM('',(#18),#8950);
#8950=FACE_SURFACE('',(#8955),#8951,.T.);
#8951=PLANE('',#8952);
#8952=AXIS2_PLACEMENT_3D('',#353,#8953,#8954);
#8953=DIRECTION('',(-0.06854072423084488,0.9976483193600395,0));
#8954=DIRECTION('',(0,0,1));
#8955=FACE_BOUND('',#8956,.T.);
#8956=EDGE_LOOP('',(#8957,#8958,#8959));
#8957=ORIENTED_EDGE('',*,*,#8960,.T.);
#8958=ORIENTED_EDGE('',*,*,#8961,.T.);
#8959=ORIENTED_EDGE('',*,*,#8962,.T.);
#8960=EDGE_CURVE('',#354,#490,#8963,.F.);
#8961=EDGE_CURVE('',#490,#488,#8964,.T.);
#8962=EDGE_CURVE('',#488,#354,#8965,.T.);
#8963=LINE('',#353,#8966);
#8964=LINE('',#489,#8967);
#8965=LINE('',#487,#8968);
#8966=VECTOR('',#8969,1.0);
#8967=VECTOR('',#8970,1.0);
#8968=VECTOR('',#8971,1.0);
#8969=DIRECTION('',(0,0,1));
#8970=DIRECTION('',(0.9976483193600396,0.0685407242308449,0));
#8971=DIRECTION('',(-0.013098870795021067,-0.0008999224210320142,-0.9999138011466445));
#8972=STYLED_ITEM('',(#18),#8973);
#8973=FACE_SURFACE('',(#8978),#8974,.T.);
#8974=PLANE('',#8975);
#8975=AXIS2_PLACEMENT_3D('',#59,#8976,#8977);
#8976=DIRECTION('',(0.8311673676268928,-0.5560223079986824,0));
#8977=DIRECTION('',(0,0,1));
#8978=FACE_BOUND('',#8979,.T.);
#8979=EDGE_LOOP('',(#8980,#8981,#8982));
#8980=ORIENTED_EDGE('',*,*,#8983,.T.);
#8981=ORIENTED_EDGE('',*,*,#8984,.T.);
#8982=ORIENTED_EDGE('',*,*,#8985,.T.);
#8983=EDGE_CURVE('',#60,#520,#8986,.F.);
#8984=EDGE_CURVE('',#520,#526,#8987,.T.);
#8985=EDGE_CURVE('',#526,#60,#8988,.T.);
#8986=LINE('',#59,#8989);
#8987=LINE('',#519,#8990);
#8988=LINE('',#525,#8991);
#8989=VECTOR('',#8992,1.0);
#8990=VECTOR('',#8993,1.0);
#8991=VECTOR('',#8994,1.0);
#8992=DIRECTION('',(0,0,1));
#8993=DIRECTION('',(-0.5560223079986824,-0.8311673676268928,0));
#8994=DIRECTION('',(0.029060228361055512,0.04344054755003125,-0.9986332770122157));
#8995=STYLED_ITEM('',(#18),#8996);
#8996=FACE_SURFACE('',(#9001),#8997,.T.);
#8997=PLANE('',#8998);
#8998=AXIS2_PLACEMENT_3D('',#689,#8999,#9000);
#8999=DIRECTION('',(0,0,1));
#9000=DIRECTION('',(-0.6696266504310096,-0.74269788543697,0));
#9001=FACE_BOUND('',#9002,.T.);
#9002=EDGE_LOOP('',(#9003,#9004,#9005));
#9003=ORIENTED_EDGE('',*,*,#9006,.T.);
#9004=ORIENTED_EDGE('',*,*,#9007,.T.);
#9005=ORIENTED_EDGE('',*,*,#9008,.T.);
#9006=EDGE_CURVE('',#690,#40,#9009,.F.);
#9007=EDGE_CURVE('',#40,#692,#9010,.T.);
#9008=EDGE_CURVE('',#692,#690,#9011,.T.);
#9009=LINE('',#689,#9012);
#9010=LINE('',#39,#9013);
#9011=LINE('',#691,#9014);
#9012=VECTOR('',#9015,1.0);
#9013=VECTOR('',#9016,1.0);
#9014=VECTOR('',#9017,1.0);
#9015=DIRECTION('',(-0.6696266504310096,-0.74269788543697,0));
#9016=DIRECTION('',(0.6914947350589981,0.7223814998916334,0));
#9017=DIRECTION('',(-0.8311673676268928,0.5560223079986824,0));
#9018=STYLED_ITEM('',(#18),#9019);
#9019=FACE_SURFACE('',(#9024),#9020,.T.);
#9020=PLANE('',#9021);
#9021=AXIS2_PLACEMENT_3D('',#693,#9022,#9023);
#9022=DIRECTION('',(0,0,1));
#9023=DIRECTION('',(-0.8963301754820817,0.44338720834081413,0));
#9024=FACE_BOUND('',#9025,.T.);
#9025=EDGE_LOOP('',(#9026,#9027,#9028));
#9026=ORIENTED_EDGE('',*,*,#9029,.T.);
#9027=ORIENTED_EDGE('',*,*,#9030,.T.);
#9028=ORIENTED_EDGE('',*,*,#9031,.T.);
#9029=EDGE_CURVE('',#694,#692,#9032,.F.);
#9030=EDGE_CURVE('',#692,#46,#9033,.T.);
#9031=EDGE_CURVE('',#46,#694,#9034,.T.);
#9032=LINE('',#693,#9035);
#9033=LINE('',#691,#9036);
#9034=LINE('',#45,#9037);
#9035=VECTOR('',#9038,1.0);
#9036=VECTOR('',#9039,1.0);
#9037=VECTOR('',#9040,1.0);
#9038=DIRECTION('',(-0.8963301754820817,0.44338720834081413,0));
#9039=DIRECTION('',(-0.1575480725649238,-0.9875113188369424,0));
#9040=DIRECTION('',(0.19674438723545515,0.9804548159356172,0));
#9041=STYLED_ITEM('',(#18),#9042);
#9042=FACE_SURFACE('',(#9047),#9043,.T.);
#9043=PLANE('',#9044);
#9044=AXIS2_PLACEMENT_3D('',#387,#9045,#9046);
#9045=DIRECTION('',(0.8959534904282114,0.44414788414390177,-0));
#9046=DIRECTION('',(-0.005799505526241042,0.011699002527072391,0.9999147459036308));
#9047=FACE_BOUND('',#9048,.T.);
#9048=EDGE_LOOP('',(#9049,#9050,#9051));
#9049=ORIENTED_EDGE('',*,*,#9052,.T.);
#9050=ORIENTED_EDGE('',*,*,#9053,.T.);
#9051=ORIENTED_EDGE('',*,*,#9054,.T.);
#9052=EDGE_CURVE('',#388,#696,#9055,.F.);
#9053=EDGE_CURVE('',#696,#698,#9056,.T.);
#9054=EDGE_CURVE('',#698,#388,#9057,.T.);
#9055=LINE('',#387,#9058);
#9056=LINE('',#695,#9059);
#9057=LINE('',#697,#9060);
#9058=VECTOR('',#9061,1.0);
#9059=VECTOR('',#9062,1.0);
#9060=VECTOR('',#9063,1.0);
#9061=DIRECTION('',(-0.005799505526241042,0.011699002527072391,0.9999147459036308));
#9062=DIRECTION('',(0.44414788414390177,-0.8959534904282115,0));
#9063=DIRECTION('',(0,0,-1));
#9064=STYLED_ITEM('',(#18),#9065);
#9065=FACE_SURFACE('',(#9070),#9066,.T.);
#9066=PLANE('',#9067);
#9067=AXIS2_PLACEMENT_3D('',#57,#9068,#9069);
#9068=DIRECTION('',(0.8963301754820792,-0.4433872083408196,0));
#9069=DIRECTION('',(0,0,1));
#9070=FACE_BOUND('',#9071,.T.);
#9071=EDGE_LOOP('',(#9072,#9073,#9074));
#9072=ORIENTED_EDGE('',*,*,#9075,.T.);
#9073=ORIENTED_EDGE('',*,*,#9076,.T.);
#9074=ORIENTED_EDGE('',*,*,#9077,.T.);
#9075=EDGE_CURVE('',#58,#396,#9078,.F.);
#9076=EDGE_CURVE('',#396,#520,#9079,.T.);
#9077=EDGE_CURVE('',#520,#58,#9080,.T.);
#9078=LINE('',#57,#9081);
#9079=LINE('',#395,#9082);
#9080=LINE('',#519,#9083);
#9081=VECTOR('',#9084,1.0);
#9082=VECTOR('',#9085,1.0);
#9083=VECTOR('',#9086,1.0);
#9084=DIRECTION('',(0,0,1));
#9085=DIRECTION('',(-0.44338720834081957,-0.896330175482079,0));
#9086=DIRECTION('',(0.02316830600522499,0.0468359289502173,-0.9986338795355476));
#9087=STYLED_ITEM('',(#18),#9088);
#9088=FACE_SURFACE('',(#9093),#9089,.T.);
#9089=PLANE('',#9090);
#9090=AXIS2_PLACEMENT_3D('',#57,#9091,#9092);
#9091=DIRECTION('',(0.8963301754820792,-0.4433872083408196,0));
#9092=DIRECTION('',(-0.02316830600522499,-0.0468359289502173,0.9986338795355476));
#9093=FACE_BOUND('',#9094,.T.);
#9094=EDGE_LOOP('',(#9095,#9096,#9097));
#9095=ORIENTED_EDGE('',*,*,#9098,.T.);
#9096=ORIENTED_EDGE('',*,*,#9099,.T.);
#9097=ORIENTED_EDGE('',*,*,#9100,.T.);
#9098=EDGE_CURVE('',#58,#520,#9101,.F.);
#9099=EDGE_CURVE('',#520,#60,#9102,.T.);
#9100=EDGE_CURVE('',#60,#58,#9103,.T.);
#9101=LINE('',#57,#9104);
#9102=LINE('',#519,#9105);
#9103=LINE('',#59,#9106);
#9104=VECTOR('',#9107,1.0);
#9105=VECTOR('',#9108,1.0);
#9106=VECTOR('',#9109,1.0);
#9107=DIRECTION('',(-0.02316830600522499,-0.0468359289502173,0.9986338795355476));
#9108=DIRECTION('',(0,0,-1));
#9109=DIRECTION('',(0.44338720834081957,0.896330175482079,0));
#9110=STYLED_ITEM('',(#18),#9111);
#9111=FACE_SURFACE('',(#9116),#9112,.T.);
#9112=PLANE('',#9113);
#9113=AXIS2_PLACEMENT_3D('',#699,#9114,#9115);
#9114=DIRECTION('',(0,0,1));
#9115=DIRECTION('',(-0.23733391613451,-0.9714281302557886,0));
#9116=FACE_BOUND('',#9117,.T.);
#9117=EDGE_LOOP('',(#9118,#9119,#9120));
#9118=ORIENTED_EDGE('',*,*,#9121,.T.);
#9119=ORIENTED_EDGE('',*,*,#9122,.T.);
#9120=ORIENTED_EDGE('',*,*,#9123,.T.);
#9121=EDGE_CURVE('',#700,#46,#9124,.F.);
#9122=EDGE_CURVE('',#46,#702,#9125,.T.);
#9123=EDGE_CURVE('',#702,#700,#9126,.T.);
#9124=LINE('',#699,#9127);
#9125=LINE('',#45,#9128);
#9126=LINE('',#701,#9129);
#9127=VECTOR('',#9130,1.0);
#9128=VECTOR('',#9131,1.0);
#9129=VECTOR('',#9132,1.0);
#9130=DIRECTION('',(-0.23733391613451,-0.9714281302557886,0));
#9131=DIRECTION('',(0.23986809536466486,0.97080548866708,0));
#9132=DIRECTION('',(-0.9805806756909244,0.19611613513816312,0));
#9133=STYLED_ITEM('',(#18),#9134);
#9134=FACE_SURFACE('',(#9139),#9135,.T.);
#9135=PLANE('',#9136);
#9136=AXIS2_PLACEMENT_3D('',#395,#9137,#9138);
#9137=DIRECTION('',(0.9471445756278133,-0.3208070336803878,0));
#9138=DIRECTION('',(0,0,-1));
#9139=FACE_BOUND('',#9140,.T.);
#9140=EDGE_LOOP('',(#9141,#9142,#9143));
#9141=ORIENTED_EDGE('',*,*,#9144,.T.);
#9142=ORIENTED_EDGE('',*,*,#9145,.T.);
#9143=ORIENTED_EDGE('',*,*,#9146,.T.);
#9144=EDGE_CURVE('',#396,#58,#9147,.F.);
#9145=EDGE_CURVE('',#58,#404,#9148,.T.);
#9146=EDGE_CURVE('',#404,#396,#9149,.T.);
#9147=LINE('',#395,#9150);
#9148=LINE('',#57,#9151);
#9149=LINE('',#403,#9152);
#9150=VECTOR('',#9153,1.0);
#9151=VECTOR('',#9154,1.0);
#9152=VECTOR('',#9155,1.0);
#9153=DIRECTION('',(0,0,-1));
#9154=DIRECTION('',(0.016777011112752142,0.04953212804717308,0.9986316138542987));
#9155=DIRECTION('',(-0.3208070336803878,-0.9471445756278133,0));
#9156=STYLED_ITEM('',(#18),#9157);
#9157=FACE_SURFACE('',(#9162),#9158,.T.);
#9158=PLANE('',#9159);
#9159=AXIS2_PLACEMENT_3D('',#337,#9160,#9161);
#9160=DIRECTION('',(0.9471445756278133,-0.3208070336803878,0));
#9161=DIRECTION('',(0,0,1));
#9162=FACE_BOUND('',#9163,.T.);
#9163=EDGE_LOOP('',(#9164,#9165,#9166));
#9164=ORIENTED_EDGE('',*,*,#9167,.T.);
#9165=ORIENTED_EDGE('',*,*,#9168,.T.);
#9166=ORIENTED_EDGE('',*,*,#9169,.T.);
#9167=EDGE_CURVE('',#338,#404,#9170,.F.);
#9168=EDGE_CURVE('',#404,#58,#9171,.T.);
#9169=EDGE_CURVE('',#58,#338,#9172,.T.);
#9170=LINE('',#337,#9173);
#9171=LINE('',#403,#9174);
#9172=LINE('',#57,#9175);
#9173=VECTOR('',#9176,1.0);
#9174=VECTOR('',#9177,1.0);
#9175=VECTOR('',#9178,1.0);
#9176=DIRECTION('',(0,0,1));
#9177=DIRECTION('',(-0.016777011112752142,-0.04953212804717308,-0.9986316138542987));
#9178=DIRECTION('',(0.3208070336803878,0.9471445756278133,0));
#9179=STYLED_ITEM('',(#18),#9180);
#9180=FACE_SURFACE('',(#9185),#9181,.T.);
#9181=PLANE('',#9182);
#9182=AXIS2_PLACEMENT_3D('',#391,#9183,#9184);
#9183=DIRECTION('',(-0.9981405062648923,0.06095514542074996,0));
#9184=DIRECTION('',(0,0,-1));
#9185=FACE_BOUND('',#9186,.T.);
#9186=EDGE_LOOP('',(#9187,#9188,#9189));
#9187=ORIENTED_EDGE('',*,*,#9190,.T.);
#9188=ORIENTED_EDGE('',*,*,#9191,.T.);
#9189=ORIENTED_EDGE('',*,*,#9192,.T.);
#9190=EDGE_CURVE('',#392,#336,#9193,.F.);
#9191=EDGE_CURVE('',#336,#62,#9194,.T.);
#9192=EDGE_CURVE('',#62,#392,#9195,.T.);
#9193=LINE('',#391,#9196);
#9194=LINE('',#335,#9197);
#9195=LINE('',#61,#9198);
#9196=VECTOR('',#9199,1.0);
#9197=VECTOR('',#9200,1.0);
#9198=VECTOR('',#9201,1.0);
#9199=DIRECTION('',(0,0,-1));
#9200=DIRECTION('',(-0.06095514542074996,-0.9981405062648923,0));
#9201=DIRECTION('',(0.0007999311088996531,0.013098871908233285,0.9999138861246766));
#9202=STYLED_ITEM('',(#18),#9203);
#9203=FACE_SURFACE('',(#9208),#9204,.T.);
#9204=PLANE('',#9205);
#9205=AXIS2_PLACEMENT_3D('',#401,#9206,#9207);
#9206=DIRECTION('',(0.9808006582599824,-0.19501299637917774,0));
#9207=DIRECTION('',(-0.19501299637917774,-0.9808006582599824,0));
#9208=FACE_BOUND('',#9209,.T.);
#9209=EDGE_LOOP('',(#9210,#9211,#9212));
#9210=ORIENTED_EDGE('',*,*,#9213,.T.);
#9211=ORIENTED_EDGE('',*,*,#9214,.T.);
#9212=ORIENTED_EDGE('',*,*,#9215,.T.);
#9213=EDGE_CURVE('',#402,#404,#9216,.F.);
#9214=EDGE_CURVE('',#404,#338,#9217,.T.);
#9215=EDGE_CURVE('',#338,#402,#9218,.T.);
#9216=LINE('',#401,#9219);
#9217=LINE('',#403,#9220);
#9218=LINE('',#337,#9221);
#9219=VECTOR('',#9222,1.0);
#9220=VECTOR('',#9223,1.0);
#9221=VECTOR('',#9224,1.0);
#9222=DIRECTION('',(-0.19501299637917774,-0.9808006582599824,0));
#9223=DIRECTION('',(0,0,-1));
#9224=DIRECTION('',(0.010186076339028715,0.05122997217570325,0.9986349351988906));
#9225=STYLED_ITEM('',(#18),#9226);
#9226=FACE_SURFACE('',(#9231),#9227,.T.);
#9227=PLANE('',#9228);
#9228=AXIS2_PLACEMENT_3D('',#247,#9229,#9230);
#9229=DIRECTION('',(0.997885500156359,-0.06499637357340082,0));
#9230=DIRECTION('',(0,0,1));
#9231=FACE_BOUND('',#9232,.T.);
#9232=EDGE_LOOP('',(#9233,#9234,#9235));
#9233=ORIENTED_EDGE('',*,*,#9236,.T.);
#9234=ORIENTED_EDGE('',*,*,#9237,.T.);
#9235=ORIENTED_EDGE('',*,*,#9238,.T.);
#9236=EDGE_CURVE('',#248,#398,#9239,.F.);
#9237=EDGE_CURVE('',#398,#402,#9240,.T.);
#9238=EDGE_CURVE('',#402,#248,#9241,.T.);
#9239=LINE('',#247,#9242);
#9240=LINE('',#397,#9243);
#9241=LINE('',#401,#9244);
#9242=VECTOR('',#9245,1.0);
#9243=VECTOR('',#9246,1.0);
#9244=VECTOR('',#9247,1.0);
#9245=DIRECTION('',(0,0,1));
#9246=DIRECTION('',(-0.06499637357340082,-0.997885500156359,0));
#9247=DIRECTION('',(0.0033953576453347504,0.05212872620190561,-0.9986346015690759));
#9248=STYLED_ITEM('',(#18),#9249);
#9249=FACE_SURFACE('',(#9254),#9250,.T.);
#9250=PLANE('',#9251);
#9251=AXIS2_PLACEMENT_3D('',#49,#9252,#9253);
#9252=DIRECTION('',(-0.997885500156359,-0.06499637357340082,0));
#9253=DIRECTION('',(0.06499637357340082,-0.997885500156359,0));
#9254=FACE_BOUND('',#9255,.T.);
#9255=EDGE_LOOP('',(#9256,#9257,#9258));
#9256=ORIENTED_EDGE('',*,*,#9259,.T.);
#9257=ORIENTED_EDGE('',*,*,#9260,.T.);
#9258=ORIENTED_EDGE('',*,*,#9261,.T.);
#9259=EDGE_CURVE('',#50,#384,#9262,.F.);
#9260=EDGE_CURVE('',#384,#52,#9263,.T.);
#9261=EDGE_CURVE('',#52,#50,#9264,.T.);
#9262=LINE('',#49,#9265);
#9263=LINE('',#383,#9266);
#9264=LINE('',#51,#9267);
#9265=VECTOR('',#9268,1.0);
#9266=VECTOR('',#9269,1.0);
#9267=VECTOR('',#9270,1.0);
#9268=DIRECTION('',(0.06499637357340082,-0.997885500156359,0));
#9269=DIRECTION('',(-0.0033953576453347504,0.05212872620190561,0.9986346015690759));
#9270=DIRECTION('',(0,0,-1));
#9271=STYLED_ITEM('',(#18),#9272);
#9272=FACE_SURFACE('',(#9277),#9273,.T.);
#9273=PLANE('',#9274);
#9274=AXIS2_PLACEMENT_3D('',#51,#9275,#9276);
#9275=DIRECTION('',(-0.997885500156359,-0.06499637357340082,0));
#9276=DIRECTION('',(0.0033953576453347504,-0.05212872620190561,-0.9986346015690759));
#9277=FACE_BOUND('',#9278,.T.);
#9278=EDGE_LOOP('',(#9279,#9280,#9281));
#9279=ORIENTED_EDGE('',*,*,#9282,.T.);
#9280=ORIENTED_EDGE('',*,*,#9283,.T.);
#9281=ORIENTED_EDGE('',*,*,#9284,.T.);
#9282=EDGE_CURVE('',#52,#384,#9285,.F.);
#9283=EDGE_CURVE('',#384,#426,#9286,.T.);
#9284=EDGE_CURVE('',#426,#52,#9287,.T.);
#9285=LINE('',#51,#9288);
#9286=LINE('',#383,#9289);
#9287=LINE('',#425,#9290);
#9288=VECTOR('',#9291,1.0);
#9289=VECTOR('',#9292,1.0);
#9290=VECTOR('',#9293,1.0);
#9291=DIRECTION('',(0.0033953576453347504,-0.05212872620190561,-0.9986346015690759));
#9292=DIRECTION('',(0,0,1));
#9293=DIRECTION('',(-0.06499637357340082,0.997885500156359,0));
#9294=STYLED_ITEM('',(#18),#9295);
#9295=FACE_SURFACE('',(#9300),#9296,.T.);
#9296=PLANE('',#9297);
#9297=AXIS2_PLACEMENT_3D('',#335,#9298,#9299);
#9298=DIRECTION('',(-0.9981405062648923,-0.06095514542074996,0));
#9299=DIRECTION('',(0,0,1));
#9300=FACE_BOUND('',#9301,.T.);
#9301=EDGE_LOOP('',(#9302,#9303,#9304));
#9302=ORIENTED_EDGE('',*,*,#9305,.T.);
#9303=ORIENTED_EDGE('',*,*,#9306,.T.);
#9304=ORIENTED_EDGE('',*,*,#9307,.T.);
#9305=EDGE_CURVE('',#336,#392,#9308,.F.);
#9306=EDGE_CURVE('',#392,#406,#9309,.T.);
#9307=EDGE_CURVE('',#406,#336,#9310,.T.);
#9308=LINE('',#335,#9311);
#9309=LINE('',#391,#9312);
#9310=LINE('',#405,#9313);
#9311=VECTOR('',#9314,1.0);
#9312=VECTOR('',#9315,1.0);
#9313=VECTOR('',#9316,1.0);
#9314=DIRECTION('',(0,0,1));
#9315=DIRECTION('',(-0.06095514542074996,0.9981405062648923,0));
#9316=DIRECTION('',(0.0007999311088996531,-0.013098871908233285,-0.9999138861246766));
#9317=STYLED_ITEM('',(#18),#9318);
#9318=FACE_SURFACE('',(#9323),#9319,.T.);
#9319=PLANE('',#9320);
#9320=AXIS2_PLACEMENT_3D('',#703,#9321,#9322);
#9321=DIRECTION('',(0,0,1));
#9322=DIRECTION('',(-0.7449711501533726,-0.6670966837267003,0));
#9323=FACE_BOUND('',#9324,.T.);
#9324=EDGE_LOOP('',(#9325,#9326,#9327));
#9325=ORIENTED_EDGE('',*,*,#9328,.T.);
#9326=ORIENTED_EDGE('',*,*,#9329,.T.);
#9327=ORIENTED_EDGE('',*,*,#9330,.T.);
#9328=EDGE_CURVE('',#704,#706,#9331,.F.);
#9329=EDGE_CURVE('',#706,#708,#9332,.T.);
#9330=EDGE_CURVE('',#708,#704,#9333,.T.);
#9331=LINE('',#703,#9334);
#9332=LINE('',#705,#9335);
#9333=LINE('',#707,#9336);
#9334=VECTOR('',#9337,1.0);
#9335=VECTOR('',#9338,1.0);
#9336=VECTOR('',#9339,1.0);
#9337=DIRECTION('',(-0.7449711501533726,-0.6670966837267003,0));
#9338=DIRECTION('',(0.7688842702856028,0.6393879721322385,0));
#9339=DIRECTION('',(-0.6558010468760234,0.7549337632642428,0));
#9340=STYLED_ITEM('',(#18),#9341);
#9341=FACE_SURFACE('',(#9346),#9342,.T.);
#9342=PLANE('',#9343);
#9343=AXIS2_PLACEMENT_3D('',#53,#9344,#9345);
#9344=DIRECTION('',(-0,0,1));
#9345=DIRECTION('',(0.06499637357340061,-0.9978855001563592,0));
#9346=FACE_BOUND('',#9347,.T.);
#9347=EDGE_LOOP('',(#9348,#9349,#9350));
#9348=ORIENTED_EDGE('',*,*,#9351,.T.);
#9349=ORIENTED_EDGE('',*,*,#9352,.T.);
#9350=ORIENTED_EDGE('',*,*,#9353,.T.);
#9351=EDGE_CURVE('',#54,#710,#9354,.F.);
#9352=EDGE_CURVE('',#710,#696,#9355,.T.);
#9353=EDGE_CURVE('',#696,#54,#9356,.T.);
#9354=LINE('',#53,#9357);
#9355=LINE('',#709,#9358);
#9356=LINE('',#695,#9359);
#9357=VECTOR('',#9360,1.0);
#9358=VECTOR('',#9361,1.0);
#9359=VECTOR('',#9362,1.0);
#9360=DIRECTION('',(0.06499637357340061,-0.9978855001563592,0));
#9361=DIRECTION('',(0.9365315880657704,0.3505832063219887,0));
#9362=DIRECTION('',(-0.9805069986705778,-0.196484161086882,0));
#9363=STYLED_ITEM('',(#18),#9364);
#9364=FACE_SURFACE('',(#9369),#9365,.T.);
#9365=PLANE('',#9366);
#9366=AXIS2_PLACEMENT_3D('',#707,#9367,#9368);
#9367=DIRECTION('',(0,0,1));
#9368=DIRECTION('',(-0.6705569513861218,-0.741858055794874,0));
#9369=FACE_BOUND('',#9370,.T.);
#9370=EDGE_LOOP('',(#9371,#9372,#9373));
#9371=ORIENTED_EDGE('',*,*,#9374,.T.);
#9372=ORIENTED_EDGE('',*,*,#9375,.T.);
#9373=ORIENTED_EDGE('',*,*,#9376,.T.);
#9374=EDGE_CURVE('',#708,#712,#9377,.F.);
#9375=EDGE_CURVE('',#712,#714,#9378,.T.);
#9376=EDGE_CURVE('',#714,#708,#9379,.T.);
#9377=LINE('',#707,#9380);
#9378=LINE('',#711,#9381);
#9379=LINE('',#713,#9382);
#9380=VECTOR('',#9383,1.0);
#9381=VECTOR('',#9384,1.0);
#9382=VECTOR('',#9385,1.0);
#9383=DIRECTION('',(-0.6705569513861218,-0.741858055794874,0));
#9384=DIRECTION('',(0.6965659237951319,0.7174927970421965,0));
#9385=DIRECTION('',(-0.7549337632642495,0.6558010468760157,0));
#9386=STYLED_ITEM('',(#18),#9387);
#9387=FACE_SURFACE('',(#9392),#9388,.T.);
#9388=PLANE('',#9389);
#9389=AXIS2_PLACEMENT_3D('',#383,#9390,#9391);
#9390=DIRECTION('',(-0.9808006582599824,-0.19501299637917774,0));
#9391=DIRECTION('',(0.010186076339028715,-0.05122997217570325,0.9986349351988906));
#9392=FACE_BOUND('',#9393,.T.);
#9393=EDGE_LOOP('',(#9394,#9395,#9396));
#9394=ORIENTED_EDGE('',*,*,#9397,.T.);
#9395=ORIENTED_EDGE('',*,*,#9398,.T.);
#9396=ORIENTED_EDGE('',*,*,#9399,.T.);
#9397=EDGE_CURVE('',#384,#412,#9400,.F.);
#9398=EDGE_CURVE('',#412,#426,#9401,.T.);
#9399=EDGE_CURVE('',#426,#384,#9402,.T.);
#9400=LINE('',#383,#9403);
#9401=LINE('',#411,#9404);
#9402=LINE('',#425,#9405);
#9403=VECTOR('',#9406,1.0);
#9404=VECTOR('',#9407,1.0);
#9405=VECTOR('',#9408,1.0);
#9406=DIRECTION('',(0.010186076339028715,-0.05122997217570325,0.9986349351988906));
#9407=DIRECTION('',(-0.19501299637917774,0.9808006582599824,0));
#9408=DIRECTION('',(0,0,-1));
#9409=STYLED_ITEM('',(#18),#9410);
#9410=FACE_SURFACE('',(#9415),#9411,.T.);
#9411=PLANE('',#9412);
#9412=AXIS2_PLACEMENT_3D('',#695,#9413,#9414);
#9413=DIRECTION('',(0,0,1));
#9414=DIRECTION('',(-0.3185018700980786,0.9479222324347218,0));
#9415=FACE_BOUND('',#9416,.T.);
#9416=EDGE_LOOP('',(#9417,#9418,#9419));
#9417=ORIENTED_EDGE('',*,*,#9420,.T.);
#9418=ORIENTED_EDGE('',*,*,#9421,.T.);
#9419=ORIENTED_EDGE('',*,*,#9422,.T.);
#9420=EDGE_CURVE('',#696,#716,#9423,.F.);
#9421=EDGE_CURVE('',#716,#54,#9424,.T.);
#9422=EDGE_CURVE('',#54,#696,#9425,.T.);
#9423=LINE('',#695,#9426);
#9424=LINE('',#715,#9427);
#9425=LINE('',#53,#9428);
#9426=VECTOR('',#9429,1.0);
#9427=VECTOR('',#9430,1.0);
#9428=VECTOR('',#9431,1.0);
#9429=DIRECTION('',(-0.3185018700980786,0.9479222324347218,0));
#9430=DIRECTION('',(-0.9714105010367848,-0.23740606242356768,0));
#9431=DIRECTION('',(0.9805069986705778,0.196484161086882,0));
#9432=STYLED_ITEM('',(#18),#9433);
#9433=FACE_SURFACE('',(#9438),#9434,.T.);
#9434=PLANE('',#9435);
#9435=AXIS2_PLACEMENT_3D('',#527,#9436,#9437);
#9436=DIRECTION('',(-0.8959534904282141,0.4441478841438964,0));
#9437=DIRECTION('',(0.005799505526241042,0.01169900252707257,-0.9999147459036308));
#9438=FACE_BOUND('',#9439,.T.);
#9439=EDGE_LOOP('',(#9440,#9441,#9442));
#9440=ORIENTED_EDGE('',*,*,#9443,.T.);
#9441=ORIENTED_EDGE('',*,*,#9444,.T.);
#9442=ORIENTED_EDGE('',*,*,#9445,.T.);
#9443=EDGE_CURVE('',#528,#68,#9446,.F.);
#9444=EDGE_CURVE('',#68,#72,#9447,.T.);
#9445=EDGE_CURVE('',#72,#528,#9448,.T.);
#9446=LINE('',#527,#9449);
#9447=LINE('',#67,#9450);
#9448=LINE('',#71,#9451);
#9449=VECTOR('',#9452,1.0);
#9450=VECTOR('',#9453,1.0);
#9451=VECTOR('',#9454,1.0);
#9452=DIRECTION('',(0.005799505526241042,0.01169900252707257,-0.9999147459036308));
#9453=DIRECTION('',(-0.44414788414389644,-0.8959534904282143,0));
#9454=DIRECTION('',(0,0,1));
#9455=STYLED_ITEM('',(#18),#9456);
#9456=FACE_SURFACE('',(#9461),#9457,.T.);
#9457=PLANE('',#9458);
#9458=AXIS2_PLACEMENT_3D('',#413,#9459,#9460);
#9459=DIRECTION('',(-0.8963301754820792,-0.4433872083408196,0));
#9460=DIRECTION('',(0.02316830600522499,-0.0468359289502173,-0.9986338795355476));
#9461=FACE_BOUND('',#9462,.T.);
#9462=EDGE_LOOP('',(#9463,#9464,#9465));
#9463=ORIENTED_EDGE('',*,*,#9466,.T.);
#9464=ORIENTED_EDGE('',*,*,#9467,.T.);
#9465=ORIENTED_EDGE('',*,*,#9468,.T.);
#9466=EDGE_CURVE('',#414,#104,#9469,.F.);
#9467=EDGE_CURVE('',#104,#418,#9470,.T.);
#9468=EDGE_CURVE('',#418,#414,#9471,.T.);
#9469=LINE('',#413,#9472);
#9470=LINE('',#103,#9473);
#9471=LINE('',#417,#9474);
#9472=VECTOR('',#9475,1.0);
#9473=VECTOR('',#9476,1.0);
#9474=VECTOR('',#9477,1.0);
#9475=DIRECTION('',(0.02316830600522499,-0.0468359289502173,-0.9986338795355476));
#9476=DIRECTION('',(0,0,1));
#9477=DIRECTION('',(-0.44338720834081957,0.896330175482079,0));
#9478=STYLED_ITEM('',(#18),#9479);
#9479=FACE_SURFACE('',(#9484),#9480,.T.);
#9480=PLANE('',#9481);
#9481=AXIS2_PLACEMENT_3D('',#717,#9482,#9483);
#9482=DIRECTION('',(-0,0,1));
#9483=DIRECTION('',(-0.06499637357340061,-0.9978855001563592,0));
#9484=FACE_BOUND('',#9485,.T.);
#9485=EDGE_LOOP('',(#9486,#9487,#9488));
#9486=ORIENTED_EDGE('',*,*,#9489,.T.);
#9487=ORIENTED_EDGE('',*,*,#9490,.T.);
#9488=ORIENTED_EDGE('',*,*,#9491,.T.);
#9489=EDGE_CURVE('',#718,#54,#9492,.F.);
#9490=EDGE_CURVE('',#54,#716,#9493,.T.);
#9491=EDGE_CURVE('',#716,#718,#9494,.T.);
#9492=LINE('',#717,#9495);
#9493=LINE('',#53,#9496);
#9494=LINE('',#715,#9497);
#9495=VECTOR('',#9498,1.0);
#9496=VECTOR('',#9499,1.0);
#9497=VECTOR('',#9500,1.0);
#9498=DIRECTION('',(-0.06499637357340061,-0.9978855001563592,0));
#9499=DIRECTION('',(0.9714105010367848,0.23740606242356768,0));
#9500=DIRECTION('',(-0.9973425743025967,-0.07285457764251768,0));
#9501=STYLED_ITEM('',(#18),#9502);
#9502=FACE_SURFACE('',(#9507),#9503,.T.);
#9503=PLANE('',#9504);
#9504=AXIS2_PLACEMENT_3D('',#103,#9505,#9506);
#9505=DIRECTION('',(-0.8311673676268928,-0.5560223079986824,0));
#9506=DIRECTION('',(0.029060228361055512,-0.04344054755003125,0.9986332770122157));
#9507=FACE_BOUND('',#9508,.T.);
#9508=EDGE_LOOP('',(#9509,#9510,#9511));
#9509=ORIENTED_EDGE('',*,*,#9512,.T.);
#9510=ORIENTED_EDGE('',*,*,#9513,.T.);
#9511=ORIENTED_EDGE('',*,*,#9514,.T.);
#9512=EDGE_CURVE('',#104,#654,#9515,.F.);
#9513=EDGE_CURVE('',#654,#418,#9516,.T.);
#9514=EDGE_CURVE('',#418,#104,#9517,.T.);
#9515=LINE('',#103,#9518);
#9516=LINE('',#653,#9519);
#9517=LINE('',#417,#9520);
#9518=VECTOR('',#9521,1.0);
#9519=VECTOR('',#9522,1.0);
#9520=VECTOR('',#9523,1.0);
#9521=DIRECTION('',(0.029060228361055512,-0.04344054755003125,0.9986332770122157));
#9522=DIRECTION('',(-0.5560223079986824,0.8311673676268928,0));
#9523=DIRECTION('',(0,0,-1));
#9524=STYLED_ITEM('',(#18),#9525);
#9525=FACE_SURFACE('',(#9530),#9526,.T.);
#9526=PLANE('',#9527);
#9527=AXIS2_PLACEMENT_3D('',#71,#9528,#9529);
#9528=DIRECTION('',(-0.830875709772572,0.5564580441595975,0));
#9529=DIRECTION('',(-0.007299371916068455,-0.010899062176047712,0.999913961105311));
#9530=FACE_BOUND('',#9531,.T.);
#9531=EDGE_LOOP('',(#9532,#9533,#9534));
#9532=ORIENTED_EDGE('',*,*,#9535,.T.);
#9533=ORIENTED_EDGE('',*,*,#9536,.T.);
#9534=ORIENTED_EDGE('',*,*,#9537,.T.);
#9535=EDGE_CURVE('',#72,#554,#9538,.F.);
#9536=EDGE_CURVE('',#554,#528,#9539,.T.);
#9537=EDGE_CURVE('',#528,#72,#9540,.T.);
#9538=LINE('',#71,#9541);
#9539=LINE('',#553,#9542);
#9540=LINE('',#527,#9543);
#9541=VECTOR('',#9544,1.0);
#9542=VECTOR('',#9545,1.0);
#9543=VECTOR('',#9546,1.0);
#9544=DIRECTION('',(-0.007299371916068455,-0.010899062176047712,0.999913961105311));
#9545=DIRECTION('',(0.5564580441595975,0.830875709772572,0));
#9546=DIRECTION('',(0,0,-1));
#9547=STYLED_ITEM('',(#18),#9548);
#9548=FACE_SURFACE('',(#9553),#9549,.T.);
#9549=PLANE('',#9550);
#9550=AXIS2_PLACEMENT_3D('',#263,#9551,#9552);
#9551=DIRECTION('',(0.31850187009806646,0.9479222324347258,-0));
#9552=DIRECTION('',(0,0,1));
#9553=FACE_BOUND('',#9554,.T.);
#9554=EDGE_LOOP('',(#9555,#9556,#9557));
#9555=ORIENTED_EDGE('',*,*,#9558,.T.);
#9556=ORIENTED_EDGE('',*,*,#9559,.T.);
#9557=ORIENTED_EDGE('',*,*,#9560,.T.);
#9558=EDGE_CURVE('',#264,#720,#9561,.F.);
#9559=EDGE_CURVE('',#720,#722,#9562,.T.);
#9560=EDGE_CURVE('',#722,#264,#9563,.T.);
#9561=LINE('',#263,#9564);
#9562=LINE('',#719,#9565);
#9563=LINE('',#721,#9566);
#9564=VECTOR('',#9567,1.0);
#9565=VECTOR('',#9568,1.0);
#9566=VECTOR('',#9569,1.0);
#9567=DIRECTION('',(0,0,1));
#9568=DIRECTION('',(0.9479222324347258,-0.31850187009806646,0));
#9569=DIRECTION('',(-0.012498913329218835,0.00419963487861751,-0.9999130663375068));
#9570=STYLED_ITEM('',(#18),#9571);
#9571=FACE_SURFACE('',(#9576),#9572,.T.);
#9572=PLANE('',#9573);
#9573=AXIS2_PLACEMENT_3D('',#697,#9574,#9575);
#9574=DIRECTION('',(0,0,1));
#9575=DIRECTION('',(-0.8901080399948588,-0.45574957722033144,0));
#9576=FACE_BOUND('',#9577,.T.);
#9577=EDGE_LOOP('',(#9578,#9579,#9580));
#9578=ORIENTED_EDGE('',*,*,#9581,.T.);
#9579=ORIENTED_EDGE('',*,*,#9582,.T.);
#9580=ORIENTED_EDGE('',*,*,#9583,.T.);
#9581=EDGE_CURVE('',#698,#724,#9584,.F.);
#9582=EDGE_CURVE('',#724,#704,#9585,.T.);
#9583=EDGE_CURVE('',#704,#698,#9586,.T.);
#9584=LINE('',#697,#9587);
#9585=LINE('',#723,#9588);
#9586=LINE('',#703,#9589);
#9587=VECTOR('',#9590,1.0);
#9588=VECTOR('',#9591,1.0);
#9589=VECTOR('',#9592,1.0);
#9590=DIRECTION('',(-0.8901080399948588,-0.45574957722033144,0));
#9591=DIRECTION('',(0.9069968730779668,0.4211373555347357,0));
#9592=DIRECTION('',(-0.5564580441595913,0.8308757097725762,0));
#9593=STYLED_ITEM('',(#18),#9594);
#9594=FACE_SURFACE('',(#9599),#9595,.T.);
#9595=PLANE('',#9596);
#9596=AXIS2_PLACEMENT_3D('',#715,#9597,#9598);
#9597=DIRECTION('',(0,0,1));
#9598=DIRECTION('',(-0.199059924290103,0.9799873195820539,0));
#9599=FACE_BOUND('',#9600,.T.);
#9600=EDGE_LOOP('',(#9601,#9602,#9603));
#9601=ORIENTED_EDGE('',*,*,#9604,.T.);
#9602=ORIENTED_EDGE('',*,*,#9605,.T.);
#9603=ORIENTED_EDGE('',*,*,#9606,.T.);
#9604=EDGE_CURVE('',#716,#484,#9607,.F.);
#9605=EDGE_CURVE('',#484,#718,#9608,.T.);
#9606=EDGE_CURVE('',#718,#716,#9609,.T.);
#9607=LINE('',#715,#9610);
#9608=LINE('',#483,#9611);
#9609=LINE('',#717,#9612);
#9610=VECTOR('',#9613,1.0);
#9611=VECTOR('',#9614,1.0);
#9612=VECTOR('',#9615,1.0);
#9613=DIRECTION('',(-0.199059924290103,0.9799873195820539,0));
#9614=DIRECTION('',(-0.9932528773730468,-0.11596862330028486,0));
#9615=DIRECTION('',(0.9973425743025967,0.07285457764251768,0));
#9616=STYLED_ITEM('',(#18),#9617);
#9617=FACE_SURFACE('',(#9622),#9618,.T.);
#9618=PLANE('',#9619);
#9619=AXIS2_PLACEMENT_3D('',#719,#9620,#9621);
#9620=DIRECTION('',(0.4441478841438964,0.8959534904282141,0));
#9621=DIRECTION('',(0,0,-1));
#9622=FACE_BOUND('',#9623,.T.);
#9623=EDGE_LOOP('',(#9624,#9625,#9626));
#9624=ORIENTED_EDGE('',*,*,#9627,.T.);
#9625=ORIENTED_EDGE('',*,*,#9628,.T.);
#9626=ORIENTED_EDGE('',*,*,#9629,.T.);
#9627=EDGE_CURVE('',#720,#264,#9630,.F.);
#9628=EDGE_CURVE('',#264,#726,#9631,.T.);
#9629=EDGE_CURVE('',#726,#720,#9632,.T.);
#9630=LINE('',#719,#9633);
#9631=LINE('',#263,#9634);
#9632=LINE('',#725,#9635);
#9633=VECTOR('',#9636,1.0);
#9634=VECTOR('',#9637,1.0);
#9635=VECTOR('',#9638,1.0);
#9636=DIRECTION('',(0,0,-1));
#9637=DIRECTION('',(-0.01169900252707257,0.005799505526241042,0.9999147459036308));
#9638=DIRECTION('',(0.8959534904282143,-0.44414788414389644,0));
#9639=STYLED_ITEM('',(#18),#9640);
#9640=FACE_SURFACE('',(#9645),#9641,.T.);
#9641=PLANE('',#9642);
#9642=AXIS2_PLACEMENT_3D('',#725,#9643,#9644);
#9643=DIRECTION('',(0,0,1));
#9644=DIRECTION('',(-0.38476118539890936,-0.9230161592358099,0));
#9645=FACE_BOUND('',#9646,.T.);
#9646=EDGE_LOOP('',(#9647,#9648,#9649));
#9647=ORIENTED_EDGE('',*,*,#9650,.T.);
#9648=ORIENTED_EDGE('',*,*,#9651,.T.);
#9649=ORIENTED_EDGE('',*,*,#9652,.T.);
#9650=EDGE_CURVE('',#726,#692,#9653,.F.);
#9651=EDGE_CURVE('',#692,#720,#9654,.T.);
#9652=EDGE_CURVE('',#720,#726,#9655,.T.);
#9653=LINE('',#725,#9656);
#9654=LINE('',#691,#9657);
#9655=LINE('',#719,#9658);
#9656=VECTOR('',#9659,1.0);
#9657=VECTOR('',#9660,1.0);
#9658=VECTOR('',#9661,1.0);
#9659=DIRECTION('',(-0.38476118539890936,-0.9230161592358099,0));
#9660=DIRECTION('',(0.4154680965696767,0.9096077510294038,0));
#9661=DIRECTION('',(-0.8959534904282143,0.44414788414389644,0));
#9662=STYLED_ITEM('',(#18),#9663);
#9663=FACE_SURFACE('',(#9668),#9664,.T.);
#9664=PLANE('',#9665);
#9665=AXIS2_PLACEMENT_3D('',#713,#9666,#9667);
#9666=DIRECTION('',(0,0,1));
#9667=DIRECTION('',(-0.5902901342653808,-0.8071911529426959,0));
#9668=FACE_BOUND('',#9669,.T.);
#9669=EDGE_LOOP('',(#9670,#9671,#9672));
#9670=ORIENTED_EDGE('',*,*,#9673,.T.);
#9671=ORIENTED_EDGE('',*,*,#9674,.T.);
#9672=ORIENTED_EDGE('',*,*,#9675,.T.);
#9673=EDGE_CURVE('',#714,#728,#9676,.F.);
#9674=EDGE_CURVE('',#728,#726,#9677,.T.);
#9675=EDGE_CURVE('',#726,#714,#9678,.T.);
#9676=LINE('',#713,#9679);
#9677=LINE('',#727,#9680);
#9678=LINE('',#725,#9681);
#9679=VECTOR('',#9682,1.0);
#9680=VECTOR('',#9683,1.0);
#9681=VECTOR('',#9684,1.0);
#9682=DIRECTION('',(-0.5902901342653808,-0.8071911529426959,0));
#9683=DIRECTION('',(0.6180326627598935,0.7861524201844803,0));
#9684=DIRECTION('',(-0.8308757097725595,0.5564580441596162,0));
#9685=STYLED_ITEM('',(#18),#9686);
#9686=FACE_SURFACE('',(#9691),#9687,.T.);
#9687=PLANE('',#9688);
#9688=AXIS2_PLACEMENT_3D('',#691,#9689,#9690);
#9689=DIRECTION('',(-0,0,1));
#9690=DIRECTION('',(0.8963301754820817,-0.44338720834081413,0));
#9691=FACE_BOUND('',#9692,.T.);
#9692=EDGE_LOOP('',(#9693,#9694,#9695));
#9693=ORIENTED_EDGE('',*,*,#9696,.T.);
#9694=ORIENTED_EDGE('',*,*,#9697,.T.);
#9695=ORIENTED_EDGE('',*,*,#9698,.T.);
#9696=EDGE_CURVE('',#692,#694,#9699,.F.);
#9697=EDGE_CURVE('',#694,#720,#9700,.T.);
#9698=EDGE_CURVE('',#720,#692,#9701,.T.);
#9699=LINE('',#691,#9702);
#9700=LINE('',#693,#9703);
#9701=LINE('',#719,#9704);
#9702=VECTOR('',#9705,1.0);
#9703=VECTOR('',#9706,1.0);
#9704=VECTOR('',#9707,1.0);
#9705=DIRECTION('',(0.8963301754820817,-0.44338720834081413,0));
#9706=DIRECTION('',(0.29107073252074694,0.9567015358354118,0));
#9707=DIRECTION('',(-0.4154680965696767,-0.9096077510294038,0));
#9708=STYLED_ITEM('',(#18),#9709);
#9709=FACE_SURFACE('',(#9714),#9710,.T.);
#9710=PLANE('',#9711);
#9711=AXIS2_PLACEMENT_3D('',#713,#9712,#9713);
#9712=DIRECTION('',(0.6558010468760156,0.7549337632642494,0));
#9713=DIRECTION('',(0,0,-1));
#9714=FACE_BOUND('',#9715,.T.);
#9715=EDGE_LOOP('',(#9716,#9717,#9718));
#9716=ORIENTED_EDGE('',*,*,#9719,.T.);
#9717=ORIENTED_EDGE('',*,*,#9720,.T.);
#9718=ORIENTED_EDGE('',*,*,#9721,.T.);
#9719=EDGE_CURVE('',#714,#278,#9722,.F.);
#9720=EDGE_CURVE('',#278,#708,#9723,.T.);
#9721=EDGE_CURVE('',#708,#714,#9724,.T.);
#9722=LINE('',#713,#9725);
#9723=LINE('',#277,#9726);
#9724=LINE('',#707,#9727);
#9725=VECTOR('',#9728,1.0);
#9726=VECTOR('',#9729,1.0);
#9727=VECTOR('',#9730,1.0);
#9728=DIRECTION('',(0,0,-1));
#9729=DIRECTION('',(-0.009899148858276578,0.008599260624361484,0.9999140260885412));
#9730=DIRECTION('',(0.7549337632642495,-0.6558010468760157,0));
#9731=STYLED_ITEM('',(#18),#9732);
#9732=FACE_SURFACE('',(#9737),#9733,.T.);
#9733=PLANE('',#9734);
#9734=AXIS2_PLACEMENT_3D('',#691,#9735,#9736);
#9735=DIRECTION('',(0,-0,1));
#9736=DIRECTION('',(0.38476118539890936,0.9230161592358099,0));
#9737=FACE_BOUND('',#9738,.T.);
#9738=EDGE_LOOP('',(#9739,#9740,#9741));
#9739=ORIENTED_EDGE('',*,*,#9742,.T.);
#9740=ORIENTED_EDGE('',*,*,#9743,.T.);
#9741=ORIENTED_EDGE('',*,*,#9744,.T.);
#9742=EDGE_CURVE('',#692,#726,#9745,.F.);
#9743=EDGE_CURVE('',#726,#690,#9746,.T.);
#9744=EDGE_CURVE('',#690,#692,#9747,.T.);
#9745=LINE('',#691,#9748);
#9746=LINE('',#725,#9749);
#9747=LINE('',#689,#9750);
#9748=VECTOR('',#9751,1.0);
#9749=VECTOR('',#9752,1.0);
#9750=VECTOR('',#9753,1.0);
#9751=DIRECTION('',(0.38476118539890936,0.9230161592358099,0));
#9752=DIRECTION('',(-0.5050558550912284,-0.8630866603291167,0));
#9753=DIRECTION('',(0.8311673676268928,-0.5560223079986824,0));
#9754=STYLED_ITEM('',(#18),#9755);
#9755=FACE_SURFACE('',(#9760),#9756,.T.);
#9756=PLANE('',#9757);
#9757=AXIS2_PLACEMENT_3D('',#311,#9758,#9759);
#9758=DIRECTION('',(-0.5564580441595975,-0.830875709772572,0));
#9759=DIRECTION('',(0.830875709772572,-0.5564580441595975,0));
#9760=FACE_BOUND('',#9761,.T.);
#9761=EDGE_LOOP('',(#9762,#9763,#9764));
#9762=ORIENTED_EDGE('',*,*,#9765,.T.);
#9763=ORIENTED_EDGE('',*,*,#9766,.T.);
#9764=ORIENTED_EDGE('',*,*,#9767,.T.);
#9765=EDGE_CURVE('',#312,#314,#9768,.F.);
#9766=EDGE_CURVE('',#314,#602,#9769,.T.);
#9767=EDGE_CURVE('',#602,#312,#9770,.T.);
#9768=LINE('',#311,#9771);
#9769=LINE('',#313,#9772);
#9770=LINE('',#601,#9773);
#9771=VECTOR('',#9774,1.0);
#9772=VECTOR('',#9775,1.0);
#9773=VECTOR('',#9776,1.0);
#9774=DIRECTION('',(0.830875709772572,-0.5564580441595975,0));
#9775=DIRECTION('',(-0.010899062176047712,0.007299371916068455,0.999913961105311));
#9776=DIRECTION('',(0,0,-1));
#9777=STYLED_ITEM('',(#18),#9778);
#9778=FACE_SURFACE('',(#9783),#9779,.T.);
#9779=PLANE('',#9780);
#9780=AXIS2_PLACEMENT_3D('',#703,#9781,#9782);
#9781=DIRECTION('',(0.7549337632642428,0.6558010468760234,0));
#9782=DIRECTION('',(0.6558010468760234,-0.7549337632642428,0));
#9783=FACE_BOUND('',#9784,.T.);
#9784=EDGE_LOOP('',(#9785,#9786,#9787));
#9785=ORIENTED_EDGE('',*,*,#9788,.T.);
#9786=ORIENTED_EDGE('',*,*,#9789,.T.);
#9787=ORIENTED_EDGE('',*,*,#9790,.T.);
#9788=EDGE_CURVE('',#704,#708,#9791,.F.);
#9789=EDGE_CURVE('',#708,#362,#9792,.T.);
#9790=EDGE_CURVE('',#362,#704,#9793,.T.);
#9791=LINE('',#703,#9794);
#9792=LINE('',#707,#9795);
#9793=LINE('',#361,#9796);
#9794=VECTOR('',#9797,1.0);
#9795=VECTOR('',#9798,1.0);
#9796=VECTOR('',#9799,1.0);
#9797=DIRECTION('',(0.6558010468760234,-0.7549337632642428,0));
#9798=DIRECTION('',(-0.008599260624361662,0.009899148858276578,-0.9999140260885412));
#9799=DIRECTION('',(0,0,1));
#9800=STYLED_ITEM('',(#18),#9801);
#9801=FACE_SURFACE('',(#9806),#9802,.T.);
#9802=PLANE('',#9803);
#9803=AXIS2_PLACEMENT_3D('',#387,#9804,#9805);
#9804=DIRECTION('',(0.8308757097725763,0.5564580441595913,0));
#9805=DIRECTION('',(0.007299371916068455,-0.010899062176047889,0.999913961105311));
#9806=FACE_BOUND('',#9807,.T.);
#9807=EDGE_LOOP('',(#9808,#9809,#9810));
#9808=ORIENTED_EDGE('',*,*,#9811,.T.);
#9809=ORIENTED_EDGE('',*,*,#9812,.T.);
#9810=ORIENTED_EDGE('',*,*,#9813,.T.);
#9811=EDGE_CURVE('',#388,#704,#9814,.F.);
#9812=EDGE_CURVE('',#704,#362,#9815,.T.);
#9813=EDGE_CURVE('',#362,#388,#9816,.T.);
#9814=LINE('',#387,#9817);
#9815=LINE('',#703,#9818);
#9816=LINE('',#361,#9819);
#9817=VECTOR('',#9820,1.0);
#9818=VECTOR('',#9821,1.0);
#9819=VECTOR('',#9822,1.0);
#9820=DIRECTION('',(0.007299371916068455,-0.010899062176047889,0.999913961105311));
#9821=DIRECTION('',(0,0,-1));
#9822=DIRECTION('',(-0.5564580441595913,0.8308757097725762,0));
#9823=STYLED_ITEM('',(#18),#9824);
#9824=FACE_SURFACE('',(#9829),#9825,.T.);
#9825=PLANE('',#9826);
#9826=AXIS2_PLACEMENT_3D('',#679,#9827,#9828);
#9827=DIRECTION('',(0,0,1));
#9828=DIRECTION('',(0.9978855001563588,0.06499637357340421,0));
#9829=FACE_BOUND('',#9830,.T.);
#9830=EDGE_LOOP('',(#9831,#9832,#9833));
#9831=ORIENTED_EDGE('',*,*,#9834,.T.);
#9832=ORIENTED_EDGE('',*,*,#9835,.T.);
#9833=ORIENTED_EDGE('',*,*,#9836,.T.);
#9834=EDGE_CURVE('',#680,#730,#9837,.F.);
#9835=EDGE_CURVE('',#730,#732,#9838,.T.);
#9836=EDGE_CURVE('',#732,#680,#9839,.T.);
#9837=LINE('',#679,#9840);
#9838=LINE('',#729,#9841);
#9839=LINE('',#731,#9842);
#9840=VECTOR('',#9843,1.0);
#9841=VECTOR('',#9844,1.0);
#9842=VECTOR('',#9845,1.0);
#9843=DIRECTION('',(0.9978855001563588,0.06499637357340421,0));
#9844=DIRECTION('',(-0.13059041210568875,0.9914364045495133,0));
#9845=DIRECTION('',(0,-1,0));
#9846=STYLED_ITEM('',(#18),#9847);
#9847=FACE_SURFACE('',(#9852),#9848,.T.);
#9848=PLANE('',#9849);
#9849=AXIS2_PLACEMENT_3D('',#685,#9850,#9851);
#9850=DIRECTION('',(0,-0,1));
#9851=DIRECTION('',(0.9471135474510144,0.32089862610294095,0));
#9852=FACE_BOUND('',#9853,.T.);
#9853=EDGE_LOOP('',(#9854,#9855,#9856));
#9854=ORIENTED_EDGE('',*,*,#9857,.T.);
#9855=ORIENTED_EDGE('',*,*,#9858,.T.);
#9856=ORIENTED_EDGE('',*,*,#9859,.T.);
#9857=EDGE_CURVE('',#686,#678,#9860,.F.);
#9858=EDGE_CURVE('',#678,#734,#9861,.T.);
#9859=EDGE_CURVE('',#734,#686,#9862,.T.);
#9860=LINE('',#685,#9863);
#9861=LINE('',#677,#9864);
#9862=LINE('',#733,#9865);
#9863=VECTOR('',#9866,1.0);
#9864=VECTOR('',#9867,1.0);
#9865=VECTOR('',#9868,1.0);
#9866=DIRECTION('',(0.9471135474510144,0.32089862610294095,0));
#9867=DIRECTION('',(-0.29565836269568746,0.9552937415099637,0));
#9868=DIRECTION('',(0.19534152390218082,-0.9807352797975474,0));
#9869=STYLED_ITEM('',(#18),#9870);
#9870=FACE_SURFACE('',(#9875),#9871,.T.);
#9871=PLANE('',#9872);
#9872=AXIS2_PLACEMENT_3D('',#681,#9873,#9874);
#9873=DIRECTION('',(-0,0,1));
#9874=DIRECTION('',(0.9978855001563588,-0.06499637357340421,0));
#9875=FACE_BOUND('',#9876,.T.);
#9876=EDGE_LOOP('',(#9877,#9878,#9879));
#9877=ORIENTED_EDGE('',*,*,#9880,.T.);
#9878=ORIENTED_EDGE('',*,*,#9881,.T.);
#9879=ORIENTED_EDGE('',*,*,#9882,.T.);
#9880=EDGE_CURVE('',#682,#680,#9883,.F.);
#9881=EDGE_CURVE('',#680,#732,#9884,.T.);
#9882=EDGE_CURVE('',#732,#682,#9885,.T.);
#9883=LINE('',#681,#9886);
#9884=LINE('',#679,#9887);
#9885=LINE('',#731,#9888);
#9886=VECTOR('',#9889,1.0);
#9887=VECTOR('',#9890,1.0);
#9888=VECTOR('',#9891,1.0);
#9889=DIRECTION('',(0.9978855001563588,-0.06499637357340421,0));
#9890=DIRECTION('',(0,1,0));
#9891=DIRECTION('',(-0.13059041210568875,-0.9914364045495133,0));
#9892=STYLED_ITEM('',(#18),#9893);
#9893=FACE_SURFACE('',(#9898),#9894,.T.);
#9894=PLANE('',#9895);
#9895=AXIS2_PLACEMENT_3D('',#319,#9896,#9897);
#9896=DIRECTION('',(-0.06854072423084488,0.9976483193600395,0));
#9897=DIRECTION('',(-0.9976483193600396,-0.0685407242308449,0));
#9898=FACE_BOUND('',#9899,.T.);
#9899=EDGE_LOOP('',(#9900,#9901,#9902));
#9900=ORIENTED_EDGE('',*,*,#9903,.T.);
#9901=ORIENTED_EDGE('',*,*,#9904,.T.);
#9902=ORIENTED_EDGE('',*,*,#9905,.T.);
#9903=EDGE_CURVE('',#320,#342,#9906,.F.);
#9904=EDGE_CURVE('',#342,#736,#9907,.T.);
#9905=EDGE_CURVE('',#736,#320,#9908,.T.);
#9906=LINE('',#319,#9909);
#9907=LINE('',#341,#9910);
#9908=LINE('',#735,#9911);
#9909=VECTOR('',#9912,1.0);
#9910=VECTOR('',#9913,1.0);
#9911=VECTOR('',#9914,1.0);
#9912=DIRECTION('',(-0.9976483193600396,-0.0685407242308449,0));
#9913=DIRECTION('',(0.013098870795021067,0.0008999224210320142,0.9999138011466445));
#9914=DIRECTION('',(0,0,-1));
#9915=STYLED_ITEM('',(#18),#9916);
#9916=FACE_SURFACE('',(#9921),#9917,.T.);
#9917=PLANE('',#9918);
#9918=AXIS2_PLACEMENT_3D('',#675,#9919,#9920);
#9919=DIRECTION('',(-0,0,1));
#9920=DIRECTION('',(0.9805069986705778,-0.196484161086882,0));
#9921=FACE_BOUND('',#9922,.T.);
#9922=EDGE_LOOP('',(#9923,#9924,#9925));
#9923=ORIENTED_EDGE('',*,*,#9926,.T.);
#9924=ORIENTED_EDGE('',*,*,#9927,.T.);
#9925=ORIENTED_EDGE('',*,*,#9928,.T.);
#9926=EDGE_CURVE('',#676,#430,#9929,.F.);
#9927=EDGE_CURVE('',#430,#604,#9930,.T.);
#9928=EDGE_CURVE('',#604,#676,#9931,.T.);
#9929=LINE('',#675,#9932);
#9930=LINE('',#429,#9933);
#9931=LINE('',#603,#9934);
#9932=VECTOR('',#9935,1.0);
#9933=VECTOR('',#9936,1.0);
#9934=VECTOR('',#9937,1.0);
#9935=DIRECTION('',(0.9805069986705778,-0.196484161086882,0));
#9936=DIRECTION('',(-0.9714105010367848,0.23740606242356768,0));
#9937=DIRECTION('',(-0.3185018700980786,-0.9479222324347218,0));
#9938=STYLED_ITEM('',(#18),#9939);
#9939=FACE_SURFACE('',(#9944),#9940,.T.);
#9940=PLANE('',#9941);
#9941=AXIS2_PLACEMENT_3D('',#381,#9942,#9943);
#9942=DIRECTION('',(0.9976483193600395,-0.06854072423084488,0));
#9943=DIRECTION('',(0,0,1));
#9944=FACE_BOUND('',#9945,.T.);
#9945=EDGE_LOOP('',(#9946,#9947,#9948));
#9946=ORIENTED_EDGE('',*,*,#9949,.T.);
#9947=ORIENTED_EDGE('',*,*,#9950,.T.);
#9948=ORIENTED_EDGE('',*,*,#9951,.T.);
#9949=EDGE_CURVE('',#382,#424,#9952,.F.);
#9950=EDGE_CURVE('',#424,#416,#9953,.T.);
#9951=EDGE_CURVE('',#416,#382,#9954,.T.);
#9952=LINE('',#381,#9955);
#9953=LINE('',#423,#9956);
#9954=LINE('',#415,#9957);
#9955=VECTOR('',#9958,1.0);
#9956=VECTOR('',#9959,1.0);
#9957=VECTOR('',#9960,1.0);
#9958=DIRECTION('',(0,0,1));
#9959=DIRECTION('',(-0.0685407242308449,-0.9976483193600396,0));
#9960=DIRECTION('',(0.0008999224210320142,0.013098870795021067,-0.9999138011466445));
#9961=STYLED_ITEM('',(#18),#9962);
#9962=FACE_SURFACE('',(#9967),#9963,.T.);
#9963=PLANE('',#9964);
#9964=AXIS2_PLACEMENT_3D('',#381,#9965,#9966);
#9965=DIRECTION('',(0.9799873195820538,-0.19905992429010297,0));
#9966=DIRECTION('',(0.0025997782483726975,0.01279890829968108,0.9999147109125835));
#9967=FACE_BOUND('',#9968,.T.);
#9968=EDGE_LOOP('',(#9969,#9970,#9971));
#9969=ORIENTED_EDGE('',*,*,#9972,.T.);
#9970=ORIENTED_EDGE('',*,*,#9973,.T.);
#9971=ORIENTED_EDGE('',*,*,#9974,.T.);
#9972=EDGE_CURVE('',#382,#428,#9975,.F.);
#9973=EDGE_CURVE('',#428,#424,#9976,.T.);
#9974=EDGE_CURVE('',#424,#382,#9977,.T.);
#9975=LINE('',#381,#9978);
#9976=LINE('',#427,#9979);
#9977=LINE('',#423,#9980);
#9978=VECTOR('',#9981,1.0);
#9979=VECTOR('',#9982,1.0);
#9980=VECTOR('',#9983,1.0);
#9981=DIRECTION('',(0.0025997782483726975,0.01279890829968108,0.9999147109125835));
#9982=DIRECTION('',(-0.199059924290103,-0.9799873195820539,0));
#9983=DIRECTION('',(0,0,-1));
#9984=STYLED_ITEM('',(#18),#9985);
#9985=FACE_SURFACE('',(#9990),#9986,.T.);
#9986=PLANE('',#9987);
#9987=AXIS2_PLACEMENT_3D('',#583,#9988,#9989);
#9988=DIRECTION('',(0,0,1));
#9989=DIRECTION('',(-0.5925569218024841,-0.8055285807617039,0));
#9990=FACE_BOUND('',#9991,.T.);
#9991=EDGE_LOOP('',(#9992,#9993,#9994));
#9992=ORIENTED_EDGE('',*,*,#9995,.T.);
#9993=ORIENTED_EDGE('',*,*,#9996,.T.);
#9994=ORIENTED_EDGE('',*,*,#9997,.T.);
#9995=EDGE_CURVE('',#584,#422,#9998,.F.);
#9996=EDGE_CURVE('',#422,#456,#9999,.T.);
#9997=EDGE_CURVE('',#456,#584,#10000,.T.);
#9998=LINE('',#583,#10001);
#9999=LINE('',#421,#10002);
#10000=LINE('',#455,#10003);
#10001=VECTOR('',#10004,1.0);
#10002=VECTOR('',#10005,1.0);
#10003=VECTOR('',#10006,1.0);
#10004=DIRECTION('',(-0.5925569218024841,-0.8055285807617039,0));
#10005=DIRECTION('',(0.7626148080894257,0.646852884729386,0));
#10006=DIRECTION('',(-0.8311673676268928,0.5560223079986824,0));
#10007=STYLED_ITEM('',(#18),#10008);
#10008=FACE_SURFACE('',(#10013),#10009,.T.);
#10009=PLANE('',#10010);
#10010=AXIS2_PLACEMENT_3D('',#331,#10011,#10012);
#10011=DIRECTION('',(0.9808006582599823,0.1950129963791784,-0));
#10012=DIRECTION('',(0,0,1));
#10013=FACE_BOUND('',#10014,.T.);
#10014=EDGE_LOOP('',(#10015,#10016,#10017));
#10015=ORIENTED_EDGE('',*,*,#10018,.T.);
#10016=ORIENTED_EDGE('',*,*,#10019,.T.);
#10017=ORIENTED_EDGE('',*,*,#10020,.T.);
#10018=EDGE_CURVE('',#332,#486,#10021,.F.);
#10019=EDGE_CURVE('',#486,#230,#10022,.T.);
#10020=EDGE_CURVE('',#230,#332,#10023,.T.);
#10021=LINE('',#331,#10024);
#10022=LINE('',#485,#10025);
#10023=LINE('',#229,#10026);
#10024=VECTOR('',#10027,1.0);
#10025=VECTOR('',#10028,1.0);
#10026=VECTOR('',#10029,1.0);
#10027=DIRECTION('',(0,0,1));
#10028=DIRECTION('',(0.010186076339028715,-0.051229972175703076,-0.9986349351988906));
#10029=DIRECTION('',(-0.1950129963791784,0.9808006582599823,0));
#10030=STYLED_ITEM('',(#18),#10031);
#10031=FACE_SURFACE('',(#10036),#10032,.T.);
#10032=PLANE('',#10033);
#10033=AXIS2_PLACEMENT_3D('',#641,#10034,#10035);
#10034=DIRECTION('',(0,-0,1));
#10035=DIRECTION('',(0.5560223079986808,0.8311673676268938,0));
#10036=FACE_BOUND('',#10037,.T.);
#10037=EDGE_LOOP('',(#10038,#10039,#10040));
#10038=ORIENTED_EDGE('',*,*,#10041,.T.);
#10039=ORIENTED_EDGE('',*,*,#10042,.T.);
#10040=ORIENTED_EDGE('',*,*,#10043,.T.);
#10041=EDGE_CURVE('',#642,#660,#10044,.F.);
#10042=EDGE_CURVE('',#660,#668,#10045,.T.);
#10043=EDGE_CURVE('',#668,#642,#10046,.T.);
#10044=LINE('',#641,#10047);
#10045=LINE('',#659,#10048);
#10046=LINE('',#667,#10049);
#10047=VECTOR('',#10050,1.0);
#10048=VECTOR('',#10051,1.0);
#10049=VECTOR('',#10052,1.0);
#10050=DIRECTION('',(0.5560223079986808,0.8311673676268938,0));
#10051=DIRECTION('',(-0.7688842702856028,0.6393879721322385,0));
#10052=DIRECTION('',(0.6705569513861218,-0.741858055794874,0));
#10053=STYLED_ITEM('',(#18),#10054);
#10054=FACE_SURFACE('',(#10059),#10055,.T.);
#10055=PLANE('',#10056);
#10056=AXIS2_PLACEMENT_3D('',#327,#10057,#10058);
#10057=DIRECTION('',(0.9471445756278135,0.3208070336803873,-0));
#10058=DIRECTION('',(0,0,1));
#10059=FACE_BOUND('',#10060,.T.);
#10060=EDGE_LOOP('',(#10061,#10062,#10063));
#10061=ORIENTED_EDGE('',*,*,#10064,.T.);
#10062=ORIENTED_EDGE('',*,*,#10065,.T.);
#10063=ORIENTED_EDGE('',*,*,#10066,.T.);
#10064=EDGE_CURVE('',#328,#598,#10067,.F.);
#10065=EDGE_CURVE('',#598,#486,#10068,.T.);
#10066=EDGE_CURVE('',#486,#328,#10069,.T.);
#10067=LINE('',#327,#10070);
#10068=LINE('',#597,#10071);
#10069=LINE('',#485,#10072);
#10070=VECTOR('',#10073,1.0);
#10071=VECTOR('',#10074,1.0);
#10072=VECTOR('',#10075,1.0);
#10073=DIRECTION('',(0,0,1));
#10074=DIRECTION('',(0.32080703368038727,-0.9471445756278134,0));
#10075=DIRECTION('',(-0.016777011112752142,0.04953212804717317,-0.9986316138542987));
#10076=STYLED_ITEM('',(#18),#10077);
#10077=FACE_SURFACE('',(#10082),#10078,.T.);
#10078=PLANE('',#10079);
#10079=AXIS2_PLACEMENT_3D('',#327,#10080,#10081);
#10080=DIRECTION('',(0.9471445756278135,0.3208070336803873,0));
#10081=DIRECTION('',(0.016777011112752142,-0.04953212804717317,0.9986316138542987));
#10082=FACE_BOUND('',#10083,.T.);
#10083=EDGE_LOOP('',(#10084,#10085,#10086));
#10084=ORIENTED_EDGE('',*,*,#10087,.T.);
#10085=ORIENTED_EDGE('',*,*,#10088,.T.);
#10086=ORIENTED_EDGE('',*,*,#10089,.T.);
#10087=EDGE_CURVE('',#328,#486,#10090,.F.);
#10088=EDGE_CURVE('',#486,#332,#10091,.T.);
#10089=EDGE_CURVE('',#332,#328,#10092,.T.);
#10090=LINE('',#327,#10093);
#10091=LINE('',#485,#10094);
#10092=LINE('',#331,#10095);
#10093=VECTOR('',#10096,1.0);
#10094=VECTOR('',#10097,1.0);
#10095=VECTOR('',#10098,1.0);
#10096=DIRECTION('',(0.016777011112752142,-0.04953212804717317,0.9986316138542987));
#10097=DIRECTION('',(0,0,-1));
#10098=DIRECTION('',(-0.32080703368038727,0.9471445756278134,0));
#10099=STYLED_ITEM('',(#18),#10100);
#10100=FACE_SURFACE('',(#10105),#10101,.T.);
#10101=PLANE('',#10102);
#10102=AXIS2_PLACEMENT_3D('',#491,#10103,#10104);
#10103=DIRECTION('',(0.06499637357340082,-0.997885500156359,0));
#10104=DIRECTION('',(0,0,-1));
#10105=FACE_BOUND('',#10106,.T.);
#10106=EDGE_LOOP('',(#10107,#10108,#10109));
#10107=ORIENTED_EDGE('',*,*,#10110,.T.);
#10108=ORIENTED_EDGE('',*,*,#10111,.T.);
#10109=ORIENTED_EDGE('',*,*,#10112,.T.);
#10110=EDGE_CURVE('',#492,#350,#10113,.F.);
#10111=EDGE_CURVE('',#350,#648,#10114,.T.);
#10112=EDGE_CURVE('',#648,#492,#10115,.T.);
#10113=LINE('',#491,#10116);
#10114=LINE('',#349,#10117);
#10115=LINE('',#647,#10118);
#10116=VECTOR('',#10119,1.0);
#10117=VECTOR('',#10120,1.0);
#10118=VECTOR('',#10121,1.0);
#10119=DIRECTION('',(0,0,-1));
#10120=DIRECTION('',(0.05212872620190561,0.0033953576453347504,0.9986346015690759));
#10121=DIRECTION('',(-0.997885500156359,-0.06499637357340082,0));
#10122=STYLED_ITEM('',(#18),#10123);
#10123=FACE_SURFACE('',(#10128),#10124,.T.);
#10124=PLANE('',#10125);
#10125=AXIS2_PLACEMENT_3D('',#737,#10126,#10127);
#10126=DIRECTION('',(0,0,1));
#10127=DIRECTION('',(-0.8959534904282143,-0.44414788414389644,0));
#10128=FACE_BOUND('',#10129,.T.);
#10129=EDGE_LOOP('',(#10130,#10131,#10132));
#10130=ORIENTED_EDGE('',*,*,#10133,.T.);
#10131=ORIENTED_EDGE('',*,*,#10134,.T.);
#10132=ORIENTED_EDGE('',*,*,#10135,.T.);
#10133=EDGE_CURVE('',#738,#740,#10136,.F.);
#10134=EDGE_CURVE('',#740,#634,#10137,.T.);
#10135=EDGE_CURVE('',#634,#738,#10138,.T.);
#10136=LINE('',#737,#10139);
#10137=LINE('',#739,#10140);
#10138=LINE('',#633,#10141);
#10139=VECTOR('',#10142,1.0);
#10140=VECTOR('',#10143,1.0);
#10141=VECTOR('',#10144,1.0);
#10142=DIRECTION('',(-0.8959534904282143,-0.44414788414389644,0));
#10143=DIRECTION('',(0.4154680965696767,-0.9096077510294038,0));
#10144=DIRECTION('',(-0.38476118539890936,0.9230161592358099,0));
#10145=STYLED_ITEM('',(#18),#10146);
#10146=FACE_SURFACE('',(#10151),#10147,.T.);
#10147=PLANE('',#10148);
#10148=AXIS2_PLACEMENT_3D('',#741,#10149,#10150);
#10149=DIRECTION('',(0.8963301754820788,0.4433872083408203,0));
#10150=DIRECTION('',(0.02316830600522499,-0.04683592895021721,0.9986338795355476));
#10151=FACE_BOUND('',#10152,.T.);
#10152=EDGE_LOOP('',(#10153,#10154,#10155));
#10153=ORIENTED_EDGE('',*,*,#10156,.T.);
#10154=ORIENTED_EDGE('',*,*,#10157,.T.);
#10155=ORIENTED_EDGE('',*,*,#10158,.T.);
#10156=EDGE_CURVE('',#742,#598,#10159,.F.);
#10157=EDGE_CURVE('',#598,#328,#10160,.T.);
#10158=EDGE_CURVE('',#328,#742,#10161,.T.);
#10159=LINE('',#741,#10162);
#10160=LINE('',#597,#10163);
#10161=LINE('',#327,#10164);
#10162=VECTOR('',#10165,1.0);
#10163=VECTOR('',#10166,1.0);
#10164=VECTOR('',#10167,1.0);
#10165=DIRECTION('',(0.02316830600522499,-0.04683592895021721,0.9986338795355476));
#10166=DIRECTION('',(0,0,-1));
#10167=DIRECTION('',(-0.44338720834082024,0.8963301754820787,0));
#10168=STYLED_ITEM('',(#18),#10169);
#10169=FACE_SURFACE('',(#10174),#10170,.T.);
#10170=PLANE('',#10171);
#10171=AXIS2_PLACEMENT_3D('',#233,#10172,#10173);
#10172=DIRECTION('',(0.19501299637917774,-0.9808006582599824,0));
#10173=DIRECTION('',(0,0,1));
#10174=FACE_BOUND('',#10175,.T.);
#10175=EDGE_LOOP('',(#10176,#10177,#10178));
#10176=ORIENTED_EDGE('',*,*,#10179,.T.);
#10177=ORIENTED_EDGE('',*,*,#10180,.T.);
#10178=ORIENTED_EDGE('',*,*,#10181,.T.);
#10179=EDGE_CURVE('',#234,#666,#10182,.F.);
#10180=EDGE_CURVE('',#666,#648,#10183,.T.);
#10181=EDGE_CURVE('',#648,#234,#10184,.T.);
#10182=LINE('',#233,#10185);
#10183=LINE('',#665,#10186);
#10184=LINE('',#647,#10187);
#10185=VECTOR('',#10188,1.0);
#10186=VECTOR('',#10189,1.0);
#10187=VECTOR('',#10190,1.0);
#10188=DIRECTION('',(0,0,1));
#10189=DIRECTION('',(-0.9808006582599824,-0.19501299637917774,0));
#10190=DIRECTION('',(0.05122997217570325,0.010186076339028715,-0.9986349351988906));
#10191=STYLED_ITEM('',(#18),#10192);
#10192=FACE_SURFACE('',(#10197),#10193,.T.);
#10193=PLANE('',#10194);
#10194=AXIS2_PLACEMENT_3D('',#629,#10195,#10196);
#10195=DIRECTION('',(0,-0,1));
#10196=DIRECTION('',(0.8963301754820817,0.44338720834081413,0));
#10197=FACE_BOUND('',#10198,.T.);
#10198=EDGE_LOOP('',(#10199,#10200,#10201));
#10199=ORIENTED_EDGE('',*,*,#10202,.T.);
#10200=ORIENTED_EDGE('',*,*,#10203,.T.);
#10201=ORIENTED_EDGE('',*,*,#10204,.T.);
#10202=EDGE_CURVE('',#630,#634,#10205,.F.);
#10203=EDGE_CURVE('',#634,#740,#10206,.T.);
#10204=EDGE_CURVE('',#740,#630,#10207,.T.);
#10205=LINE('',#629,#10208);
#10206=LINE('',#633,#10209);
#10207=LINE('',#739,#10210);
#10208=VECTOR('',#10211,1.0);
#10209=VECTOR('',#10212,1.0);
#10210=VECTOR('',#10213,1.0);
#10211=DIRECTION('',(0.8963301754820817,0.44338720834081413,0));
#10212=DIRECTION('',(-0.4154680965696767,0.9096077510294038,0));
#10213=DIRECTION('',(0.29107073252074694,-0.9567015358354118,0));
#10214=STYLED_ITEM('',(#18),#10215);
#10215=FACE_SURFACE('',(#10220),#10216,.T.);
#10216=PLANE('',#10217);
#10217=AXIS2_PLACEMENT_3D('',#637,#10218,#10219);
#10218=DIRECTION('',(0,-0,1));
#10219=DIRECTION('',(0.7515095933257668,0.6597221620798717,0));
#10220=FACE_BOUND('',#10221,.T.);
#10221=EDGE_LOOP('',(#10222,#10223,#10224));
#10222=ORIENTED_EDGE('',*,*,#10225,.T.);
#10223=ORIENTED_EDGE('',*,*,#10226,.T.);
#10224=ORIENTED_EDGE('',*,*,#10227,.T.);
#10225=EDGE_CURVE('',#638,#640,#10228,.F.);
#10226=EDGE_CURVE('',#640,#738,#10229,.T.);
#10227=EDGE_CURVE('',#738,#638,#10230,.T.);
#10228=LINE('',#637,#10231);
#10229=LINE('',#639,#10232);
#10230=LINE('',#737,#10233);
#10231=VECTOR('',#10234,1.0);
#10232=VECTOR('',#10235,1.0);
#10233=VECTOR('',#10236,1.0);
#10234=DIRECTION('',(0.7515095933257668,0.6597221620798717,0));
#10235=DIRECTION('',(-0.6180326627598935,0.7861524201844803,0));
#10236=DIRECTION('',(0.5050558550912284,-0.8630866603291167,0));
#10237=STYLED_ITEM('',(#18),#10238);
#10238=FACE_SURFACE('',(#10243),#10239,.T.);
#10239=PLANE('',#10240);
#10240=AXIS2_PLACEMENT_3D('',#351,#10241,#10242);
#10241=DIRECTION('',(0.06854072423084488,0.9976483193600395,-0));
#10242=DIRECTION('',(0,0,1));
#10243=FACE_BOUND('',#10244,.T.);
#10244=EDGE_LOOP('',(#10245,#10246,#10247));
#10245=ORIENTED_EDGE('',*,*,#10248,.T.);
#10246=ORIENTED_EDGE('',*,*,#10249,.T.);
#10247=ORIENTED_EDGE('',*,*,#10250,.T.);
#10248=EDGE_CURVE('',#352,#494,#10251,.F.);
#10249=EDGE_CURVE('',#494,#354,#10252,.T.);
#10250=EDGE_CURVE('',#354,#352,#10253,.T.);
#10251=LINE('',#351,#10254);
#10252=LINE('',#493,#10255);
#10253=LINE('',#353,#10256);
#10254=VECTOR('',#10257,1.0);
#10255=VECTOR('',#10258,1.0);
#10256=VECTOR('',#10259,1.0);
#10257=DIRECTION('',(0,0,1));
#10258=DIRECTION('',(0.013098870795021067,-0.0008999224210320142,-0.9999138011466445));
#10259=DIRECTION('',(-0.9976483193600396,0.0685407242308449,0));
#10260=STYLED_ITEM('',(#18),#10261);
#10261=FACE_SURFACE('',(#10266),#10262,.T.);
#10262=PLANE('',#10263);
#10263=AXIS2_PLACEMENT_3D('',#551,#10264,#10265);
#10264=DIRECTION('',(0.3208070336803878,-0.9471445756278133,0));
#10265=DIRECTION('',(-0.9471445756278133,-0.3208070336803878,0));
#10266=FACE_BOUND('',#10267,.T.);
#10267=EDGE_LOOP('',(#10268,#10269,#10270));
#10268=ORIENTED_EDGE('',*,*,#10271,.T.);
#10269=ORIENTED_EDGE('',*,*,#10272,.T.);
#10270=ORIENTED_EDGE('',*,*,#10273,.T.);
#10271=EDGE_CURVE('',#552,#666,#10274,.F.);
#10272=EDGE_CURVE('',#666,#234,#10275,.T.);
#10273=EDGE_CURVE('',#234,#552,#10276,.T.);
#10274=LINE('',#551,#10277);
#10275=LINE('',#665,#10278);
#10276=LINE('',#233,#10279);
#10277=VECTOR('',#10280,1.0);
#10278=VECTOR('',#10281,1.0);
#10279=VECTOR('',#10282,1.0);
#10280=DIRECTION('',(-0.9471445756278133,-0.3208070336803878,0));
#10281=DIRECTION('',(0,0,-1));
#10282=DIRECTION('',(0.04953212804717308,0.016777011112752142,0.9986316138542987));
#10283=STYLED_ITEM('',(#18),#10284);
#10284=FACE_SURFACE('',(#10289),#10285,.T.);
#10285=PLANE('',#10286);
#10286=AXIS2_PLACEMENT_3D('',#677,#10287,#10288);
#10287=DIRECTION('',(0,-0,1));
#10288=DIRECTION('',(0.9472573214667132,0.32047397230930924,0));
#10289=FACE_BOUND('',#10290,.T.);
#10290=EDGE_LOOP('',(#10291,#10292,#10293));
#10291=ORIENTED_EDGE('',*,*,#10294,.T.);
#10292=ORIENTED_EDGE('',*,*,#10295,.T.);
#10293=ORIENTED_EDGE('',*,*,#10296,.T.);
#10294=EDGE_CURVE('',#678,#630,#10297,.F.);
#10295=EDGE_CURVE('',#630,#734,#10298,.T.);
#10296=EDGE_CURVE('',#734,#678,#10299,.T.);
#10297=LINE('',#677,#10300);
#10298=LINE('',#629,#10301);
#10299=LINE('',#733,#10302);
#10300=VECTOR('',#10303,1.0);
#10301=VECTOR('',#10304,1.0);
#10302=VECTOR('',#10305,1.0);
#10303=DIRECTION('',(0.9472573214667132,0.32047397230930924,0));
#10304=DIRECTION('',(-0.32292202981015394,0.9464255716448547,0));
#10305=DIRECTION('',(0.29565836269568746,-0.9552937415099637,0));
#10306=STYLED_ITEM('',(#18),#10307);
#10307=FACE_SURFACE('',(#10312),#10308,.T.);
#10308=PLANE('',#10309);
#10309=AXIS2_PLACEMENT_3D('',#671,#10310,#10311);
#10310=DIRECTION('',(-0.8308757097725763,0.5564580441595913,0));
#10311=DIRECTION('',(0.5564580441595913,0.8308757097725762,0));
#10312=FACE_BOUND('',#10313,.T.);
#10313=EDGE_LOOP('',(#10314,#10315,#10316));
#10314=ORIENTED_EDGE('',*,*,#10317,.T.);
#10315=ORIENTED_EDGE('',*,*,#10318,.T.);
#10316=ORIENTED_EDGE('',*,*,#10319,.T.);
#10317=EDGE_CURVE('',#672,#674,#10320,.F.);
#10318=EDGE_CURVE('',#674,#210,#10321,.T.);
#10319=EDGE_CURVE('',#210,#672,#10322,.T.);
#10320=LINE('',#671,#10323);
#10321=LINE('',#673,#10324);
#10322=LINE('',#209,#10325);
#10323=VECTOR('',#10326,1.0);
#10324=VECTOR('',#10327,1.0);
#10325=VECTOR('',#10328,1.0);
#10326=DIRECTION('',(0.5564580441595913,0.8308757097725762,0));
#10327=DIRECTION('',(-0.007299371916068455,-0.010899062176047889,-0.999913961105311));
#10328=DIRECTION('',(0,0,1));
#10329=STYLED_ITEM('',(#18),#10330);
#10330=FACE_SURFACE('',(#10335),#10331,.T.);
#10331=PLANE('',#10332);
#10332=AXIS2_PLACEMENT_3D('',#653,#10333,#10334);
#10333=DIRECTION('',(-0.7515095933257685,-0.6597221620798698,-0));
#10334=DIRECTION('',(0,0,-1));
#10335=FACE_BOUND('',#10336,.T.);
#10336=EDGE_LOOP('',(#10337,#10338,#10339));
#10337=ORIENTED_EDGE('',*,*,#10340,.T.);
#10338=ORIENTED_EDGE('',*,*,#10341,.T.);
#10339=ORIENTED_EDGE('',*,*,#10342,.T.);
#10340=EDGE_CURVE('',#654,#96,#10343,.F.);
#10341=EDGE_CURVE('',#96,#464,#10344,.T.);
#10342=EDGE_CURVE('',#464,#654,#10345,.T.);
#10343=LINE('',#653,#10346);
#10344=LINE('',#95,#10347);
#10345=LINE('',#463,#10348);
#10346=VECTOR('',#10349,1.0);
#10347=VECTOR('',#10350,1.0);
#10348=VECTOR('',#10351,1.0);
#10349=DIRECTION('',(0,0,-1));
#10350=DIRECTION('',(0.03445292227203395,-0.03924637232727365,0.9986354281749003));
#10351=DIRECTION('',(-0.6597221620798697,0.7515095933257684,0));
#10352=STYLED_ITEM('',(#18),#10353);
#10353=FACE_SURFACE('',(#10358),#10354,.T.);
#10354=PLANE('',#10355);
#10355=AXIS2_PLACEMENT_3D('',#639,#10356,#10357);
#10356=DIRECTION('',(0,-0,1));
#10357=DIRECTION('',(0.6597221620798716,0.7515095933257671,0));
#10358=FACE_BOUND('',#10359,.T.);
#10359=EDGE_LOOP('',(#10360,#10361,#10362));
#10360=ORIENTED_EDGE('',*,*,#10363,.T.);
#10361=ORIENTED_EDGE('',*,*,#10364,.T.);
#10362=ORIENTED_EDGE('',*,*,#10365,.T.);
#10363=EDGE_CURVE('',#640,#642,#10366,.F.);
#10364=EDGE_CURVE('',#642,#670,#10367,.T.);
#10365=EDGE_CURVE('',#670,#640,#10368,.T.);
#10366=LINE('',#639,#10369);
#10367=LINE('',#641,#10370);
#10368=LINE('',#669,#10371);
#10369=VECTOR('',#10372,1.0);
#10370=VECTOR('',#10373,1.0);
#10371=VECTOR('',#10374,1.0);
#10372=DIRECTION('',(0.6597221620798716,0.7515095933257671,0));
#10373=DIRECTION('',(-0.6965659237951319,0.7174927970421965,0));
#10374=DIRECTION('',(0.5902901342653808,-0.8071911529426959,0));
#10375=STYLED_ITEM('',(#18),#10376);
#10376=FACE_SURFACE('',(#10381),#10377,.T.);
#10377=PLANE('',#10378);
#10378=AXIS2_PLACEMENT_3D('',#669,#10379,#10380);
#10379=DIRECTION('',(0,0,1));
#10380=DIRECTION('',(-0.8308757097725595,-0.5564580441596162,0));
#10381=FACE_BOUND('',#10382,.T.);
#10382=EDGE_LOOP('',(#10383,#10384,#10385));
#10383=ORIENTED_EDGE('',*,*,#10386,.T.);
#10384=ORIENTED_EDGE('',*,*,#10387,.T.);
#10385=ORIENTED_EDGE('',*,*,#10388,.T.);
#10386=EDGE_CURVE('',#670,#738,#10389,.F.);
#10387=EDGE_CURVE('',#738,#640,#10390,.T.);
#10388=EDGE_CURVE('',#640,#670,#10391,.T.);
#10389=LINE('',#669,#10392);
#10390=LINE('',#737,#10393);
#10391=LINE('',#639,#10394);
#10392=VECTOR('',#10395,1.0);
#10393=VECTOR('',#10396,1.0);
#10394=VECTOR('',#10397,1.0);
#10395=DIRECTION('',(-0.8308757097725595,-0.5564580441596162,0));
#10396=DIRECTION('',(0.6180326627598935,-0.7861524201844803,0));
#10397=DIRECTION('',(-0.5902901342653808,0.8071911529426959,0));
#10398=STYLED_ITEM('',(#18),#10399);
#10399=FACE_SURFACE('',(#10404),#10400,.T.);
#10400=PLANE('',#10401);
#10401=AXIS2_PLACEMENT_3D('',#633,#10402,#10403);
#10402=DIRECTION('',(0,-0,1));
#10403=DIRECTION('',(0.8311673676268928,0.5560223079986824,0));
#10404=FACE_BOUND('',#10405,.T.);
#10405=EDGE_LOOP('',(#10406,#10407,#10408));
#10406=ORIENTED_EDGE('',*,*,#10409,.T.);
#10407=ORIENTED_EDGE('',*,*,#10410,.T.);
#10408=ORIENTED_EDGE('',*,*,#10411,.T.);
#10409=EDGE_CURVE('',#634,#638,#10412,.F.);
#10410=EDGE_CURVE('',#638,#738,#10413,.T.);
#10411=EDGE_CURVE('',#738,#634,#10414,.T.);
#10412=LINE('',#633,#10415);
#10413=LINE('',#637,#10416);
#10414=LINE('',#737,#10417);
#10415=VECTOR('',#10418,1.0);
#10416=VECTOR('',#10419,1.0);
#10417=VECTOR('',#10420,1.0);
#10418=DIRECTION('',(0.8311673676268928,0.5560223079986824,0));
#10419=DIRECTION('',(-0.5050558550912284,0.8630866603291167,0));
#10420=DIRECTION('',(0.38476118539890936,-0.9230161592358099,0));
#10421=STYLED_ITEM('',(#18),#10422);
#10422=FACE_SURFACE('',(#10427),#10423,.T.);
#10423=PLANE('',#10424);
#10424=AXIS2_PLACEMENT_3D('',#463,#10425,#10426);
#10425=DIRECTION('',(-0.6597221620798698,-0.7515095933257685,-0));
#10426=DIRECTION('',(0,0,-1));
#10427=FACE_BOUND('',#10428,.T.);
#10428=EDGE_LOOP('',(#10429,#10430,#10431));
#10429=ORIENTED_EDGE('',*,*,#10432,.T.);
#10430=ORIENTED_EDGE('',*,*,#10433,.T.);
#10431=ORIENTED_EDGE('',*,*,#10434,.T.);
#10432=EDGE_CURVE('',#464,#84,#10435,.F.);
#10433=EDGE_CURVE('',#84,#440,#10436,.T.);
#10434=EDGE_CURVE('',#440,#464,#10437,.T.);
#10435=LINE('',#463,#10438);
#10436=LINE('',#83,#10439);
#10437=LINE('',#439,#10440);
#10438=VECTOR('',#10441,1.0);
#10439=VECTOR('',#10442,1.0);
#10440=VECTOR('',#10443,1.0);
#10441=DIRECTION('',(0,0,-1));
#10442=DIRECTION('',(0.03924637232727365,-0.03445292227203395,0.9986354281749003));
#10443=DIRECTION('',(-0.7515095933257684,0.6597221620798697,0));
#10444=STYLED_ITEM('',(#18),#10445);
#10445=FACE_SURFACE('',(#10450),#10446,.T.);
#10446=PLANE('',#10447);
#10447=AXIS2_PLACEMENT_3D('',#89,#10448,#10449);
#10448=DIRECTION('',(-0.6597221620798698,-0.7515095933257685,0));
#10449=DIRECTION('',(0,0,1));
#10450=FACE_BOUND('',#10451,.T.);
#10451=EDGE_LOOP('',(#10452,#10453,#10454));
#10452=ORIENTED_EDGE('',*,*,#10455,.T.);
#10453=ORIENTED_EDGE('',*,*,#10456,.T.);
#10454=ORIENTED_EDGE('',*,*,#10457,.T.);
#10455=EDGE_CURVE('',#90,#440,#10458,.F.);
#10456=EDGE_CURVE('',#440,#84,#10459,.T.);
#10457=EDGE_CURVE('',#84,#90,#10460,.T.);
#10458=LINE('',#89,#10461);
#10459=LINE('',#439,#10462);
#10460=LINE('',#83,#10463);
#10461=VECTOR('',#10464,1.0);
#10462=VECTOR('',#10465,1.0);
#10463=VECTOR('',#10466,1.0);
#10464=DIRECTION('',(0,0,1));
#10465=DIRECTION('',(-0.03924637232727365,0.03445292227203395,-0.9986354281749003));
#10466=DIRECTION('',(0.7515095933257684,-0.6597221620798697,0));
#10467=STYLED_ITEM('',(#18),#10468);
#10468=FACE_SURFACE('',(#10473),#10469,.T.);
#10469=PLANE('',#10470);
#10470=AXIS2_PLACEMENT_3D('',#209,#10471,#10472);
#10471=DIRECTION('',(-0.7549337632642428,0.6558010468760234,0));
#10472=DIRECTION('',(-0.008599260624361662,-0.009899148858276578,0.9999140260885412));
#10473=FACE_BOUND('',#10474,.T.);
#10474=EDGE_LOOP('',(#10475,#10476,#10477));
#10475=ORIENTED_EDGE('',*,*,#10478,.T.);
#10476=ORIENTED_EDGE('',*,*,#10479,.T.);
#10477=ORIENTED_EDGE('',*,*,#10480,.T.);
#10478=EDGE_CURVE('',#210,#668,#10481,.F.);
#10479=EDGE_CURVE('',#668,#672,#10482,.T.);
#10480=EDGE_CURVE('',#672,#210,#10483,.T.);
#10481=LINE('',#209,#10484);
#10482=LINE('',#667,#10485);
#10483=LINE('',#671,#10486);
#10484=VECTOR('',#10487,1.0);
#10485=VECTOR('',#10488,1.0);
#10486=VECTOR('',#10489,1.0);
#10487=DIRECTION('',(-0.008599260624361662,-0.009899148858276578,0.9999140260885412));
#10488=DIRECTION('',(0.6558010468760234,0.7549337632642428,0));
#10489=DIRECTION('',(0,0,-1));
#10490=STYLED_ITEM('',(#18),#10491);
#10491=FACE_SURFACE('',(#10496),#10492,.T.);
#10492=PLANE('',#10493);
#10493=AXIS2_PLACEMENT_3D('',#139,#10494,#10495);
#10494=DIRECTION('',(-0.5560223079986824,-0.8311673676268928,0));
#10495=DIRECTION('',(0,0,1));
#10496=FACE_BOUND('',#10497,.T.);
#10497=EDGE_LOOP('',(#10498,#10499,#10500));
#10498=ORIENTED_EDGE('',*,*,#10501,.T.);
#10499=ORIENTED_EDGE('',*,*,#10502,.T.);
#10500=ORIENTED_EDGE('',*,*,#10503,.T.);
#10501=EDGE_CURVE('',#140,#442,#10504,.F.);
#10502=EDGE_CURVE('',#442,#440,#10505,.T.);
#10503=EDGE_CURVE('',#440,#140,#10506,.T.);
#10504=LINE('',#139,#10507);
#10505=LINE('',#441,#10508);
#10506=LINE('',#439,#10509);
#10507=VECTOR('',#10510,1.0);
#10508=VECTOR('',#10511,1.0);
#10509=VECTOR('',#10512,1.0);
#10510=DIRECTION('',(0,0,1));
#10511=DIRECTION('',(-0.8311673676268928,0.5560223079986824,0));
#10512=DIRECTION('',(0.04344054755003125,-0.029060228361055512,-0.9986332770122157));
#10513=STYLED_ITEM('',(#18),#10514);
#10514=FACE_SURFACE('',(#10519),#10515,.T.);
#10515=PLANE('',#10516);
#10516=AXIS2_PLACEMENT_3D('',#139,#10517,#10518);
#10517=DIRECTION('',(-0.5560223079986824,-0.8311673676268928,0));
#10518=DIRECTION('',(-0.04344054755003125,0.029060228361055512,0.9986332770122157));
#10519=FACE_BOUND('',#10520,.T.);
#10520=EDGE_LOOP('',(#10521,#10522,#10523));
#10521=ORIENTED_EDGE('',*,*,#10524,.T.);
#10522=ORIENTED_EDGE('',*,*,#10525,.T.);
#10523=ORIENTED_EDGE('',*,*,#10526,.T.);
#10524=EDGE_CURVE('',#140,#440,#10527,.F.);
#10525=EDGE_CURVE('',#440,#90,#10528,.T.);
#10526=EDGE_CURVE('',#90,#140,#10529,.T.);
#10527=LINE('',#139,#10530);
#10528=LINE('',#439,#10531);
#10529=LINE('',#89,#10532);
#10530=VECTOR('',#10533,1.0);
#10531=VECTOR('',#10534,1.0);
#10532=VECTOR('',#10535,1.0);
#10533=DIRECTION('',(-0.04344054755003125,0.029060228361055512,0.9986332770122157));
#10534=DIRECTION('',(0,0,-1));
#10535=DIRECTION('',(0.8311673676268928,-0.5560223079986824,0));
#10536=STYLED_ITEM('',(#18),#10537);
#10537=FACE_SURFACE('',(#10542),#10538,.T.);
#10538=PLANE('',#10539);
#10539=AXIS2_PLACEMENT_3D('',#669,#10540,#10541);
#10540=DIRECTION('',(-0.6558010468760156,0.7549337632642494,0));
#10541=DIRECTION('',(0.7549337632642495,0.6558010468760157,0));
#10542=FACE_BOUND('',#10543,.T.);
#10543=EDGE_LOOP('',(#10544,#10545,#10546));
#10544=ORIENTED_EDGE('',*,*,#10547,.T.);
#10545=ORIENTED_EDGE('',*,*,#10548,.T.);
#10546=ORIENTED_EDGE('',*,*,#10549,.T.);
#10547=EDGE_CURVE('',#670,#668,#10550,.F.);
#10548=EDGE_CURVE('',#668,#214,#10551,.T.);
#10549=EDGE_CURVE('',#214,#670,#10552,.T.);
#10550=LINE('',#669,#10553);
#10551=LINE('',#667,#10554);
#10552=LINE('',#213,#10555);
#10553=VECTOR('',#10556,1.0);
#10554=VECTOR('',#10557,1.0);
#10555=VECTOR('',#10558,1.0);
#10556=DIRECTION('',(0.7549337632642495,0.6558010468760157,0));
#10557=DIRECTION('',(-0.009899148858276578,-0.008599260624361484,-0.9999140260885412));
#10558=DIRECTION('',(0,0,1));
#10559=STYLED_ITEM('',(#18),#10560);
#10560=FACE_SURFACE('',(#10565),#10561,.T.);
#10561=PLANE('',#10562);
#10562=AXIS2_PLACEMENT_3D('',#441,#10563,#10564);
#10563=DIRECTION('',(-0.4433872083408196,-0.8963301754820792,-0));
#10564=DIRECTION('',(0,0,-1));
#10565=FACE_BOUND('',#10566,.T.);
#10566=EDGE_LOOP('',(#10567,#10568,#10569));
#10567=ORIENTED_EDGE('',*,*,#10570,.T.);
#10568=ORIENTED_EDGE('',*,*,#10571,.T.);
#10569=ORIENTED_EDGE('',*,*,#10572,.T.);
#10570=EDGE_CURVE('',#442,#140,#10573,.F.);
#10571=EDGE_CURVE('',#140,#438,#10574,.T.);
#10572=EDGE_CURVE('',#438,#442,#10575,.T.);
#10573=LINE('',#441,#10576);
#10574=LINE('',#139,#10577);
#10575=LINE('',#437,#10578);
#10576=VECTOR('',#10579,1.0);
#10577=VECTOR('',#10580,1.0);
#10578=VECTOR('',#10581,1.0);
#10579=DIRECTION('',(0,0,-1));
#10580=DIRECTION('',(0.0468359289502173,-0.02316830600522499,0.9986338795355476));
#10581=DIRECTION('',(-0.896330175482079,0.44338720834081957,0));
#10582=STYLED_ITEM('',(#18),#10583);
#10583=FACE_SURFACE('',(#10588),#10584,.T.);
#10584=PLANE('',#10585);
#10585=AXIS2_PLACEMENT_3D('',#135,#10586,#10587);
#10586=DIRECTION('',(-0.4433872083408196,-0.8963301754820792,0));
#10587=DIRECTION('',(0,0,1));
#10588=FACE_BOUND('',#10589,.T.);
#10589=EDGE_LOOP('',(#10590,#10591,#10592));
#10590=ORIENTED_EDGE('',*,*,#10593,.T.);
#10591=ORIENTED_EDGE('',*,*,#10594,.T.);
#10592=ORIENTED_EDGE('',*,*,#10595,.T.);
#10593=EDGE_CURVE('',#136,#438,#10596,.F.);
#10594=EDGE_CURVE('',#438,#140,#10597,.T.);
#10595=EDGE_CURVE('',#140,#136,#10598,.T.);
#10596=LINE('',#135,#10599);
#10597=LINE('',#437,#10600);
#10598=LINE('',#139,#10601);
#10599=VECTOR('',#10602,1.0);
#10600=VECTOR('',#10603,1.0);
#10601=VECTOR('',#10604,1.0);
#10602=DIRECTION('',(0,0,1));
#10603=DIRECTION('',(-0.0468359289502173,0.02316830600522499,-0.9986338795355476));
#10604=DIRECTION('',(0.896330175482079,-0.44338720834081957,0));
#10605=STYLED_ITEM('',(#18),#10606);
#10606=FACE_SURFACE('',(#10611),#10607,.T.);
#10607=PLANE('',#10608);
#10608=AXIS2_PLACEMENT_3D('',#685,#10609,#10610);
#10609=DIRECTION('',(0,0,1));
#10610=DIRECTION('',(-0.22746824075918756,0.9737854997102392,0));
#10611=FACE_BOUND('',#10612,.T.);
#10612=EDGE_LOOP('',(#10613,#10614,#10615));
#10613=ORIENTED_EDGE('',*,*,#10616,.T.);
#10614=ORIENTED_EDGE('',*,*,#10617,.T.);
#10615=ORIENTED_EDGE('',*,*,#10618,.T.);
#10616=EDGE_CURVE('',#686,#736,#10619,.F.);
#10617=EDGE_CURVE('',#736,#730,#10620,.T.);
#10618=EDGE_CURVE('',#730,#686,#10621,.T.);
#10619=LINE('',#685,#10622);
#10620=LINE('',#735,#10623);
#10621=LINE('',#729,#10624);
#10622=VECTOR('',#10625,1.0);
#10623=VECTOR('',#10626,1.0);
#10624=VECTOR('',#10627,1.0);
#10625=DIRECTION('',(-0.22746824075918756,0.9737854997102392,0));
#10626=DIRECTION('',(0.09796556240538103,-0.9951898053047958,0));
#10627=DIRECTION('',(0.9808006582599831,0.1950129963791745,0));
#10628=STYLED_ITEM('',(#18),#10629);
#10629=FACE_SURFACE('',(#10634),#10630,.T.);
#10630=PLANE('',#10631);
#10631=AXIS2_PLACEMENT_3D('',#739,#10632,#10633);
#10632=DIRECTION('',(0,0,1));
#10633=DIRECTION('',(-0.9479222324347258,-0.31850187009806646,0));
#10634=FACE_BOUND('',#10635,.T.);
#10635=EDGE_LOOP('',(#10636,#10637,#10638));
#10636=ORIENTED_EDGE('',*,*,#10639,.T.);
#10637=ORIENTED_EDGE('',*,*,#10640,.T.);
#10638=ORIENTED_EDGE('',*,*,#10641,.T.);
#10639=EDGE_CURVE('',#740,#734,#10642,.F.);
#10640=EDGE_CURVE('',#734,#630,#10643,.T.);
#10641=EDGE_CURVE('',#630,#740,#10644,.T.);
#10642=LINE('',#739,#10645);
#10643=LINE('',#733,#10646);
#10644=LINE('',#629,#10647);
#10645=VECTOR('',#10648,1.0);
#10646=VECTOR('',#10649,1.0);
#10647=VECTOR('',#10650,1.0);
#10648=DIRECTION('',(-0.9479222324347258,-0.31850187009806646,0));
#10649=DIRECTION('',(0.32292202981015394,-0.9464255716448547,0));
#10650=DIRECTION('',(-0.29107073252074694,0.9567015358354118,0));
#10651=STYLED_ITEM('',(#18),#10652);
#10652=FACE_SURFACE('',(#10657),#10653,.T.);
#10653=PLANE('',#10654);
#10654=AXIS2_PLACEMENT_3D('',#735,#10655,#10656);
#10655=DIRECTION('',(0,0,1));
#10656=DIRECTION('',(-0.9976483193600396,-0.0685407242308449,0));
#10657=FACE_BOUND('',#10658,.T.);
#10658=EDGE_LOOP('',(#10659,#10660,#10661));
#10659=ORIENTED_EDGE('',*,*,#10662,.T.);
#10660=ORIENTED_EDGE('',*,*,#10663,.T.);
#10661=ORIENTED_EDGE('',*,*,#10664,.T.);
#10662=EDGE_CURVE('',#736,#732,#10665,.F.);
#10663=EDGE_CURVE('',#732,#730,#10666,.T.);
#10664=EDGE_CURVE('',#730,#736,#10667,.T.);
#10665=LINE('',#735,#10668);
#10666=LINE('',#731,#10669);
#10667=LINE('',#729,#10670);
#10668=VECTOR('',#10671,1.0);
#10669=VECTOR('',#10672,1.0);
#10670=VECTOR('',#10673,1.0);
#10671=DIRECTION('',(-0.9976483193600396,-0.0685407242308449,0));
#10672=DIRECTION('',(0.13059041210568875,-0.9914364045495133,0));
#10673=DIRECTION('',(-0.09796556240538103,0.9951898053047958,0));
#10674=STYLED_ITEM('',(#18),#10675);
#10675=FACE_SURFACE('',(#10680),#10676,.T.);
#10676=PLANE('',#10677);
#10677=AXIS2_PLACEMENT_3D('',#733,#10678,#10679);
#10678=DIRECTION('',(0,0,1));
#10679=DIRECTION('',(-0.9799873195820539,-0.199059924290103,0));
#10680=FACE_BOUND('',#10681,.T.);
#10681=EDGE_LOOP('',(#10682,#10683,#10684));
#10682=ORIENTED_EDGE('',*,*,#10685,.T.);
#10683=ORIENTED_EDGE('',*,*,#10686,.T.);
#10684=ORIENTED_EDGE('',*,*,#10687,.T.);
#10685=EDGE_CURVE('',#734,#736,#10688,.F.);
#10686=EDGE_CURVE('',#736,#686,#10689,.T.);
#10687=EDGE_CURVE('',#686,#734,#10690,.T.);
#10688=LINE('',#733,#10691);
#10689=LINE('',#735,#10692);
#10690=LINE('',#685,#10693);
#10691=VECTOR('',#10694,1.0);
#10692=VECTOR('',#10695,1.0);
#10693=VECTOR('',#10696,1.0);
#10694=DIRECTION('',(-0.9799873195820539,-0.199059924290103,0));
#10695=DIRECTION('',(0.22746824075918756,-0.9737854997102392,0));
#10696=DIRECTION('',(-0.19534152390218082,0.9807352797975474,0));
#10697=STYLED_ITEM('',(#18),#10698);
#10698=FACE_SURFACE('',(#10703),#10699,.T.);
#10699=PLANE('',#10700);
#10700=AXIS2_PLACEMENT_3D('',#681,#10701,#10702);
#10701=DIRECTION('',(0,0,1));
#10702=DIRECTION('',(0.13059041210568875,0.9914364045495133,0));
#10703=FACE_BOUND('',#10704,.T.);
#10704=EDGE_LOOP('',(#10705,#10706,#10707));
#10705=ORIENTED_EDGE('',*,*,#10708,.T.);
#10706=ORIENTED_EDGE('',*,*,#10709,.T.);
#10707=ORIENTED_EDGE('',*,*,#10710,.T.);
#10708=EDGE_CURVE('',#682,#732,#10711,.F.);
#10709=EDGE_CURVE('',#732,#744,#10712,.T.);
#10710=EDGE_CURVE('',#744,#682,#10713,.T.);
#10711=LINE('',#681,#10714);
#10712=LINE('',#731,#10715);
#10713=LINE('',#743,#10716);
#10714=VECTOR('',#10717,1.0);
#10715=VECTOR('',#10718,1.0);
#10716=VECTOR('',#10719,1.0);
#10717=DIRECTION('',(0.13059041210568875,0.9914364045495133,0));
#10718=DIRECTION('',(-0.9976483193600396,0.0685407242308449,0));
#10719=DIRECTION('',(-0.09796556240538103,-0.9951898053047958,0));
#10720=STYLED_ITEM('',(#18),#10721);
#10721=FACE_SURFACE('',(#10726),#10722,.T.);
#10722=PLANE('',#10723);
#10723=AXIS2_PLACEMENT_3D('',#721,#10724,#10725);
#10724=DIRECTION('',(0,0,1));
#10725=DIRECTION('',(-0.1872786691327018,-0.9823068258379781,0));
#10726=FACE_BOUND('',#10727,.T.);
#10727=EDGE_LOOP('',(#10728,#10729,#10730));
#10728=ORIENTED_EDGE('',*,*,#10731,.T.);
#10729=ORIENTED_EDGE('',*,*,#10732,.T.);
#10730=ORIENTED_EDGE('',*,*,#10733,.T.);
#10731=EDGE_CURVE('',#722,#702,#10734,.F.);
#10732=EDGE_CURVE('',#702,#744,#10735,.T.);
#10733=EDGE_CURVE('',#744,#722,#10736,.T.);
#10734=LINE('',#721,#10737);
#10735=LINE('',#701,#10738);
#10736=LINE('',#743,#10739);
#10737=VECTOR('',#10740,1.0);
#10738=VECTOR('',#10741,1.0);
#10739=VECTOR('',#10742,1.0);
#10740=DIRECTION('',(-0.1872786691327018,-0.9823068258379781,0));
#10741=DIRECTION('',(0.2194666795234766,0.9756199959917486,0));
#10742=DIRECTION('',(-0.9799873195820539,0.199059924290103,0));
#10743=STYLED_ITEM('',(#18),#10744);
#10744=FACE_SURFACE('',(#10749),#10745,.T.);
#10745=PLANE('',#10746);
#10746=AXIS2_PLACEMENT_3D('',#721,#10747,#10748);
#10747=DIRECTION('',(0,0,1));
#10748=DIRECTION('',(-0.9479222324347258,0.31850187009806646,0));
#10749=FACE_BOUND('',#10750,.T.);
#10750=EDGE_LOOP('',(#10751,#10752,#10753));
#10751=ORIENTED_EDGE('',*,*,#10754,.T.);
#10752=ORIENTED_EDGE('',*,*,#10755,.T.);
#10753=ORIENTED_EDGE('',*,*,#10756,.T.);
#10754=EDGE_CURVE('',#722,#720,#10757,.F.);
#10755=EDGE_CURVE('',#720,#694,#10758,.T.);
#10756=EDGE_CURVE('',#694,#722,#10759,.T.);
#10757=LINE('',#721,#10760);
#10758=LINE('',#719,#10761);
#10759=LINE('',#693,#10762);
#10760=VECTOR('',#10763,1.0);
#10761=VECTOR('',#10764,1.0);
#10762=VECTOR('',#10765,1.0);
#10763=DIRECTION('',(-0.9479222324347258,0.31850187009806646,0));
#10764=DIRECTION('',(-0.29107073252074694,-0.9567015358354118,0));
#10765=DIRECTION('',(0.32292202981015394,0.9464255716448547,0));
#10766=STYLED_ITEM('',(#18),#10767);
#10767=FACE_SURFACE('',(#10772),#10768,.T.);
#10768=PLANE('',#10769);
#10769=AXIS2_PLACEMENT_3D('',#689,#10770,#10771);
#10770=DIRECTION('',(0,-0,1));
#10771=DIRECTION('',(0.5050558550912284,0.8630866603291167,0));
#10772=FACE_BOUND('',#10773,.T.);
#10773=EDGE_LOOP('',(#10774,#10775,#10776));
#10774=ORIENTED_EDGE('',*,*,#10777,.T.);
#10775=ORIENTED_EDGE('',*,*,#10778,.T.);
#10776=ORIENTED_EDGE('',*,*,#10779,.T.);
#10777=EDGE_CURVE('',#690,#726,#10780,.F.);
#10778=EDGE_CURVE('',#726,#688,#10781,.T.);
#10779=EDGE_CURVE('',#688,#690,#10782,.T.);
#10780=LINE('',#689,#10783);
#10781=LINE('',#725,#10784);
#10782=LINE('',#687,#10785);
#10783=VECTOR('',#10786,1.0);
#10784=VECTOR('',#10787,1.0);
#10785=VECTOR('',#10788,1.0);
#10786=DIRECTION('',(0.5050558550912284,0.8630866603291167,0));
#10787=DIRECTION('',(-0.5740247366978614,-0.8188379581205009,0));
#10788=DIRECTION('',(0.7514363909015759,-0.6598055398591421,0));
#10789=STYLED_ITEM('',(#18),#10790);
#10790=FACE_SURFACE('',(#10795),#10791,.T.);
#10791=PLANE('',#10792);
#10792=AXIS2_PLACEMENT_3D('',#681,#10793,#10794);
#10793=DIRECTION('',(0,-0,1));
#10794=DIRECTION('',(0.09796556240538103,0.9951898053047958,0));
#10795=FACE_BOUND('',#10796,.T.);
#10796=EDGE_LOOP('',(#10797,#10798,#10799));
#10797=ORIENTED_EDGE('',*,*,#10800,.T.);
#10798=ORIENTED_EDGE('',*,*,#10801,.T.);
#10799=ORIENTED_EDGE('',*,*,#10802,.T.);
#10800=EDGE_CURVE('',#682,#744,#10803,.F.);
#10801=EDGE_CURVE('',#744,#702,#10804,.T.);
#10802=EDGE_CURVE('',#702,#682,#10805,.T.);
#10803=LINE('',#681,#10806);
#10804=LINE('',#743,#10807);
#10805=LINE('',#701,#10808);
#10806=VECTOR('',#10809,1.0);
#10807=VECTOR('',#10810,1.0);
#10808=VECTOR('',#10811,1.0);
#10809=DIRECTION('',(0.09796556240538103,0.9951898053047958,0));
#10810=DIRECTION('',(-0.2194666795234766,-0.9756199959917486,0));
#10811=DIRECTION('',(0.9808152527373116,-0.1949395803777254,0));
#10812=STYLED_ITEM('',(#18),#10813);
#10813=FACE_SURFACE('',(#10818),#10814,.T.);
#10814=PLANE('',#10815);
#10815=AXIS2_PLACEMENT_3D('',#467,#10816,#10817);
#10816=DIRECTION('',(-0.3208070336803878,-0.9471445756278133,0));
#10817=DIRECTION('',(-0.9471445756278133,0.3208070336803878,0));
#10818=FACE_BOUND('',#10819,.T.);
#10819=EDGE_LOOP('',(#10820,#10821,#10822));
#10820=ORIENTED_EDGE('',*,*,#10823,.T.);
#10821=ORIENTED_EDGE('',*,*,#10824,.T.);
#10822=ORIENTED_EDGE('',*,*,#10825,.T.);
#10823=EDGE_CURVE('',#468,#438,#10826,.F.);
#10824=EDGE_CURVE('',#438,#136,#10827,.T.);
#10825=EDGE_CURVE('',#136,#468,#10828,.T.);
#10826=LINE('',#467,#10829);
#10827=LINE('',#437,#10830);
#10828=LINE('',#135,#10831);
#10829=VECTOR('',#10832,1.0);
#10830=VECTOR('',#10833,1.0);
#10831=VECTOR('',#10834,1.0);
#10832=DIRECTION('',(-0.9471445756278133,0.3208070336803878,0));
#10833=DIRECTION('',(0,0,-1));
#10834=DIRECTION('',(0.04953212804717308,-0.016777011112752142,0.9986316138542987));
#10835=STYLED_ITEM('',(#18),#10836);
#10836=FACE_SURFACE('',(#10841),#10837,.T.);
#10837=PLANE('',#10838);
#10838=AXIS2_PLACEMENT_3D('',#669,#10839,#10840);
#10839=DIRECTION('',(-0.5564580441596162,0.8308757097725595,0));
#10840=DIRECTION('',(0,0,-1));
#10841=FACE_BOUND('',#10842,.T.);
#10842=EDGE_LOOP('',(#10843,#10844,#10845));
#10843=ORIENTED_EDGE('',*,*,#10846,.T.);
#10844=ORIENTED_EDGE('',*,*,#10847,.T.);
#10845=ORIENTED_EDGE('',*,*,#10848,.T.);
#10846=EDGE_CURVE('',#670,#214,#10849,.F.);
#10847=EDGE_CURVE('',#214,#738,#10850,.T.);
#10848=EDGE_CURVE('',#738,#670,#10851,.T.);
#10849=LINE('',#669,#10852);
#10850=LINE('',#213,#10853);
#10851=LINE('',#737,#10854);
#10852=VECTOR('',#10855,1.0);
#10853=VECTOR('',#10856,1.0);
#10854=VECTOR('',#10857,1.0);
#10855=DIRECTION('',(0,0,-1));
#10856=DIRECTION('',(-0.010899062176047712,-0.007299371916068811,0.999913961105311));
#10857=DIRECTION('',(0.8308757097725595,0.5564580441596162,0));
#10858=STYLED_ITEM('',(#18),#10859);
#10859=FACE_SURFACE('',(#10864),#10860,.T.);
#10860=PLANE('',#10861);
#10861=AXIS2_PLACEMENT_3D('',#717,#10862,#10863);
#10862=DIRECTION('',(0,0,1));
#10863=DIRECTION('',(0.9932528773730468,0.11596862330028486,0));
#10864=FACE_BOUND('',#10865,.T.);
#10865=EDGE_LOOP('',(#10866,#10867,#10868));
#10866=ORIENTED_EDGE('',*,*,#10869,.T.);
#10867=ORIENTED_EDGE('',*,*,#10870,.T.);
#10868=ORIENTED_EDGE('',*,*,#10871,.T.);
#10869=EDGE_CURVE('',#718,#484,#10872,.F.);
#10870=EDGE_CURVE('',#484,#482,#10873,.T.);
#10871=EDGE_CURVE('',#482,#718,#10874,.T.);
#10872=LINE('',#717,#10875);
#10873=LINE('',#483,#10876);
#10874=LINE('',#481,#10877);
#10875=VECTOR('',#10878,1.0);
#10876=VECTOR('',#10879,1.0);
#10877=VECTOR('',#10880,1.0);
#10878=DIRECTION('',(0.9932528773730468,0.11596862330028486,0));
#10879=DIRECTION('',(-0.9983314686278072,0.05774321386488373,0));
#10880=DIRECTION('',(-0.1950129963791784,-0.9808006582599823,0));
#10881=STYLED_ITEM('',(#18),#10882);
#10882=FACE_SURFACE('',(#10887),#10883,.T.);
#10883=PLANE('',#10884);
#10884=AXIS2_PLACEMENT_3D('',#699,#10885,#10886);
#10885=DIRECTION('',(0,-0,1));
#10886=DIRECTION('',(0.19534152390218082,0.9807352797975474,0));
#10887=FACE_BOUND('',#10888,.T.);
#10888=EDGE_LOOP('',(#10889,#10890,#10891));
#10889=ORIENTED_EDGE('',*,*,#10892,.T.);
#10890=ORIENTED_EDGE('',*,*,#10893,.T.);
#10891=ORIENTED_EDGE('',*,*,#10894,.T.);
#10892=EDGE_CURVE('',#700,#722,#10895,.F.);
#10893=EDGE_CURVE('',#722,#694,#10896,.T.);
#10894=EDGE_CURVE('',#694,#700,#10897,.T.);
#10895=LINE('',#699,#10898);
#10896=LINE('',#721,#10899);
#10897=LINE('',#693,#10900);
#10898=VECTOR('',#10901,1.0);
#10899=VECTOR('',#10902,1.0);
#10900=VECTOR('',#10903,1.0);
#10901=DIRECTION('',(0.19534152390218082,0.9807352797975474,0));
#10902=DIRECTION('',(-0.32292202981015394,-0.9464255716448547,0));
#10903=DIRECTION('',(0.9471445756278123,-0.3208070336803909,0));
#10904=STYLED_ITEM('',(#18),#10905);
#10905=FACE_SURFACE('',(#10910),#10906,.T.);
#10906=PLANE('',#10907);
#10907=AXIS2_PLACEMENT_3D('',#701,#10908,#10909);
#10908=DIRECTION('',(0,-0,1));
#10909=DIRECTION('',(0.1872786691327018,0.9823068258379781,0));
#10910=FACE_BOUND('',#10911,.T.);
#10911=EDGE_LOOP('',(#10912,#10913,#10914));
#10912=ORIENTED_EDGE('',*,*,#10915,.T.);
#10913=ORIENTED_EDGE('',*,*,#10916,.T.);
#10914=ORIENTED_EDGE('',*,*,#10917,.T.);
#10915=EDGE_CURVE('',#702,#722,#10918,.F.);
#10916=EDGE_CURVE('',#722,#700,#10919,.T.);
#10917=EDGE_CURVE('',#700,#702,#10920,.T.);
#10918=LINE('',#701,#10921);
#10919=LINE('',#721,#10922);
#10920=LINE('',#699,#10923);
#10921=VECTOR('',#10924,1.0);
#10922=VECTOR('',#10925,1.0);
#10923=VECTOR('',#10926,1.0);
#10924=DIRECTION('',(0.1872786691327018,0.9823068258379781,0));
#10925=DIRECTION('',(-0.19534152390218082,-0.9807352797975474,0));
#10926=DIRECTION('',(0.9805806756909244,-0.19611613513816312,0));
#10927=STYLED_ITEM('',(#18),#10928);
#10928=FACE_SURFACE('',(#10933),#10929,.T.);
#10929=PLANE('',#10930);
#10930=AXIS2_PLACEMENT_3D('',#537,#10931,#10932);
#10931=DIRECTION('',(-0.6558010468760234,0.7549337632642428,0));
#10932=DIRECTION('',(0,0,-1));
#10933=FACE_BOUND('',#10934,.T.);
#10934=EDGE_LOOP('',(#10935,#10936,#10937));
#10935=ORIENTED_EDGE('',*,*,#10938,.T.);
#10936=ORIENTED_EDGE('',*,*,#10939,.T.);
#10937=ORIENTED_EDGE('',*,*,#10940,.T.);
#10938=EDGE_CURVE('',#538,#80,#10941,.F.);
#10939=EDGE_CURVE('',#80,#268,#10942,.T.);
#10940=EDGE_CURVE('',#268,#538,#10943,.T.);
#10941=LINE('',#537,#10944);
#10942=LINE('',#79,#10945);
#10943=LINE('',#267,#10946);
#10944=VECTOR('',#10947,1.0);
#10945=VECTOR('',#10948,1.0);
#10946=VECTOR('',#10949,1.0);
#10947=DIRECTION('',(0,0,-1));
#10948=DIRECTION('',(-0.7549337632642428,-0.6558010468760234,0));
#10949=DIRECTION('',(0.009899148858276578,0.008599260624361662,0.9999140260885412));
#10950=STYLED_ITEM('',(#18),#10951);
#10951=FACE_SURFACE('',(#10956),#10952,.T.);
#10952=PLANE('',#10953);
#10953=AXIS2_PLACEMENT_3D('',#349,#10954,#10955);
#10954=DIRECTION('',(-0.06499637357340082,-0.997885500156359,0));
#10955=DIRECTION('',(0,0,1));
#10956=FACE_BOUND('',#10957,.T.);
#10957=EDGE_LOOP('',(#10958,#10959,#10960));
#10958=ORIENTED_EDGE('',*,*,#10961,.T.);
#10959=ORIENTED_EDGE('',*,*,#10962,.T.);
#10960=ORIENTED_EDGE('',*,*,#10963,.T.);
#10961=EDGE_CURVE('',#350,#492,#10964,.F.);
#10962=EDGE_CURVE('',#492,#650,#10965,.T.);
#10963=EDGE_CURVE('',#650,#350,#10966,.T.);
#10964=LINE('',#349,#10967);
#10965=LINE('',#491,#10968);
#10966=LINE('',#649,#10969);
#10967=VECTOR('',#10970,1.0);
#10968=VECTOR('',#10971,1.0);
#10969=VECTOR('',#10972,1.0);
#10970=DIRECTION('',(0,0,1));
#10971=DIRECTION('',(-0.997885500156359,0.06499637357340082,0));
#10972=DIRECTION('',(0.05212872620190561,-0.0033953576453347504,-0.9986346015690759));
#10973=STYLED_ITEM('',(#18),#10974);
#10974=FACE_SURFACE('',(#10979),#10975,.T.);
#10975=PLANE('',#10976);
#10976=AXIS2_PLACEMENT_3D('',#53,#10977,#10978);
#10977=DIRECTION('',(0,0,1));
#10978=DIRECTION('',(0,-1,0));
#10979=FACE_BOUND('',#10980,.T.);
#10980=EDGE_LOOP('',(#10981,#10982,#10983));
#10981=ORIENTED_EDGE('',*,*,#10984,.T.);
#10982=ORIENTED_EDGE('',*,*,#10985,.T.);
#10983=ORIENTED_EDGE('',*,*,#10986,.T.);
#10984=EDGE_CURVE('',#54,#42,#10987,.F.);
#10985=EDGE_CURVE('',#42,#710,#10988,.T.);
#10986=EDGE_CURVE('',#710,#54,#10989,.T.);
#10987=LINE('',#53,#10990);
#10988=LINE('',#41,#10991);
#10989=LINE('',#709,#10992);
#10990=VECTOR('',#10993,1.0);
#10991=VECTOR('',#10994,1.0);
#10992=VECTOR('',#10995,1.0);
#10993=DIRECTION('',(0,-1,0));
#10994=DIRECTION('',(0.07095044896247937,0.9974798412960647,0));
#10995=DIRECTION('',(-0.06499637357340061,0.9978855001563592,0));
#10996=STYLED_ITEM('',(#18),#10997);
#10997=FACE_SURFACE('',(#11002),#10998,.T.);
#10998=PLANE('',#10999);
#10999=AXIS2_PLACEMENT_3D('',#41,#11000,#11001);
#11000=DIRECTION('',(0,0,1));
#11001=DIRECTION('',(-0.5547001962252291,-0.8320502943378437,0));
#11002=FACE_BOUND('',#11003,.T.);
#11003=EDGE_LOOP('',(#11004,#11005,#11006));
#11004=ORIENTED_EDGE('',*,*,#11007,.T.);
#11005=ORIENTED_EDGE('',*,*,#11008,.T.);
#11006=ORIENTED_EDGE('',*,*,#11009,.T.);
#11007=EDGE_CURVE('',#42,#40,#11010,.F.);
#11008=EDGE_CURVE('',#40,#746,#11011,.T.);
#11009=EDGE_CURVE('',#746,#42,#11012,.T.);
#11010=LINE('',#41,#11013);
#11011=LINE('',#39,#11014);
#11012=LINE('',#745,#11015);
#11013=VECTOR('',#11016,1.0);
#11014=VECTOR('',#11017,1.0);
#11015=VECTOR('',#11018,1.0);
#11016=DIRECTION('',(-0.5547001962252291,-0.8320502943378437,0));
#11017=DIRECTION('',(0.580082002122258,0.8145580831431437,0));
#11018=DIRECTION('',(-0.49684280351457644,0.8678405548231634,0));
#11019=STYLED_ITEM('',(#18),#11020);
#11020=FACE_SURFACE('',(#11025),#11021,.T.);
#11021=PLANE('',#11022);
#11022=AXIS2_PLACEMENT_3D('',#45,#11023,#11024);
#11023=DIRECTION('',(0,-0,1));
#11024=DIRECTION('',(0.1575480725649238,0.9875113188369424,0));
#11025=FACE_BOUND('',#11026,.T.);
#11026=EDGE_LOOP('',(#11027,#11028,#11029));
#11027=ORIENTED_EDGE('',*,*,#11030,.T.);
#11028=ORIENTED_EDGE('',*,*,#11031,.T.);
#11029=ORIENTED_EDGE('',*,*,#11032,.T.);
#11030=EDGE_CURVE('',#46,#692,#11033,.F.);
#11031=EDGE_CURVE('',#692,#40,#11034,.T.);
#11032=EDGE_CURVE('',#40,#46,#11035,.T.);
#11033=LINE('',#45,#11036);
#11034=LINE('',#691,#11037);
#11035=LINE('',#39,#11038);
#11036=VECTOR('',#11039,1.0);
#11037=VECTOR('',#11040,1.0);
#11038=VECTOR('',#11041,1.0);
#11039=DIRECTION('',(0.1575480725649238,0.9875113188369424,0));
#11040=DIRECTION('',(-0.6914947350589981,-0.7223814998916334,0));
#11041=DIRECTION('',(1,0,0));
#11042=STYLED_ITEM('',(#18),#11043);
#11043=FACE_SURFACE('',(#11048),#11044,.T.);
#11044=PLANE('',#11045);
#11045=AXIS2_PLACEMENT_3D('',#551,#11046,#11047);
#11046=DIRECTION('',(0.3208070336803878,-0.9471445756278133,0));
#11047=DIRECTION('',(-0.04953212804717308,-0.016777011112752142,-0.9986316138542987));
#11048=FACE_BOUND('',#11049,.T.);
#11049=EDGE_LOOP('',(#11050,#11051,#11052));
#11050=ORIENTED_EDGE('',*,*,#11053,.T.);
#11051=ORIENTED_EDGE('',*,*,#11054,.T.);
#11052=ORIENTED_EDGE('',*,*,#11055,.T.);
#11053=EDGE_CURVE('',#552,#234,#11056,.F.);
#11054=EDGE_CURVE('',#234,#232,#11057,.T.);
#11055=EDGE_CURVE('',#232,#552,#11058,.T.);
#11056=LINE('',#551,#11059);
#11057=LINE('',#233,#11060);
#11058=LINE('',#231,#11061);
#11059=VECTOR('',#11062,1.0);
#11060=VECTOR('',#11063,1.0);
#11061=VECTOR('',#11064,1.0);
#11062=DIRECTION('',(-0.04953212804717308,-0.016777011112752142,-0.9986316138542987));
#11063=DIRECTION('',(0.9471445756278133,0.3208070336803878,0));
#11064=DIRECTION('',(0,0,1));
#11065=STYLED_ITEM('',(#18),#11066);
#11066=FACE_SURFACE('',(#11071),#11067,.T.);
#11067=PLANE('',#11068);
#11068=AXIS2_PLACEMENT_3D('',#709,#11069,#11070);
#11069=DIRECTION('',(0,0,1));
#11070=DIRECTION('',(-0.07095044896247937,-0.9974798412960647,0));
#11071=FACE_BOUND('',#11072,.T.);
#11072=EDGE_LOOP('',(#11073,#11074,#11075));
#11073=ORIENTED_EDGE('',*,*,#11076,.T.);
#11074=ORIENTED_EDGE('',*,*,#11077,.T.);
#11075=ORIENTED_EDGE('',*,*,#11078,.T.);
#11076=EDGE_CURVE('',#710,#42,#11079,.F.);
#11077=EDGE_CURVE('',#42,#724,#11080,.T.);
#11078=EDGE_CURVE('',#724,#710,#11081,.T.);
#11079=LINE('',#709,#11082);
#11080=LINE('',#41,#11083);
#11081=LINE('',#723,#11084);
#11082=VECTOR('',#11085,1.0);
#11083=VECTOR('',#11086,1.0);
#11084=VECTOR('',#11087,1.0);
#11085=DIRECTION('',(-0.07095044896247937,-0.9974798412960647,0));
#11086=DIRECTION('',(0.9684438416701503,-0.2492318710180558,0));
#11087=DIRECTION('',(-0.1950129963791784,0.9808006582599823,0));
#11088=STYLED_ITEM('',(#18),#11089);
#11089=FACE_SURFACE('',(#11094),#11090,.T.);
#11090=PLANE('',#11091);
#11091=AXIS2_PLACEMENT_3D('',#723,#11092,#11093);
#11092=DIRECTION('',(0,0,1));
#11093=DIRECTION('',(-0.9684438416701503,0.2492318710180558,0));
#11094=FACE_BOUND('',#11095,.T.);
#11095=EDGE_LOOP('',(#11096,#11097,#11098));
#11096=ORIENTED_EDGE('',*,*,#11099,.T.);
#11097=ORIENTED_EDGE('',*,*,#11100,.T.);
#11098=ORIENTED_EDGE('',*,*,#11101,.T.);
#11099=EDGE_CURVE('',#724,#42,#11102,.F.);
#11100=EDGE_CURVE('',#42,#746,#11103,.T.);
#11101=EDGE_CURVE('',#746,#724,#11104,.T.);
#11102=LINE('',#723,#11105);
#11103=LINE('',#41,#11106);
#11104=LINE('',#745,#11107);
#11105=VECTOR('',#11108,1.0);
#11106=VECTOR('',#11109,1.0);
#11107=VECTOR('',#11110,1.0);
#11108=DIRECTION('',(-0.9684438416701503,0.2492318710180558,0));
#11109=DIRECTION('',(0.49684280351457644,-0.8678405548231634,0));
#11110=DIRECTION('',(-0.3208070336803868,0.9471445756278137,0));
#11111=STYLED_ITEM('',(#18),#11112);
#11112=FACE_SURFACE('',(#11117),#11113,.T.);
#11113=PLANE('',#11114);
#11114=AXIS2_PLACEMENT_3D('',#745,#11115,#11116);
#11115=DIRECTION('',(0,0,1));
#11116=DIRECTION('',(-0.580082002122258,-0.8145580831431437,0));
#11117=FACE_BOUND('',#11118,.T.);
#11118=EDGE_LOOP('',(#11119,#11120,#11121));
#11119=ORIENTED_EDGE('',*,*,#11122,.T.);
#11120=ORIENTED_EDGE('',*,*,#11123,.T.);
#11121=ORIENTED_EDGE('',*,*,#11124,.T.);
#11122=EDGE_CURVE('',#746,#40,#11125,.F.);
#11123=EDGE_CURVE('',#40,#706,#11126,.T.);
#11124=EDGE_CURVE('',#706,#746,#11127,.T.);
#11125=LINE('',#745,#11128);
#11126=LINE('',#39,#11129);
#11127=LINE('',#705,#11130);
#11128=VECTOR('',#11131,1.0);
#11129=VECTOR('',#11132,1.0);
#11130=VECTOR('',#11133,1.0);
#11131=DIRECTION('',(-0.580082002122258,-0.8145580831431437,0));
#11132=DIRECTION('',(0.6013141361212699,0.7990127093486881,0));
#11133=DIRECTION('',(-0.443387208340821,0.8963301754820785,0));
#11134=STYLED_ITEM('',(#18),#11135);
#11135=FACE_SURFACE('',(#11140),#11136,.T.);
#11136=PLANE('',#11137);
#11137=AXIS2_PLACEMENT_3D('',#231,#11138,#11139);
#11138=DIRECTION('',(0.4433872083408196,-0.8963301754820792,0));
#11139=DIRECTION('',(0.896330175482079,0.44338720834081957,0));
#11140=FACE_BOUND('',#11141,.T.);
#11141=EDGE_LOOP('',(#11142,#11143,#11144));
#11142=ORIENTED_EDGE('',*,*,#11145,.T.);
#11143=ORIENTED_EDGE('',*,*,#11146,.T.);
#11144=ORIENTED_EDGE('',*,*,#11147,.T.);
#11145=EDGE_CURVE('',#232,#78,#11148,.F.);
#11146=EDGE_CURVE('',#78,#552,#11149,.T.);
#11147=EDGE_CURVE('',#552,#232,#11150,.T.);
#11148=LINE('',#231,#11151);
#11149=LINE('',#77,#11152);
#11150=LINE('',#551,#11153);
#11151=VECTOR('',#11154,1.0);
#11152=VECTOR('',#11155,1.0);
#11153=VECTOR('',#11156,1.0);
#11154=DIRECTION('',(0.896330175482079,0.44338720834081957,0));
#11155=DIRECTION('',(-0.0468359289502173,-0.02316830600522499,0.9986338795355476));
#11156=DIRECTION('',(0,0,-1));
#11157=STYLED_ITEM('',(#18),#11158);
#11158=FACE_SURFACE('',(#11163),#11159,.T.);
#11159=PLANE('',#11160);
#11160=AXIS2_PLACEMENT_3D('',#179,#11161,#11162);
#11161=DIRECTION('',(-0.997885500156359,0.0649963735734006,0));
#11162=DIRECTION('',(-0.06499637357340061,-0.9978855001563592,0));
#11163=FACE_BOUND('',#11164,.T.);
#11164=EDGE_LOOP('',(#11165,#11166,#11167));
#11165=ORIENTED_EDGE('',*,*,#11168,.T.);
#11166=ORIENTED_EDGE('',*,*,#11169,.T.);
#11167=ORIENTED_EDGE('',*,*,#11170,.T.);
#11168=EDGE_CURVE('',#180,#56,#11171,.F.);
#11169=EDGE_CURVE('',#56,#718,#11172,.T.);
#11170=EDGE_CURVE('',#718,#180,#11173,.T.);
#11171=LINE('',#179,#11174);
#11172=LINE('',#55,#11175);
#11173=LINE('',#717,#11176);
#11174=VECTOR('',#11177,1.0);
#11175=VECTOR('',#11178,1.0);
#11176=VECTOR('',#11179,1.0);
#11177=DIRECTION('',(-0.06499637357340061,-0.9978855001563592,0));
#11178=DIRECTION('',(0.0033953576453347504,0.05212872620190579,0.9986346015690759));
#11179=DIRECTION('',(0,0,-1));
#11180=STYLED_ITEM('',(#18),#11181);
#11181=FACE_SURFACE('',(#11186),#11182,.T.);
#11182=PLANE('',#11183);
#11183=AXIS2_PLACEMENT_3D('',#705,#11184,#11185);
#11184=DIRECTION('',(0,0,1));
#11185=DIRECTION('',(-0.6013141361212699,-0.7990127093486881,0));
#11186=FACE_BOUND('',#11187,.T.);
#11187=EDGE_LOOP('',(#11188,#11189,#11190));
#11188=ORIENTED_EDGE('',*,*,#11191,.T.);
#11189=ORIENTED_EDGE('',*,*,#11192,.T.);
#11190=ORIENTED_EDGE('',*,*,#11193,.T.);
#11191=EDGE_CURVE('',#706,#40,#11194,.F.);
#11192=EDGE_CURVE('',#40,#712,#11195,.T.);
#11193=EDGE_CURVE('',#712,#706,#11196,.T.);
#11194=LINE('',#705,#11197);
#11195=LINE('',#39,#11198);
#11196=LINE('',#711,#11199);
#11197=VECTOR('',#11200,1.0);
#11198=VECTOR('',#11201,1.0);
#11199=VECTOR('',#11202,1.0);
#11200=DIRECTION('',(-0.6013141361212699,-0.7990127093486881,0));
#11201=DIRECTION('',(0.6238163485665955,0.7815709585578522,0));
#11202=DIRECTION('',(-0.5560223079986808,0.8311673676268938,0));
#11203=STYLED_ITEM('',(#18),#11204);
#11204=FACE_SURFACE('',(#11209),#11205,.T.);
#11205=PLANE('',#11206);
#11206=AXIS2_PLACEMENT_3D('',#711,#11207,#11208);
#11207=DIRECTION('',(0,0,1));
#11208=DIRECTION('',(-0.6238163485665955,-0.7815709585578522,0));
#11209=FACE_BOUND('',#11210,.T.);
#11210=EDGE_LOOP('',(#11211,#11212,#11213));
#11211=ORIENTED_EDGE('',*,*,#11214,.T.);
#11212=ORIENTED_EDGE('',*,*,#11215,.T.);
#11213=ORIENTED_EDGE('',*,*,#11216,.T.);
#11214=EDGE_CURVE('',#712,#40,#11217,.F.);
#11215=EDGE_CURVE('',#40,#728,#11218,.T.);
#11216=EDGE_CURVE('',#728,#712,#11219,.T.);
#11217=LINE('',#711,#11220);
#11218=LINE('',#39,#11221);
#11219=LINE('',#727,#11222);
#11220=VECTOR('',#11223,1.0);
#11221=VECTOR('',#11224,1.0);
#11222=VECTOR('',#11225,1.0);
#11223=DIRECTION('',(-0.6238163485665955,-0.7815709585578522,0));
#11224=DIRECTION('',(0.6468346242460999,0.7626302963273925,0));
#11225=DIRECTION('',(-0.6597221620798716,0.7515095933257671,0));
#11226=STYLED_ITEM('',(#18),#11227);
#11227=FACE_SURFACE('',(#11232),#11228,.T.);
#11228=PLANE('',#11229);
#11229=AXIS2_PLACEMENT_3D('',#727,#11230,#11231);
#11230=DIRECTION('',(0,0,1));
#11231=DIRECTION('',(-0.6468346242460999,-0.7626302963273925,0));
#11232=FACE_BOUND('',#11233,.T.);
#11233=EDGE_LOOP('',(#11234,#11235,#11236));
#11234=ORIENTED_EDGE('',*,*,#11237,.T.);
#11235=ORIENTED_EDGE('',*,*,#11238,.T.);
#11236=ORIENTED_EDGE('',*,*,#11239,.T.);
#11237=EDGE_CURVE('',#728,#40,#11240,.F.);
#11238=EDGE_CURVE('',#40,#688,#11241,.T.);
#11239=EDGE_CURVE('',#688,#728,#11242,.T.);
#11240=LINE('',#727,#11243);
#11241=LINE('',#39,#11244);
#11242=LINE('',#687,#11245);
#11243=VECTOR('',#11246,1.0);
#11244=VECTOR('',#11247,1.0);
#11245=VECTOR('',#11248,1.0);
#11246=DIRECTION('',(-0.6468346242460999,-0.7626302963273925,0));
#11247=DIRECTION('',(0.6559521749641741,0.754802453731948,0));
#11248=DIRECTION('',(-0.7516208142844294,0.6595954453560237,0));
#11249=STYLED_ITEM('',(#18),#11250);
#11250=FACE_SURFACE('',(#11255),#11251,.T.);
#11251=PLANE('',#11252);
#11252=AXIS2_PLACEMENT_3D('',#525,#11253,#11254);
#11253=DIRECTION('',(0.7515095933257685,-0.6597221620798698,0));
#11254=DIRECTION('',(-0.03445292227203395,-0.03924637232727365,-0.9986354281749003));
#11255=FACE_BOUND('',#11256,.T.);
#11256=EDGE_LOOP('',(#11257,#11258,#11259));
#11257=ORIENTED_EDGE('',*,*,#11260,.T.);
#11258=ORIENTED_EDGE('',*,*,#11261,.T.);
#11259=ORIENTED_EDGE('',*,*,#11262,.T.);
#11260=EDGE_CURVE('',#526,#70,#11263,.F.);
#11261=EDGE_CURVE('',#70,#66,#11264,.T.);
#11262=EDGE_CURVE('',#66,#526,#11265,.T.);
#11263=LINE('',#525,#11266);
#11264=LINE('',#69,#11267);
#11265=LINE('',#65,#11268);
#11266=VECTOR('',#11269,1.0);
#11267=VECTOR('',#11270,1.0);
#11268=VECTOR('',#11271,1.0);
#11269=DIRECTION('',(-0.03445292227203395,-0.03924637232727365,-0.9986354281749003));
#11270=DIRECTION('',(0.6597221620798697,0.7515095933257684,0));
#11271=DIRECTION('',(0,0,1));
#11272=STYLED_ITEM('',(#18),#11273);
#11273=FACE_SURFACE('',(#11278),#11274,.T.);
#11274=PLANE('',#11275);
#11275=AXIS2_PLACEMENT_3D('',#587,#11276,#11277);
#11276=DIRECTION('',(-0.3185018700980786,-0.9479222324347218,-0));
#11277=DIRECTION('',(0,0,-1));
#11278=FACE_BOUND('',#11279,.T.);
#11279=EDGE_LOOP('',(#11280,#11281,#11282));
#11280=ORIENTED_EDGE('',*,*,#11283,.T.);
#11281=ORIENTED_EDGE('',*,*,#11284,.T.);
#11282=ORIENTED_EDGE('',*,*,#11285,.T.);
#11283=EDGE_CURVE('',#588,#302,#11286,.F.);
#11284=EDGE_CURVE('',#302,#592,#11287,.T.);
#11285=EDGE_CURVE('',#592,#588,#11288,.T.);
#11286=LINE('',#587,#11289);
#11287=LINE('',#301,#11290);
#11288=LINE('',#591,#11291);
#11289=VECTOR('',#11292,1.0);
#11290=VECTOR('',#11293,1.0);
#11291=VECTOR('',#11294,1.0);
#11292=DIRECTION('',(0,0,-1));
#11293=DIRECTION('',(0.012498913329218835,-0.004199634878617687,0.9999130663375068));
#11294=DIRECTION('',(-0.9479222324347218,0.3185018700980786,0));
#11295=STYLED_ITEM('',(#18),#11296);
#11296=FACE_SURFACE('',(#11301),#11297,.T.);
#11297=PLANE('',#11298);
#11298=AXIS2_PLACEMENT_3D('',#605,#11299,#11300);
#11299=DIRECTION('',(-0.9799873195820538,0.19905992429010297,0));
#11300=DIRECTION('',(0,0,-1));
#11301=FACE_BOUND('',#11302,.T.);
#11302=EDGE_LOOP('',(#11303,#11304,#11305));
#11303=ORIENTED_EDGE('',*,*,#11306,.T.);
#11304=ORIENTED_EDGE('',*,*,#11307,.T.);
#11305=ORIENTED_EDGE('',*,*,#11308,.T.);
#11306=EDGE_CURVE('',#606,#228,#11309,.F.);
#11307=EDGE_CURVE('',#228,#604,#11310,.T.);
#11308=EDGE_CURVE('',#604,#606,#11311,.T.);
#11309=LINE('',#605,#11312);
#11310=LINE('',#227,#11313);
#11311=LINE('',#603,#11314);
#11312=VECTOR('',#11315,1.0);
#11313=VECTOR('',#11316,1.0);
#11314=VECTOR('',#11317,1.0);
#11315=DIRECTION('',(0,0,-1));
#11316=DIRECTION('',(-0.0025997782483726975,-0.01279890829968108,0.9999147109125835));
#11317=DIRECTION('',(0.199059924290103,0.9799873195820539,0));
#11318=STYLED_ITEM('',(#18),#11319);
#11319=FACE_SURFACE('',(#11324),#11320,.T.);
#11320=PLANE('',#11321);
#11321=AXIS2_PLACEMENT_3D('',#65,#11322,#11323);
#11322=DIRECTION('',(0.8311673676268928,-0.5560223079986824,0));
#11323=DIRECTION('',(0.5560223079986824,0.8311673676268928,0));
#11324=FACE_BOUND('',#11325,.T.);
#11325=EDGE_LOOP('',(#11326,#11327,#11328));
#11326=ORIENTED_EDGE('',*,*,#11329,.T.);
#11327=ORIENTED_EDGE('',*,*,#11330,.T.);
#11328=ORIENTED_EDGE('',*,*,#11331,.T.);
#11329=EDGE_CURVE('',#66,#60,#11332,.F.);
#11330=EDGE_CURVE('',#60,#526,#11333,.T.);
#11331=EDGE_CURVE('',#526,#66,#11334,.T.);
#11332=LINE('',#65,#11335);
#11333=LINE('',#59,#11336);
#11334=LINE('',#525,#11337);
#11335=VECTOR('',#11338,1.0);
#11336=VECTOR('',#11339,1.0);
#11337=VECTOR('',#11340,1.0);
#11338=DIRECTION('',(0.5560223079986824,0.8311673676268928,0));
#11339=DIRECTION('',(-0.029060228361055512,-0.04344054755003125,0.9986332770122157));
#11340=DIRECTION('',(0,0,-1));
#11341=STYLED_ITEM('',(#18),#11342);
#11342=FACE_SURFACE('',(#11347),#11343,.T.);
#11343=PLANE('',#11344);
#11344=AXIS2_PLACEMENT_3D('',#643,#11345,#11346);
#11345=DIRECTION('',(-0.3185018700980786,0.9479222324347218,0));
#11346=DIRECTION('',(0,0,-1));
#11347=FACE_BOUND('',#11348,.T.);
#11348=EDGE_LOOP('',(#11349,#11350,#11351));
#11349=ORIENTED_EDGE('',*,*,#11352,.T.);
#11350=ORIENTED_EDGE('',*,*,#11353,.T.);
#11351=ORIENTED_EDGE('',*,*,#11354,.T.);
#11352=EDGE_CURVE('',#644,#236,#11355,.F.);
#11353=EDGE_CURVE('',#236,#646,#11356,.T.);
#11354=EDGE_CURVE('',#646,#644,#11357,.T.);
#11355=LINE('',#643,#11358);
#11356=LINE('',#235,#11359);
#11357=LINE('',#645,#11360);
#11358=VECTOR('',#11361,1.0);
#11359=VECTOR('',#11362,1.0);
#11360=VECTOR('',#11363,1.0);
#11361=DIRECTION('',(0,0,-1));
#11362=DIRECTION('',(-0.012498913329218835,-0.004199634878617687,0.9999130663375068));
#11363=DIRECTION('',(0.9479222324347218,0.3185018700980786,0));
#11364=STYLED_ITEM('',(#18),#11365);
#11365=FACE_SURFACE('',(#11370),#11366,.T.);
#11366=PLANE('',#11367);
#11367=AXIS2_PLACEMENT_3D('',#675,#11368,#11369);
#11368=DIRECTION('',(-0.9479222324347218,0.3185018700980786,0));
#11369=DIRECTION('',(0.3185018700980786,0.9479222324347218,0));
#11370=FACE_BOUND('',#11371,.T.);
#11371=EDGE_LOOP('',(#11372,#11373,#11374));
#11372=ORIENTED_EDGE('',*,*,#11375,.T.);
#11373=ORIENTED_EDGE('',*,*,#11376,.T.);
#11374=ORIENTED_EDGE('',*,*,#11377,.T.);
#11375=EDGE_CURVE('',#676,#604,#11378,.F.);
#11376=EDGE_CURVE('',#604,#216,#11379,.T.);
#11377=EDGE_CURVE('',#216,#676,#11380,.T.);
#11378=LINE('',#675,#11381);
#11379=LINE('',#603,#11382);
#11380=LINE('',#215,#11383);
#11381=VECTOR('',#11384,1.0);
#11382=VECTOR('',#11385,1.0);
#11383=VECTOR('',#11386,1.0);
#11384=DIRECTION('',(0.3185018700980786,0.9479222324347218,0));
#11385=DIRECTION('',(-0.004199634878617687,-0.012498913329218835,-0.9999130663375068));
#11386=DIRECTION('',(0,0,1));
#11387=STYLED_ITEM('',(#18),#11388);
#11388=FACE_SURFACE('',(#11393),#11389,.T.);
#11389=PLANE('',#11390);
#11390=AXIS2_PLACEMENT_3D('',#695,#11391,#11392);
#11391=DIRECTION('',(0,0,1));
#11392=DIRECTION('',(-0.9365315880657704,-0.3505832063219887,0));
#11393=FACE_BOUND('',#11394,.T.);
#11394=EDGE_LOOP('',(#11395,#11396,#11397));
#11395=ORIENTED_EDGE('',*,*,#11398,.T.);
#11396=ORIENTED_EDGE('',*,*,#11399,.T.);
#11397=ORIENTED_EDGE('',*,*,#11400,.T.);
#11398=EDGE_CURVE('',#696,#710,#11401,.F.);
#11399=EDGE_CURVE('',#710,#698,#11402,.T.);
#11400=EDGE_CURVE('',#698,#696,#11403,.T.);
#11401=LINE('',#695,#11404);
#11402=LINE('',#709,#11405);
#11403=LINE('',#697,#11406);
#11404=VECTOR('',#11407,1.0);
#11405=VECTOR('',#11408,1.0);
#11406=VECTOR('',#11409,1.0);
#11407=DIRECTION('',(-0.9365315880657704,-0.3505832063219887,0));
#11408=DIRECTION('',(0.9497508284626777,0.31300697090393603,0));
#11409=DIRECTION('',(-0.44414788414390177,0.8959534904282115,0));
#11410=STYLED_ITEM('',(#18),#11411);
#11411=FACE_SURFACE('',(#11416),#11412,.T.);
#11412=PLANE('',#11413);
#11413=AXIS2_PLACEMENT_3D('',#687,#11414,#11415);
#11414=DIRECTION('',(0,-0,1));
#11415=DIRECTION('',(0.5740247366978614,0.8188379581205009,0));
#11416=FACE_BOUND('',#11417,.T.);
#11417=EDGE_LOOP('',(#11418,#11419,#11420));
#11418=ORIENTED_EDGE('',*,*,#11421,.T.);
#11419=ORIENTED_EDGE('',*,*,#11422,.T.);
#11420=ORIENTED_EDGE('',*,*,#11423,.T.);
#11421=EDGE_CURVE('',#688,#726,#11424,.F.);
#11422=EDGE_CURVE('',#726,#728,#11425,.T.);
#11423=EDGE_CURVE('',#728,#688,#11426,.T.);
#11424=LINE('',#687,#11427);
#11425=LINE('',#725,#11428);
#11426=LINE('',#727,#11429);
#11427=VECTOR('',#11430,1.0);
#11428=VECTOR('',#11431,1.0);
#11429=VECTOR('',#11432,1.0);
#11430=DIRECTION('',(0.5740247366978614,0.8188379581205009,0));
#11431=DIRECTION('',(-0.6180326627598935,-0.7861524201844803,0));
#11432=DIRECTION('',(0.7516208142844294,-0.6595954453560237,0));
#11433=STYLED_ITEM('',(#18),#11434);
#11434=FACE_SURFACE('',(#11439),#11435,.T.);
#11435=PLANE('',#11436);
#11436=AXIS2_PLACEMENT_3D('',#727,#11437,#11438);
#11437=DIRECTION('',(0,-0,1));
#11438=DIRECTION('',(0.5902901342653808,0.8071911529426959,0));
#11439=FACE_BOUND('',#11440,.T.);
#11440=EDGE_LOOP('',(#11441,#11442,#11443));
#11441=ORIENTED_EDGE('',*,*,#11444,.T.);
#11442=ORIENTED_EDGE('',*,*,#11445,.T.);
#11443=ORIENTED_EDGE('',*,*,#11446,.T.);
#11444=EDGE_CURVE('',#728,#714,#11447,.F.);
#11445=EDGE_CURVE('',#714,#712,#11448,.T.);
#11446=EDGE_CURVE('',#712,#728,#11449,.T.);
#11447=LINE('',#727,#11450);
#11448=LINE('',#713,#11451);
#11449=LINE('',#711,#11452);
#11450=VECTOR('',#11453,1.0);
#11451=VECTOR('',#11454,1.0);
#11452=VECTOR('',#11455,1.0);
#11453=DIRECTION('',(0.5902901342653808,0.8071911529426959,0));
#11454=DIRECTION('',(-0.6965659237951319,-0.7174927970421965,0));
#11455=DIRECTION('',(0.6597221620798716,-0.7515095933257671,0));
#11456=STYLED_ITEM('',(#18),#11457);
#11457=FACE_SURFACE('',(#11462),#11458,.T.);
#11458=PLANE('',#11459);
#11459=AXIS2_PLACEMENT_3D('',#711,#11460,#11461);
#11460=DIRECTION('',(0,-0,1));
#11461=DIRECTION('',(0.6705569513861218,0.741858055794874,0));
#11462=FACE_BOUND('',#11463,.T.);
#11463=EDGE_LOOP('',(#11464,#11465,#11466));
#11464=ORIENTED_EDGE('',*,*,#11467,.T.);
#11465=ORIENTED_EDGE('',*,*,#11468,.T.);
#11466=ORIENTED_EDGE('',*,*,#11469,.T.);
#11467=EDGE_CURVE('',#712,#708,#11470,.F.);
#11468=EDGE_CURVE('',#708,#706,#11471,.T.);
#11469=EDGE_CURVE('',#706,#712,#11472,.T.);
#11470=LINE('',#711,#11473);
#11471=LINE('',#707,#11474);
#11472=LINE('',#705,#11475);
#11473=VECTOR('',#11476,1.0);
#11474=VECTOR('',#11477,1.0);
#11475=VECTOR('',#11478,1.0);
#11476=DIRECTION('',(0.6705569513861218,0.741858055794874,0));
#11477=DIRECTION('',(-0.7688842702856028,-0.6393879721322385,0));
#11478=DIRECTION('',(0.5560223079986808,-0.8311673676268938,0));
#11479=STYLED_ITEM('',(#18),#11480);
#11480=FACE_SURFACE('',(#11485),#11481,.T.);
#11481=PLANE('',#11482);
#11482=AXIS2_PLACEMENT_3D('',#705,#11483,#11484);
#11483=DIRECTION('',(0,-0,1));
#11484=DIRECTION('',(0.7449711501533726,0.6670966837267003,0));
#11485=FACE_BOUND('',#11486,.T.);
#11486=EDGE_LOOP('',(#11487,#11488,#11489));
#11487=ORIENTED_EDGE('',*,*,#11490,.T.);
#11488=ORIENTED_EDGE('',*,*,#11491,.T.);
#11489=ORIENTED_EDGE('',*,*,#11492,.T.);
#11490=EDGE_CURVE('',#706,#704,#11493,.F.);
#11491=EDGE_CURVE('',#704,#746,#11494,.T.);
#11492=EDGE_CURVE('',#746,#706,#11495,.T.);
#11493=LINE('',#705,#11496);
#11494=LINE('',#703,#11497);
#11495=LINE('',#745,#11498);
#11496=VECTOR('',#11499,1.0);
#11497=VECTOR('',#11500,1.0);
#11498=VECTOR('',#11501,1.0);
#11499=DIRECTION('',(0.7449711501533726,0.6670966837267003,0));
#11500=DIRECTION('',(-0.8337707218487985,-0.5521108433890186,0));
#11501=DIRECTION('',(0.443387208340821,-0.8963301754820785,0));
#11502=STYLED_ITEM('',(#18),#11503);
#11503=FACE_SURFACE('',(#11508),#11504,.T.);
#11504=PLANE('',#11505);
#11505=AXIS2_PLACEMENT_3D('',#723,#11506,#11507);
#11506=DIRECTION('',(0,-0,1));
#11507=DIRECTION('',(0.8901080399948588,0.45574957722033144,0));
#11508=FACE_BOUND('',#11509,.T.);
#11509=EDGE_LOOP('',(#11510,#11511,#11512));
#11510=ORIENTED_EDGE('',*,*,#11513,.T.);
#11511=ORIENTED_EDGE('',*,*,#11514,.T.);
#11512=ORIENTED_EDGE('',*,*,#11515,.T.);
#11513=EDGE_CURVE('',#724,#698,#11516,.F.);
#11514=EDGE_CURVE('',#698,#710,#11517,.T.);
#11515=EDGE_CURVE('',#710,#724,#11518,.T.);
#11516=LINE('',#723,#11519);
#11517=LINE('',#697,#11520);
#11518=LINE('',#709,#11521);
#11519=VECTOR('',#11522,1.0);
#11520=VECTOR('',#11523,1.0);
#11521=VECTOR('',#11524,1.0);
#11522=DIRECTION('',(0.8901080399948588,0.45574957722033144,0));
#11523=DIRECTION('',(-0.9497508284626777,-0.31300697090393603,0));
#11524=DIRECTION('',(0.1950129963791784,-0.9808006582599823,0));
#11525=STYLED_ITEM('',(#18),#11526);
#11526=FACE_SURFACE('',(#11531),#11527,.T.);
#11527=PLANE('',#11528);
#11528=AXIS2_PLACEMENT_3D('',#745,#11529,#11530);
#11529=DIRECTION('',(0,-0,1));
#11530=DIRECTION('',(0.8337707218487985,0.5521108433890186,0));
#11531=FACE_BOUND('',#11532,.T.);
#11532=EDGE_LOOP('',(#11533,#11534,#11535));
#11533=ORIENTED_EDGE('',*,*,#11536,.T.);
#11534=ORIENTED_EDGE('',*,*,#11537,.T.);
#11535=ORIENTED_EDGE('',*,*,#11538,.T.);
#11536=EDGE_CURVE('',#746,#704,#11539,.F.);
#11537=EDGE_CURVE('',#704,#724,#11540,.T.);
#11538=EDGE_CURVE('',#724,#746,#11541,.T.);
#11539=LINE('',#745,#11542);
#11540=LINE('',#703,#11543);
#11541=LINE('',#723,#11544);
#11542=VECTOR('',#11545,1.0);
#11543=VECTOR('',#11546,1.0);
#11544=VECTOR('',#11547,1.0);
#11545=DIRECTION('',(0.8337707218487985,0.5521108433890186,0));
#11546=DIRECTION('',(-0.9069968730779668,-0.4211373555347357,0));
#11547=DIRECTION('',(0.3208070336803868,-0.9471445756278137,0));
#11548=STYLED_ITEM('',(#18),#11549);
#11549=FACE_SURFACE('',(#11554),#11550,.T.);
#11550=PLANE('',#11551);
#11551=AXIS2_PLACEMENT_3D('',#401,#11552,#11553);
#11552=DIRECTION('',(0.9808006582599824,-0.19501299637917774,0));
#11553=DIRECTION('',(-0.010186076339028715,-0.05122997217570325,-0.9986349351988906));
#11554=FACE_BOUND('',#11555,.T.);
#11555=EDGE_LOOP('',(#11556,#11557,#11558));
#11556=ORIENTED_EDGE('',*,*,#11559,.T.);
#11557=ORIENTED_EDGE('',*,*,#11560,.T.);
#11558=ORIENTED_EDGE('',*,*,#11561,.T.);
#11559=EDGE_CURVE('',#402,#338,#11562,.F.);
#11560=EDGE_CURVE('',#338,#250,#11563,.T.);
#11561=EDGE_CURVE('',#250,#402,#11564,.T.);
#11562=LINE('',#401,#11565);
#11563=LINE('',#337,#11566);
#11564=LINE('',#249,#11567);
#11565=VECTOR('',#11568,1.0);
#11566=VECTOR('',#11569,1.0);
#11567=VECTOR('',#11570,1.0);
#11568=DIRECTION('',(-0.010186076339028715,-0.05122997217570325,-0.9986349351988906));
#11569=DIRECTION('',(0.19501299637917774,0.9808006582599824,0));
#11570=DIRECTION('',(0,0,1));
#11571=STYLED_ITEM('',(#18),#11572);
#11572=FACE_SURFACE('',(#11577),#11573,.T.);
#11573=PLANE('',#11574);
#11574=AXIS2_PLACEMENT_3D('',#249,#11575,#11576);
#11575=DIRECTION('',(0.997885500156359,-0.06499637357340082,0));
#11576=DIRECTION('',(0.06499637357340082,0.997885500156359,0));
#11577=FACE_BOUND('',#11578,.T.);
#11578=EDGE_LOOP('',(#11579,#11580,#11581));
#11579=ORIENTED_EDGE('',*,*,#11582,.T.);
#11580=ORIENTED_EDGE('',*,*,#11583,.T.);
#11581=ORIENTED_EDGE('',*,*,#11584,.T.);
#11582=EDGE_CURVE('',#250,#248,#11585,.F.);
#11583=EDGE_CURVE('',#248,#402,#11586,.T.);
#11584=EDGE_CURVE('',#402,#250,#11587,.T.);
#11585=LINE('',#249,#11588);
#11586=LINE('',#247,#11589);
#11587=LINE('',#401,#11590);
#11588=VECTOR('',#11591,1.0);
#11589=VECTOR('',#11592,1.0);
#11590=VECTOR('',#11593,1.0);
#11591=DIRECTION('',(0.06499637357340082,0.997885500156359,0));
#11592=DIRECTION('',(-0.0033953576453347504,-0.05212872620190561,0.9986346015690759));
#11593=DIRECTION('',(0,0,-1));
#11594=STYLED_ITEM('',(#18),#11595);
#11595=FACE_SURFACE('',(#11600),#11596,.T.);
#11596=PLANE('',#11597);
#11597=AXIS2_PLACEMENT_3D('',#541,#11598,#11599);
#11598=DIRECTION('',(-0.19501299637917774,0.9808006582599824,0));
#11599=DIRECTION('',(-0.05122997217570325,-0.010186076339028715,-0.9986349351988906));
#11600=FACE_BOUND('',#11601,.T.);
#11601=EDGE_LOOP('',(#11602,#11603,#11604));
#11602=ORIENTED_EDGE('',*,*,#11605,.T.);
#11603=ORIENTED_EDGE('',*,*,#11606,.T.);
#11604=ORIENTED_EDGE('',*,*,#11607,.T.);
#11605=EDGE_CURVE('',#542,#748,#11608,.F.);
#11606=EDGE_CURVE('',#748,#524,#11609,.T.);
#11607=EDGE_CURVE('',#524,#542,#11610,.T.);
#11608=LINE('',#541,#11611);
#11609=LINE('',#747,#11612);
#11610=LINE('',#523,#11613);
#11611=VECTOR('',#11614,1.0);
#11612=VECTOR('',#11615,1.0);
#11613=VECTOR('',#11616,1.0);
#11614=DIRECTION('',(-0.05122997217570325,-0.010186076339028715,-0.9986349351988906));
#11615=DIRECTION('',(0,0,1));
#11616=DIRECTION('',(0.9808006582599824,0.19501299637917774,0));
#11617=STYLED_ITEM('',(#18),#11618);
#11618=FACE_SURFACE('',(#11623),#11619,.T.);
#11619=PLANE('',#11620);
#11620=AXIS2_PLACEMENT_3D('',#741,#11621,#11622);
#11621=DIRECTION('',(0.8963301754820788,0.4433872083408203,-0));
#11622=DIRECTION('',(0,0,1));
#11623=FACE_BOUND('',#11624,.T.);
#11624=EDGE_LOOP('',(#11625,#11626,#11627));
#11625=ORIENTED_EDGE('',*,*,#11628,.T.);
#11626=ORIENTED_EDGE('',*,*,#11629,.T.);
#11627=ORIENTED_EDGE('',*,*,#11630,.T.);
#11628=EDGE_CURVE('',#742,#446,#11631,.F.);
#11629=EDGE_CURVE('',#446,#598,#11632,.T.);
#11630=EDGE_CURVE('',#598,#742,#11633,.T.);
#11631=LINE('',#741,#11634);
#11632=LINE('',#445,#11635);
#11633=LINE('',#597,#11636);
#11634=VECTOR('',#11637,1.0);
#11635=VECTOR('',#11638,1.0);
#11636=VECTOR('',#11639,1.0);
#11637=DIRECTION('',(0,0,1));
#11638=DIRECTION('',(0.44338720834082024,-0.8963301754820787,0));
#11639=DIRECTION('',(-0.02316830600522499,0.04683592895021721,-0.9986338795355476));
#11640=STYLED_ITEM('',(#18),#11641);
#11641=FACE_SURFACE('',(#11646),#11642,.T.);
#11642=PLANE('',#11643);
#11643=AXIS2_PLACEMENT_3D('',#131,#11644,#11645);
#11644=DIRECTION('',(0.8311673676268934,0.5560223079986816,-0));
#11645=DIRECTION('',(0,0,1));
#11646=FACE_BOUND('',#11647,.T.);
#11647=EDGE_LOOP('',(#11648,#11649,#11650));
#11648=ORIENTED_EDGE('',*,*,#11651,.T.);
#11649=ORIENTED_EDGE('',*,*,#11652,.T.);
#11650=ORIENTED_EDGE('',*,*,#11653,.T.);
#11651=EDGE_CURVE('',#132,#448,#11654,.F.);
#11652=EDGE_CURVE('',#448,#446,#11655,.T.);
#11653=EDGE_CURVE('',#446,#132,#11656,.T.);
#11654=LINE('',#131,#11657);
#11655=LINE('',#447,#11658);
#11656=LINE('',#445,#11659);
#11657=VECTOR('',#11660,1.0);
#11658=VECTOR('',#11661,1.0);
#11659=VECTOR('',#11662,1.0);
#11660=DIRECTION('',(0,0,1));
#11661=DIRECTION('',(0.5560223079986816,-0.8311673676268934,0));
#11662=DIRECTION('',(-0.029060228361055512,0.04344054755003134,-0.9986332770122157));
#11663=STYLED_ITEM('',(#18),#11664);
#11664=FACE_SURFACE('',(#11669),#11665,.T.);
#11665=PLANE('',#11666);
#11666=AXIS2_PLACEMENT_3D('',#131,#11667,#11668);
#11667=DIRECTION('',(0.8311673676268934,0.5560223079986816,0));
#11668=DIRECTION('',(0.029060228361055512,-0.04344054755003134,0.9986332770122157));
#11669=FACE_BOUND('',#11670,.T.);
#11670=EDGE_LOOP('',(#11671,#11672,#11673));
#11671=ORIENTED_EDGE('',*,*,#11674,.T.);
#11672=ORIENTED_EDGE('',*,*,#11675,.T.);
#11673=ORIENTED_EDGE('',*,*,#11676,.T.);
#11674=EDGE_CURVE('',#132,#446,#11677,.F.);
#11675=EDGE_CURVE('',#446,#742,#11678,.T.);
#11676=EDGE_CURVE('',#742,#132,#11679,.T.);
#11677=LINE('',#131,#11680);
#11678=LINE('',#445,#11681);
#11679=LINE('',#741,#11682);
#11680=VECTOR('',#11683,1.0);
#11681=VECTOR('',#11684,1.0);
#11682=VECTOR('',#11685,1.0);
#11683=DIRECTION('',(0.029060228361055512,-0.04344054755003134,0.9986332770122157));
#11684=DIRECTION('',(0,0,-1));
#11685=DIRECTION('',(-0.5560223079986816,0.8311673676268934,0));
#11686=STYLED_ITEM('',(#18),#11687);
#11687=FACE_SURFACE('',(#11692),#11688,.T.);
#11688=PLANE('',#11689);
#11689=AXIS2_PLACEMENT_3D('',#747,#11690,#11691);
#11690=DIRECTION('',(-0.3208070336803894,0.9471445756278128,0));
#11691=DIRECTION('',(-0.04953212804717308,-0.016777011112752233,0.9986316138542987));
#11692=FACE_BOUND('',#11693,.T.);
#11693=EDGE_LOOP('',(#11694,#11695,#11696));
#11694=ORIENTED_EDGE('',*,*,#11697,.T.);
#11695=ORIENTED_EDGE('',*,*,#11698,.T.);
#11696=ORIENTED_EDGE('',*,*,#11699,.T.);
#11697=EDGE_CURVE('',#748,#522,#11700,.F.);
#11698=EDGE_CURVE('',#522,#524,#11701,.T.);
#11699=EDGE_CURVE('',#524,#748,#11702,.T.);
#11700=LINE('',#747,#11703);
#11701=LINE('',#521,#11704);
#11702=LINE('',#523,#11705);
#11703=VECTOR('',#11706,1.0);
#11704=VECTOR('',#11707,1.0);
#11705=VECTOR('',#11708,1.0);
#11706=DIRECTION('',(-0.04953212804717308,-0.016777011112752233,0.9986316138542987));
#11707=DIRECTION('',(0.9471445756278127,0.3208070336803893,0));
#11708=DIRECTION('',(0,0,-1));
#11709=STYLED_ITEM('',(#18),#11710);
#11710=FACE_SURFACE('',(#11715),#11711,.T.);
#11711=PLANE('',#11712);
#11712=AXIS2_PLACEMENT_3D('',#411,#11713,#11714);
#11713=DIRECTION('',(-0.9808006582599824,-0.19501299637917774,-0));
#11714=DIRECTION('',(-0.010186076339028715,0.05122997217570325,-0.9986349351988906));
#11715=FACE_BOUND('',#11716,.T.);
#11716=EDGE_LOOP('',(#11717,#11718,#11719));
#11717=ORIENTED_EDGE('',*,*,#11720,.T.);
#11718=ORIENTED_EDGE('',*,*,#11721,.T.);
#11719=ORIENTED_EDGE('',*,*,#11722,.T.);
#11720=EDGE_CURVE('',#412,#384,#11723,.F.);
#11721=EDGE_CURVE('',#384,#380,#11724,.T.);
#11722=EDGE_CURVE('',#380,#412,#11725,.T.);
#11723=LINE('',#411,#11726);
#11724=LINE('',#383,#11727);
#11725=LINE('',#379,#11728);
#11726=VECTOR('',#11729,1.0);
#11727=VECTOR('',#11730,1.0);
#11728=VECTOR('',#11731,1.0);
#11729=DIRECTION('',(-0.010186076339028715,0.05122997217570325,-0.9986349351988906));
#11730=DIRECTION('',(0.19501299637917774,-0.9808006582599824,0));
#11731=DIRECTION('',(0,0,1));
#11732=STYLED_ITEM('',(#18),#11733);
#11733=FACE_SURFACE('',(#11738),#11734,.T.);
#11734=PLANE('',#11735);
#11735=AXIS2_PLACEMENT_3D('',#447,#11736,#11737);
#11736=DIRECTION('',(0.7515095933257685,0.6597221620798698,0));
#11737=DIRECTION('',(0,0,-1));
#11738=FACE_BOUND('',#11739,.T.);
#11739=EDGE_LOOP('',(#11740,#11741,#11742));
#11740=ORIENTED_EDGE('',*,*,#11743,.T.);
#11741=ORIENTED_EDGE('',*,*,#11744,.T.);
#11742=ORIENTED_EDGE('',*,*,#11745,.T.);
#11743=EDGE_CURVE('',#448,#132,#11746,.F.);
#11744=EDGE_CURVE('',#132,#452,#11747,.T.);
#11745=EDGE_CURVE('',#452,#448,#11748,.T.);
#11746=LINE('',#447,#11749);
#11747=LINE('',#131,#11750);
#11748=LINE('',#451,#11751);
#11749=VECTOR('',#11752,1.0);
#11750=VECTOR('',#11753,1.0);
#11751=VECTOR('',#11754,1.0);
#11752=DIRECTION('',(0,0,-1));
#11753=DIRECTION('',(-0.03445292227203395,0.03924637232727365,0.9986354281749003));
#11754=DIRECTION('',(0.6597221620798697,-0.7515095933257684,0));
#11755=STYLED_ITEM('',(#18),#11756);
#11756=FACE_SURFACE('',(#11761),#11757,.T.);
#11757=PLANE('',#11758);
#11758=AXIS2_PLACEMENT_3D('',#125,#11759,#11760);
#11759=DIRECTION('',(0.7515095933257685,0.6597221620798698,-0));
#11760=DIRECTION('',(0,0,1));
#11761=FACE_BOUND('',#11762,.T.);
#11762=EDGE_LOOP('',(#11763,#11764,#11765));
#11763=ORIENTED_EDGE('',*,*,#11766,.T.);
#11764=ORIENTED_EDGE('',*,*,#11767,.T.);
#11765=ORIENTED_EDGE('',*,*,#11768,.T.);
#11766=EDGE_CURVE('',#126,#452,#11769,.F.);
#11767=EDGE_CURVE('',#452,#132,#11770,.T.);
#11768=EDGE_CURVE('',#132,#126,#11771,.T.);
#11769=LINE('',#125,#11772);
#11770=LINE('',#451,#11773);
#11771=LINE('',#131,#11774);
#11772=VECTOR('',#11775,1.0);
#11773=VECTOR('',#11776,1.0);
#11774=VECTOR('',#11777,1.0);
#11775=DIRECTION('',(0,0,1));
#11776=DIRECTION('',(0.03445292227203395,-0.03924637232727365,-0.9986354281749003));
#11777=DIRECTION('',(-0.6597221620798697,0.7515095933257684,0));
#11778=STYLED_ITEM('',(#18),#11779);
#11779=FACE_SURFACE('',(#11784),#11780,.T.);
#11780=PLANE('',#11781);
#11781=AXIS2_PLACEMENT_3D('',#145,#11782,#11783);
#11782=DIRECTION('',(0.3208070336803894,0.9471445756278128,-0));
#11783=DIRECTION('',(0,0,1));
#11784=FACE_BOUND('',#11785,.T.);
#11785=EDGE_LOOP('',(#11786,#11787,#11788));
#11786=ORIENTED_EDGE('',*,*,#11789,.T.);
#11787=ORIENTED_EDGE('',*,*,#11790,.T.);
#11788=ORIENTED_EDGE('',*,*,#11791,.T.);
#11789=EDGE_CURVE('',#146,#558,#11792,.F.);
#11790=EDGE_CURVE('',#558,#114,#11793,.T.);
#11791=EDGE_CURVE('',#114,#146,#11794,.T.);
#11792=LINE('',#145,#11795);
#11793=LINE('',#557,#11796);
#11794=LINE('',#113,#11797);
#11795=VECTOR('',#11798,1.0);
#11796=VECTOR('',#11799,1.0);
#11797=VECTOR('',#11800,1.0);
#11798=DIRECTION('',(0,0,1));
#11799=DIRECTION('',(0.04953212804717308,-0.016777011112752233,-0.9986316138542987));
#11800=DIRECTION('',(-0.9471445756278127,0.3208070336803893,0));
#11801=STYLED_ITEM('',(#18),#11802);
#11802=FACE_SURFACE('',(#11807),#11803,.T.);
#11803=PLANE('',#11804);
#11804=AXIS2_PLACEMENT_3D('',#411,#11805,#11806);
#11805=DIRECTION('',(-0.9471445756278133,-0.3208070336803878,-0));
#11806=DIRECTION('',(0,0,-1));
#11807=FACE_BOUND('',#11808,.T.);
#11808=EDGE_LOOP('',(#11809,#11810,#11811));
#11809=ORIENTED_EDGE('',*,*,#11812,.T.);
#11810=ORIENTED_EDGE('',*,*,#11813,.T.);
#11811=ORIENTED_EDGE('',*,*,#11814,.T.);
#11812=EDGE_CURVE('',#412,#380,#11815,.F.);
#11813=EDGE_CURVE('',#380,#414,#11816,.T.);
#11814=EDGE_CURVE('',#414,#412,#11817,.T.);
#11815=LINE('',#411,#11818);
#11816=LINE('',#379,#11819);
#11817=LINE('',#413,#11820);
#11818=VECTOR('',#11821,1.0);
#11819=VECTOR('',#11822,1.0);
#11820=VECTOR('',#11823,1.0);
#11821=DIRECTION('',(0,0,-1));
#11822=DIRECTION('',(0.016777011112752142,-0.04953212804717308,0.9986316138542987));
#11823=DIRECTION('',(-0.3208070336803878,0.9471445756278133,0));
#11824=STYLED_ITEM('',(#18),#11825);
#11825=FACE_SURFACE('',(#11830),#11826,.T.);
#11826=PLANE('',#11827);
#11827=AXIS2_PLACEMENT_3D('',#373,#11828,#11829);
#11828=DIRECTION('',(-0.9471445756278133,-0.3208070336803878,0));
#11829=DIRECTION('',(0,0,1));
#11830=FACE_BOUND('',#11831,.T.);
#11831=EDGE_LOOP('',(#11832,#11833,#11834));
#11832=ORIENTED_EDGE('',*,*,#11835,.T.);
#11833=ORIENTED_EDGE('',*,*,#11836,.T.);
#11834=ORIENTED_EDGE('',*,*,#11837,.T.);
#11835=EDGE_CURVE('',#374,#414,#11838,.F.);
#11836=EDGE_CURVE('',#414,#380,#11839,.T.);
#11837=EDGE_CURVE('',#380,#374,#11840,.T.);
#11838=LINE('',#373,#11841);
#11839=LINE('',#413,#11842);
#11840=LINE('',#379,#11843);
#11841=VECTOR('',#11844,1.0);
#11842=VECTOR('',#11845,1.0);
#11843=VECTOR('',#11846,1.0);
#11844=DIRECTION('',(0,0,1));
#11845=DIRECTION('',(-0.016777011112752142,0.04953212804717308,-0.9986316138542987));
#11846=DIRECTION('',(0.3208070336803878,-0.9471445756278133,0));
#11847=STYLED_ITEM('',(#18),#11848);
#11848=FACE_SURFACE('',(#11853),#11849,.T.);
#11849=PLANE('',#11850);
#11850=AXIS2_PLACEMENT_3D('',#125,#11851,#11852);
#11851=DIRECTION('',(0.6597221620798708,0.7515095933257677,0));
#11852=DIRECTION('',(-0.7515095933257677,0.6597221620798709,0));
#11853=FACE_BOUND('',#11854,.T.);
#11854=EDGE_LOOP('',(#11855,#11856,#11857));
#11855=ORIENTED_EDGE('',*,*,#11858,.T.);
#11856=ORIENTED_EDGE('',*,*,#11859,.T.);
#11857=ORIENTED_EDGE('',*,*,#11860,.T.);
#11858=EDGE_CURVE('',#126,#120,#11861,.F.);
#11859=EDGE_CURVE('',#120,#456,#11862,.T.);
#11860=EDGE_CURVE('',#456,#126,#11863,.T.);
#11861=LINE('',#125,#11864);
#11862=LINE('',#119,#11865);
#11863=LINE('',#455,#11866);
#11864=VECTOR('',#11867,1.0);
#11865=VECTOR('',#11868,1.0);
#11866=VECTOR('',#11869,1.0);
#11867=DIRECTION('',(-0.7515095933257677,0.6597221620798709,0));
#11868=DIRECTION('',(0,0,1));
#11869=DIRECTION('',(0.03924637232727364,-0.03445292227203403,-0.9986354281749001));
#11870=STYLED_ITEM('',(#18),#11871);
#11871=FACE_SURFACE('',(#11876),#11872,.T.);
#11872=PLANE('',#11873);
#11873=AXIS2_PLACEMENT_3D('',#125,#11874,#11875);
#11874=DIRECTION('',(0.6597221620798708,0.7515095933257677,-0));
#11875=DIRECTION('',(-0.03924637232727364,0.03445292227203403,0.9986354281749001));
#11876=FACE_BOUND('',#11877,.T.);
#11877=EDGE_LOOP('',(#11878,#11879,#11880));
#11878=ORIENTED_EDGE('',*,*,#11881,.T.);
#11879=ORIENTED_EDGE('',*,*,#11882,.T.);
#11880=ORIENTED_EDGE('',*,*,#11883,.T.);
#11881=EDGE_CURVE('',#126,#456,#11884,.F.);
#11882=EDGE_CURVE('',#456,#452,#11885,.T.);
#11883=EDGE_CURVE('',#452,#126,#11886,.T.);
#11884=LINE('',#125,#11887);
#11885=LINE('',#455,#11888);
#11886=LINE('',#451,#11889);
#11887=VECTOR('',#11890,1.0);
#11888=VECTOR('',#11891,1.0);
#11889=VECTOR('',#11892,1.0);
#11890=DIRECTION('',(-0.03924637232727364,0.03445292227203403,0.9986354281749001));
#11891=DIRECTION('',(0.7515095933257677,-0.6597221620798709,0));
#11892=DIRECTION('',(0,0,-1));
#11893=STYLED_ITEM('',(#18),#11894);
#11894=FACE_SURFACE('',(#11899),#11895,.T.);
#11895=PLANE('',#11896);
#11896=AXIS2_PLACEMENT_3D('',#373,#11897,#11898);
#11897=DIRECTION('',(-0.8963301754820792,-0.4433872083408196,0));
#11898=DIRECTION('',(0.44338720834081957,-0.896330175482079,0));
#11899=FACE_BOUND('',#11900,.T.);
#11900=EDGE_LOOP('',(#11901,#11902,#11903));
#11901=ORIENTED_EDGE('',*,*,#11904,.T.);
#11902=ORIENTED_EDGE('',*,*,#11905,.T.);
#11903=ORIENTED_EDGE('',*,*,#11906,.T.);
#11904=EDGE_CURVE('',#374,#104,#11907,.F.);
#11905=EDGE_CURVE('',#104,#414,#11908,.T.);
#11906=EDGE_CURVE('',#414,#374,#11909,.T.);
#11907=LINE('',#373,#11910);
#11908=LINE('',#103,#11911);
#11909=LINE('',#413,#11912);
#11910=VECTOR('',#11913,1.0);
#11911=VECTOR('',#11914,1.0);
#11912=VECTOR('',#11915,1.0);
#11913=DIRECTION('',(0.44338720834081957,-0.896330175482079,0));
#11914=DIRECTION('',(-0.02316830600522499,0.0468359289502173,0.9986338795355476));
#11915=DIRECTION('',(0,0,-1));
#11916=STYLED_ITEM('',(#18),#11917);
#11917=FACE_SURFACE('',(#11922),#11918,.T.);
#11918=PLANE('',#11919);
#11919=AXIS2_PLACEMENT_3D('',#583,#11920,#11921);
#11920=DIRECTION('',(0.5560223079986824,0.8311673676268928,0));
#11921=DIRECTION('',(0.8311673676268928,-0.5560223079986824,0));
#11922=FACE_BOUND('',#11923,.T.);
#11923=EDGE_LOOP('',(#11924,#11925,#11926));
#11924=ORIENTED_EDGE('',*,*,#11927,.T.);
#11925=ORIENTED_EDGE('',*,*,#11928,.T.);
#11926=ORIENTED_EDGE('',*,*,#11929,.T.);
#11927=EDGE_CURVE('',#584,#456,#11930,.F.);
#11928=EDGE_CURVE('',#456,#118,#11931,.T.);
#11929=EDGE_CURVE('',#118,#584,#11932,.T.);
#11930=LINE('',#583,#11933);
#11931=LINE('',#455,#11934);
#11932=LINE('',#117,#11935);
#11933=VECTOR('',#11936,1.0);
#11934=VECTOR('',#11937,1.0);
#11935=VECTOR('',#11938,1.0);
#11936=DIRECTION('',(0.8311673676268928,-0.5560223079986824,0));
#11937=DIRECTION('',(-0.04344054755003125,0.029060228361055512,-0.9986332770122157));
#11938=DIRECTION('',(0,0,1));
#11939=STYLED_ITEM('',(#18),#11940);
#11940=FACE_SURFACE('',(#11945),#11941,.T.);
#11941=PLANE('',#11942);
#11942=AXIS2_PLACEMENT_3D('',#119,#11943,#11944);
#11943=DIRECTION('',(0.5560223079986824,0.8311673676268928,-0));
#11944=DIRECTION('',(-0.8311673676268928,0.5560223079986824,0));
#11945=FACE_BOUND('',#11946,.T.);
#11946=EDGE_LOOP('',(#11947,#11948,#11949));
#11947=ORIENTED_EDGE('',*,*,#11950,.T.);
#11948=ORIENTED_EDGE('',*,*,#11951,.T.);
#11949=ORIENTED_EDGE('',*,*,#11952,.T.);
#11950=EDGE_CURVE('',#120,#118,#11953,.F.);
#11951=EDGE_CURVE('',#118,#456,#11954,.T.);
#11952=EDGE_CURVE('',#456,#120,#11955,.T.);
#11953=LINE('',#119,#11956);
#11954=LINE('',#117,#11957);
#11955=LINE('',#455,#11958);
#11956=VECTOR('',#11959,1.0);
#11957=VECTOR('',#11960,1.0);
#11958=VECTOR('',#11961,1.0);
#11959=DIRECTION('',(-0.8311673676268928,0.5560223079986824,0));
#11960=DIRECTION('',(0.04344054755003125,-0.029060228361055512,0.9986332770122157));
#11961=DIRECTION('',(0,0,-1));
#11962=STYLED_ITEM('',(#18),#11963);
#11963=FACE_SURFACE('',(#11968),#11964,.T.);
#11964=PLANE('',#11965);
#11965=AXIS2_PLACEMENT_3D('',#103,#11966,#11967);
#11966=DIRECTION('',(-0.8311673676268928,-0.5560223079986824,0));
#11967=DIRECTION('',(0.5560223079986824,-0.8311673676268928,0));
#11968=FACE_BOUND('',#11969,.T.);
#11969=EDGE_LOOP('',(#11970,#11971,#11972));
#11970=ORIENTED_EDGE('',*,*,#11973,.T.);
#11971=ORIENTED_EDGE('',*,*,#11974,.T.);
#11972=ORIENTED_EDGE('',*,*,#11975,.T.);
#11973=EDGE_CURVE('',#104,#96,#11976,.F.);
#11974=EDGE_CURVE('',#96,#654,#11977,.T.);
#11975=EDGE_CURVE('',#654,#104,#11978,.T.);
#11976=LINE('',#103,#11979);
#11977=LINE('',#95,#11980);
#11978=LINE('',#653,#11981);
#11979=VECTOR('',#11982,1.0);
#11980=VECTOR('',#11983,1.0);
#11981=VECTOR('',#11984,1.0);
#11982=DIRECTION('',(0.5560223079986824,-0.8311673676268928,0));
#11983=DIRECTION('',(0,0,1));
#11984=DIRECTION('',(-0.029060228361055512,0.04344054755003125,-0.9986332770122157));
#11985=STYLED_ITEM('',(#18),#11986);
#11986=FACE_SURFACE('',(#11991),#11987,.T.);
#11987=PLANE('',#11988);
#11988=AXIS2_PLACEMENT_3D('',#117,#11989,#11990);
#11989=DIRECTION('',(0.44338720834081413,0.8963301754820817,0));
#11990=DIRECTION('',(-0.8963301754820817,0.44338720834081413,0));
#11991=FACE_BOUND('',#11992,.T.);
#11992=EDGE_LOOP('',(#11993,#11994,#11995));
#11993=ORIENTED_EDGE('',*,*,#11996,.T.);
#11994=ORIENTED_EDGE('',*,*,#11997,.T.);
#11995=ORIENTED_EDGE('',*,*,#11998,.T.);
#11996=EDGE_CURVE('',#118,#114,#11999,.F.);
#11997=EDGE_CURVE('',#114,#564,#12000,.T.);
#11998=EDGE_CURVE('',#564,#118,#12001,.T.);
#11999=LINE('',#117,#12002);
#12000=LINE('',#113,#12003);
#12001=LINE('',#563,#12004);
#12002=VECTOR('',#12005,1.0);
#12003=VECTOR('',#12006,1.0);
#12004=VECTOR('',#12007,1.0);
#12005=DIRECTION('',(-0.8963301754820817,0.44338720834081413,0));
#12006=DIRECTION('',(0,0,1));
#12007=DIRECTION('',(0.0468359289502173,-0.023168306005224636,-0.9986338795355476));
#12008=STYLED_ITEM('',(#18),#12009);
#12009=FACE_SURFACE('',(#12014),#12010,.T.);
#12010=PLANE('',#12011);
#12011=AXIS2_PLACEMENT_3D('',#117,#12012,#12013);
#12012=DIRECTION('',(0.44338720834081413,0.8963301754820817,-0));
#12013=DIRECTION('',(-0.0468359289502173,0.023168306005224636,0.9986338795355476));
#12014=FACE_BOUND('',#12015,.T.);
#12015=EDGE_LOOP('',(#12016,#12017,#12018));
#12016=ORIENTED_EDGE('',*,*,#12019,.T.);
#12017=ORIENTED_EDGE('',*,*,#12020,.T.);
#12018=ORIENTED_EDGE('',*,*,#12021,.T.);
#12019=EDGE_CURVE('',#118,#564,#12022,.F.);
#12020=EDGE_CURVE('',#564,#584,#12023,.T.);
#12021=EDGE_CURVE('',#584,#118,#12024,.T.);
#12022=LINE('',#117,#12025);
#12023=LINE('',#563,#12026);
#12024=LINE('',#583,#12027);
#12025=VECTOR('',#12028,1.0);
#12026=VECTOR('',#12029,1.0);
#12027=VECTOR('',#12030,1.0);
#12028=DIRECTION('',(-0.0468359289502173,0.023168306005224636,0.9986338795355476));
#12029=DIRECTION('',(0.8963301754820817,-0.44338720834081413,0));
#12030=DIRECTION('',(0,0,-1));
#12031=STYLED_ITEM('',(#18),#12032);
#12032=FACE_SURFACE('',(#12037),#12033,.T.);
#12033=PLANE('',#12034);
#12034=AXIS2_PLACEMENT_3D('',#145,#12035,#12036);
#12035=DIRECTION('',(0.19501299637917774,0.9808006582599824,-0));
#12036=DIRECTION('',(-0.9808006582599824,0.19501299637917774,0));
#12037=FACE_BOUND('',#12038,.T.);
#12038=EDGE_LOOP('',(#12039,#12040,#12041));
#12039=ORIENTED_EDGE('',*,*,#12042,.T.);
#12040=ORIENTED_EDGE('',*,*,#12043,.T.);
#12041=ORIENTED_EDGE('',*,*,#12044,.T.);
#12042=EDGE_CURVE('',#146,#106,#12045,.F.);
#12043=EDGE_CURVE('',#106,#558,#12046,.T.);
#12044=EDGE_CURVE('',#558,#146,#12047,.T.);
#12045=LINE('',#145,#12048);
#12046=LINE('',#105,#12049);
#12047=LINE('',#557,#12050);
#12048=VECTOR('',#12051,1.0);
#12049=VECTOR('',#12052,1.0);
#12050=VECTOR('',#12053,1.0);
#12051=DIRECTION('',(-0.9808006582599824,0.19501299637917774,0));
#12052=DIRECTION('',(0.05122997217570325,-0.010186076339028715,0.9986349351988906));
#12053=DIRECTION('',(0,0,-1));
#12054=STYLED_ITEM('',(#18),#12055);
#12055=FACE_SURFACE('',(#12060),#12056,.T.);
#12056=PLANE('',#12057);
#12057=AXIS2_PLACEMENT_3D('',#329,#12058,#12059);
#12058=DIRECTION('',(-0.8959534904282141,-0.4441478841438964,0));
#12059=DIRECTION('',(0,0,1));
#12060=FACE_BOUND('',#12061,.T.);
#12061=EDGE_LOOP('',(#12062,#12063,#12064));
#12062=ORIENTED_EDGE('',*,*,#12065,.T.);
#12063=ORIENTED_EDGE('',*,*,#12066,.T.);
#12064=ORIENTED_EDGE('',*,*,#12067,.T.);
#12065=EDGE_CURVE('',#330,#516,#12068,.F.);
#12066=EDGE_CURVE('',#516,#322,#12069,.T.);
#12067=EDGE_CURVE('',#322,#330,#12070,.T.);
#12068=LINE('',#329,#12071);
#12069=LINE('',#515,#12072);
#12070=LINE('',#321,#12073);
#12071=VECTOR('',#12074,1.0);
#12072=VECTOR('',#12075,1.0);
#12073=VECTOR('',#12076,1.0);
#12074=DIRECTION('',(0,0,1));
#12075=DIRECTION('',(-0.005799505526241042,0.01169900252707257,-0.9999147459036308));
#12076=DIRECTION('',(0.44414788414389644,-0.8959534904282143,0));
#12077=STYLED_ITEM('',(#18),#12078);
#12078=FACE_SURFACE('',(#12083),#12079,.T.);
#12079=PLANE('',#12080);
#12080=AXIS2_PLACEMENT_3D('',#113,#12081,#12082);
#12081=DIRECTION('',(0.3208070336803894,0.9471445756278128,-0));
#12082=DIRECTION('',(-0.04953212804717308,0.016777011112752233,0.9986316138542987));
#12083=FACE_BOUND('',#12084,.T.);
#12084=EDGE_LOOP('',(#12085,#12086,#12087));
#12085=ORIENTED_EDGE('',*,*,#12088,.T.);
#12086=ORIENTED_EDGE('',*,*,#12089,.T.);
#12087=ORIENTED_EDGE('',*,*,#12090,.T.);
#12088=EDGE_CURVE('',#114,#558,#12091,.F.);
#12089=EDGE_CURVE('',#558,#564,#12092,.T.);
#12090=EDGE_CURVE('',#564,#114,#12093,.T.);
#12091=LINE('',#113,#12094);
#12092=LINE('',#557,#12095);
#12093=LINE('',#563,#12096);
#12094=VECTOR('',#12097,1.0);
#12095=VECTOR('',#12098,1.0);
#12096=VECTOR('',#12099,1.0);
#12097=DIRECTION('',(-0.04953212804717308,0.016777011112752233,0.9986316138542987));
#12098=DIRECTION('',(0.9471445756278127,-0.3208070336803893,0));
#12099=DIRECTION('',(0,0,-1));
#12100=STYLED_ITEM('',(#18),#12101);
#12101=FACE_SURFACE('',(#12106),#12102,.T.);
#12102=PLANE('',#12103);
#12103=AXIS2_PLACEMENT_3D('',#391,#12104,#12105);
#12104=DIRECTION('',(-0.9981405062648923,0.06095514542074996,0));
#12105=DIRECTION('',(-0.0007999311088996531,-0.013098871908233285,-0.9999138861246766));
#12106=FACE_BOUND('',#12107,.T.);
#12107=EDGE_LOOP('',(#12108,#12109,#12110));
#12108=ORIENTED_EDGE('',*,*,#12111,.T.);
#12109=ORIENTED_EDGE('',*,*,#12112,.T.);
#12110=ORIENTED_EDGE('',*,*,#12113,.T.);
#12111=EDGE_CURVE('',#392,#62,#12114,.F.);
#12112=EDGE_CURVE('',#62,#394,#12115,.T.);
#12113=EDGE_CURVE('',#394,#392,#12116,.T.);
#12114=LINE('',#391,#12117);
#12115=LINE('',#61,#12118);
#12116=LINE('',#393,#12119);
#12117=VECTOR('',#12120,1.0);
#12118=VECTOR('',#12121,1.0);
#12119=VECTOR('',#12122,1.0);
#12120=DIRECTION('',(-0.0007999311088996531,-0.013098871908233285,-0.9999138861246766));
#12121=DIRECTION('',(0,0,1));
#12122=DIRECTION('',(0.06095514542074996,0.9981405062648923,0));
#12123=STYLED_ITEM('',(#18),#12124);
#12124=FACE_SURFACE('',(#12129),#12125,.T.);
#12125=PLANE('',#12126);
#12126=AXIS2_PLACEMENT_3D('',#349,#12127,#12128);
#12127=DIRECTION('',(0.06499637357340082,-0.997885500156359,0));
#12128=DIRECTION('',(0.997885500156359,0.06499637357340082,0));
#12129=FACE_BOUND('',#12130,.T.);
#12130=EDGE_LOOP('',(#12131,#12132,#12133));
#12131=ORIENTED_EDGE('',*,*,#12134,.T.);
#12132=ORIENTED_EDGE('',*,*,#12135,.T.);
#12133=ORIENTED_EDGE('',*,*,#12136,.T.);
#12134=EDGE_CURVE('',#350,#358,#12137,.F.);
#12135=EDGE_CURVE('',#358,#648,#12138,.T.);
#12136=EDGE_CURVE('',#648,#350,#12139,.T.);
#12137=LINE('',#349,#12140);
#12138=LINE('',#357,#12141);
#12139=LINE('',#647,#12142);
#12140=VECTOR('',#12143,1.0);
#12141=VECTOR('',#12144,1.0);
#12142=VECTOR('',#12145,1.0);
#12143=DIRECTION('',(0.997885500156359,0.06499637357340082,0));
#12144=DIRECTION('',(0,0,1));
#12145=DIRECTION('',(-0.05212872620190561,-0.0033953576453347504,-0.9986346015690759));
#12146=STYLED_ITEM('',(#18),#12147);
#12147=FACE_SURFACE('',(#12152),#12148,.T.);
#12148=PLANE('',#12149);
#12149=AXIS2_PLACEMENT_3D('',#61,#12150,#12151);
#12150=DIRECTION('',(-0.9799873195820538,0.19905992429010297,0));
#12151=DIRECTION('',(-0.0025997782483726975,-0.01279890829968108,0.9999147109125835));
#12152=FACE_BOUND('',#12153,.T.);
#12153=EDGE_LOOP('',(#12154,#12155,#12156));
#12154=ORIENTED_EDGE('',*,*,#12157,.T.);
#12155=ORIENTED_EDGE('',*,*,#12158,.T.);
#12156=ORIENTED_EDGE('',*,*,#12159,.T.);
#12157=EDGE_CURVE('',#62,#518,#12160,.F.);
#12158=EDGE_CURVE('',#518,#394,#12161,.T.);
#12159=EDGE_CURVE('',#394,#62,#12162,.T.);
#12160=LINE('',#61,#12163);
#12161=LINE('',#517,#12164);
#12162=LINE('',#393,#12165);
#12163=VECTOR('',#12166,1.0);
#12164=VECTOR('',#12167,1.0);
#12165=VECTOR('',#12168,1.0);
#12166=DIRECTION('',(-0.0025997782483726975,-0.01279890829968108,0.9999147109125835));
#12167=DIRECTION('',(0.199059924290103,0.9799873195820539,0));
#12168=DIRECTION('',(0,0,-1));
#12169=STYLED_ITEM('',(#18),#12170);
#12170=FACE_SURFACE('',(#12175),#12171,.T.);
#12171=PLANE('',#12172);
#12172=AXIS2_PLACEMENT_3D('',#647,#12173,#12174);
#12173=DIRECTION('',(0.19501299637917774,-0.9808006582599824,0));
#12174=DIRECTION('',(0,0,-1));
#12175=FACE_BOUND('',#12176,.T.);
#12176=EDGE_LOOP('',(#12177,#12178,#12179));
#12177=ORIENTED_EDGE('',*,*,#12180,.T.);
#12178=ORIENTED_EDGE('',*,*,#12181,.T.);
#12179=ORIENTED_EDGE('',*,*,#12182,.T.);
#12180=EDGE_CURVE('',#648,#358,#12183,.F.);
#12181=EDGE_CURVE('',#358,#234,#12184,.T.);
#12182=EDGE_CURVE('',#234,#648,#12185,.T.);
#12183=LINE('',#647,#12186);
#12184=LINE('',#357,#12187);
#12185=LINE('',#233,#12188);
#12186=VECTOR('',#12189,1.0);
#12187=VECTOR('',#12190,1.0);
#12188=VECTOR('',#12191,1.0);
#12189=DIRECTION('',(0,0,-1));
#12190=DIRECTION('',(0.9808006582599824,0.19501299637917774,0));
#12191=DIRECTION('',(-0.05122997217570325,-0.010186076339028715,0.9986349351988906));
#12192=STYLED_ITEM('',(#18),#12193);
#12193=FACE_SURFACE('',(#12198),#12194,.T.);
#12194=PLANE('',#12195);
#12195=AXIS2_PLACEMENT_3D('',#105,#12196,#12197);
#12196=DIRECTION('',(0.19501299637917774,0.9808006582599824,-0));
#12197=DIRECTION('',(0,0,1));
#12198=FACE_BOUND('',#12199,.T.);
#12199=EDGE_LOOP('',(#12200,#12201,#12202));
#12200=ORIENTED_EDGE('',*,*,#12203,.T.);
#12201=ORIENTED_EDGE('',*,*,#12204,.T.);
#12202=ORIENTED_EDGE('',*,*,#12205,.T.);
#12203=EDGE_CURVE('',#106,#620,#12206,.F.);
#12204=EDGE_CURVE('',#620,#558,#12207,.T.);
#12205=EDGE_CURVE('',#558,#106,#12208,.T.);
#12206=LINE('',#105,#12209);
#12207=LINE('',#619,#12210);
#12208=LINE('',#557,#12211);
#12209=VECTOR('',#12212,1.0);
#12210=VECTOR('',#12213,1.0);
#12211=VECTOR('',#12214,1.0);
#12212=DIRECTION('',(0,0,1));
#12213=DIRECTION('',(0.9808006582599824,-0.19501299637917774,0));
#12214=DIRECTION('',(-0.05122997217570325,0.010186076339028715,-0.9986349351988906));
#12215=STYLED_ITEM('',(#18),#12216);
#12216=FACE_SURFACE('',(#12221),#12217,.T.);
#12217=PLANE('',#12218);
#12218=AXIS2_PLACEMENT_3D('',#747,#12219,#12220);
#12219=DIRECTION('',(-0.19501299637917774,0.9808006582599824,0));
#12220=DIRECTION('',(0.05122997217570325,0.010186076339028715,0.9986349351988906));
#12221=FACE_BOUND('',#12222,.T.);
#12222=EDGE_LOOP('',(#12223,#12224,#12225));
#12223=ORIENTED_EDGE('',*,*,#12226,.T.);
#12224=ORIENTED_EDGE('',*,*,#12227,.T.);
#12225=ORIENTED_EDGE('',*,*,#12228,.T.);
#12226=EDGE_CURVE('',#748,#542,#12229,.F.);
#12227=EDGE_CURVE('',#542,#98,#12230,.T.);
#12228=EDGE_CURVE('',#98,#748,#12231,.T.);
#12229=LINE('',#747,#12232);
#12230=LINE('',#541,#12233);
#12231=LINE('',#97,#12234);
#12232=VECTOR('',#12235,1.0);
#12233=VECTOR('',#12236,1.0);
#12234=VECTOR('',#12237,1.0);
#12235=DIRECTION('',(0.05122997217570325,0.010186076339028715,0.9986349351988906));
#12236=DIRECTION('',(0,0,-1));
#12237=DIRECTION('',(-0.9808006582599824,-0.19501299637917774,0));
#12238=STYLED_ITEM('',(#18),#12239);
#12239=FACE_SURFACE('',(#12244),#12240,.T.);
#12240=PLANE('',#12241);
#12241=AXIS2_PLACEMENT_3D('',#67,#12242,#12243);
#12242=DIRECTION('',(-0.9479222324347218,0.3185018700980786,0));
#12243=DIRECTION('',(0,0,1));
#12244=FACE_BOUND('',#12245,.T.);
#12245=EDGE_LOOP('',(#12246,#12247,#12248));
#12246=ORIENTED_EDGE('',*,*,#12249,.T.);
#12247=ORIENTED_EDGE('',*,*,#12250,.T.);
#12248=ORIENTED_EDGE('',*,*,#12251,.T.);
#12249=EDGE_CURVE('',#68,#628,#12252,.F.);
#12250=EDGE_CURVE('',#628,#518,#12253,.T.);
#12251=EDGE_CURVE('',#518,#68,#12254,.T.);
#12252=LINE('',#67,#12255);
#12253=LINE('',#627,#12256);
#12254=LINE('',#517,#12257);
#12255=VECTOR('',#12258,1.0);
#12256=VECTOR('',#12259,1.0);
#12257=VECTOR('',#12260,1.0);
#12258=DIRECTION('',(0,0,1));
#12259=DIRECTION('',(0.3185018700980786,0.9479222324347218,0));
#12260=DIRECTION('',(-0.004199634878617687,-0.012498913329218835,-0.9999130663375068));
#12261=STYLED_ITEM('',(#18),#12262);
#12262=FACE_SURFACE('',(#12267),#12263,.T.);
#12263=PLANE('',#12264);
#12264=AXIS2_PLACEMENT_3D('',#521,#12265,#12266);
#12265=DIRECTION('',(-0.3208070336803894,0.9471445756278128,0));
#12266=DIRECTION('',(0.04953212804717308,0.016777011112752233,-0.9986316138542987));
#12267=FACE_BOUND('',#12268,.T.);
#12268=EDGE_LOOP('',(#12269,#12270,#12271));
#12269=ORIENTED_EDGE('',*,*,#12272,.T.);
#12270=ORIENTED_EDGE('',*,*,#12273,.T.);
#12271=ORIENTED_EDGE('',*,*,#12274,.T.);
#12272=EDGE_CURVE('',#522,#748,#12275,.F.);
#12273=EDGE_CURVE('',#748,#750,#12276,.T.);
#12274=EDGE_CURVE('',#750,#522,#12277,.T.);
#12275=LINE('',#521,#12278);
#12276=LINE('',#747,#12279);
#12277=LINE('',#749,#12280);
#12278=VECTOR('',#12281,1.0);
#12279=VECTOR('',#12282,1.0);
#12280=VECTOR('',#12283,1.0);
#12281=DIRECTION('',(0.04953212804717308,0.016777011112752233,-0.9986316138542987));
#12282=DIRECTION('',(-0.9471445756278127,-0.3208070336803893,0));
#12283=DIRECTION('',(0,0,1));
#12284=STYLED_ITEM('',(#18),#12285);
#12285=FACE_SURFACE('',(#12290),#12286,.T.);
#12286=PLANE('',#12287);
#12287=AXIS2_PLACEMENT_3D('',#105,#12288,#12289);
#12288=DIRECTION('',(0.06499637357340252,0.997885500156359,0));
#12289=DIRECTION('',(-0.997885500156359,0.06499637357340252,0));
#12290=FACE_BOUND('',#12291,.T.);
#12291=EDGE_LOOP('',(#12292,#12293,#12294));
#12292=ORIENTED_EDGE('',*,*,#12295,.T.);
#12293=ORIENTED_EDGE('',*,*,#12296,.T.);
#12294=ORIENTED_EDGE('',*,*,#12297,.T.);
#12295=EDGE_CURVE('',#106,#100,#12298,.F.);
#12296=EDGE_CURVE('',#100,#546,#12299,.T.);
#12297=EDGE_CURVE('',#546,#106,#12300,.T.);
#12298=LINE('',#105,#12301);
#12299=LINE('',#99,#12302);
#12300=LINE('',#545,#12303);
#12301=VECTOR('',#12304,1.0);
#12302=VECTOR('',#12305,1.0);
#12303=VECTOR('',#12306,1.0);
#12304=DIRECTION('',(-0.997885500156359,0.06499637357340252,0));
#12305=DIRECTION('',(0,0,1));
#12306=DIRECTION('',(0.05212872620190561,-0.003395357645334839,-0.9986346015690759));
#12307=STYLED_ITEM('',(#18),#12308);
#12308=FACE_SURFACE('',(#12313),#12309,.T.);
#12309=PLANE('',#12310);
#12310=AXIS2_PLACEMENT_3D('',#105,#12311,#12312);
#12311=DIRECTION('',(0.06499637357340252,0.997885500156359,-0));
#12312=DIRECTION('',(-0.05212872620190561,0.003395357645334839,0.9986346015690759));
#12313=FACE_BOUND('',#12314,.T.);
#12314=EDGE_LOOP('',(#12315,#12316,#12317));
#12315=ORIENTED_EDGE('',*,*,#12318,.T.);
#12316=ORIENTED_EDGE('',*,*,#12319,.T.);
#12317=ORIENTED_EDGE('',*,*,#12320,.T.);
#12318=EDGE_CURVE('',#106,#546,#12321,.F.);
#12319=EDGE_CURVE('',#546,#620,#12322,.T.);
#12320=EDGE_CURVE('',#620,#106,#12323,.T.);
#12321=LINE('',#105,#12324);
#12322=LINE('',#545,#12325);
#12323=LINE('',#619,#12326);
#12324=VECTOR('',#12327,1.0);
#12325=VECTOR('',#12328,1.0);
#12326=VECTOR('',#12329,1.0);
#12327=DIRECTION('',(-0.05212872620190561,0.003395357645334839,0.9986346015690759));
#12328=DIRECTION('',(0.997885500156359,-0.06499637357340252,0));
#12329=DIRECTION('',(0,0,-1));
#12330=STYLED_ITEM('',(#18),#12331);
#12331=FACE_SURFACE('',(#12336),#12332,.T.);
#12332=PLANE('',#12333);
#12333=AXIS2_PLACEMENT_3D('',#83,#12334,#12335);
#12334=DIRECTION('',(-0.7515095933257685,-0.6597221620798698,0));
#12335=DIRECTION('',(0,0,1));
#12336=FACE_BOUND('',#12337,.T.);
#12337=EDGE_LOOP('',(#12338,#12339,#12340));
#12338=ORIENTED_EDGE('',*,*,#12341,.T.);
#12339=ORIENTED_EDGE('',*,*,#12342,.T.);
#12340=ORIENTED_EDGE('',*,*,#12343,.T.);
#12341=EDGE_CURVE('',#84,#464,#12344,.F.);
#12342=EDGE_CURVE('',#464,#96,#12345,.T.);
#12343=EDGE_CURVE('',#96,#84,#12346,.T.);
#12344=LINE('',#83,#12347);
#12345=LINE('',#463,#12348);
#12346=LINE('',#95,#12349);
#12347=VECTOR('',#12350,1.0);
#12348=VECTOR('',#12351,1.0);
#12349=VECTOR('',#12352,1.0);
#12350=DIRECTION('',(0,0,1));
#12351=DIRECTION('',(-0.03445292227203395,0.03924637232727365,-0.9986354281749003));
#12352=DIRECTION('',(0.6597221620798697,-0.7515095933257684,0));
#12353=STYLED_ITEM('',(#18),#12354);
#12354=FACE_SURFACE('',(#12359),#12355,.T.);
#12355=PLANE('',#12356);
#12356=AXIS2_PLACEMENT_3D('',#749,#12357,#12358);
#12357=DIRECTION('',(-0.44338720834081413,0.8963301754820817,0));
#12358=DIRECTION('',(-0.8963301754820817,-0.44338720834081413,0));
#12359=FACE_BOUND('',#12360,.T.);
#12360=EDGE_LOOP('',(#12361,#12362,#12363));
#12361=ORIENTED_EDGE('',*,*,#12364,.T.);
#12362=ORIENTED_EDGE('',*,*,#12365,.T.);
#12363=ORIENTED_EDGE('',*,*,#12366,.T.);
#12364=EDGE_CURVE('',#750,#162,#12367,.F.);
#12365=EDGE_CURVE('',#162,#522,#12368,.T.);
#12366=EDGE_CURVE('',#522,#750,#12369,.T.);
#12367=LINE('',#749,#12370);
#12368=LINE('',#161,#12371);
#12369=LINE('',#521,#12372);
#12370=VECTOR('',#12373,1.0);
#12371=VECTOR('',#12374,1.0);
#12372=VECTOR('',#12375,1.0);
#12373=DIRECTION('',(-0.8963301754820817,-0.44338720834081413,0));
#12374=DIRECTION('',(0.0468359289502173,0.023168306005224636,0.9986338795355476));
#12375=DIRECTION('',(0,0,-1));
#12376=STYLED_ITEM('',(#18),#12377);
#12377=FACE_SURFACE('',(#12382),#12378,.T.);
#12378=PLANE('',#12379);
#12379=AXIS2_PLACEMENT_3D('',#627,#12380,#12381);
#12380=DIRECTION('',(-0.8959534904282141,0.4441478841438964,0));
#12381=DIRECTION('',(0,0,-1));
#12382=FACE_BOUND('',#12383,.T.);
#12383=EDGE_LOOP('',(#12384,#12385,#12386));
#12384=ORIENTED_EDGE('',*,*,#12387,.T.);
#12385=ORIENTED_EDGE('',*,*,#12388,.T.);
#12386=ORIENTED_EDGE('',*,*,#12389,.T.);
#12387=EDGE_CURVE('',#628,#68,#12390,.F.);
#12388=EDGE_CURVE('',#68,#528,#12391,.T.);
#12389=EDGE_CURVE('',#528,#628,#12392,.T.);
#12390=LINE('',#627,#12393);
#12391=LINE('',#67,#12394);
#12392=LINE('',#527,#12395);
#12393=VECTOR('',#12396,1.0);
#12394=VECTOR('',#12397,1.0);
#12395=VECTOR('',#12398,1.0);
#12396=DIRECTION('',(0,0,-1));
#12397=DIRECTION('',(-0.005799505526241042,-0.01169900252707257,0.9999147459036308));
#12398=DIRECTION('',(0.44414788414389644,0.8959534904282143,0));
#12399=STYLED_ITEM('',(#18),#12400);
#12400=FACE_SURFACE('',(#12405),#12401,.T.);
#12401=PLANE('',#12402);
#12402=AXIS2_PLACEMENT_3D('',#545,#12403,#12404);
#12403=DIRECTION('',(-0.06499637357340252,0.997885500156359,0));
#12404=DIRECTION('',(0,0,-1));
#12405=FACE_BOUND('',#12406,.T.);
#12406=EDGE_LOOP('',(#12407,#12408,#12409));
#12407=ORIENTED_EDGE('',*,*,#12410,.T.);
#12408=ORIENTED_EDGE('',*,*,#12411,.T.);
#12409=ORIENTED_EDGE('',*,*,#12412,.T.);
#12410=EDGE_CURVE('',#546,#100,#12413,.F.);
#12411=EDGE_CURVE('',#100,#98,#12414,.T.);
#12412=EDGE_CURVE('',#98,#546,#12415,.T.);
#12413=LINE('',#545,#12416);
#12414=LINE('',#99,#12417);
#12415=LINE('',#97,#12418);
#12416=VECTOR('',#12419,1.0);
#12417=VECTOR('',#12420,1.0);
#12418=VECTOR('',#12421,1.0);
#12419=DIRECTION('',(0,0,-1));
#12420=DIRECTION('',(-0.997885500156359,-0.06499637357340252,0));
#12421=DIRECTION('',(0.05212872620190561,0.003395357645334839,0.9986346015690759));
#12422=STYLED_ITEM('',(#18),#12423);
#12423=FACE_SURFACE('',(#12428),#12424,.T.);
#12424=PLANE('',#12425);
#12425=AXIS2_PLACEMENT_3D('',#545,#12426,#12427);
#12426=DIRECTION('',(-0.06499637357340252,0.997885500156359,0));
#12427=DIRECTION('',(-0.05212872620190561,-0.003395357645334839,-0.9986346015690759));
#12428=FACE_BOUND('',#12429,.T.);
#12429=EDGE_LOOP('',(#12430,#12431,#12432));
#12430=ORIENTED_EDGE('',*,*,#12433,.T.);
#12431=ORIENTED_EDGE('',*,*,#12434,.T.);
#12432=ORIENTED_EDGE('',*,*,#12435,.T.);
#12433=EDGE_CURVE('',#546,#98,#12436,.F.);
#12434=EDGE_CURVE('',#98,#542,#12437,.T.);
#12435=EDGE_CURVE('',#542,#546,#12438,.T.);
#12436=LINE('',#545,#12439);
#12437=LINE('',#97,#12440);
#12438=LINE('',#541,#12441);
#12439=VECTOR('',#12442,1.0);
#12440=VECTOR('',#12443,1.0);
#12441=VECTOR('',#12444,1.0);
#12442=DIRECTION('',(-0.05212872620190561,-0.003395357645334839,-0.9986346015690759));
#12443=DIRECTION('',(0,0,1));
#12444=DIRECTION('',(0.997885500156359,0.06499637357340252,0));
#12445=STYLED_ITEM('',(#18),#12446);
#12446=FACE_SURFACE('',(#12451),#12447,.T.);
#12447=PLANE('',#12448);
#12448=AXIS2_PLACEMENT_3D('',#281,#12449,#12450);
#12449=DIRECTION('',(0.8959534904282141,-0.4441478841438964,0));
#12450=DIRECTION('',(0,0,1));
#12451=FACE_BOUND('',#12452,.T.);
#12452=EDGE_LOOP('',(#12453,#12454,#12455));
#12453=ORIENTED_EDGE('',*,*,#12456,.T.);
#12454=ORIENTED_EDGE('',*,*,#12457,.T.);
#12455=ORIENTED_EDGE('',*,*,#12458,.T.);
#12456=EDGE_CURVE('',#282,#568,#12459,.F.);
#12457=EDGE_CURVE('',#568,#658,#12460,.T.);
#12458=EDGE_CURVE('',#658,#282,#12461,.T.);
#12459=LINE('',#281,#12462);
#12460=LINE('',#567,#12463);
#12461=LINE('',#657,#12464);
#12462=VECTOR('',#12465,1.0);
#12463=VECTOR('',#12466,1.0);
#12464=VECTOR('',#12467,1.0);
#12465=DIRECTION('',(0,0,1));
#12466=DIRECTION('',(-0.44414788414389644,-0.8959534904282143,0));
#12467=DIRECTION('',(0.005799505526241042,0.01169900252707257,-0.9999147459036308));
#12468=STYLED_ITEM('',(#18),#12469);
#12469=FACE_SURFACE('',(#12474),#12470,.T.);
#12470=PLANE('',#12471);
#12471=AXIS2_PLACEMENT_3D('',#345,#12472,#12473);
#12472=DIRECTION('',(-0.3208070336803878,-0.9471445756278133,0));
#12473=DIRECTION('',(0,0,1));
#12474=FACE_BOUND('',#12475,.T.);
#12475=EDGE_LOOP('',(#12476,#12477,#12478));
#12476=ORIENTED_EDGE('',*,*,#12479,.T.);
#12477=ORIENTED_EDGE('',*,*,#12480,.T.);
#12478=ORIENTED_EDGE('',*,*,#12481,.T.);
#12479=EDGE_CURVE('',#346,#468,#12482,.F.);
#12480=EDGE_CURVE('',#468,#136,#12483,.T.);
#12481=EDGE_CURVE('',#136,#346,#12484,.T.);
#12482=LINE('',#345,#12485);
#12483=LINE('',#467,#12486);
#12484=LINE('',#135,#12487);
#12485=VECTOR('',#12488,1.0);
#12486=VECTOR('',#12489,1.0);
#12487=VECTOR('',#12490,1.0);
#12488=DIRECTION('',(0,0,1));
#12489=DIRECTION('',(-0.04953212804717308,0.016777011112752142,-0.9986316138542987));
#12490=DIRECTION('',(0.9471445756278133,-0.3208070336803878,0));
#12491=STYLED_ITEM('',(#18),#12492);
#12492=FACE_SURFACE('',(#12497),#12493,.T.);
#12493=PLANE('',#12494);
#12494=AXIS2_PLACEMENT_3D('',#477,#12495,#12496);
#12495=DIRECTION('',(-0.7515095933257685,0.6597221620798698,0));
#12496=DIRECTION('',(0.03445292227203395,0.03924637232727365,-0.9986354281749003));
#12497=FACE_BOUND('',#12498,.T.);
#12498=EDGE_LOOP('',(#12499,#12500,#12501));
#12499=ORIENTED_EDGE('',*,*,#12502,.T.);
#12500=ORIENTED_EDGE('',*,*,#12503,.T.);
#12501=ORIENTED_EDGE('',*,*,#12504,.T.);
#12502=EDGE_CURVE('',#478,#156,#12505,.F.);
#12503=EDGE_CURVE('',#156,#154,#12506,.T.);
#12504=EDGE_CURVE('',#154,#478,#12507,.T.);
#12505=LINE('',#477,#12508);
#12506=LINE('',#155,#12509);
#12507=LINE('',#153,#12510);
#12508=VECTOR('',#12511,1.0);
#12509=VECTOR('',#12512,1.0);
#12510=VECTOR('',#12513,1.0);
#12511=DIRECTION('',(0.03445292227203395,0.03924637232727365,-0.9986354281749003));
#12512=DIRECTION('',(-0.6597221620798697,-0.7515095933257684,0));
#12513=DIRECTION('',(0,0,1));
#12514=STYLED_ITEM('',(#18),#12515);
#12515=FACE_SURFACE('',(#12520),#12516,.T.);
#12516=PLANE('',#12517);
#12517=AXIS2_PLACEMENT_3D('',#415,#12518,#12519);
#12518=DIRECTION('',(0.9976483193600395,0.06854072423084488,0));
#12519=DIRECTION('',(0.0685407242308449,-0.9976483193600396,0));
#12520=FACE_BOUND('',#12521,.T.);
#12521=EDGE_LOOP('',(#12522,#12523,#12524));
#12522=ORIENTED_EDGE('',*,*,#12525,.T.);
#12523=ORIENTED_EDGE('',*,*,#12526,.T.);
#12524=ORIENTED_EDGE('',*,*,#12527,.T.);
#12525=EDGE_CURVE('',#416,#420,#12528,.F.);
#12526=EDGE_CURVE('',#420,#378,#12529,.T.);
#12527=EDGE_CURVE('',#378,#416,#12530,.T.);
#12528=LINE('',#415,#12531);
#12529=LINE('',#419,#12532);
#12530=LINE('',#377,#12533);
#12531=VECTOR('',#12534,1.0);
#12532=VECTOR('',#12535,1.0);
#12533=VECTOR('',#12536,1.0);
#12534=DIRECTION('',(0.0685407242308449,-0.9976483193600396,0));
#12535=DIRECTION('',(-0.0008999224210320142,0.013098870795021067,-0.9999138011466445));
#12536=DIRECTION('',(0,0,1));
#12537=STYLED_ITEM('',(#18),#12538);
#12538=FACE_SURFACE('',(#12543),#12539,.T.);
#12539=PLANE('',#12540);
#12540=AXIS2_PLACEMENT_3D('',#285,#12541,#12542);
#12541=DIRECTION('',(0.830875709772572,-0.5564580441595975,0));
#12542=DIRECTION('',(0,0,1));
#12543=FACE_BOUND('',#12544,.T.);
#12544=EDGE_LOOP('',(#12545,#12546,#12547));
#12545=ORIENTED_EDGE('',*,*,#12548,.T.);
#12546=ORIENTED_EDGE('',*,*,#12549,.T.);
#12547=ORIENTED_EDGE('',*,*,#12550,.T.);
#12548=EDGE_CURVE('',#286,#566,#12551,.F.);
#12549=EDGE_CURVE('',#566,#568,#12552,.T.);
#12550=EDGE_CURVE('',#568,#286,#12553,.T.);
#12551=LINE('',#285,#12554);
#12552=LINE('',#565,#12555);
#12553=LINE('',#567,#12556);
#12554=VECTOR('',#12557,1.0);
#12555=VECTOR('',#12558,1.0);
#12556=VECTOR('',#12559,1.0);
#12557=DIRECTION('',(0,0,1));
#12558=DIRECTION('',(-0.5564580441595975,-0.830875709772572,0));
#12559=DIRECTION('',(0.007299371916068455,0.010899062176047712,-0.999913961105311));
#12560=STYLED_ITEM('',(#18),#12561);
#12561=FACE_SURFACE('',(#12566),#12562,.T.);
#12562=PLANE('',#12563);
#12563=AXIS2_PLACEMENT_3D('',#285,#12564,#12565);
#12564=DIRECTION('',(0.830875709772572,-0.5564580441595975,0));
#12565=DIRECTION('',(-0.007299371916068455,-0.010899062176047712,0.999913961105311));
#12566=FACE_BOUND('',#12567,.T.);
#12567=EDGE_LOOP('',(#12568,#12569,#12570));
#12568=ORIENTED_EDGE('',*,*,#12571,.T.);
#12569=ORIENTED_EDGE('',*,*,#12572,.T.);
#12570=ORIENTED_EDGE('',*,*,#12573,.T.);
#12571=EDGE_CURVE('',#286,#568,#12574,.F.);
#12572=EDGE_CURVE('',#568,#282,#12575,.T.);
#12573=EDGE_CURVE('',#282,#286,#12576,.T.);
#12574=LINE('',#285,#12577);
#12575=LINE('',#567,#12578);
#12576=LINE('',#281,#12579);
#12577=VECTOR('',#12580,1.0);
#12578=VECTOR('',#12581,1.0);
#12579=VECTOR('',#12582,1.0);
#12580=DIRECTION('',(-0.007299371916068455,-0.010899062176047712,0.999913961105311));
#12581=DIRECTION('',(0,0,-1));
#12582=DIRECTION('',(0.5564580441595975,0.830875709772572,0));
#12583=STYLED_ITEM('',(#18),#12584);
#12584=FACE_SURFACE('',(#12589),#12585,.T.);
#12585=PLANE('',#12586);
#12586=AXIS2_PLACEMENT_3D('',#177,#12587,#12588);
#12587=DIRECTION('',(0.9799873195820538,0.19905992429010297,-0));
#12588=DIRECTION('',(-0.199059924290103,0.9799873195820539,0));
#12589=FACE_BOUND('',#12590,.T.);
#12590=EDGE_LOOP('',(#12591,#12592,#12593));
#12591=ORIENTED_EDGE('',*,*,#12594,.T.);
#12592=ORIENTED_EDGE('',*,*,#12595,.T.);
#12593=ORIENTED_EDGE('',*,*,#12596,.T.);
#12594=EDGE_CURVE('',#178,#176,#12597,.F.);
#12595=EDGE_CURVE('',#176,#716,#12598,.T.);
#12596=EDGE_CURVE('',#716,#178,#12599,.T.);
#12597=LINE('',#177,#12600);
#12598=LINE('',#175,#12601);
#12599=LINE('',#715,#12602);
#12600=VECTOR('',#12603,1.0);
#12601=VECTOR('',#12604,1.0);
#12602=VECTOR('',#12605,1.0);
#12603=DIRECTION('',(-0.199059924290103,0.9799873195820539,0));
#12604=DIRECTION('',(0.0025997782483726975,-0.01279890829968108,0.9999147109125835));
#12605=DIRECTION('',(0,0,-1));
#12606=STYLED_ITEM('',(#18),#12607);
#12607=FACE_SURFACE('',(#12612),#12608,.T.);
#12608=PLANE('',#12609);
#12609=AXIS2_PLACEMENT_3D('',#467,#12610,#12611);
#12610=DIRECTION('',(-0.19501299637917774,-0.9808006582599824,-0));
#12611=DIRECTION('',(0,0,-1));
#12612=FACE_BOUND('',#12613,.T.);
#12613=EDGE_LOOP('',(#12614,#12615,#12616));
#12614=ORIENTED_EDGE('',*,*,#12617,.T.);
#12615=ORIENTED_EDGE('',*,*,#12618,.T.);
#12616=ORIENTED_EDGE('',*,*,#12619,.T.);
#12617=EDGE_CURVE('',#468,#346,#12620,.F.);
#12618=EDGE_CURVE('',#346,#650,#12621,.T.);
#12619=EDGE_CURVE('',#650,#468,#12622,.T.);
#12620=LINE('',#467,#12623);
#12621=LINE('',#345,#12624);
#12622=LINE('',#649,#12625);
#12623=VECTOR('',#12626,1.0);
#12624=VECTOR('',#12627,1.0);
#12625=VECTOR('',#12628,1.0);
#12626=DIRECTION('',(0,0,-1));
#12627=DIRECTION('',(0.05122997217570325,-0.010186076339028715,0.9986349351988906));
#12628=DIRECTION('',(-0.9808006582599824,0.19501299637917774,0));
#12629=STYLED_ITEM('',(#18),#12630);
#12630=FACE_SURFACE('',(#12635),#12631,.T.);
#12631=PLANE('',#12632);
#12632=AXIS2_PLACEMENT_3D('',#343,#12633,#12634);
#12633=DIRECTION('',(-0.19501299637917774,-0.9808006582599824,0));
#12634=DIRECTION('',(0,0,1));
#12635=FACE_BOUND('',#12636,.T.);
#12636=EDGE_LOOP('',(#12637,#12638,#12639));
#12637=ORIENTED_EDGE('',*,*,#12640,.T.);
#12638=ORIENTED_EDGE('',*,*,#12641,.T.);
#12639=ORIENTED_EDGE('',*,*,#12642,.T.);
#12640=EDGE_CURVE('',#344,#650,#12643,.F.);
#12641=EDGE_CURVE('',#650,#346,#12644,.T.);
#12642=EDGE_CURVE('',#346,#344,#12645,.T.);
#12643=LINE('',#343,#12646);
#12644=LINE('',#649,#12647);
#12645=LINE('',#345,#12648);
#12646=VECTOR('',#12649,1.0);
#12647=VECTOR('',#12650,1.0);
#12648=VECTOR('',#12651,1.0);
#12649=DIRECTION('',(0,0,1));
#12650=DIRECTION('',(-0.05122997217570325,0.010186076339028715,-0.9986349351988906));
#12651=DIRECTION('',(0.9808006582599824,-0.19501299637917774,0));
#12652=STYLED_ITEM('',(#18),#12653);
#12653=FACE_SURFACE('',(#12658),#12654,.T.);
#12654=PLANE('',#12655);
#12655=AXIS2_PLACEMENT_3D('',#153,#12656,#12657);
#12656=DIRECTION('',(-0.8311673676268934,0.5560223079986816,0));
#12657=DIRECTION('',(-0.5560223079986816,-0.8311673676268934,0));
#12658=FACE_BOUND('',#12659,.T.);
#12659=EDGE_LOOP('',(#12660,#12661,#12662));
#12660=ORIENTED_EDGE('',*,*,#12663,.T.);
#12661=ORIENTED_EDGE('',*,*,#12664,.T.);
#12662=ORIENTED_EDGE('',*,*,#12665,.T.);
#12663=EDGE_CURVE('',#154,#168,#12666,.F.);
#12664=EDGE_CURVE('',#168,#478,#12667,.T.);
#12665=EDGE_CURVE('',#478,#154,#12668,.T.);
#12666=LINE('',#153,#12669);
#12667=LINE('',#167,#12670);
#12668=LINE('',#477,#12671);
#12669=VECTOR('',#12672,1.0);
#12670=VECTOR('',#12673,1.0);
#12671=VECTOR('',#12674,1.0);
#12672=DIRECTION('',(-0.5560223079986816,-0.8311673676268934,0));
#12673=DIRECTION('',(0.029060228361055512,0.04344054755003134,0.9986332770122157));
#12674=DIRECTION('',(0,0,-1));
#12675=STYLED_ITEM('',(#18),#12676);
#12676=FACE_SURFACE('',(#12681),#12677,.T.);
#12677=PLANE('',#12678);
#12678=AXIS2_PLACEMENT_3D('',#649,#12679,#12680);
#12679=DIRECTION('',(-0.06499637357340082,-0.997885500156359,-0));
#12680=DIRECTION('',(0,0,-1));
#12681=FACE_BOUND('',#12682,.T.);
#12682=EDGE_LOOP('',(#12683,#12684,#12685));
#12683=ORIENTED_EDGE('',*,*,#12686,.T.);
#12684=ORIENTED_EDGE('',*,*,#12687,.T.);
#12685=ORIENTED_EDGE('',*,*,#12688,.T.);
#12686=EDGE_CURVE('',#650,#344,#12689,.F.);
#12687=EDGE_CURVE('',#344,#350,#12690,.T.);
#12688=EDGE_CURVE('',#350,#650,#12691,.T.);
#12689=LINE('',#649,#12692);
#12690=LINE('',#343,#12693);
#12691=LINE('',#349,#12694);
#12692=VECTOR('',#12695,1.0);
#12693=VECTOR('',#12696,1.0);
#12694=VECTOR('',#12697,1.0);
#12695=DIRECTION('',(0,0,-1));
#12696=DIRECTION('',(0.997885500156359,-0.06499637357340082,0));
#12697=DIRECTION('',(-0.05212872620190561,0.0033953576453347504,0.9986346015690759));
#12698=STYLED_ITEM('',(#18),#12699);
#12699=FACE_SURFACE('',(#12704),#12700,.T.);
#12700=PLANE('',#12701);
#12701=AXIS2_PLACEMENT_3D('',#285,#12702,#12703);
#12702=DIRECTION('',(0.7549337632642428,-0.6558010468760234,0));
#12703=DIRECTION('',(0.008599260624361662,0.009899148858276578,0.9999140260885412));
#12704=FACE_BOUND('',#12705,.T.);
#12705=EDGE_LOOP('',(#12706,#12707,#12708));
#12706=ORIENTED_EDGE('',*,*,#12709,.T.);
#12707=ORIENTED_EDGE('',*,*,#12710,.T.);
#12708=ORIENTED_EDGE('',*,*,#12711,.T.);
#12709=EDGE_CURVE('',#286,#570,#12712,.F.);
#12710=EDGE_CURVE('',#570,#566,#12713,.T.);
#12711=EDGE_CURVE('',#566,#286,#12714,.T.);
#12712=LINE('',#285,#12715);
#12713=LINE('',#569,#12716);
#12714=LINE('',#565,#12717);
#12715=VECTOR('',#12718,1.0);
#12716=VECTOR('',#12719,1.0);
#12717=VECTOR('',#12720,1.0);
#12718=DIRECTION('',(0.008599260624361662,0.009899148858276578,0.9999140260885412));
#12719=DIRECTION('',(-0.6558010468760234,-0.7549337632642428,0));
#12720=DIRECTION('',(0,0,-1));
#12721=STYLED_ITEM('',(#18),#12722);
#12722=FACE_SURFACE('',(#12727),#12723,.T.);
#12723=PLANE('',#12724);
#12724=AXIS2_PLACEMENT_3D('',#521,#12725,#12726);
#12725=DIRECTION('',(-0.44338720834081413,0.8963301754820817,0));
#12726=DIRECTION('',(-0.0468359289502173,-0.023168306005224636,-0.9986338795355476));
#12727=FACE_BOUND('',#12728,.T.);
#12728=EDGE_LOOP('',(#12729,#12730,#12731));
#12729=ORIENTED_EDGE('',*,*,#12732,.T.);
#12730=ORIENTED_EDGE('',*,*,#12733,.T.);
#12731=ORIENTED_EDGE('',*,*,#12734,.T.);
#12732=EDGE_CURVE('',#522,#162,#12735,.F.);
#12733=EDGE_CURVE('',#162,#514,#12736,.T.);
#12734=EDGE_CURVE('',#514,#522,#12737,.T.);
#12735=LINE('',#521,#12738);
#12736=LINE('',#161,#12739);
#12737=LINE('',#513,#12740);
#12738=VECTOR('',#12741,1.0);
#12739=VECTOR('',#12742,1.0);
#12740=VECTOR('',#12743,1.0);
#12741=DIRECTION('',(-0.0468359289502173,-0.023168306005224636,-0.9986338795355476));
#12742=DIRECTION('',(0,0,1));
#12743=DIRECTION('',(0.8963301754820817,0.44338720834081413,0));
#12744=STYLED_ITEM('',(#18),#12745);
#12745=FACE_SURFACE('',(#12750),#12746,.T.);
#12746=PLANE('',#12747);
#12747=AXIS2_PLACEMENT_3D('',#537,#12748,#12749);
#12748=DIRECTION('',(-0.6558010468760234,0.7549337632642428,0));
#12749=DIRECTION('',(-0.009899148858276578,-0.008599260624361662,-0.9999140260885412));
#12750=FACE_BOUND('',#12751,.T.);
#12751=EDGE_LOOP('',(#12752,#12753,#12754));
#12752=ORIENTED_EDGE('',*,*,#12755,.T.);
#12753=ORIENTED_EDGE('',*,*,#12756,.T.);
#12754=ORIENTED_EDGE('',*,*,#12757,.T.);
#12755=EDGE_CURVE('',#538,#268,#12758,.F.);
#12756=EDGE_CURVE('',#268,#540,#12759,.T.);
#12757=EDGE_CURVE('',#540,#538,#12760,.T.);
#12758=LINE('',#537,#12761);
#12759=LINE('',#267,#12762);
#12760=LINE('',#539,#12763);
#12761=VECTOR('',#12764,1.0);
#12762=VECTOR('',#12765,1.0);
#12763=VECTOR('',#12766,1.0);
#12764=DIRECTION('',(-0.009899148858276578,-0.008599260624361662,-0.9999140260885412));
#12765=DIRECTION('',(0,0,1));
#12766=DIRECTION('',(0.7549337632642428,0.6558010468760234,0));
#12767=STYLED_ITEM('',(#18),#12768);
#12768=FACE_SURFACE('',(#12773),#12769,.T.);
#12769=PLANE('',#12770);
#12770=AXIS2_PLACEMENT_3D('',#569,#12771,#12772);
#12771=DIRECTION('',(0.6558010468760234,-0.7549337632642428,0));
#12772=DIRECTION('',(0,0,-1));
#12773=FACE_BOUND('',#12774,.T.);
#12774=EDGE_LOOP('',(#12775,#12776,#12777));
#12775=ORIENTED_EDGE('',*,*,#12778,.T.);
#12776=ORIENTED_EDGE('',*,*,#12779,.T.);
#12777=ORIENTED_EDGE('',*,*,#12780,.T.);
#12778=EDGE_CURVE('',#570,#288,#12781,.F.);
#12779=EDGE_CURVE('',#288,#574,#12782,.T.);
#12780=EDGE_CURVE('',#574,#570,#12783,.T.);
#12781=LINE('',#569,#12784);
#12782=LINE('',#287,#12785);
#12783=LINE('',#573,#12786);
#12784=VECTOR('',#12787,1.0);
#12785=VECTOR('',#12788,1.0);
#12786=VECTOR('',#12789,1.0);
#12787=DIRECTION('',(0,0,-1));
#12788=DIRECTION('',(0.009899148858276578,0.008599260624361662,0.9999140260885412));
#12789=DIRECTION('',(-0.7549337632642428,-0.6558010468760234,0));
#12790=STYLED_ITEM('',(#18),#12791);
#12791=FACE_SURFACE('',(#12796),#12792,.T.);
#12792=PLANE('',#12793);
#12793=AXIS2_PLACEMENT_3D('',#501,#12794,#12795);
#12794=DIRECTION('',(-0.5560223079986824,0.8311673676268928,0));
#12795=DIRECTION('',(0.8311673676268928,0.5560223079986824,0));
#12796=FACE_BOUND('',#12797,.T.);
#12797=EDGE_LOOP('',(#12798,#12799,#12800));
#12798=ORIENTED_EDGE('',*,*,#12801,.T.);
#12799=ORIENTED_EDGE('',*,*,#12802,.T.);
#12800=ORIENTED_EDGE('',*,*,#12803,.T.);
#12801=EDGE_CURVE('',#502,#514,#12804,.F.);
#12802=EDGE_CURVE('',#514,#160,#12805,.T.);
#12803=EDGE_CURVE('',#160,#502,#12806,.T.);
#12804=LINE('',#501,#12807);
#12805=LINE('',#513,#12808);
#12806=LINE('',#159,#12809);
#12807=VECTOR('',#12810,1.0);
#12808=VECTOR('',#12811,1.0);
#12809=VECTOR('',#12812,1.0);
#12810=DIRECTION('',(0.8311673676268928,0.5560223079986824,0));
#12811=DIRECTION('',(-0.04344054755003125,-0.029060228361055512,-0.9986332770122157));
#12812=DIRECTION('',(0,0,1));
#12813=STYLED_ITEM('',(#18),#12814);
#12814=FACE_SURFACE('',(#12819),#12815,.T.);
#12815=PLANE('',#12816);
#12816=AXIS2_PLACEMENT_3D('',#161,#12817,#12818);
#12817=DIRECTION('',(-0.5560223079986824,0.8311673676268928,0));
#12818=DIRECTION('',(-0.8311673676268928,-0.5560223079986824,0));
#12819=FACE_BOUND('',#12820,.T.);
#12820=EDGE_LOOP('',(#12821,#12822,#12823));
#12821=ORIENTED_EDGE('',*,*,#12824,.T.);
#12822=ORIENTED_EDGE('',*,*,#12825,.T.);
#12823=ORIENTED_EDGE('',*,*,#12826,.T.);
#12824=EDGE_CURVE('',#162,#160,#12827,.F.);
#12825=EDGE_CURVE('',#160,#514,#12828,.T.);
#12826=EDGE_CURVE('',#514,#162,#12829,.T.);
#12827=LINE('',#161,#12830);
#12828=LINE('',#159,#12831);
#12829=LINE('',#513,#12832);
#12830=VECTOR('',#12833,1.0);
#12831=VECTOR('',#12834,1.0);
#12832=VECTOR('',#12835,1.0);
#12833=DIRECTION('',(-0.8311673676268928,-0.5560223079986824,0));
#12834=DIRECTION('',(0.04344054755003125,0.029060228361055512,0.9986332770122157));
#12835=DIRECTION('',(0,0,-1));
#12836=STYLED_ITEM('',(#18),#12837);
#12837=FACE_SURFACE('',(#12842),#12838,.T.);
#12838=PLANE('',#12839);
#12839=AXIS2_PLACEMENT_3D('',#173,#12840,#12841);
#12840=DIRECTION('',(-0.9471445756278135,0.3208070336803873,0));
#12841=DIRECTION('',(-0.32080703368038727,-0.9471445756278134,0));
#12842=FACE_BOUND('',#12843,.T.);
#12843=EDGE_LOOP('',(#12844,#12845,#12846));
#12844=ORIENTED_EDGE('',*,*,#12847,.T.);
#12845=ORIENTED_EDGE('',*,*,#12848,.T.);
#12846=ORIENTED_EDGE('',*,*,#12849,.T.);
#12847=EDGE_CURVE('',#174,#182,#12850,.F.);
#12848=EDGE_CURVE('',#182,#482,#12851,.T.);
#12849=EDGE_CURVE('',#482,#174,#12852,.T.);
#12850=LINE('',#173,#12853);
#12851=LINE('',#181,#12854);
#12852=LINE('',#481,#12855);
#12853=VECTOR('',#12856,1.0);
#12854=VECTOR('',#12857,1.0);
#12855=VECTOR('',#12858,1.0);
#12856=DIRECTION('',(-0.32080703368038727,-0.9471445756278134,0));
#12857=DIRECTION('',(0,0,1));
#12858=DIRECTION('',(0.016777011112752142,0.04953212804717317,-0.9986316138542987));
#12859=STYLED_ITEM('',(#18),#12860);
#12860=FACE_SURFACE('',(#12865),#12861,.T.);
#12861=PLANE('',#12862);
#12862=AXIS2_PLACEMENT_3D('',#267,#12863,#12864);
#12863=DIRECTION('',(-0.5564580441595975,0.830875709772572,0));
#12864=DIRECTION('',(-0.010899062176047712,-0.007299371916068455,0.999913961105311));
#12865=FACE_BOUND('',#12866,.T.);
#12866=EDGE_LOOP('',(#12867,#12868,#12869));
#12867=ORIENTED_EDGE('',*,*,#12870,.T.);
#12868=ORIENTED_EDGE('',*,*,#12871,.T.);
#12869=ORIENTED_EDGE('',*,*,#12872,.T.);
#12870=EDGE_CURVE('',#268,#550,#12873,.F.);
#12871=EDGE_CURVE('',#550,#540,#12874,.T.);
#12872=EDGE_CURVE('',#540,#268,#12875,.T.);
#12873=LINE('',#267,#12876);
#12874=LINE('',#549,#12877);
#12875=LINE('',#539,#12878);
#12876=VECTOR('',#12879,1.0);
#12877=VECTOR('',#12880,1.0);
#12878=VECTOR('',#12881,1.0);
#12879=DIRECTION('',(-0.010899062176047712,-0.007299371916068455,0.999913961105311));
#12880=DIRECTION('',(0.830875709772572,0.5564580441595975,0));
#12881=DIRECTION('',(0,0,-1));
#12882=STYLED_ITEM('',(#18),#12883);
#12883=FACE_SURFACE('',(#12888),#12884,.T.);
#12884=PLANE('',#12885);
#12885=AXIS2_PLACEMENT_3D('',#159,#12886,#12887);
#12886=DIRECTION('',(-0.6597221620798708,0.7515095933257677,0));
#12887=DIRECTION('',(-0.7515095933257677,-0.6597221620798709,0));
#12888=FACE_BOUND('',#12889,.T.);
#12889=EDGE_LOOP('',(#12890,#12891,#12892));
#12890=ORIENTED_EDGE('',*,*,#12893,.T.);
#12891=ORIENTED_EDGE('',*,*,#12894,.T.);
#12892=ORIENTED_EDGE('',*,*,#12895,.T.);
#12893=EDGE_CURVE('',#160,#156,#12896,.F.);
#12894=EDGE_CURVE('',#156,#496,#12897,.T.);
#12895=EDGE_CURVE('',#496,#160,#12898,.T.);
#12896=LINE('',#159,#12899);
#12897=LINE('',#155,#12900);
#12898=LINE('',#495,#12901);
#12899=VECTOR('',#12902,1.0);
#12900=VECTOR('',#12903,1.0);
#12901=VECTOR('',#12904,1.0);
#12902=DIRECTION('',(-0.7515095933257677,-0.6597221620798709,0));
#12903=DIRECTION('',(0,0,1));
#12904=DIRECTION('',(0.03924637232727364,0.03445292227203403,-0.9986354281749001));
#12905=STYLED_ITEM('',(#18),#12906);
#12906=FACE_SURFACE('',(#12911),#12907,.T.);
#12907=PLANE('',#12908);
#12908=AXIS2_PLACEMENT_3D('',#159,#12909,#12910);
#12909=DIRECTION('',(-0.6597221620798708,0.7515095933257677,0));
#12910=DIRECTION('',(-0.03924637232727364,-0.03445292227203403,0.9986354281749001));
#12911=FACE_BOUND('',#12912,.T.);
#12912=EDGE_LOOP('',(#12913,#12914,#12915));
#12913=ORIENTED_EDGE('',*,*,#12916,.T.);
#12914=ORIENTED_EDGE('',*,*,#12917,.T.);
#12915=ORIENTED_EDGE('',*,*,#12918,.T.);
#12916=EDGE_CURVE('',#160,#496,#12919,.F.);
#12917=EDGE_CURVE('',#496,#502,#12920,.T.);
#12918=EDGE_CURVE('',#502,#160,#12921,.T.);
#12919=LINE('',#159,#12922);
#12920=LINE('',#495,#12923);
#12921=LINE('',#501,#12924);
#12922=VECTOR('',#12925,1.0);
#12923=VECTOR('',#12926,1.0);
#12924=VECTOR('',#12927,1.0);
#12925=DIRECTION('',(-0.03924637232727364,-0.03445292227203403,0.9986354281749001));
#12926=DIRECTION('',(0.7515095933257677,0.6597221620798709,0));
#12927=DIRECTION('',(0,0,-1));
#12928=STYLED_ITEM('',(#18),#12929);
#12929=FACE_SURFACE('',(#12934),#12930,.T.);
#12930=PLANE('',#12931);
#12931=AXIS2_PLACEMENT_3D('',#181,#12932,#12933);
#12932=DIRECTION('',(-0.9808006582599823,0.1950129963791784,0));
#12933=DIRECTION('',(-0.1950129963791784,-0.9808006582599823,0));
#12934=FACE_BOUND('',#12935,.T.);
#12935=EDGE_LOOP('',(#12936,#12937,#12938));
#12936=ORIENTED_EDGE('',*,*,#12939,.T.);
#12937=ORIENTED_EDGE('',*,*,#12940,.T.);
#12938=ORIENTED_EDGE('',*,*,#12941,.T.);
#12939=EDGE_CURVE('',#182,#180,#12942,.F.);
#12940=EDGE_CURVE('',#180,#482,#12943,.T.);
#12941=EDGE_CURVE('',#482,#182,#12944,.T.);
#12942=LINE('',#181,#12945);
#12943=LINE('',#179,#12946);
#12944=LINE('',#481,#12947);
#12945=VECTOR('',#12948,1.0);
#12946=VECTOR('',#12949,1.0);
#12947=VECTOR('',#12950,1.0);
#12948=DIRECTION('',(-0.1950129963791784,-0.9808006582599823,0));
#12949=DIRECTION('',(0.010186076339028715,0.051229972175703076,0.9986349351988906));
#12950=DIRECTION('',(0,0,-1));
#12951=STYLED_ITEM('',(#18),#12952);
#12952=FACE_SURFACE('',(#12957),#12953,.T.);
#12953=PLANE('',#12954);
#12954=AXIS2_PLACEMENT_3D('',#155,#12955,#12956);
#12955=DIRECTION('',(-0.7515095933257685,0.6597221620798698,0));
#12956=DIRECTION('',(-0.03445292227203395,-0.03924637232727365,0.9986354281749003));
#12957=FACE_BOUND('',#12958,.T.);
#12958=EDGE_LOOP('',(#12959,#12960,#12961));
#12959=ORIENTED_EDGE('',*,*,#12962,.T.);
#12960=ORIENTED_EDGE('',*,*,#12963,.T.);
#12961=ORIENTED_EDGE('',*,*,#12964,.T.);
#12962=EDGE_CURVE('',#156,#478,#12965,.F.);
#12963=EDGE_CURVE('',#478,#496,#12966,.T.);
#12964=EDGE_CURVE('',#496,#156,#12967,.T.);
#12965=LINE('',#155,#12968);
#12966=LINE('',#477,#12969);
#12967=LINE('',#495,#12970);
#12968=VECTOR('',#12971,1.0);
#12969=VECTOR('',#12972,1.0);
#12970=VECTOR('',#12973,1.0);
#12971=DIRECTION('',(-0.03445292227203395,-0.03924637232727365,0.9986354281749003));
#12972=DIRECTION('',(0.6597221620798697,0.7515095933257684,0));
#12973=DIRECTION('',(0,0,-1));
#12974=STYLED_ITEM('',(#18),#12975);
#12975=FACE_SURFACE('',(#12980),#12976,.T.);
#12976=PLANE('',#12977);
#12977=AXIS2_PLACEMENT_3D('',#289,#12978,#12979);
#12978=DIRECTION('',(0.5564580441595975,-0.830875709772572,0));
#12979=DIRECTION('',(0.830875709772572,0.5564580441595975,0));
#12980=FACE_BOUND('',#12981,.T.);
#12981=EDGE_LOOP('',(#12982,#12983,#12984));
#12982=ORIENTED_EDGE('',*,*,#12985,.T.);
#12983=ORIENTED_EDGE('',*,*,#12986,.T.);
#12984=ORIENTED_EDGE('',*,*,#12987,.T.);
#12985=EDGE_CURVE('',#290,#292,#12988,.F.);
#12986=EDGE_CURVE('',#292,#574,#12989,.T.);
#12987=EDGE_CURVE('',#574,#290,#12990,.T.);
#12988=LINE('',#289,#12991);
#12989=LINE('',#291,#12992);
#12990=LINE('',#573,#12993);
#12991=VECTOR('',#12994,1.0);
#12992=VECTOR('',#12995,1.0);
#12993=VECTOR('',#12996,1.0);
#12994=DIRECTION('',(0.830875709772572,0.5564580441595975,0));
#12995=DIRECTION('',(-0.010899062176047712,-0.007299371916068455,0.999913961105311));
#12996=DIRECTION('',(0,0,-1));
#12997=STYLED_ITEM('',(#18),#12998);
#12998=FACE_SURFACE('',(#13003),#12999,.T.);
#12999=PLANE('',#13000);
#13000=AXIS2_PLACEMENT_3D('',#477,#13001,#13002);
#13001=DIRECTION('',(-0.8311673676268934,0.5560223079986816,0));
#13002=DIRECTION('',(-0.029060228361055512,-0.04344054755003134,-0.9986332770122157));
#13003=FACE_BOUND('',#13004,.T.);
#13004=EDGE_LOOP('',(#13005,#13006,#13007));
#13005=ORIENTED_EDGE('',*,*,#13008,.T.);
#13006=ORIENTED_EDGE('',*,*,#13009,.T.);
#13007=ORIENTED_EDGE('',*,*,#13010,.T.);
#13008=EDGE_CURVE('',#478,#168,#13011,.F.);
#13009=EDGE_CURVE('',#168,#622,#13012,.T.);
#13010=EDGE_CURVE('',#622,#478,#13013,.T.);
#13011=LINE('',#477,#13014);
#13012=LINE('',#167,#13015);
#13013=LINE('',#621,#13016);
#13014=VECTOR('',#13017,1.0);
#13015=VECTOR('',#13018,1.0);
#13016=VECTOR('',#13019,1.0);
#13017=DIRECTION('',(-0.029060228361055512,-0.04344054755003134,-0.9986332770122157));
#13018=DIRECTION('',(0,0,1));
#13019=DIRECTION('',(0.5560223079986816,0.8311673676268934,0));
#13020=STYLED_ITEM('',(#18),#13021);
#13021=FACE_SURFACE('',(#13026),#13022,.T.);
#13022=PLANE('',#13023);
#13023=AXIS2_PLACEMENT_3D('',#725,#13024,#13025);
#13024=DIRECTION('',(0.4441478841438964,0.8959534904282141,0));
#13025=DIRECTION('',(0.01169900252707257,-0.005799505526241042,-0.9999147459036308));
#13026=FACE_BOUND('',#13027,.T.);
#13027=EDGE_LOOP('',(#13028,#13029,#13030));
#13028=ORIENTED_EDGE('',*,*,#13031,.T.);
#13029=ORIENTED_EDGE('',*,*,#13032,.T.);
#13030=ORIENTED_EDGE('',*,*,#13033,.T.);
#13031=EDGE_CURVE('',#726,#264,#13034,.F.);
#13032=EDGE_CURVE('',#264,#262,#13035,.T.);
#13033=EDGE_CURVE('',#262,#726,#13036,.T.);
#13034=LINE('',#725,#13037);
#13035=LINE('',#263,#13038);
#13036=LINE('',#261,#13039);
#13037=VECTOR('',#13040,1.0);
#13038=VECTOR('',#13041,1.0);
#13039=VECTOR('',#13042,1.0);
#13040=DIRECTION('',(0.01169900252707257,-0.005799505526241042,-0.9999147459036308));
#13041=DIRECTION('',(-0.8959534904282143,0.44414788414389644,0));
#13042=DIRECTION('',(0,0,1));
#13043=STYLED_ITEM('',(#18),#13044);
#13044=FACE_SURFACE('',(#13049),#13045,.T.);
#13045=PLANE('',#13046);
#13046=AXIS2_PLACEMENT_3D('',#625,#13047,#13048);
#13047=DIRECTION('',(-0.8963301754820788,0.4433872083408203,0));
#13048=DIRECTION('',(0.44338720834082024,0.8963301754820787,0));
#13049=FACE_BOUND('',#13050,.T.);
#13050=EDGE_LOOP('',(#13051,#13052,#13053));
#13051=ORIENTED_EDGE('',*,*,#13054,.T.);
#13052=ORIENTED_EDGE('',*,*,#13055,.T.);
#13053=ORIENTED_EDGE('',*,*,#13056,.T.);
#13054=EDGE_CURVE('',#626,#622,#13057,.F.);
#13055=EDGE_CURVE('',#622,#174,#13058,.T.);
#13056=EDGE_CURVE('',#174,#626,#13059,.T.);
#13057=LINE('',#625,#13060);
#13058=LINE('',#621,#13061);
#13059=LINE('',#173,#13062);
#13060=VECTOR('',#13063,1.0);
#13061=VECTOR('',#13064,1.0);
#13062=VECTOR('',#13065,1.0);
#13063=DIRECTION('',(0.44338720834082024,0.8963301754820787,0));
#13064=DIRECTION('',(-0.02316830600522499,-0.04683592895021721,-0.9986338795355476));
#13065=DIRECTION('',(0,0,1));
#13066=STYLED_ITEM('',(#18),#13067);
#13067=FACE_SURFACE('',(#13072),#13068,.T.);
#13068=PLANE('',#13069);
#13069=AXIS2_PLACEMENT_3D('',#167,#13070,#13071);
#13070=DIRECTION('',(-0.8963301754820788,0.4433872083408203,0));
#13071=DIRECTION('',(-0.44338720834082024,-0.8963301754820787,0));
#13072=FACE_BOUND('',#13073,.T.);
#13073=EDGE_LOOP('',(#13074,#13075,#13076));
#13074=ORIENTED_EDGE('',*,*,#13077,.T.);
#13075=ORIENTED_EDGE('',*,*,#13078,.T.);
#13076=ORIENTED_EDGE('',*,*,#13079,.T.);
#13077=EDGE_CURVE('',#168,#174,#13080,.F.);
#13078=EDGE_CURVE('',#174,#622,#13081,.T.);
#13079=EDGE_CURVE('',#622,#168,#13082,.T.);
#13080=LINE('',#167,#13083);
#13081=LINE('',#173,#13084);
#13082=LINE('',#621,#13085);
#13083=VECTOR('',#13086,1.0);
#13084=VECTOR('',#13087,1.0);
#13085=VECTOR('',#13088,1.0);
#13086=DIRECTION('',(-0.44338720834082024,-0.8963301754820787,0));
#13087=DIRECTION('',(0.02316830600522499,0.04683592895021721,0.9986338795355476));
#13088=DIRECTION('',(0,0,-1));
#13089=STYLED_ITEM('',(#18),#13090);
#13090=FACE_SURFACE('',(#13095),#13091,.T.);
#13091=PLANE('',#13092);
#13092=AXIS2_PLACEMENT_3D('',#277,#13093,#13094);
#13093=DIRECTION('',(0.5564580441596162,0.8308757097725595,-0));
#13094=DIRECTION('',(0,0,1));
#13095=FACE_BOUND('',#13096,.T.);
#13096=EDGE_LOOP('',(#13097,#13098,#13099));
#13097=ORIENTED_EDGE('',*,*,#13100,.T.);
#13098=ORIENTED_EDGE('',*,*,#13101,.T.);
#13099=ORIENTED_EDGE('',*,*,#13102,.T.);
#13100=EDGE_CURVE('',#278,#714,#13103,.F.);
#13101=EDGE_CURVE('',#714,#262,#13104,.T.);
#13102=EDGE_CURVE('',#262,#278,#13105,.T.);
#13103=LINE('',#277,#13106);
#13104=LINE('',#713,#13107);
#13105=LINE('',#261,#13108);
#13106=VECTOR('',#13109,1.0);
#13107=VECTOR('',#13110,1.0);
#13108=VECTOR('',#13111,1.0);
#13109=DIRECTION('',(0,0,1));
#13110=DIRECTION('',(0.010899062176047712,-0.007299371916068811,-0.999913961105311));
#13111=DIRECTION('',(-0.8308757097725595,0.5564580441596162,0));
#13112=STYLED_ITEM('',(#18),#13113);
#13113=FACE_SURFACE('',(#13118),#13114,.T.);
#13114=PLANE('',#13115);
#13115=AXIS2_PLACEMENT_3D('',#173,#13116,#13117);
#13116=DIRECTION('',(-0.9471445756278135,0.3208070336803873,0));
#13117=DIRECTION('',(-0.016777011112752142,-0.04953212804717317,0.9986316138542987));
#13118=FACE_BOUND('',#13119,.T.);
#13119=EDGE_LOOP('',(#13120,#13121,#13122));
#13120=ORIENTED_EDGE('',*,*,#13123,.T.);
#13121=ORIENTED_EDGE('',*,*,#13124,.T.);
#13122=ORIENTED_EDGE('',*,*,#13125,.T.);
#13123=EDGE_CURVE('',#174,#482,#13126,.F.);
#13124=EDGE_CURVE('',#482,#626,#13127,.T.);
#13125=EDGE_CURVE('',#626,#174,#13128,.T.);
#13126=LINE('',#173,#13129);
#13127=LINE('',#481,#13130);
#13128=LINE('',#625,#13131);
#13129=VECTOR('',#13132,1.0);
#13130=VECTOR('',#13133,1.0);
#13131=VECTOR('',#13134,1.0);
#13132=DIRECTION('',(-0.016777011112752142,-0.04953212804717317,0.9986316138542987));
#13133=DIRECTION('',(0.32080703368038727,0.9471445756278134,0));
#13134=DIRECTION('',(0,0,-1));
#13135=STYLED_ITEM('',(#18),#13136);
#13136=FACE_SURFACE('',(#13141),#13137,.T.);
#13137=PLANE('',#13138);
#13138=AXIS2_PLACEMENT_3D('',#577,#13139,#13140);
#13139=DIRECTION('',(0.3185018700980786,-0.9479222324347218,0));
#13140=DIRECTION('',(0,0,-1));
#13141=FACE_BOUND('',#13142,.T.);
#13142=EDGE_LOOP('',(#13143,#13144,#13145));
#13143=ORIENTED_EDGE('',*,*,#13146,.T.);
#13144=ORIENTED_EDGE('',*,*,#13147,.T.);
#13145=ORIENTED_EDGE('',*,*,#13148,.T.);
#13146=EDGE_CURVE('',#578,#294,#13149,.F.);
#13147=EDGE_CURVE('',#294,#298,#13150,.T.);
#13148=EDGE_CURVE('',#298,#578,#13151,.T.);
#13149=LINE('',#577,#13152);
#13150=LINE('',#293,#13153);
#13151=LINE('',#297,#13154);
#13152=VECTOR('',#13155,1.0);
#13153=VECTOR('',#13156,1.0);
#13154=VECTOR('',#13157,1.0);
#13155=DIRECTION('',(0,0,-1));
#13156=DIRECTION('',(0.9479222324347218,0.3185018700980786,0));
#13157=DIRECTION('',(-0.012498913329218835,-0.004199634878617687,0.9999130663375068));
#13158=STYLED_ITEM('',(#18),#13159);
#13159=FACE_SURFACE('',(#13164),#13160,.T.);
#13160=PLANE('',#13161);
#13161=AXIS2_PLACEMENT_3D('',#751,#13162,#13163);
#13162=DIRECTION('',(0,0,-1));
#13163=DIRECTION('',(0,1,0));
#13164=FACE_BOUND('',#13165,.T.);
#13165=EDGE_LOOP('',(#13166,#13167,#13168));
#13166=ORIENTED_EDGE('',*,*,#13169,.T.);
#13167=ORIENTED_EDGE('',*,*,#13170,.T.);
#13168=ORIENTED_EDGE('',*,*,#13171,.T.);
#13169=EDGE_CURVE('',#752,#258,#13172,.F.);
#13170=EDGE_CURVE('',#258,#260,#13173,.T.);
#13171=EDGE_CURVE('',#260,#752,#13174,.T.);
#13172=LINE('',#751,#13175);
#13173=LINE('',#257,#13176);
#13174=LINE('',#259,#13177);
#13175=VECTOR('',#13178,1.0);
#13176=VECTOR('',#13179,1.0);
#13177=VECTOR('',#13180,1.0);
#13178=DIRECTION('',(0,1,0));
#13179=DIRECTION('',(0.00251537665780209,-0.9999968364351306,0));
#13180=DIRECTION('',(-0.9981348313039861,0.06104800191458604,0));
#13181=STYLED_ITEM('',(#18),#13182);
#13182=FACE_SURFACE('',(#13187),#13183,.T.);
#13183=PLANE('',#13184);
#13184=AXIS2_PLACEMENT_3D('',#271,#13185,#13186);
#13185=DIRECTION('',(0,-0,-1));
#13186=DIRECTION('',(0.7514363909015759,-0.6598055398591421,0));
#13187=FACE_BOUND('',#13188,.T.);
#13188=EDGE_LOOP('',(#13189,#13190,#13191));
#13189=ORIENTED_EDGE('',*,*,#13192,.T.);
#13190=ORIENTED_EDGE('',*,*,#13193,.T.);
#13191=ORIENTED_EDGE('',*,*,#13194,.T.);
#13192=EDGE_CURVE('',#272,#270,#13195,.F.);
#13193=EDGE_CURVE('',#270,#38,#13196,.T.);
#13194=EDGE_CURVE('',#38,#272,#13197,.T.);
#13195=LINE('',#271,#13198);
#13196=LINE('',#269,#13199);
#13197=LINE('',#37,#13200);
#13198=VECTOR('',#13201,1.0);
#13199=VECTOR('',#13202,1.0);
#13200=VECTOR('',#13203,1.0);
#13201=DIRECTION('',(0.7514363909015759,-0.6598055398591421,0));
#13202=DIRECTION('',(-0.6696266504310096,-0.74269788543697,0));
#13203=DIRECTION('',(0.6559521749641741,0.754802453731948,0));
#13204=STYLED_ITEM('',(#18),#13205);
#13205=FACE_SURFACE('',(#13210),#13206,.T.);
#13206=PLANE('',#13207);
#13207=AXIS2_PLACEMENT_3D('',#179,#13208,#13209);
#13208=DIRECTION('',(-0.9808006582599823,0.1950129963791784,0));
#13209=DIRECTION('',(0,0,1));
#13210=FACE_BOUND('',#13211,.T.);
#13211=EDGE_LOOP('',(#13212,#13213,#13214));
#13212=ORIENTED_EDGE('',*,*,#13215,.T.);
#13213=ORIENTED_EDGE('',*,*,#13216,.T.);
#13214=ORIENTED_EDGE('',*,*,#13217,.T.);
#13215=EDGE_CURVE('',#180,#718,#13218,.F.);
#13216=EDGE_CURVE('',#718,#482,#13219,.T.);
#13217=EDGE_CURVE('',#482,#180,#13220,.T.);
#13218=LINE('',#179,#13221);
#13219=LINE('',#717,#13222);
#13220=LINE('',#481,#13223);
#13221=VECTOR('',#13224,1.0);
#13222=VECTOR('',#13225,1.0);
#13223=VECTOR('',#13226,1.0);
#13224=DIRECTION('',(0,0,1));
#13225=DIRECTION('',(0.1950129963791784,0.9808006582599823,0));
#13226=DIRECTION('',(-0.010186076339028715,-0.051229972175703076,-0.9986349351988906));
#13227=STYLED_ITEM('',(#18),#13228);
#13228=FACE_SURFACE('',(#13233),#13229,.T.);
#13229=PLANE('',#13230);
#13230=AXIS2_PLACEMENT_3D('',#581,#13231,#13232);
#13231=DIRECTION('',(0.19905992429010297,-0.9799873195820538,0));
#13232=DIRECTION('',(-0.01279890829968108,-0.0025997782483726975,-0.9999147109125835));
#13233=FACE_BOUND('',#13234,.T.);
#13234=EDGE_LOOP('',(#13235,#13236,#13237));
#13235=ORIENTED_EDGE('',*,*,#13238,.T.);
#13236=ORIENTED_EDGE('',*,*,#13239,.T.);
#13237=ORIENTED_EDGE('',*,*,#13240,.T.);
#13238=EDGE_CURVE('',#582,#298,#13241,.F.);
#13239=EDGE_CURVE('',#298,#300,#13242,.T.);
#13240=EDGE_CURVE('',#300,#582,#13243,.T.);
#13241=LINE('',#581,#13244);
#13242=LINE('',#297,#13245);
#13243=LINE('',#299,#13246);
#13244=VECTOR('',#13247,1.0);
#13245=VECTOR('',#13248,1.0);
#13246=VECTOR('',#13249,1.0);
#13247=DIRECTION('',(-0.01279890829968108,-0.0025997782483726975,-0.9999147109125835));
#13248=DIRECTION('',(0.9799873195820539,0.199059924290103,0));
#13249=DIRECTION('',(0,0,1));
#13250=STYLED_ITEM('',(#18),#13251);
#13251=FACE_SURFACE('',(#13256),#13252,.T.);
#13252=PLANE('',#13253);
#13253=AXIS2_PLACEMENT_3D('',#279,#13254,#13255);
#13254=DIRECTION('',(0,-0,-1));
#13255=DIRECTION('',(0.6597221620798716,-0.7515095933257671,0));
#13256=FACE_BOUND('',#13257,.T.);
#13257=EDGE_LOOP('',(#13258,#13259,#13260));
#13258=ORIENTED_EDGE('',*,*,#13261,.T.);
#13259=ORIENTED_EDGE('',*,*,#13262,.T.);
#13260=ORIENTED_EDGE('',*,*,#13263,.T.);
#13261=EDGE_CURVE('',#280,#276,#13264,.F.);
#13262=EDGE_CURVE('',#276,#38,#13265,.T.);
#13263=EDGE_CURVE('',#38,#280,#13266,.T.);
#13264=LINE('',#279,#13267);
#13265=LINE('',#275,#13268);
#13266=LINE('',#37,#13269);
#13267=VECTOR('',#13270,1.0);
#13268=VECTOR('',#13271,1.0);
#13269=VECTOR('',#13272,1.0);
#13270=DIRECTION('',(0.6597221620798716,-0.7515095933257671,0));
#13271=DIRECTION('',(-0.6468346242460999,-0.7626302963273925,0));
#13272=DIRECTION('',(0.6238163485665955,0.7815709585578522,0));
#13273=STYLED_ITEM('',(#18),#13274);
#13274=FACE_SURFACE('',(#13279),#13275,.T.);
#13275=PLANE('',#13276);
#13276=AXIS2_PLACEMENT_3D('',#435,#13277,#13278);
#13277=DIRECTION('',(0.5564580441595975,0.830875709772572,0));
#13278=DIRECTION('',(0.830875709772572,-0.5564580441595975,0));
#13279=FACE_BOUND('',#13280,.T.);
#13280=EDGE_LOOP('',(#13281,#13282,#13283));
#13281=ORIENTED_EDGE('',*,*,#13284,.T.);
#13282=ORIENTED_EDGE('',*,*,#13285,.T.);
#13283=ORIENTED_EDGE('',*,*,#13286,.T.);
#13284=EDGE_CURVE('',#436,#434,#13287,.F.);
#13285=EDGE_CURVE('',#434,#138,#13288,.T.);
#13286=EDGE_CURVE('',#138,#436,#13289,.T.);
#13287=LINE('',#435,#13290);
#13288=LINE('',#433,#13291);
#13289=LINE('',#137,#13292);
#13290=VECTOR('',#13293,1.0);
#13291=VECTOR('',#13294,1.0);
#13292=VECTOR('',#13295,1.0);
#13293=DIRECTION('',(0.830875709772572,-0.5564580441595975,0));
#13294=DIRECTION('',(-0.010899062176047712,0.007299371916068455,-0.999913961105311));
#13295=DIRECTION('',(0,0,1));
#13296=STYLED_ITEM('',(#18),#13297);
#13297=FACE_SURFACE('',(#13302),#13298,.T.);
#13298=PLANE('',#13299);
#13299=AXIS2_PLACEMENT_3D('',#219,#13300,#13301);
#13300=DIRECTION('',(-0.4441478841438964,0.8959534904282141,0));
#13301=DIRECTION('',(0,0,1));
#13302=FACE_BOUND('',#13303,.T.);
#13303=EDGE_LOOP('',(#13304,#13305,#13306));
#13304=ORIENTED_EDGE('',*,*,#13307,.T.);
#13305=ORIENTED_EDGE('',*,*,#13308,.T.);
#13306=ORIENTED_EDGE('',*,*,#13309,.T.);
#13307=EDGE_CURVE('',#220,#740,#13310,.F.);
#13308=EDGE_CURVE('',#740,#334,#13311,.T.);
#13309=EDGE_CURVE('',#334,#220,#13312,.T.);
#13310=LINE('',#219,#13313);
#13311=LINE('',#739,#13314);
#13312=LINE('',#333,#13315);
#13313=VECTOR('',#13316,1.0);
#13314=VECTOR('',#13317,1.0);
#13315=VECTOR('',#13318,1.0);
#13316=DIRECTION('',(0,0,1));
#13317=DIRECTION('',(0.01169900252707257,0.005799505526241042,-0.9999147459036308));
#13318=DIRECTION('',(-0.8959534904282143,-0.44414788414389644,0));
#13319=STYLED_ITEM('',(#18),#13320);
#13320=FACE_SURFACE('',(#13325),#13321,.T.);
#13321=PLANE('',#13322);
#13322=AXIS2_PLACEMENT_3D('',#299,#13323,#13324);
#13323=DIRECTION('',(0.06092425588012124,-0.9981423921693005,0));
#13324=DIRECTION('',(0.00982952333422987,0.0005999709054463921,0.9999515090772825));
#13325=FACE_BOUND('',#13326,.T.);
#13326=EDGE_LOOP('',(#13327,#13328,#13329));
#13327=ORIENTED_EDGE('',*,*,#13330,.T.);
#13328=ORIENTED_EDGE('',*,*,#13331,.T.);
#13329=ORIENTED_EDGE('',*,*,#13332,.T.);
#13330=EDGE_CURVE('',#300,#586,#13333,.F.);
#13331=EDGE_CURVE('',#586,#582,#13334,.T.);
#13332=EDGE_CURVE('',#582,#300,#13335,.T.);
#13333=LINE('',#299,#13336);
#13334=LINE('',#585,#13337);
#13335=LINE('',#581,#13338);
#13336=VECTOR('',#13339,1.0);
#13337=VECTOR('',#13340,1.0);
#13338=VECTOR('',#13341,1.0);
#13339=DIRECTION('',(0.00982952333422987,0.0005999709054463921,0.9999515090772825));
#13340=DIRECTION('',(-0.9981423921693005,-0.06092425588012124,0));
#13341=DIRECTION('',(0,0,-1));
#13342=STYLED_ITEM('',(#18),#13343);
#13343=FACE_SURFACE('',(#13348),#13344,.T.);
#13344=PLANE('',#13345);
#13345=AXIS2_PLACEMENT_3D('',#193,#13346,#13347);
#13346=DIRECTION('',(0,-0,-1));
#13347=DIRECTION('',(0,-1,0));
#13348=FACE_BOUND('',#13349,.T.);
#13349=EDGE_LOOP('',(#13350,#13351,#13352));
#13350=ORIENTED_EDGE('',*,*,#13353,.T.);
#13351=ORIENTED_EDGE('',*,*,#13354,.T.);
#13352=ORIENTED_EDGE('',*,*,#13355,.T.);
#13353=EDGE_CURVE('',#194,#754,#13356,.F.);
#13354=EDGE_CURVE('',#754,#188,#13357,.T.);
#13355=EDGE_CURVE('',#188,#194,#13358,.T.);
#13356=LINE('',#193,#13359);
#13357=LINE('',#753,#13360);
#13358=LINE('',#187,#13361);
#13359=VECTOR('',#13362,1.0);
#13360=VECTOR('',#13363,1.0);
#13361=VECTOR('',#13364,1.0);
#13362=DIRECTION('',(0,-1,0));
#13363=DIRECTION('',(-1,0,0));
#13364=DIRECTION('',(0.6246950475544243,0.7808688094430304,0));
#13365=STYLED_ITEM('',(#18),#13366);
#13366=FACE_SURFACE('',(#13371),#13367,.T.);
#13367=PLANE('',#13368);
#13368=AXIS2_PLACEMENT_3D('',#269,#13369,#13370);
#13369=DIRECTION('',(0,-0,-1));
#13370=DIRECTION('',(0.8311673676268928,-0.5560223079986824,0));
#13371=FACE_BOUND('',#13372,.T.);
#13372=EDGE_LOOP('',(#13373,#13374,#13375));
#13373=ORIENTED_EDGE('',*,*,#13376,.T.);
#13374=ORIENTED_EDGE('',*,*,#13377,.T.);
#13375=ORIENTED_EDGE('',*,*,#13378,.T.);
#13376=EDGE_CURVE('',#270,#266,#13379,.F.);
#13377=EDGE_CURVE('',#266,#38,#13380,.T.);
#13378=EDGE_CURVE('',#38,#270,#13381,.T.);
#13379=LINE('',#269,#13382);
#13380=LINE('',#265,#13383);
#13381=LINE('',#37,#13384);
#13382=VECTOR('',#13385,1.0);
#13383=VECTOR('',#13386,1.0);
#13384=VECTOR('',#13387,1.0);
#13385=DIRECTION('',(0.8311673676268928,-0.5560223079986824,0));
#13386=DIRECTION('',(-0.6914947350589981,-0.7223814998916334,0));
#13387=DIRECTION('',(0.6696266504310096,0.74269788543697,0));
#13388=STYLED_ITEM('',(#18),#13389);
#13389=FACE_SURFACE('',(#13394),#13390,.T.);
#13390=PLANE('',#13391);
#13391=AXIS2_PLACEMENT_3D('',#247,#13392,#13393);
#13392=DIRECTION('',(0,0,-1));
#13393=DIRECTION('',(-1,0,0));
#13394=FACE_BOUND('',#13395,.T.);
#13395=EDGE_LOOP('',(#13396,#13397,#13398));
#13396=ORIENTED_EDGE('',*,*,#13399,.T.);
#13397=ORIENTED_EDGE('',*,*,#13400,.T.);
#13398=ORIENTED_EDGE('',*,*,#13401,.T.);
#13399=EDGE_CURVE('',#248,#260,#13402,.F.);
#13400=EDGE_CURVE('',#260,#188,#13403,.T.);
#13401=EDGE_CURVE('',#188,#248,#13404,.T.);
#13402=LINE('',#247,#13405);
#13403=LINE('',#259,#13406);
#13404=LINE('',#187,#13407);
#13405=VECTOR('',#13408,1.0);
#13406=VECTOR('',#13409,1.0);
#13407=VECTOR('',#13410,1.0);
#13408=DIRECTION('',(-1,0,0));
#13409=DIRECTION('',(0.9696705366129168,0.2444157327686125,0));
#13410=DIRECTION('',(0,-1,0));
#13411=STYLED_ITEM('',(#18),#13412);
#13412=FACE_SURFACE('',(#13417),#13413,.T.);
#13413=PLANE('',#13414);
#13414=AXIS2_PLACEMENT_3D('',#751,#13415,#13416);
#13415=DIRECTION('',(-0,0,-1));
#13416=DIRECTION('',(-0.9981348313039861,-0.06104800191458604,0));
#13417=FACE_BOUND('',#13418,.T.);
#13418=EDGE_LOOP('',(#13419,#13420,#13421));
#13419=ORIENTED_EDGE('',*,*,#13422,.T.);
#13420=ORIENTED_EDGE('',*,*,#13423,.T.);
#13421=ORIENTED_EDGE('',*,*,#13424,.T.);
#13422=EDGE_CURVE('',#752,#256,#13425,.F.);
#13423=EDGE_CURVE('',#256,#258,#13426,.T.);
#13424=EDGE_CURVE('',#258,#752,#13427,.T.);
#13425=LINE('',#751,#13428);
#13426=LINE('',#255,#13429);
#13427=LINE('',#257,#13430);
#13428=VECTOR('',#13431,1.0);
#13429=VECTOR('',#13432,1.0);
#13430=VECTOR('',#13433,1.0);
#13431=DIRECTION('',(-0.9981348313039861,-0.06104800191458604,0));
#13432=DIRECTION('',(0.00251537665780209,0.9999968364351306,0));
#13433=DIRECTION('',(0,-1,0));
#13434=STYLED_ITEM('',(#18),#13435);
#13435=FACE_SURFACE('',(#13440),#13436,.T.);
#13436=PLANE('',#13437);
#13437=AXIS2_PLACEMENT_3D('',#187,#13438,#13439);
#13438=DIRECTION('',(-0,0,-1));
#13439=DIRECTION('',(-0.9696705366129168,-0.2444157327686125,0));
#13440=FACE_BOUND('',#13441,.T.);
#13441=EDGE_LOOP('',(#13442,#13443,#13444));
#13442=ORIENTED_EDGE('',*,*,#13445,.T.);
#13443=ORIENTED_EDGE('',*,*,#13446,.T.);
#13444=ORIENTED_EDGE('',*,*,#13447,.T.);
#13445=EDGE_CURVE('',#188,#260,#13448,.F.);
#13446=EDGE_CURVE('',#260,#240,#13449,.T.);
#13447=EDGE_CURVE('',#240,#188,#13450,.T.);
#13448=LINE('',#187,#13451);
#13449=LINE('',#259,#13452);
#13450=LINE('',#239,#13453);
#13451=VECTOR('',#13454,1.0);
#13452=VECTOR('',#13455,1.0);
#13453=VECTOR('',#13456,1.0);
#13454=DIRECTION('',(-0.9696705366129168,-0.2444157327686125,0));
#13455=DIRECTION('',(0.037513854952745444,0.9992961076110445,0));
#13456=DIRECTION('',(0.27765099178696784,-0.9606820112606008,0));
#13457=STYLED_ITEM('',(#18),#13458);
#13458=FACE_SURFACE('',(#13463),#13459,.T.);
#13459=PLANE('',#13460);
#13460=AXIS2_PLACEMENT_3D('',#733,#13461,#13462);
#13461=DIRECTION('',(-0.31850187009806646,0.9479222324347258,0));
#13462=DIRECTION('',(0.9479222324347258,0.31850187009806646,0));
#13463=FACE_BOUND('',#13464,.T.);
#13464=EDGE_LOOP('',(#13465,#13466,#13467));
#13465=ORIENTED_EDGE('',*,*,#13468,.T.);
#13466=ORIENTED_EDGE('',*,*,#13469,.T.);
#13467=ORIENTED_EDGE('',*,*,#13470,.T.);
#13468=EDGE_CURVE('',#734,#740,#13471,.F.);
#13469=EDGE_CURVE('',#740,#224,#13472,.T.);
#13470=EDGE_CURVE('',#224,#734,#13473,.T.);
#13471=LINE('',#733,#13474);
#13472=LINE('',#739,#13475);
#13473=LINE('',#223,#13476);
#13474=VECTOR('',#13477,1.0);
#13475=VECTOR('',#13478,1.0);
#13476=VECTOR('',#13479,1.0);
#13477=DIRECTION('',(0.9479222324347258,0.31850187009806646,0));
#13478=DIRECTION('',(-0.012498913329218835,-0.00419963487861751,-0.9999130663375068));
#13479=DIRECTION('',(0,0,1));
#13480=STYLED_ITEM('',(#18),#13481);
#13481=FACE_SURFACE('',(#13486),#13482,.T.);
#13482=PLANE('',#13483);
#13483=AXIS2_PLACEMENT_3D('',#51,#13484,#13485);
#13484=DIRECTION('',(0,0,1));
#13485=DIRECTION('',(1,0,0));
#13486=FACE_BOUND('',#13487,.T.);
#13487=EDGE_LOOP('',(#13488,#13489,#13490));
#13488=ORIENTED_EDGE('',*,*,#13491,.T.);
#13489=ORIENTED_EDGE('',*,*,#13492,.T.);
#13490=ORIENTED_EDGE('',*,*,#13493,.T.);
#13491=EDGE_CURVE('',#52,#586,#13494,.F.);
#13492=EDGE_CURVE('',#586,#46,#13495,.T.);
#13493=EDGE_CURVE('',#46,#52,#13496,.T.);
#13494=LINE('',#51,#13497);
#13495=LINE('',#585,#13498);
#13496=LINE('',#45,#13499);
#13497=VECTOR('',#13500,1.0);
#13498=VECTOR('',#13501,1.0);
#13499=VECTOR('',#13502,1.0);
#13500=DIRECTION('',(1,0,0));
#13501=DIRECTION('',(-0.9696705366129168,0.2444157327686125,0));
#13502=DIRECTION('',(0,-1,0));
#13503=STYLED_ITEM('',(#18),#13504);
#13504=FACE_SURFACE('',(#13509),#13505,.T.);
#13505=PLANE('',#13506);
#13506=AXIS2_PLACEMENT_3D('',#611,#13507,#13508);
#13507=DIRECTION('',(-0.06092425588012124,-0.9981423921693005,-0));
#13508=DIRECTION('',(0,0,-1));
#13509=FACE_BOUND('',#13510,.T.);
#13510=EDGE_LOOP('',(#13511,#13512,#13513));
#13511=ORIENTED_EDGE('',*,*,#13514,.T.);
#13512=ORIENTED_EDGE('',*,*,#13515,.T.);
#13513=ORIENTED_EDGE('',*,*,#13516,.T.);
#13514=EDGE_CURVE('',#612,#260,#13517,.F.);
#13515=EDGE_CURVE('',#260,#304,#13518,.T.);
#13516=EDGE_CURVE('',#304,#612,#13519,.T.);
#13517=LINE('',#611,#13520);
#13518=LINE('',#259,#13521);
#13519=LINE('',#303,#13522);
#13520=VECTOR('',#13523,1.0);
#13521=VECTOR('',#13524,1.0);
#13522=VECTOR('',#13525,1.0);
#13523=DIRECTION('',(0,0,-1));
#13524=DIRECTION('',(0.9981423921693005,-0.06092425588012124,0));
#13525=DIRECTION('',(-0.00982952333422987,0.0005999709054463921,0.9999515090772825));
#13526=STYLED_ITEM('',(#18),#13527);
#13527=FACE_SURFACE('',(#13532),#13528,.T.);
#13528=PLANE('',#13529);
#13529=AXIS2_PLACEMENT_3D('',#683,#13530,#13531);
#13530=DIRECTION('',(0,-0,1));
#13531=DIRECTION('',(0,1,0));
#13532=FACE_BOUND('',#13533,.T.);
#13533=EDGE_LOOP('',(#13534,#13535,#13536));
#13534=ORIENTED_EDGE('',*,*,#13537,.T.);
#13535=ORIENTED_EDGE('',*,*,#13538,.T.);
#13536=ORIENTED_EDGE('',*,*,#13539,.T.);
#13537=EDGE_CURVE('',#684,#680,#13540,.F.);
#13538=EDGE_CURVE('',#680,#586,#13541,.T.);
#13539=EDGE_CURVE('',#586,#684,#13542,.T.);
#13540=LINE('',#683,#13543);
#13541=LINE('',#679,#13544);
#13542=LINE('',#585,#13545);
#13543=VECTOR('',#13546,1.0);
#13544=VECTOR('',#13547,1.0);
#13545=VECTOR('',#13548,1.0);
#13546=DIRECTION('',(0,1,0));
#13547=DIRECTION('',(-0.00251537665780209,-0.9999968364351306,0));
#13548=DIRECTION('',(0.9981348313039861,0.06104800191458604,0));
#13549=STYLED_ITEM('',(#18),#13550);
#13550=FACE_SURFACE('',(#13555),#13551,.T.);
#13551=PLANE('',#13552);
#13552=AXIS2_PLACEMENT_3D('',#733,#13553,#13554);
#13553=DIRECTION('',(-0.19905992429010297,0.9799873195820538,0));
#13554=DIRECTION('',(0,0,-1));
#13555=FACE_BOUND('',#13556,.T.);
#13556=EDGE_LOOP('',(#13557,#13558,#13559));
#13557=ORIENTED_EDGE('',*,*,#13560,.T.);
#13558=ORIENTED_EDGE('',*,*,#13561,.T.);
#13559=ORIENTED_EDGE('',*,*,#13562,.T.);
#13560=EDGE_CURVE('',#734,#224,#13563,.F.);
#13561=EDGE_CURVE('',#224,#320,#13564,.T.);
#13562=EDGE_CURVE('',#320,#734,#13565,.T.);
#13563=LINE('',#733,#13566);
#13564=LINE('',#223,#13567);
#13565=LINE('',#319,#13568);
#13566=VECTOR('',#13569,1.0);
#13567=VECTOR('',#13570,1.0);
#13568=VECTOR('',#13571,1.0);
#13569=DIRECTION('',(0,0,-1));
#13570=DIRECTION('',(-0.9799873195820539,-0.199059924290103,0));
#13571=DIRECTION('',(0.01279890829968108,0.0025997782483726975,0.9999147109125835));
#13572=STYLED_ITEM('',(#18),#13573);
#13573=FACE_SURFACE('',(#13578),#13574,.T.);
#13574=PLANE('',#13575);
#13575=AXIS2_PLACEMENT_3D('',#311,#13576,#13577);
#13576=DIRECTION('',(-0.4441478841438964,-0.8959534904282141,0));
#13577=DIRECTION('',(0,0,1));
#13578=FACE_BOUND('',#13579,.T.);
#13579=EDGE_LOOP('',(#13580,#13581,#13582));
#13580=ORIENTED_EDGE('',*,*,#13583,.T.);
#13581=ORIENTED_EDGE('',*,*,#13584,.T.);
#13582=ORIENTED_EDGE('',*,*,#13585,.T.);
#13583=EDGE_CURVE('',#312,#602,#13586,.F.);
#13584=EDGE_CURVE('',#602,#592,#13587,.T.);
#13585=EDGE_CURVE('',#592,#312,#13588,.T.);
#13586=LINE('',#311,#13589);
#13587=LINE('',#601,#13590);
#13588=LINE('',#591,#13591);
#13589=VECTOR('',#13592,1.0);
#13590=VECTOR('',#13593,1.0);
#13591=VECTOR('',#13594,1.0);
#13592=DIRECTION('',(0,0,1));
#13593=DIRECTION('',(-0.8959534904282143,0.44414788414389644,0));
#13594=DIRECTION('',(0.01169900252707257,-0.005799505526241042,-0.9999147459036308));
#13595=STYLED_ITEM('',(#18),#13596);
#13596=FACE_SURFACE('',(#13601),#13597,.T.);
#13597=PLANE('',#13598);
#13598=AXIS2_PLACEMENT_3D('',#631,#13599,#13600);
#13599=DIRECTION('',(0,0,1));
#13600=DIRECTION('',(-0.27765099178696784,0.9606820112606008,0));
#13601=FACE_BOUND('',#13602,.T.);
#13602=EDGE_LOOP('',(#13603,#13604,#13605));
#13603=ORIENTED_EDGE('',*,*,#13606,.T.);
#13604=ORIENTED_EDGE('',*,*,#13607,.T.);
#13605=ORIENTED_EDGE('',*,*,#13608,.T.);
#13606=EDGE_CURVE('',#632,#730,#13609,.F.);
#13607=EDGE_CURVE('',#730,#612,#13610,.T.);
#13608=EDGE_CURVE('',#612,#632,#13611,.T.);
#13609=LINE('',#631,#13612);
#13610=LINE('',#729,#13613);
#13611=LINE('',#611,#13614);
#13612=VECTOR('',#13615,1.0);
#13613=VECTOR('',#13616,1.0);
#13614=VECTOR('',#13617,1.0);
#13615=DIRECTION('',(-0.27765099178696784,0.9606820112606008,0));
#13616=DIRECTION('',(-0.037513854952745444,-0.9992961076110445,0));
#13617=DIRECTION('',(0.9696705366129168,0.2444157327686125,0));
#13618=STYLED_ITEM('',(#18),#13619);
#13619=FACE_SURFACE('',(#13624),#13620,.T.);
#13620=PLANE('',#13621);
#13621=AXIS2_PLACEMENT_3D('',#397,#13622,#13623);
#13622=DIRECTION('',(0,-0,1));
#13623=DIRECTION('',(0,1,0));
#13624=FACE_BOUND('',#13625,.T.);
#13625=EDGE_LOOP('',(#13626,#13627,#13628));
#13626=ORIENTED_EDGE('',*,*,#13629,.T.);
#13627=ORIENTED_EDGE('',*,*,#13630,.T.);
#13628=ORIENTED_EDGE('',*,*,#13631,.T.);
#13629=EDGE_CURVE('',#398,#632,#13632,.F.);
#13630=EDGE_CURVE('',#632,#612,#13633,.T.);
#13631=EDGE_CURVE('',#612,#398,#13634,.T.);
#13632=LINE('',#397,#13635);
#13633=LINE('',#631,#13636);
#13634=LINE('',#611,#13637);
#13635=VECTOR('',#13638,1.0);
#13636=VECTOR('',#13639,1.0);
#13637=VECTOR('',#13640,1.0);
#13638=DIRECTION('',(0,1,0));
#13639=DIRECTION('',(-0.9696705366129168,-0.2444157327686125,0));
#13640=DIRECTION('',(1,0,0));
#13641=STYLED_ITEM('',(#18),#13642);
#13642=FACE_SURFACE('',(#13647),#13643,.T.);
#13643=PLANE('',#13644);
#13644=AXIS2_PLACEMENT_3D('',#405,#13645,#13646);
#13645=DIRECTION('',(-0.9799873195820538,-0.19905992429010297,-0));
#13646=DIRECTION('',(-0.199059924290103,0.9799873195820539,0));
#13647=FACE_BOUND('',#13648,.T.);
#13648=EDGE_LOOP('',(#13649,#13650,#13651));
#13649=ORIENTED_EDGE('',*,*,#13652,.T.);
#13650=ORIENTED_EDGE('',*,*,#13653,.T.);
#13651=ORIENTED_EDGE('',*,*,#13654,.T.);
#13652=EDGE_CURVE('',#406,#400,#13655,.F.);
#13653=EDGE_CURVE('',#400,#340,#13656,.T.);
#13654=EDGE_CURVE('',#340,#406,#13657,.T.);
#13655=LINE('',#405,#13658);
#13656=LINE('',#399,#13659);
#13657=LINE('',#339,#13660);
#13658=VECTOR('',#13661,1.0);
#13659=VECTOR('',#13662,1.0);
#13660=VECTOR('',#13663,1.0);
#13661=DIRECTION('',(-0.199059924290103,0.9799873195820539,0));
#13662=DIRECTION('',(0.0025997782483726975,-0.01279890829968108,-0.9999147109125835));
#13663=DIRECTION('',(0,0,1));
#13664=STYLED_ITEM('',(#18),#13665);
#13665=FACE_SURFACE('',(#13670),#13666,.T.);
#13666=PLANE('',#13667);
#13667=AXIS2_PLACEMENT_3D('',#729,#13668,#13669);
#13668=DIRECTION('',(0,0,1));
#13669=DIRECTION('',(-0.9978855001563588,-0.06499637357340421,0));
#13670=FACE_BOUND('',#13671,.T.);
#13671=EDGE_LOOP('',(#13672,#13673,#13674));
#13672=ORIENTED_EDGE('',*,*,#13675,.T.);
#13673=ORIENTED_EDGE('',*,*,#13676,.T.);
#13674=ORIENTED_EDGE('',*,*,#13677,.T.);
#13675=EDGE_CURVE('',#730,#680,#13678,.F.);
#13676=EDGE_CURVE('',#680,#612,#13679,.T.);
#13677=EDGE_CURVE('',#612,#730,#13680,.T.);
#13678=LINE('',#729,#13681);
#13679=LINE('',#679,#13682);
#13680=LINE('',#611,#13683);
#13681=VECTOR('',#13684,1.0);
#13682=VECTOR('',#13685,1.0);
#13683=VECTOR('',#13686,1.0);
#13684=DIRECTION('',(-0.9978855001563588,-0.06499637357340421,0));
#13685=DIRECTION('',(0.00251537665780209,-0.9999968364351306,0));
#13686=DIRECTION('',(0.037513854952745444,0.9992961076110445,0));
#13687=STYLED_ITEM('',(#18),#13688);
#13688=FACE_SURFACE('',(#13693),#13689,.T.);
#13689=PLANE('',#13690);
#13690=AXIS2_PLACEMENT_3D('',#599,#13691,#13692);
#13691=DIRECTION('',(-0.5564580441595975,-0.830875709772572,-0));
#13692=DIRECTION('',(-0.830875709772572,0.5564580441595975,0));
#13693=FACE_BOUND('',#13694,.T.);
#13694=EDGE_LOOP('',(#13695,#13696,#13697));
#13695=ORIENTED_EDGE('',*,*,#13698,.T.);
#13696=ORIENTED_EDGE('',*,*,#13699,.T.);
#13697=ORIENTED_EDGE('',*,*,#13700,.T.);
#13698=EDGE_CURVE('',#600,#602,#13701,.F.);
#13699=EDGE_CURVE('',#602,#314,#13702,.T.);
#13700=EDGE_CURVE('',#314,#600,#13703,.T.);
#13701=LINE('',#599,#13704);
#13702=LINE('',#601,#13705);
#13703=LINE('',#313,#13706);
#13704=VECTOR('',#13707,1.0);
#13705=VECTOR('',#13708,1.0);
#13706=VECTOR('',#13709,1.0);
#13707=DIRECTION('',(-0.830875709772572,0.5564580441595975,0));
#13708=DIRECTION('',(0.010899062176047712,-0.007299371916068455,-0.999913961105311));
#13709=DIRECTION('',(0,0,1));
#13710=STYLED_ITEM('',(#18),#13711);
#13711=FACE_SURFACE('',(#13716),#13712,.T.);
#13712=PLANE('',#13713);
#13713=AXIS2_PLACEMENT_3D('',#313,#13714,#13715);
#13714=DIRECTION('',(-0.6558010468760234,-0.7549337632642428,0));
#13715=DIRECTION('',(0.7549337632642428,-0.6558010468760234,0));
#13716=FACE_BOUND('',#13717,.T.);
#13717=EDGE_LOOP('',(#13718,#13719,#13720));
#13718=ORIENTED_EDGE('',*,*,#13721,.T.);
#13719=ORIENTED_EDGE('',*,*,#13722,.T.);
#13720=ORIENTED_EDGE('',*,*,#13723,.T.);
#13721=EDGE_CURVE('',#314,#318,#13724,.F.);
#13722=EDGE_CURVE('',#318,#600,#13725,.T.);
#13723=EDGE_CURVE('',#600,#314,#13726,.T.);
#13724=LINE('',#313,#13727);
#13725=LINE('',#317,#13728);
#13726=LINE('',#599,#13729);
#13727=VECTOR('',#13730,1.0);
#13728=VECTOR('',#13731,1.0);
#13729=VECTOR('',#13732,1.0);
#13730=DIRECTION('',(0.7549337632642428,-0.6558010468760234,0));
#13731=DIRECTION('',(-0.009899148858276578,0.008599260624361662,0.9999140260885412));
#13732=DIRECTION('',(0,0,-1));
#13733=STYLED_ITEM('',(#18),#13734);
#13734=FACE_SURFACE('',(#13739),#13735,.T.);
#13735=PLANE('',#13736);
#13736=AXIS2_PLACEMENT_3D('',#609,#13737,#13738);
#13737=DIRECTION('',(-0.6558010468760234,-0.7549337632642428,-0));
#13738=DIRECTION('',(-0.7549337632642428,0.6558010468760234,0));
#13739=FACE_BOUND('',#13740,.T.);
#13740=EDGE_LOOP('',(#13741,#13742,#13743));
#13741=ORIENTED_EDGE('',*,*,#13744,.T.);
#13742=ORIENTED_EDGE('',*,*,#13745,.T.);
#13743=ORIENTED_EDGE('',*,*,#13746,.T.);
#13744=EDGE_CURVE('',#610,#600,#13747,.F.);
#13745=EDGE_CURVE('',#600,#318,#13748,.T.);
#13746=EDGE_CURVE('',#318,#610,#13749,.T.);
#13747=LINE('',#609,#13750);
#13748=LINE('',#599,#13751);
#13749=LINE('',#317,#13752);
#13750=VECTOR('',#13753,1.0);
#13751=VECTOR('',#13754,1.0);
#13752=VECTOR('',#13755,1.0);
#13753=DIRECTION('',(-0.7549337632642428,0.6558010468760234,0));
#13754=DIRECTION('',(0.009899148858276578,-0.008599260624361662,-0.9999140260885412));
#13755=DIRECTION('',(0,0,1));
#13756=STYLED_ITEM('',(#18),#13757);
#13757=FACE_SURFACE('',(#13762),#13758,.T.);
#13758=PLANE('',#13759);
#13759=AXIS2_PLACEMENT_3D('',#409,#13760,#13761);
#13760=DIRECTION('',(0,0,1));
#13761=DIRECTION('',(-1,0,0));
#13762=FACE_BOUND('',#13763,.T.);
#13763=EDGE_LOOP('',(#13764,#13765,#13766));
#13764=ORIENTED_EDGE('',*,*,#13767,.T.);
#13765=ORIENTED_EDGE('',*,*,#13768,.T.);
#13766=ORIENTED_EDGE('',*,*,#13769,.T.);
#13767=EDGE_CURVE('',#410,#408,#13770,.F.);
#13768=EDGE_CURVE('',#408,#636,#13771,.T.);
#13769=EDGE_CURVE('',#636,#410,#13772,.T.);
#13770=LINE('',#409,#13773);
#13771=LINE('',#407,#13774);
#13772=LINE('',#635,#13775);
#13773=VECTOR('',#13776,1.0);
#13774=VECTOR('',#13777,1.0);
#13775=VECTOR('',#13778,1.0);
#13776=DIRECTION('',(-1,0,0));
#13777=DIRECTION('',(0.6246950475544243,-0.7808688094430304,0));
#13778=DIRECTION('',(0,1,0));
#13779=STYLED_ITEM('',(#18),#13780);
#13780=FACE_SURFACE('',(#13785),#13781,.T.);
#13781=PLANE('',#13782);
#13782=AXIS2_PLACEMENT_3D('',#45,#13783,#13784);
#13783=DIRECTION('',(-0,0,1));
#13784=DIRECTION('',(0.9696705366129168,-0.2444157327686125,0));
#13785=FACE_BOUND('',#13786,.T.);
#13786=EDGE_LOOP('',(#13787,#13788,#13789));
#13787=ORIENTED_EDGE('',*,*,#13790,.T.);
#13788=ORIENTED_EDGE('',*,*,#13791,.T.);
#13789=ORIENTED_EDGE('',*,*,#13792,.T.);
#13790=EDGE_CURVE('',#46,#586,#13793,.F.);
#13791=EDGE_CURVE('',#586,#682,#13794,.T.);
#13792=EDGE_CURVE('',#682,#46,#13795,.T.);
#13793=LINE('',#45,#13796);
#13794=LINE('',#585,#13797);
#13795=LINE('',#681,#13798);
#13796=VECTOR('',#13799,1.0);
#13797=VECTOR('',#13800,1.0);
#13798=VECTOR('',#13801,1.0);
#13799=DIRECTION('',(0.9696705366129168,-0.2444157327686125,0));
#13800=DIRECTION('',(-0.037513854952745444,0.9992961076110445,0));
#13801=DIRECTION('',(-0.27765099178696784,-0.9606820112606008,0));
#13802=STYLED_ITEM('',(#18),#13803);
#13803=FACE_SURFACE('',(#13808),#13804,.T.);
#13804=PLANE('',#13805);
#13805=AXIS2_PLACEMENT_3D('',#701,#13806,#13807);
#13806=DIRECTION('',(0,0,1));
#13807=DIRECTION('',(-0.23986809536466486,-0.97080548866708,0));
#13808=FACE_BOUND('',#13809,.T.);
#13809=EDGE_LOOP('',(#13810,#13811,#13812));
#13810=ORIENTED_EDGE('',*,*,#13813,.T.);
#13811=ORIENTED_EDGE('',*,*,#13814,.T.);
#13812=ORIENTED_EDGE('',*,*,#13815,.T.);
#13813=EDGE_CURVE('',#702,#46,#13816,.F.);
#13814=EDGE_CURVE('',#46,#682,#13817,.T.);
#13815=EDGE_CURVE('',#682,#702,#13818,.T.);
#13816=LINE('',#701,#13819);
#13817=LINE('',#45,#13820);
#13818=LINE('',#681,#13821);
#13819=VECTOR('',#13822,1.0);
#13820=VECTOR('',#13823,1.0);
#13821=VECTOR('',#13824,1.0);
#13822=DIRECTION('',(-0.23986809536466486,-0.97080548866708,0));
#13823=DIRECTION('',(0.27765099178696784,0.9606820112606008,0));
#13824=DIRECTION('',(-0.9808152527373116,0.1949395803777254,0));
#13825=STYLED_ITEM('',(#18),#13826);
#13826=FACE_SURFACE('',(#13831),#13827,.T.);
#13827=PLANE('',#13828);
#13828=AXIS2_PLACEMENT_3D('',#693,#13829,#13830);
#13829=DIRECTION('',(0,0,1));
#13830=DIRECTION('',(-0.19674438723545515,-0.9804548159356172,0));
#13831=FACE_BOUND('',#13832,.T.);
#13832=EDGE_LOOP('',(#13833,#13834,#13835));
#13833=ORIENTED_EDGE('',*,*,#13836,.T.);
#13834=ORIENTED_EDGE('',*,*,#13837,.T.);
#13835=ORIENTED_EDGE('',*,*,#13838,.T.);
#13836=EDGE_CURVE('',#694,#46,#13839,.F.);
#13837=EDGE_CURVE('',#46,#700,#13840,.T.);
#13838=EDGE_CURVE('',#700,#694,#13841,.T.);
#13839=LINE('',#693,#13842);
#13840=LINE('',#45,#13843);
#13841=LINE('',#699,#13844);
#13842=VECTOR('',#13845,1.0);
#13843=VECTOR('',#13846,1.0);
#13844=VECTOR('',#13847,1.0);
#13845=DIRECTION('',(-0.19674438723545515,-0.9804548159356172,0));
#13846=DIRECTION('',(0.23733391613451,0.9714281302557886,0));
#13847=DIRECTION('',(-0.9471445756278123,0.3208070336803909,0));
#13848=STYLED_ITEM('',(#18),#13849);
#13849=FACE_SURFACE('',(#13854),#13850,.T.);
#13850=PLANE('',#13851);
#13851=AXIS2_PLACEMENT_3D('',#685,#13852,#13853);
#13852=DIRECTION('',(0,0,1));
#13853=DIRECTION('',(-0.9808006582599831,-0.1950129963791745,0));
#13854=FACE_BOUND('',#13855,.T.);
#13855=EDGE_LOOP('',(#13856,#13857,#13858));
#13856=ORIENTED_EDGE('',*,*,#13859,.T.);
#13857=ORIENTED_EDGE('',*,*,#13860,.T.);
#13858=ORIENTED_EDGE('',*,*,#13861,.T.);
#13859=EDGE_CURVE('',#686,#730,#13862,.F.);
#13860=EDGE_CURVE('',#730,#632,#13863,.T.);
#13861=EDGE_CURVE('',#632,#686,#13864,.T.);
#13862=LINE('',#685,#13865);
#13863=LINE('',#729,#13866);
#13864=LINE('',#631,#13867);
#13865=VECTOR('',#13868,1.0);
#13866=VECTOR('',#13869,1.0);
#13867=VECTOR('',#13870,1.0);
#13868=DIRECTION('',(-0.9808006582599831,-0.1950129963791745,0));
#13869=DIRECTION('',(0.27765099178696784,-0.9606820112606008,0));
#13870=DIRECTION('',(-0.23733391613451,0.9714281302557886,0));
#13871=STYLED_ITEM('',(#18),#13872);
#13872=FACE_SURFACE('',(#13877),#13873,.T.);
#13873=PLANE('',#13874);
#13874=AXIS2_PLACEMENT_3D('',#635,#13875,#13876);
#13875=DIRECTION('',(0,0,1));
#13876=DIRECTION('',(-0.7449851801450527,0.6670810155927415,0));
#13877=FACE_BOUND('',#13878,.T.);
#13878=EDGE_LOOP('',(#13879,#13880,#13881));
#13879=ORIENTED_EDGE('',*,*,#13882,.T.);
#13880=ORIENTED_EDGE('',*,*,#13883,.T.);
#13881=ORIENTED_EDGE('',*,*,#13884,.T.);
#13882=EDGE_CURVE('',#636,#634,#13885,.F.);
#13883=EDGE_CURVE('',#634,#632,#13886,.T.);
#13884=EDGE_CURVE('',#632,#636,#13887,.T.);
#13885=LINE('',#635,#13888);
#13886=LINE('',#633,#13889);
#13887=LINE('',#631,#13890);
#13888=VECTOR('',#13891,1.0);
#13889=VECTOR('',#13892,1.0);
#13890=VECTOR('',#13893,1.0);
#13891=DIRECTION('',(-0.7449851801450527,0.6670810155927415,0));
#13892=DIRECTION('',(0.1575480725649238,-0.9875113188369424,0));
#13893=DIRECTION('',(1,0,0));
#13894=STYLED_ITEM('',(#18),#13895);
#13895=FACE_SURFACE('',(#13900),#13896,.T.);
#13896=PLANE('',#13897);
#13897=AXIS2_PLACEMENT_3D('',#609,#13898,#13899);
#13898=DIRECTION('',(-0.7549337632642428,-0.6558010468760234,-0));
#13899=DIRECTION('',(0,0,-1));
#13900=FACE_BOUND('',#13901,.T.);
#13901=EDGE_LOOP('',(#13902,#13903,#13904));
#13902=ORIENTED_EDGE('',*,*,#13905,.T.);
#13903=ORIENTED_EDGE('',*,*,#13906,.T.);
#13904=ORIENTED_EDGE('',*,*,#13907,.T.);
#13905=EDGE_CURVE('',#610,#318,#13908,.F.);
#13906=EDGE_CURVE('',#318,#614,#13909,.T.);
#13907=EDGE_CURVE('',#614,#610,#13910,.T.);
#13908=LINE('',#609,#13911);
#13909=LINE('',#317,#13912);
#13910=LINE('',#613,#13913);
#13911=VECTOR('',#13914,1.0);
#13912=VECTOR('',#13915,1.0);
#13913=VECTOR('',#13916,1.0);
#13914=DIRECTION('',(0,0,-1));
#13915=DIRECTION('',(0.008599260624361662,-0.009899148858276578,0.9999140260885412));
#13916=DIRECTION('',(-0.6558010468760234,0.7549337632642428,0));
#13917=STYLED_ITEM('',(#18),#13918);
#13918=FACE_SURFACE('',(#13923),#13919,.T.);
#13919=PLANE('',#13920);
#13920=AXIS2_PLACEMENT_3D('',#315,#13921,#13922);
#13921=DIRECTION('',(-0.7549337632642428,-0.6558010468760234,0));
#13922=DIRECTION('',(0,0,1));
#13923=FACE_BOUND('',#13924,.T.);
#13924=EDGE_LOOP('',(#13925,#13926,#13927));
#13925=ORIENTED_EDGE('',*,*,#13928,.T.);
#13926=ORIENTED_EDGE('',*,*,#13929,.T.);
#13927=ORIENTED_EDGE('',*,*,#13930,.T.);
#13928=EDGE_CURVE('',#316,#614,#13931,.F.);
#13929=EDGE_CURVE('',#614,#318,#13932,.T.);
#13930=EDGE_CURVE('',#318,#316,#13933,.T.);
#13931=LINE('',#315,#13934);
#13932=LINE('',#613,#13935);
#13933=LINE('',#317,#13936);
#13934=VECTOR('',#13937,1.0);
#13935=VECTOR('',#13938,1.0);
#13936=VECTOR('',#13939,1.0);
#13937=DIRECTION('',(0,0,1));
#13938=DIRECTION('',(-0.008599260624361662,0.009899148858276578,-0.9999140260885412));
#13939=DIRECTION('',(0.6558010468760234,-0.7549337632642428,0));
#13940=STYLED_ITEM('',(#18),#13941);
#13941=FACE_SURFACE('',(#13946),#13942,.T.);
#13942=PLANE('',#13943);
#13943=AXIS2_PLACEMENT_3D('',#187,#13944,#13945);
#13944=DIRECTION('',(1,0,-0));
#13945=DIRECTION('',(0,0,1));
#13946=FACE_BOUND('',#13947,.T.);
#13947=EDGE_LOOP('',(#13948,#13949,#13950));
#13948=ORIENTED_EDGE('',*,*,#13951,.T.);
#13949=ORIENTED_EDGE('',*,*,#13952,.T.);
#13950=ORIENTED_EDGE('',*,*,#13953,.T.);
#13951=EDGE_CURVE('',#188,#632,#13954,.F.);
#13952=EDGE_CURVE('',#632,#248,#13955,.T.);
#13953=EDGE_CURVE('',#248,#188,#13956,.T.);
#13954=LINE('',#187,#13957);
#13955=LINE('',#631,#13958);
#13956=LINE('',#247,#13959);
#13957=VECTOR('',#13960,1.0);
#13958=VECTOR('',#13961,1.0);
#13959=VECTOR('',#13962,1.0);
#13960=DIRECTION('',(0,0,1));
#13961=DIRECTION('',(0,-0.09950371902099892,-0.9950371902099892));
#13962=DIRECTION('',(0,1,0));
#13963=STYLED_ITEM('',(#18),#13964);
#13964=FACE_SURFACE('',(#13969),#13965,.T.);
#13965=PLANE('',#13966);
#13966=AXIS2_PLACEMENT_3D('',#397,#13967,#13968);
#13967=DIRECTION('',(1,-0,0));
#13968=DIRECTION('',(0,0,-1));
#13969=FACE_BOUND('',#13970,.T.);
#13970=EDGE_LOOP('',(#13971,#13972,#13973));
#13971=ORIENTED_EDGE('',*,*,#13974,.T.);
#13972=ORIENTED_EDGE('',*,*,#13975,.T.);
#13973=ORIENTED_EDGE('',*,*,#13976,.T.);
#13974=EDGE_CURVE('',#398,#248,#13977,.F.);
#13975=EDGE_CURVE('',#248,#632,#13978,.T.);
#13976=EDGE_CURVE('',#632,#398,#13979,.T.);
#13977=LINE('',#397,#13980);
#13978=LINE('',#247,#13981);
#13979=LINE('',#631,#13982);
#13980=VECTOR('',#13983,1.0);
#13981=VECTOR('',#13984,1.0);
#13982=VECTOR('',#13985,1.0);
#13983=DIRECTION('',(0,0,-1));
#13984=DIRECTION('',(0,0.09950371902099892,0.9950371902099892));
#13985=DIRECTION('',(0,-1,0));
#13986=STYLED_ITEM('',(#18),#13987);
#13987=FACE_SURFACE('',(#13992),#13988,.T.);
#13988=PLANE('',#13989);
#13989=AXIS2_PLACEMENT_3D('',#63,#13990,#13991);
#13990=DIRECTION('',(-0.9799873195820538,0.19905992429010297,0));
#13991=DIRECTION('',(0,0,1));
#13992=FACE_BOUND('',#13993,.T.);
#13993=EDGE_LOOP('',(#13994,#13995,#13996));
#13994=ORIENTED_EDGE('',*,*,#13997,.T.);
#13995=ORIENTED_EDGE('',*,*,#13998,.T.);
#13996=ORIENTED_EDGE('',*,*,#13999,.T.);
#13997=EDGE_CURVE('',#64,#518,#14000,.F.);
#13998=EDGE_CURVE('',#518,#62,#14001,.T.);
#13999=EDGE_CURVE('',#62,#64,#14002,.T.);
#14000=LINE('',#63,#14003);
#14001=LINE('',#517,#14004);
#14002=LINE('',#61,#14005);
#14003=VECTOR('',#14006,1.0);
#14004=VECTOR('',#14007,1.0);
#14005=VECTOR('',#14008,1.0);
#14006=DIRECTION('',(0,0,1));
#14007=DIRECTION('',(0.0025997782483726975,0.01279890829968108,-0.9999147109125835));
#14008=DIRECTION('',(-0.199059924290103,-0.9799873195820539,0));
#14009=STYLED_ITEM('',(#18),#14010);
#14010=FACE_SURFACE('',(#14015),#14011,.T.);
#14011=PLANE('',#14012);
#14012=AXIS2_PLACEMENT_3D('',#615,#14013,#14014);
#14013=DIRECTION('',(-0.830875709772572,-0.5564580441595975,-0));
#14014=DIRECTION('',(-0.5564580441595975,0.830875709772572,0));
#14015=FACE_BOUND('',#14016,.T.);
#14016=EDGE_LOOP('',(#14017,#14018,#14019));
#14017=ORIENTED_EDGE('',*,*,#14020,.T.);
#14018=ORIENTED_EDGE('',*,*,#14021,.T.);
#14019=ORIENTED_EDGE('',*,*,#14022,.T.);
#14020=EDGE_CURVE('',#616,#614,#14023,.F.);
#14021=EDGE_CURVE('',#614,#322,#14024,.T.);
#14022=EDGE_CURVE('',#322,#616,#14025,.T.);
#14023=LINE('',#615,#14026);
#14024=LINE('',#613,#14027);
#14025=LINE('',#321,#14028);
#14026=VECTOR('',#14029,1.0);
#14027=VECTOR('',#14030,1.0);
#14028=VECTOR('',#14031,1.0);
#14029=DIRECTION('',(-0.5564580441595975,0.830875709772572,0));
#14030=DIRECTION('',(0.007299371916068455,-0.010899062176047712,-0.999913961105311));
#14031=DIRECTION('',(0,0,1));
#14032=STYLED_ITEM('',(#18),#14033);
#14033=FACE_SURFACE('',(#14038),#14034,.T.);
#14034=PLANE('',#14035);
#14035=AXIS2_PLACEMENT_3D('',#315,#14036,#14037);
#14036=DIRECTION('',(-0.830875709772572,-0.5564580441595975,0));
#14037=DIRECTION('',(0.5564580441595975,-0.830875709772572,0));
#14038=FACE_BOUND('',#14039,.T.);
#14039=EDGE_LOOP('',(#14040,#14041,#14042));
#14040=ORIENTED_EDGE('',*,*,#14043,.T.);
#14041=ORIENTED_EDGE('',*,*,#14044,.T.);
#14042=ORIENTED_EDGE('',*,*,#14045,.T.);
#14043=EDGE_CURVE('',#316,#322,#14046,.F.);
#14044=EDGE_CURVE('',#322,#614,#14047,.T.);
#14045=EDGE_CURVE('',#614,#316,#14048,.T.);
#14046=LINE('',#315,#14049);
#14047=LINE('',#321,#14050);
#14048=LINE('',#613,#14051);
#14049=VECTOR('',#14052,1.0);
#14050=VECTOR('',#14053,1.0);
#14051=VECTOR('',#14054,1.0);
#14052=DIRECTION('',(0.5564580441595975,-0.830875709772572,0));
#14053=DIRECTION('',(-0.007299371916068455,0.010899062176047712,0.999913961105311));
#14054=DIRECTION('',(0,0,-1));
#14055=STYLED_ITEM('',(#18),#14056);
#14056=FACE_SURFACE('',(#14061),#14057,.T.);
#14057=PLANE('',#14058);
#14058=AXIS2_PLACEMENT_3D('',#543,#14059,#14060);
#14059=DIRECTION('',(0.060955145420756696,-0.9981405062648917,0));
#14060=DIRECTION('',(-0.013098871908233285,-0.0007999311088997419,-0.9999138861246766));
#14061=FACE_BOUND('',#14062,.T.);
#14062=EDGE_LOOP('',(#14063,#14064,#14065));
#14063=ORIENTED_EDGE('',*,*,#14066,.T.);
#14064=ORIENTED_EDGE('',*,*,#14067,.T.);
#14065=ORIENTED_EDGE('',*,*,#14068,.T.);
#14066=EDGE_CURVE('',#544,#102,#14069,.F.);
#14067=EDGE_CURVE('',#102,#142,#14070,.T.);
#14068=EDGE_CURVE('',#142,#544,#14071,.T.);
#14069=LINE('',#543,#14072);
#14070=LINE('',#101,#14073);
#14071=LINE('',#141,#14074);
#14072=VECTOR('',#14075,1.0);
#14073=VECTOR('',#14076,1.0);
#14074=VECTOR('',#14077,1.0);
#14075=DIRECTION('',(-0.013098871908233285,-0.0007999311088997419,-0.9999138861246766));
#14076=DIRECTION('',(0.9981405062648918,0.060955145420756696,0));
#14077=DIRECTION('',(0,0,1));
#14078=STYLED_ITEM('',(#18),#14079);
#14079=FACE_SURFACE('',(#14084),#14080,.T.);
#14080=PLANE('',#14081);
#14081=AXIS2_PLACEMENT_3D('',#615,#14082,#14083);
#14082=DIRECTION('',(-0.8959534904282141,-0.4441478841438964,-0));
#14083=DIRECTION('',(0,0,-1));
#14084=FACE_BOUND('',#14085,.T.);
#14085=EDGE_LOOP('',(#14086,#14087,#14088));
#14086=ORIENTED_EDGE('',*,*,#14089,.T.);
#14087=ORIENTED_EDGE('',*,*,#14090,.T.);
#14088=ORIENTED_EDGE('',*,*,#14091,.T.);
#14089=EDGE_CURVE('',#616,#322,#14092,.F.);
#14090=EDGE_CURVE('',#322,#516,#14093,.T.);
#14091=EDGE_CURVE('',#516,#616,#14094,.T.);
#14092=LINE('',#615,#14095);
#14093=LINE('',#321,#14096);
#14094=LINE('',#515,#14097);
#14095=VECTOR('',#14098,1.0);
#14096=VECTOR('',#14099,1.0);
#14097=VECTOR('',#14100,1.0);
#14098=DIRECTION('',(0,0,-1));
#14099=DIRECTION('',(0.005799505526241042,-0.01169900252707257,0.9999147459036308));
#14100=DIRECTION('',(-0.44414788414389644,0.8959534904282143,0));
#14101=STYLED_ITEM('',(#18),#14102);
#14102=FACE_SURFACE('',(#14107),#14103,.T.);
#14103=PLANE('',#14104);
#14104=AXIS2_PLACEMENT_3D('',#543,#14105,#14106);
#14105=DIRECTION('',(-0.060955145420756696,-0.9981405062648917,-0));
#14106=DIRECTION('',(0,0,-1));
#14107=FACE_BOUND('',#14108,.T.);
#14108=EDGE_LOOP('',(#14109,#14110,#14111));
#14109=ORIENTED_EDGE('',*,*,#14112,.T.);
#14110=ORIENTED_EDGE('',*,*,#14113,.T.);
#14111=ORIENTED_EDGE('',*,*,#14114,.T.);
#14112=EDGE_CURVE('',#544,#142,#14115,.F.);
#14113=EDGE_CURVE('',#142,#108,#14116,.T.);
#14114=EDGE_CURVE('',#108,#544,#14117,.T.);
#14115=LINE('',#543,#14118);
#14116=LINE('',#141,#14119);
#14117=LINE('',#107,#14120);
#14118=VECTOR('',#14121,1.0);
#14119=VECTOR('',#14122,1.0);
#14120=VECTOR('',#14123,1.0);
#14121=DIRECTION('',(0,0,-1));
#14122=DIRECTION('',(0.9981405062648918,-0.060955145420756696,0));
#14123=DIRECTION('',(-0.013098871908233285,0.0007999311088997419,0.9999138861246766));
#14124=STYLED_ITEM('',(#18),#14125);
#14125=FACE_SURFACE('',(#14130),#14126,.T.);
#14126=PLANE('',#14127);
#14127=AXIS2_PLACEMENT_3D('',#359,#14128,#14129);
#14128=DIRECTION('',(0.6558010468760156,0.7549337632642494,-0));
#14129=DIRECTION('',(0,0,1));
#14130=FACE_BOUND('',#14131,.T.);
#14131=EDGE_LOOP('',(#14132,#14133,#14134));
#14132=ORIENTED_EDGE('',*,*,#14135,.T.);
#14133=ORIENTED_EDGE('',*,*,#14136,.T.);
#14134=ORIENTED_EDGE('',*,*,#14137,.T.);
#14135=EDGE_CURVE('',#360,#708,#14138,.F.);
#14136=EDGE_CURVE('',#708,#278,#14139,.T.);
#14137=EDGE_CURVE('',#278,#360,#14140,.T.);
#14138=LINE('',#359,#14141);
#14139=LINE('',#707,#14142);
#14140=LINE('',#277,#14143);
#14141=VECTOR('',#14144,1.0);
#14142=VECTOR('',#14145,1.0);
#14143=VECTOR('',#14146,1.0);
#14144=DIRECTION('',(0,0,1));
#14145=DIRECTION('',(0.009899148858276578,-0.008599260624361484,-0.9999140260885412));
#14146=DIRECTION('',(-0.7549337632642495,0.6558010468760157,0));
#14147=STYLED_ITEM('',(#18),#14148);
#14148=FACE_SURFACE('',(#14153),#14149,.T.);
#14149=PLANE('',#14150);
#14150=AXIS2_PLACEMENT_3D('',#359,#14151,#14152);
#14151=DIRECTION('',(0.7549337632642428,0.6558010468760234,-0));
#14152=DIRECTION('',(-0.6558010468760234,0.7549337632642428,0));
#14153=FACE_BOUND('',#14154,.T.);
#14154=EDGE_LOOP('',(#14155,#14156,#14157));
#14155=ORIENTED_EDGE('',*,*,#14158,.T.);
#14156=ORIENTED_EDGE('',*,*,#14159,.T.);
#14157=ORIENTED_EDGE('',*,*,#14160,.T.);
#14158=EDGE_CURVE('',#360,#362,#14161,.F.);
#14159=EDGE_CURVE('',#362,#708,#14162,.T.);
#14160=EDGE_CURVE('',#708,#360,#14163,.T.);
#14161=LINE('',#359,#14164);
#14162=LINE('',#361,#14165);
#14163=LINE('',#707,#14166);
#14164=VECTOR('',#14167,1.0);
#14165=VECTOR('',#14168,1.0);
#14166=VECTOR('',#14169,1.0);
#14167=DIRECTION('',(-0.6558010468760234,0.7549337632642428,0));
#14168=DIRECTION('',(0.008599260624361662,-0.009899148858276578,0.9999140260885412));
#14169=DIRECTION('',(0,0,-1));
#14170=STYLED_ITEM('',(#18),#14171);
#14171=FACE_SURFACE('',(#14176),#14172,.T.);
#14172=PLANE('',#14173);
#14173=AXIS2_PLACEMENT_3D('',#87,#14174,#14175);
#14174=DIRECTION('',(0.7549337632642428,0.6558010468760234,-0));
#14175=DIRECTION('',(-0.008599260624361662,0.009899148858276578,0.9999140260885412));
#14176=FACE_BOUND('',#14177,.T.);
#14177=EDGE_LOOP('',(#14178,#14179,#14180));
#14178=ORIENTED_EDGE('',*,*,#14181,.T.);
#14179=ORIENTED_EDGE('',*,*,#14182,.T.);
#14180=ORIENTED_EDGE('',*,*,#14183,.T.);
#14181=EDGE_CURVE('',#88,#460,#14184,.F.);
#14182=EDGE_CURVE('',#460,#444,#14185,.T.);
#14183=EDGE_CURVE('',#444,#88,#14186,.T.);
#14184=LINE('',#87,#14187);
#14185=LINE('',#459,#14188);
#14186=LINE('',#443,#14189);
#14187=VECTOR('',#14190,1.0);
#14188=VECTOR('',#14191,1.0);
#14189=VECTOR('',#14192,1.0);
#14190=DIRECTION('',(-0.008599260624361662,0.009899148858276578,0.9999140260885412));
#14191=DIRECTION('',(0.6558010468760234,-0.7549337632642428,0));
#14192=DIRECTION('',(0,0,-1));
#14193=STYLED_ITEM('',(#18),#14194);
#14194=FACE_SURFACE('',(#14199),#14195,.T.);
#14195=PLANE('',#14196);
#14196=AXIS2_PLACEMENT_3D('',#267,#14197,#14198);
#14197=DIRECTION('',(-0.5564580441595975,0.830875709772572,0));
#14198=DIRECTION('',(-0.830875709772572,-0.5564580441595975,0));
#14199=FACE_BOUND('',#14200,.T.);
#14200=EDGE_LOOP('',(#14201,#14202,#14203));
#14201=ORIENTED_EDGE('',*,*,#14204,.T.);
#14202=ORIENTED_EDGE('',*,*,#14205,.T.);
#14203=ORIENTED_EDGE('',*,*,#14206,.T.);
#14204=EDGE_CURVE('',#268,#274,#14207,.F.);
#14205=EDGE_CURVE('',#274,#550,#14208,.T.);
#14206=EDGE_CURVE('',#550,#268,#14209,.T.);
#14207=LINE('',#267,#14210);
#14208=LINE('',#273,#14211);
#14209=LINE('',#549,#14212);
#14210=VECTOR('',#14213,1.0);
#14211=VECTOR('',#14214,1.0);
#14212=VECTOR('',#14215,1.0);
#14213=DIRECTION('',(-0.830875709772572,-0.5564580441595975,0));
#14214=DIRECTION('',(0,0,1));
#14215=DIRECTION('',(0.010899062176047712,0.007299371916068455,-0.999913961105311));
#14216=STYLED_ITEM('',(#18),#14217);
#14217=FACE_SURFACE('',(#14222),#14218,.T.);
#14218=PLANE('',#14219);
#14219=AXIS2_PLACEMENT_3D('',#297,#14220,#14221);
#14220=DIRECTION('',(0.3185018700980786,-0.9479222324347218,0));
#14221=DIRECTION('',(0,0,1));
#14222=FACE_BOUND('',#14223,.T.);
#14223=EDGE_LOOP('',(#14224,#14225,#14226));
#14224=ORIENTED_EDGE('',*,*,#14227,.T.);
#14225=ORIENTED_EDGE('',*,*,#14228,.T.);
#14226=ORIENTED_EDGE('',*,*,#14229,.T.);
#14227=EDGE_CURVE('',#298,#580,#14230,.F.);
#14228=EDGE_CURVE('',#580,#578,#14231,.T.);
#14229=EDGE_CURVE('',#578,#298,#14232,.T.);
#14230=LINE('',#297,#14233);
#14231=LINE('',#579,#14234);
#14232=LINE('',#577,#14235);
#14233=VECTOR('',#14236,1.0);
#14234=VECTOR('',#14237,1.0);
#14235=VECTOR('',#14238,1.0);
#14236=DIRECTION('',(0,0,1));
#14237=DIRECTION('',(-0.9479222324347218,-0.3185018700980786,0));
#14238=DIRECTION('',(0.012498913329218835,0.004199634878617687,-0.9999130663375068));
#14239=STYLED_ITEM('',(#18),#14240);
#14240=FACE_SURFACE('',(#14245),#14241,.T.);
#14241=PLANE('',#14242);
#14242=AXIS2_PLACEMENT_3D('',#387,#14243,#14244);
#14243=DIRECTION('',(0.8308757097725763,0.5564580441595913,-0));
#14244=DIRECTION('',(0,0,1));
#14245=FACE_BOUND('',#14246,.T.);
#14246=EDGE_LOOP('',(#14247,#14248,#14249));
#14247=ORIENTED_EDGE('',*,*,#14250,.T.);
#14248=ORIENTED_EDGE('',*,*,#14251,.T.);
#14249=ORIENTED_EDGE('',*,*,#14252,.T.);
#14250=EDGE_CURVE('',#388,#698,#14253,.F.);
#14251=EDGE_CURVE('',#698,#704,#14254,.T.);
#14252=EDGE_CURVE('',#704,#388,#14255,.T.);
#14253=LINE('',#387,#14256);
#14254=LINE('',#697,#14257);
#14255=LINE('',#703,#14258);
#14256=VECTOR('',#14259,1.0);
#14257=VECTOR('',#14260,1.0);
#14258=VECTOR('',#14261,1.0);
#14259=DIRECTION('',(0,0,1));
#14260=DIRECTION('',(0.5564580441595913,-0.8308757097725762,0));
#14261=DIRECTION('',(-0.007299371916068455,0.010899062176047889,-0.999913961105311));
#14262=STYLED_ITEM('',(#18),#14263);
#14263=FACE_SURFACE('',(#14268),#14264,.T.);
#14264=PLANE('',#14265);
#14265=AXIS2_PLACEMENT_3D('',#109,#14266,#14267);
#14266=DIRECTION('',(-0.4441478841438964,-0.8959534904282141,0));
#14267=DIRECTION('',(0,0,1));
#14268=FACE_BOUND('',#14269,.T.);
#14269=EDGE_LOOP('',(#14270,#14271,#14272));
#14270=ORIENTED_EDGE('',*,*,#14273,.T.);
#14271=ORIENTED_EDGE('',*,*,#14274,.T.);
#14272=ORIENTED_EDGE('',*,*,#14275,.T.);
#14273=EDGE_CURVE('',#110,#562,#14276,.F.);
#14274=EDGE_CURVE('',#562,#112,#14277,.T.);
#14275=EDGE_CURVE('',#112,#110,#14278,.T.);
#14276=LINE('',#109,#14279);
#14277=LINE('',#561,#14280);
#14278=LINE('',#111,#14281);
#14279=VECTOR('',#14282,1.0);
#14280=VECTOR('',#14283,1.0);
#14281=VECTOR('',#14284,1.0);
#14282=DIRECTION('',(0,0,1));
#14283=DIRECTION('',(-0.01169900252707257,0.005799505526241042,-0.9999147459036308));
#14284=DIRECTION('',(0.8959534904282143,-0.44414788414389644,0));
#14285=STYLED_ITEM('',(#18),#14286);
#14286=FACE_SURFACE('',(#14291),#14287,.T.);
#14287=PLANE('',#14288);
#14288=AXIS2_PLACEMENT_3D('',#579,#14289,#14290);
#14289=DIRECTION('',(0.19905992429010297,-0.9799873195820538,0));
#14290=DIRECTION('',(0,0,-1));
#14291=FACE_BOUND('',#14292,.T.);
#14292=EDGE_LOOP('',(#14293,#14294,#14295));
#14293=ORIENTED_EDGE('',*,*,#14296,.T.);
#14294=ORIENTED_EDGE('',*,*,#14297,.T.);
#14295=ORIENTED_EDGE('',*,*,#14298,.T.);
#14296=EDGE_CURVE('',#580,#298,#14299,.F.);
#14297=EDGE_CURVE('',#298,#582,#14300,.T.);
#14298=EDGE_CURVE('',#582,#580,#14301,.T.);
#14299=LINE('',#579,#14302);
#14300=LINE('',#297,#14303);
#14301=LINE('',#581,#14304);
#14302=VECTOR('',#14305,1.0);
#14303=VECTOR('',#14306,1.0);
#14304=VECTOR('',#14307,1.0);
#14305=DIRECTION('',(0,0,-1));
#14306=DIRECTION('',(0.01279890829968108,0.0025997782483726975,0.9999147109125835));
#14307=DIRECTION('',(-0.9799873195820539,-0.199059924290103,0));
#14308=STYLED_ITEM('',(#18),#14309);
#14309=FACE_SURFACE('',(#14314),#14310,.T.);
#14310=PLANE('',#14311);
#14311=AXIS2_PLACEMENT_3D('',#389,#14312,#14313);
#14312=DIRECTION('',(0.8959534904282114,0.44414788414390177,-0));
#14313=DIRECTION('',(0,0,1));
#14314=FACE_BOUND('',#14315,.T.);
#14315=EDGE_LOOP('',(#14316,#14317,#14318));
#14316=ORIENTED_EDGE('',*,*,#14319,.T.);
#14317=ORIENTED_EDGE('',*,*,#14320,.T.);
#14318=ORIENTED_EDGE('',*,*,#14321,.T.);
#14319=EDGE_CURVE('',#390,#696,#14322,.F.);
#14320=EDGE_CURVE('',#696,#388,#14323,.T.);
#14321=EDGE_CURVE('',#388,#390,#14324,.T.);
#14322=LINE('',#389,#14325);
#14323=LINE('',#695,#14326);
#14324=LINE('',#387,#14327);
#14325=VECTOR('',#14328,1.0);
#14326=VECTOR('',#14329,1.0);
#14327=VECTOR('',#14330,1.0);
#14328=DIRECTION('',(0,0,1));
#14329=DIRECTION('',(0.005799505526241042,-0.011699002527072391,-0.9999147459036308));
#14330=DIRECTION('',(-0.44414788414390177,0.8959534904282115,0));
#14331=STYLED_ITEM('',(#18),#14332);
#14332=FACE_SURFACE('',(#14337),#14333,.T.);
#14333=PLANE('',#14334);
#14334=AXIS2_PLACEMENT_3D('',#651,#14335,#14336);
#14335=DIRECTION('',(0.8959534904282141,0.4441478841438964,0));
#14336=DIRECTION('',(0.44414788414389644,-0.8959534904282143,0));
#14337=FACE_BOUND('',#14338,.T.);
#14338=EDGE_LOOP('',(#14339,#14340,#14341));
#14339=ORIENTED_EDGE('',*,*,#14342,.T.);
#14340=ORIENTED_EDGE('',*,*,#14343,.T.);
#14341=ORIENTED_EDGE('',*,*,#14344,.T.);
#14342=EDGE_CURVE('',#652,#462,#14345,.F.);
#14343=EDGE_CURVE('',#462,#94,#14346,.T.);
#14344=EDGE_CURVE('',#94,#652,#14347,.T.);
#14345=LINE('',#651,#14348);
#14346=LINE('',#461,#14349);
#14347=LINE('',#93,#14350);
#14348=VECTOR('',#14351,1.0);
#14349=VECTOR('',#14352,1.0);
#14350=VECTOR('',#14353,1.0);
#14351=DIRECTION('',(0.44414788414389644,-0.8959534904282143,0));
#14352=DIRECTION('',(-0.005799505526241042,0.01169900252707257,-0.9999147459036308));
#14353=DIRECTION('',(0,0,1));
#14354=STYLED_ITEM('',(#18),#14355);
#14355=FACE_SURFACE('',(#14360),#14356,.T.);
#14356=PLANE('',#14357);
#14357=AXIS2_PLACEMENT_3D('',#115,#14358,#14359);
#14358=DIRECTION('',(-0.5564580441596162,-0.8308757097725595,0));
#14359=DIRECTION('',(0,0,1));
#14360=FACE_BOUND('',#14361,.T.);
#14361=EDGE_LOOP('',(#14362,#14363,#14364));
#14362=ORIENTED_EDGE('',*,*,#14365,.T.);
#14363=ORIENTED_EDGE('',*,*,#14366,.T.);
#14364=ORIENTED_EDGE('',*,*,#14367,.T.);
#14365=EDGE_CURVE('',#116,#572,#14368,.F.);
#14366=EDGE_CURVE('',#572,#562,#14369,.T.);
#14367=EDGE_CURVE('',#562,#116,#14370,.T.);
#14368=LINE('',#115,#14371);
#14369=LINE('',#571,#14372);
#14370=LINE('',#561,#14373);
#14371=VECTOR('',#14374,1.0);
#14372=VECTOR('',#14375,1.0);
#14373=VECTOR('',#14376,1.0);
#14374=DIRECTION('',(0,0,1));
#14375=DIRECTION('',(-0.8308757097725595,0.5564580441596162,0));
#14376=DIRECTION('',(0.010899062176047712,-0.007299371916068811,-0.999913961105311));
#14377=STYLED_ITEM('',(#18),#14378);
#14378=FACE_SURFACE('',(#14383),#14379,.T.);
#14379=PLANE('',#14380);
#14380=AXIS2_PLACEMENT_3D('',#115,#14381,#14382);
#14381=DIRECTION('',(-0.5564580441596162,-0.8308757097725595,0));
#14382=DIRECTION('',(-0.010899062176047712,0.007299371916068811,0.999913961105311));
#14383=FACE_BOUND('',#14384,.T.);
#14384=EDGE_LOOP('',(#14385,#14386,#14387));
#14385=ORIENTED_EDGE('',*,*,#14388,.T.);
#14386=ORIENTED_EDGE('',*,*,#14389,.T.);
#14387=ORIENTED_EDGE('',*,*,#14390,.T.);
#14388=EDGE_CURVE('',#116,#562,#14391,.F.);
#14389=EDGE_CURVE('',#562,#110,#14392,.T.);
#14390=EDGE_CURVE('',#110,#116,#14393,.T.);
#14391=LINE('',#115,#14394);
#14392=LINE('',#561,#14395);
#14393=LINE('',#109,#14396);
#14394=VECTOR('',#14397,1.0);
#14395=VECTOR('',#14398,1.0);
#14396=VECTOR('',#14399,1.0);
#14397=DIRECTION('',(-0.010899062176047712,0.007299371916068811,0.999913961105311));
#14398=DIRECTION('',(0,0,-1));
#14399=DIRECTION('',(0.8308757097725595,-0.5564580441596162,0));
#14400=STYLED_ITEM('',(#18),#14401);
#14401=FACE_SURFACE('',(#14406),#14402,.T.);
#14402=PLANE('',#14403);
#14403=AXIS2_PLACEMENT_3D('',#177,#14404,#14405);
#14404=DIRECTION('',(0.9479222324347218,0.3185018700980786,-0));
#14405=DIRECTION('',(0,0,1));
#14406=FACE_BOUND('',#14407,.T.);
#14407=EDGE_LOOP('',(#14408,#14409,#14410));
#14408=ORIENTED_EDGE('',*,*,#14411,.T.);
#14409=ORIENTED_EDGE('',*,*,#14412,.T.);
#14410=ORIENTED_EDGE('',*,*,#14413,.T.);
#14411=EDGE_CURVE('',#178,#716,#14414,.F.);
#14412=EDGE_CURVE('',#716,#390,#14415,.T.);
#14413=EDGE_CURVE('',#390,#178,#14416,.T.);
#14414=LINE('',#177,#14417);
#14415=LINE('',#715,#14418);
#14416=LINE('',#389,#14419);
#14417=VECTOR('',#14420,1.0);
#14418=VECTOR('',#14421,1.0);
#14419=VECTOR('',#14422,1.0);
#14420=DIRECTION('',(0,0,1));
#14421=DIRECTION('',(0.004199634878617687,-0.012498913329218835,-0.9999130663375068));
#14422=DIRECTION('',(-0.3185018700980786,0.9479222324347218,0));
#14423=STYLED_ITEM('',(#18),#14424);
#14424=FACE_SURFACE('',(#14429),#14425,.T.);
#14425=PLANE('',#14426);
#14426=AXIS2_PLACEMENT_3D('',#695,#14427,#14428);
#14427=DIRECTION('',(0.9479222324347218,0.3185018700980786,0));
#14428=DIRECTION('',(0,0,-1));
#14429=FACE_BOUND('',#14430,.T.);
#14430=EDGE_LOOP('',(#14431,#14432,#14433));
#14431=ORIENTED_EDGE('',*,*,#14434,.T.);
#14432=ORIENTED_EDGE('',*,*,#14435,.T.);
#14433=ORIENTED_EDGE('',*,*,#14436,.T.);
#14434=EDGE_CURVE('',#696,#390,#14437,.F.);
#14435=EDGE_CURVE('',#390,#716,#14438,.T.);
#14436=EDGE_CURVE('',#716,#696,#14439,.T.);
#14437=LINE('',#695,#14440);
#14438=LINE('',#389,#14441);
#14439=LINE('',#715,#14442);
#14440=VECTOR('',#14443,1.0);
#14441=VECTOR('',#14444,1.0);
#14442=VECTOR('',#14445,1.0);
#14443=DIRECTION('',(0,0,-1));
#14444=DIRECTION('',(-0.004199634878617687,0.012498913329218835,0.9999130663375068));
#14445=DIRECTION('',(0.3185018700980786,-0.9479222324347218,0));
#14446=STYLED_ITEM('',(#18),#14447);
#14447=FACE_SURFACE('',(#14452),#14448,.T.);
#14448=PLANE('',#14449);
#14449=AXIS2_PLACEMENT_3D('',#651,#14450,#14451);
#14450=DIRECTION('',(0.9479222324347218,0.3185018700980786,0));
#14451=DIRECTION('',(0,0,-1));
#14452=FACE_BOUND('',#14453,.T.);
#14453=EDGE_LOOP('',(#14454,#14455,#14456));
#14454=ORIENTED_EDGE('',*,*,#14457,.T.);
#14455=ORIENTED_EDGE('',*,*,#14458,.T.);
#14456=ORIENTED_EDGE('',*,*,#14459,.T.);
#14457=EDGE_CURVE('',#652,#94,#14460,.F.);
#14458=EDGE_CURVE('',#94,#608,#14461,.T.);
#14459=EDGE_CURVE('',#608,#652,#14462,.T.);
#14460=LINE('',#651,#14463);
#14461=LINE('',#93,#14464);
#14462=LINE('',#607,#14465);
#14463=VECTOR('',#14466,1.0);
#14464=VECTOR('',#14467,1.0);
#14465=VECTOR('',#14468,1.0);
#14466=DIRECTION('',(0,0,-1));
#14467=DIRECTION('',(-0.004199634878617687,0.012498913329218835,0.9999130663375068));
#14468=DIRECTION('',(0.3185018700980786,-0.9479222324347218,0));
#14469=STYLED_ITEM('',(#18),#14470);
#14470=FACE_SURFACE('',(#14475),#14471,.T.);
#14471=PLANE('',#14472);
#14472=AXIS2_PLACEMENT_3D('',#657,#14473,#14474);
#14473=DIRECTION('',(0.8959534904282141,-0.4441478841438964,0));
#14474=DIRECTION('',(0,0,-1));
#14475=FACE_BOUND('',#14476,.T.);
#14476=EDGE_LOOP('',(#14477,#14478,#14479));
#14477=ORIENTED_EDGE('',*,*,#14480,.T.);
#14478=ORIENTED_EDGE('',*,*,#14481,.T.);
#14479=ORIENTED_EDGE('',*,*,#14482,.T.);
#14480=EDGE_CURVE('',#658,#284,#14483,.F.);
#14481=EDGE_CURVE('',#284,#282,#14484,.T.);
#14482=EDGE_CURVE('',#282,#658,#14485,.T.);
#14483=LINE('',#657,#14486);
#14484=LINE('',#283,#14487);
#14485=LINE('',#281,#14488);
#14486=VECTOR('',#14489,1.0);
#14487=VECTOR('',#14490,1.0);
#14488=VECTOR('',#14491,1.0);
#14489=DIRECTION('',(0,0,-1));
#14490=DIRECTION('',(0.44414788414389644,0.8959534904282143,0));
#14491=DIRECTION('',(-0.005799505526241042,-0.01169900252707257,0.9999147459036308));
#14492=STYLED_ITEM('',(#18),#14493);
#14493=FACE_SURFACE('',(#14498),#14494,.T.);
#14494=PLANE('',#14495);
#14495=AXIS2_PLACEMENT_3D('',#611,#14496,#14497);
#14496=DIRECTION('',(-0.06104800191458604,-0.9981348313039861,-0));
#14497=DIRECTION('',(-0.0032699824518495966,0.00019999892671852872,-0.9999946335931978));
#14498=FACE_BOUND('',#14499,.T.);
#14499=EDGE_LOOP('',(#14500,#14501,#14502));
#14500=ORIENTED_EDGE('',*,*,#14503,.T.);
#14501=ORIENTED_EDGE('',*,*,#14504,.T.);
#14502=ORIENTED_EDGE('',*,*,#14505,.T.);
#14503=EDGE_CURVE('',#612,#752,#14506,.F.);
#14504=EDGE_CURVE('',#752,#260,#14507,.T.);
#14505=EDGE_CURVE('',#260,#612,#14508,.T.);
#14506=LINE('',#611,#14509);
#14507=LINE('',#751,#14510);
#14508=LINE('',#259,#14511);
#14509=VECTOR('',#14512,1.0);
#14510=VECTOR('',#14513,1.0);
#14511=VECTOR('',#14514,1.0);
#14512=DIRECTION('',(-0.0032699824518495966,0.00019999892671852872,-0.9999946335931978));
#14513=DIRECTION('',(0.9981348313039861,-0.06104800191458604,0));
#14514=DIRECTION('',(0,0,1));
#14515=STYLED_ITEM('',(#18),#14516);
#14516=FACE_SURFACE('',(#14521),#14517,.T.);
#14517=PLANE('',#14518);
#14518=AXIS2_PLACEMENT_3D('',#121,#14519,#14520);
#14519=DIRECTION('',(-0.6558010468760156,-0.7549337632642494,0));
#14520=DIRECTION('',(-0.009899148858276578,0.008599260624361484,0.9999140260885412));
#14521=FACE_BOUND('',#14522,.T.);
#14522=EDGE_LOOP('',(#14523,#14524,#14525));
#14523=ORIENTED_EDGE('',*,*,#14526,.T.);
#14524=ORIENTED_EDGE('',*,*,#14527,.T.);
#14525=ORIENTED_EDGE('',*,*,#14528,.T.);
#14526=EDGE_CURVE('',#122,#572,#14529,.F.);
#14527=EDGE_CURVE('',#572,#116,#14530,.T.);
#14528=EDGE_CURVE('',#116,#122,#14531,.T.);
#14529=LINE('',#121,#14532);
#14530=LINE('',#571,#14533);
#14531=LINE('',#115,#14534);
#14532=VECTOR('',#14535,1.0);
#14533=VECTOR('',#14536,1.0);
#14534=VECTOR('',#14537,1.0);
#14535=DIRECTION('',(-0.009899148858276578,0.008599260624361484,0.9999140260885412));
#14536=DIRECTION('',(0,0,-1));
#14537=DIRECTION('',(0.7549337632642495,-0.6558010468760157,0));
#14538=STYLED_ITEM('',(#18),#14539);
#14539=FACE_SURFACE('',(#14544),#14540,.T.);
#14540=PLANE('',#14541);
#14541=AXIS2_PLACEMENT_3D('',#303,#14542,#14543);
#14542=DIRECTION('',(-0.06092425588012124,-0.9981423921693005,0));
#14543=DIRECTION('',(0,0,1));
#14544=FACE_BOUND('',#14545,.T.);
#14545=EDGE_LOOP('',(#14546,#14547,#14548));
#14546=ORIENTED_EDGE('',*,*,#14549,.T.);
#14547=ORIENTED_EDGE('',*,*,#14550,.T.);
#14548=ORIENTED_EDGE('',*,*,#14551,.T.);
#14549=EDGE_CURVE('',#304,#590,#14552,.F.);
#14550=EDGE_CURVE('',#590,#612,#14553,.T.);
#14551=EDGE_CURVE('',#612,#304,#14554,.T.);
#14552=LINE('',#303,#14555);
#14553=LINE('',#589,#14556);
#14554=LINE('',#611,#14557);
#14555=VECTOR('',#14558,1.0);
#14556=VECTOR('',#14559,1.0);
#14557=VECTOR('',#14560,1.0);
#14558=DIRECTION('',(0,0,1));
#14559=DIRECTION('',(-0.9981423921693005,0.06092425588012124,0));
#14560=DIRECTION('',(0.00982952333422987,-0.0005999709054463921,-0.9999515090772825));
#14561=STYLED_ITEM('',(#18),#14562);
#14562=FACE_SURFACE('',(#14567),#14563,.T.);
#14563=PLANE('',#14564);
#14564=AXIS2_PLACEMENT_3D('',#483,#14565,#14566);
#14565=DIRECTION('',(0.9799873195820538,0.19905992429010297,0));
#14566=DIRECTION('',(0.199059924290103,-0.9799873195820539,0));
#14567=FACE_BOUND('',#14568,.T.);
#14568=EDGE_LOOP('',(#14569,#14570,#14571));
#14569=ORIENTED_EDGE('',*,*,#14572,.T.);
#14570=ORIENTED_EDGE('',*,*,#14573,.T.);
#14571=ORIENTED_EDGE('',*,*,#14574,.T.);
#14572=EDGE_CURVE('',#484,#716,#14575,.F.);
#14573=EDGE_CURVE('',#716,#176,#14576,.T.);
#14574=EDGE_CURVE('',#176,#484,#14577,.T.);
#14575=LINE('',#483,#14578);
#14576=LINE('',#715,#14579);
#14577=LINE('',#175,#14580);
#14578=VECTOR('',#14581,1.0);
#14579=VECTOR('',#14582,1.0);
#14580=VECTOR('',#14583,1.0);
#14581=DIRECTION('',(0.199059924290103,-0.9799873195820539,0));
#14582=DIRECTION('',(-0.0025997782483726975,0.01279890829968108,-0.9999147109125835));
#14583=DIRECTION('',(0,0,1));
#14584=STYLED_ITEM('',(#18),#14585);
#14585=FACE_SURFACE('',(#14590),#14586,.T.);
#14586=PLANE('',#14587);
#14587=AXIS2_PLACEMENT_3D('',#569,#14588,#14589);
#14588=DIRECTION('',(0.7549337632642428,-0.6558010468760234,0));
#14589=DIRECTION('',(-0.008599260624361662,-0.009899148858276578,-0.9999140260885412));
#14590=FACE_BOUND('',#14591,.T.);
#14591=EDGE_LOOP('',(#14592,#14593,#14594));
#14592=ORIENTED_EDGE('',*,*,#14595,.T.);
#14593=ORIENTED_EDGE('',*,*,#14596,.T.);
#14594=ORIENTED_EDGE('',*,*,#14597,.T.);
#14595=EDGE_CURVE('',#570,#286,#14598,.F.);
#14596=EDGE_CURVE('',#286,#288,#14599,.T.);
#14597=EDGE_CURVE('',#288,#570,#14600,.T.);
#14598=LINE('',#569,#14601);
#14599=LINE('',#285,#14602);
#14600=LINE('',#287,#14603);
#14601=VECTOR('',#14604,1.0);
#14602=VECTOR('',#14605,1.0);
#14603=VECTOR('',#14606,1.0);
#14604=DIRECTION('',(-0.008599260624361662,-0.009899148858276578,-0.9999140260885412));
#14605=DIRECTION('',(0.6558010468760234,0.7549337632642428,0));
#14606=DIRECTION('',(0,0,1));
#14607=STYLED_ITEM('',(#18),#14608);
#14608=FACE_SURFACE('',(#14613),#14609,.T.);
#14609=PLANE('',#14610);
#14610=AXIS2_PLACEMENT_3D('',#589,#14611,#14612);
#14611=DIRECTION('',(-0.19905992429010297,-0.9799873195820538,-0));
#14612=DIRECTION('',(0,0,-1));
#14613=FACE_BOUND('',#14614,.T.);
#14614=EDGE_LOOP('',(#14615,#14616,#14617));
#14615=ORIENTED_EDGE('',*,*,#14618,.T.);
#14616=ORIENTED_EDGE('',*,*,#14619,.T.);
#14617=ORIENTED_EDGE('',*,*,#14620,.T.);
#14618=EDGE_CURVE('',#590,#304,#14621,.F.);
#14619=EDGE_CURVE('',#304,#588,#14622,.T.);
#14620=EDGE_CURVE('',#588,#590,#14623,.T.);
#14621=LINE('',#589,#14624);
#14622=LINE('',#303,#14625);
#14623=LINE('',#587,#14626);
#14624=VECTOR('',#14627,1.0);
#14625=VECTOR('',#14628,1.0);
#14626=VECTOR('',#14629,1.0);
#14627=DIRECTION('',(0,0,-1));
#14628=DIRECTION('',(0.01279890829968108,-0.0025997782483726975,0.9999147109125835));
#14629=DIRECTION('',(-0.9799873195820539,0.199059924290103,0));
#14630=STYLED_ITEM('',(#18),#14631);
#14631=FACE_SURFACE('',(#14636),#14632,.T.);
#14632=PLANE('',#14633);
#14633=AXIS2_PLACEMENT_3D('',#731,#14634,#14635);
#14634=DIRECTION('',(0.06854072423084488,0.9976483193600395,0));
#14635=DIRECTION('',(0,0,-1));
#14636=FACE_BOUND('',#14637,.T.);
#14637=EDGE_LOOP('',(#14638,#14639,#14640));
#14638=ORIENTED_EDGE('',*,*,#14641,.T.);
#14639=ORIENTED_EDGE('',*,*,#14642,.T.);
#14640=ORIENTED_EDGE('',*,*,#14643,.T.);
#14641=EDGE_CURVE('',#732,#342,#14644,.F.);
#14642=EDGE_CURVE('',#342,#744,#14645,.T.);
#14643=EDGE_CURVE('',#744,#732,#14646,.T.);
#14644=LINE('',#731,#14647);
#14645=LINE('',#341,#14648);
#14646=LINE('',#743,#14649);
#14647=VECTOR('',#14650,1.0);
#14648=VECTOR('',#14651,1.0);
#14649=VECTOR('',#14652,1.0);
#14650=DIRECTION('',(0,0,-1));
#14651=DIRECTION('',(-0.013098870795021067,0.0008999224210320142,0.9999138011466445));
#14652=DIRECTION('',(0.9976483193600396,-0.0685407242308449,0));
#14653=STYLED_ITEM('',(#18),#14654);
#14654=FACE_SURFACE('',(#14659),#14655,.T.);
#14655=PLANE('',#14656);
#14656=AXIS2_PLACEMENT_3D('',#295,#14657,#14658);
#14657=DIRECTION('',(0.06854072423084488,0.9976483193600395,-0));
#14658=DIRECTION('',(0,0,1));
#14659=FACE_BOUND('',#14660,.T.);
#14660=EDGE_LOOP('',(#14661,#14662,#14663));
#14661=ORIENTED_EDGE('',*,*,#14664,.T.);
#14662=ORIENTED_EDGE('',*,*,#14665,.T.);
#14663=ORIENTED_EDGE('',*,*,#14666,.T.);
#14664=EDGE_CURVE('',#296,#744,#14667,.F.);
#14665=EDGE_CURVE('',#744,#342,#14668,.T.);
#14666=EDGE_CURVE('',#342,#296,#14669,.T.);
#14667=LINE('',#295,#14670);
#14668=LINE('',#743,#14671);
#14669=LINE('',#341,#14672);
#14670=VECTOR('',#14673,1.0);
#14671=VECTOR('',#14674,1.0);
#14672=VECTOR('',#14675,1.0);
#14673=DIRECTION('',(0,0,1));
#14674=DIRECTION('',(0.013098870795021067,-0.0008999224210320142,-0.9999138011466445));
#14675=DIRECTION('',(-0.9976483193600396,0.0685407242308449,0));
#14676=STYLED_ITEM('',(#18),#14677);
#14677=FACE_SURFACE('',(#14682),#14678,.T.);
#14678=PLANE('',#14679);
#14679=AXIS2_PLACEMENT_3D('',#415,#14680,#14681);
#14680=DIRECTION('',(0.9976483193600395,-0.06854072423084488,0));
#14681=DIRECTION('',(0,0,-1));
#14682=FACE_BOUND('',#14683,.T.);
#14683=EDGE_LOOP('',(#14684,#14685,#14686));
#14684=ORIENTED_EDGE('',*,*,#14687,.T.);
#14685=ORIENTED_EDGE('',*,*,#14688,.T.);
#14686=ORIENTED_EDGE('',*,*,#14689,.T.);
#14687=EDGE_CURVE('',#416,#378,#14690,.F.);
#14688=EDGE_CURVE('',#378,#382,#14691,.T.);
#14689=EDGE_CURVE('',#382,#416,#14692,.T.);
#14690=LINE('',#415,#14693);
#14691=LINE('',#377,#14694);
#14692=LINE('',#381,#14695);
#14693=VECTOR('',#14696,1.0);
#14694=VECTOR('',#14697,1.0);
#14695=VECTOR('',#14698,1.0);
#14696=DIRECTION('',(0,0,-1));
#14697=DIRECTION('',(0.0685407242308449,0.9976483193600396,0));
#14698=DIRECTION('',(-0.0008999224210320142,-0.013098870795021067,0.9999138011466445));
#14699=STYLED_ITEM('',(#18),#14700);
#14700=FACE_SURFACE('',(#14705),#14701,.T.);
#14701=PLANE('',#14702);
#14702=AXIS2_PLACEMENT_3D('',#585,#14703,#14704);
#14703=DIRECTION('',(0.06104800191458604,-0.9981348313039861,0));
#14704=DIRECTION('',(0,0,-1));
#14705=FACE_BOUND('',#14706,.T.);
#14706=EDGE_LOOP('',(#14707,#14708,#14709));
#14707=ORIENTED_EDGE('',*,*,#14710,.T.);
#14708=ORIENTED_EDGE('',*,*,#14711,.T.);
#14709=ORIENTED_EDGE('',*,*,#14712,.T.);
#14710=EDGE_CURVE('',#586,#256,#14713,.F.);
#14711=EDGE_CURVE('',#256,#752,#14714,.T.);
#14712=EDGE_CURVE('',#752,#586,#14715,.T.);
#14713=LINE('',#585,#14716);
#14714=LINE('',#255,#14717);
#14715=LINE('',#751,#14718);
#14716=VECTOR('',#14719,1.0);
#14717=VECTOR('',#14720,1.0);
#14718=VECTOR('',#14721,1.0);
#14719=DIRECTION('',(0,0,-1));
#14720=DIRECTION('',(0.9981348313039861,0.06104800191458604,0));
#14721=DIRECTION('',(-0.0032699824518495966,-0.00019999892671852872,0.9999946335931978));
#14722=STYLED_ITEM('',(#18),#14723);
#14723=FACE_SURFACE('',(#14728),#14724,.T.);
#14724=PLANE('',#14725);
#14725=AXIS2_PLACEMENT_3D('',#743,#14726,#14727);
#14726=DIRECTION('',(0.19905992429010297,0.9799873195820538,0));
#14727=DIRECTION('',(0,0,-1));
#14728=FACE_BOUND('',#14729,.T.);
#14729=EDGE_LOOP('',(#14730,#14731,#14732));
#14730=ORIENTED_EDGE('',*,*,#14733,.T.);
#14731=ORIENTED_EDGE('',*,*,#14734,.T.);
#14732=ORIENTED_EDGE('',*,*,#14735,.T.);
#14733=EDGE_CURVE('',#744,#296,#14736,.F.);
#14734=EDGE_CURVE('',#296,#722,#14737,.T.);
#14735=EDGE_CURVE('',#722,#744,#14738,.T.);
#14736=LINE('',#743,#14739);
#14737=LINE('',#295,#14740);
#14738=LINE('',#721,#14741);
#14739=VECTOR('',#14742,1.0);
#14740=VECTOR('',#14743,1.0);
#14741=VECTOR('',#14744,1.0);
#14742=DIRECTION('',(0,0,-1));
#14743=DIRECTION('',(-0.01279890829968108,0.0025997782483726975,0.9999147109125835));
#14744=DIRECTION('',(0.9799873195820539,-0.199059924290103,0));
#14745=STYLED_ITEM('',(#18),#14746);
#14746=FACE_SURFACE('',(#14751),#14747,.T.);
#14747=PLANE('',#14748);
#14748=AXIS2_PLACEMENT_3D('',#307,#14749,#14750);
#14749=DIRECTION('',(0.19905992429010297,0.9799873195820538,-0));
#14750=DIRECTION('',(0,0,1));
#14751=FACE_BOUND('',#14752,.T.);
#14752=EDGE_LOOP('',(#14753,#14754,#14755));
#14753=ORIENTED_EDGE('',*,*,#14756,.T.);
#14754=ORIENTED_EDGE('',*,*,#14757,.T.);
#14755=ORIENTED_EDGE('',*,*,#14758,.T.);
#14756=EDGE_CURVE('',#308,#722,#14759,.F.);
#14757=EDGE_CURVE('',#722,#296,#14760,.T.);
#14758=EDGE_CURVE('',#296,#308,#14761,.T.);
#14759=LINE('',#307,#14762);
#14760=LINE('',#721,#14763);
#14761=LINE('',#295,#14764);
#14762=VECTOR('',#14765,1.0);
#14763=VECTOR('',#14766,1.0);
#14764=VECTOR('',#14767,1.0);
#14765=DIRECTION('',(0,0,1));
#14766=DIRECTION('',(0.01279890829968108,-0.0025997782483726975,-0.9999147109125835));
#14767=DIRECTION('',(-0.9799873195820539,0.199059924290103,0));
#14768=STYLED_ITEM('',(#18),#14769);
#14769=FACE_SURFACE('',(#14774),#14770,.T.);
#14770=PLANE('',#14771);
#14771=AXIS2_PLACEMENT_3D('',#289,#14772,#14773);
#14772=DIRECTION('',(0.6558010468760234,-0.7549337632642428,0));
#14773=DIRECTION('',(0,0,1));
#14774=FACE_BOUND('',#14775,.T.);
#14775=EDGE_LOOP('',(#14776,#14777,#14778));
#14776=ORIENTED_EDGE('',*,*,#14779,.T.);
#14777=ORIENTED_EDGE('',*,*,#14780,.T.);
#14778=ORIENTED_EDGE('',*,*,#14781,.T.);
#14779=EDGE_CURVE('',#290,#574,#14782,.F.);
#14780=EDGE_CURVE('',#574,#288,#14783,.T.);
#14781=EDGE_CURVE('',#288,#290,#14784,.T.);
#14782=LINE('',#289,#14785);
#14783=LINE('',#573,#14786);
#14784=LINE('',#287,#14787);
#14785=VECTOR('',#14788,1.0);
#14786=VECTOR('',#14789,1.0);
#14787=VECTOR('',#14790,1.0);
#14788=DIRECTION('',(0,0,1));
#14789=DIRECTION('',(-0.009899148858276578,-0.008599260624361662,-0.9999140260885412));
#14790=DIRECTION('',(0.7549337632642428,0.6558010468760234,0));
#14791=STYLED_ITEM('',(#18),#14792);
#14792=FACE_SURFACE('',(#14797),#14793,.T.);
#14793=PLANE('',#14794);
#14794=AXIS2_PLACEMENT_3D('',#721,#14795,#14796);
#14795=DIRECTION('',(0.31850187009806646,0.9479222324347258,0));
#14796=DIRECTION('',(0,0,-1));
#14797=FACE_BOUND('',#14798,.T.);
#14798=EDGE_LOOP('',(#14799,#14800,#14801));
#14799=ORIENTED_EDGE('',*,*,#14802,.T.);
#14800=ORIENTED_EDGE('',*,*,#14803,.T.);
#14801=ORIENTED_EDGE('',*,*,#14804,.T.);
#14802=EDGE_CURVE('',#722,#308,#14805,.F.);
#14803=EDGE_CURVE('',#308,#264,#14806,.T.);
#14804=EDGE_CURVE('',#264,#722,#14807,.T.);
#14805=LINE('',#721,#14808);
#14806=LINE('',#307,#14809);
#14807=LINE('',#263,#14810);
#14808=VECTOR('',#14811,1.0);
#14809=VECTOR('',#14812,1.0);
#14810=VECTOR('',#14813,1.0);
#14811=DIRECTION('',(0,0,-1));
#14812=DIRECTION('',(-0.9479222324347258,0.31850187009806646,0));
#14813=DIRECTION('',(0.012498913329218835,-0.00419963487861751,0.9999130663375068));
#14814=STYLED_ITEM('',(#18),#14815);
#14815=FACE_SURFACE('',(#14820),#14816,.T.);
#14816=PLANE('',#14817);
#14817=AXIS2_PLACEMENT_3D('',#575,#14818,#14819);
#14818=DIRECTION('',(0.5564580441595975,-0.830875709772572,0));
#14819=DIRECTION('',(-0.830875709772572,-0.5564580441595975,0));
#14820=FACE_BOUND('',#14821,.T.);
#14821=EDGE_LOOP('',(#14822,#14823,#14824));
#14822=ORIENTED_EDGE('',*,*,#14825,.T.);
#14823=ORIENTED_EDGE('',*,*,#14826,.T.);
#14824=ORIENTED_EDGE('',*,*,#14827,.T.);
#14825=EDGE_CURVE('',#576,#574,#14828,.F.);
#14826=EDGE_CURVE('',#574,#292,#14829,.T.);
#14827=EDGE_CURVE('',#292,#576,#14830,.T.);
#14828=LINE('',#575,#14831);
#14829=LINE('',#573,#14832);
#14830=LINE('',#291,#14833);
#14831=VECTOR('',#14834,1.0);
#14832=VECTOR('',#14835,1.0);
#14833=VECTOR('',#14836,1.0);
#14834=DIRECTION('',(-0.830875709772572,-0.5564580441595975,0));
#14835=DIRECTION('',(0.010899062176047712,0.007299371916068455,-0.999913961105311));
#14836=DIRECTION('',(0,0,1));
#14837=STYLED_ITEM('',(#18),#14838);
#14838=FACE_SURFACE('',(#14843),#14839,.T.);
#14839=PLANE('',#14840);
#14840=AXIS2_PLACEMENT_3D('',#293,#14841,#14842);
#14841=DIRECTION('',(0.4441478841438964,-0.8959534904282141,0));
#14842=DIRECTION('',(0,0,1));
#14843=FACE_BOUND('',#14844,.T.);
#14844=EDGE_LOOP('',(#14845,#14846,#14847));
#14845=ORIENTED_EDGE('',*,*,#14848,.T.);
#14846=ORIENTED_EDGE('',*,*,#14849,.T.);
#14847=ORIENTED_EDGE('',*,*,#14850,.T.);
#14848=EDGE_CURVE('',#294,#578,#14851,.F.);
#14849=EDGE_CURVE('',#578,#292,#14852,.T.);
#14850=EDGE_CURVE('',#292,#294,#14853,.T.);
#14851=LINE('',#293,#14854);
#14852=LINE('',#577,#14855);
#14853=LINE('',#291,#14856);
#14854=VECTOR('',#14857,1.0);
#14855=VECTOR('',#14858,1.0);
#14856=VECTOR('',#14859,1.0);
#14857=DIRECTION('',(0,0,1));
#14858=DIRECTION('',(-0.01169900252707257,-0.005799505526241042,-0.9999147459036308));
#14859=DIRECTION('',(0.8959534904282143,0.44414788414389644,0));
#14860=STYLED_ITEM('',(#18),#14861);
#14861=FACE_SURFACE('',(#14866),#14862,.T.);
#14862=PLANE('',#14863);
#14863=AXIS2_PLACEMENT_3D('',#575,#14864,#14865);
#14864=DIRECTION('',(0.4441478841438964,-0.8959534904282141,0));
#14865=DIRECTION('',(0,0,-1));
#14866=FACE_BOUND('',#14867,.T.);
#14867=EDGE_LOOP('',(#14868,#14869,#14870));
#14868=ORIENTED_EDGE('',*,*,#14871,.T.);
#14869=ORIENTED_EDGE('',*,*,#14872,.T.);
#14870=ORIENTED_EDGE('',*,*,#14873,.T.);
#14871=EDGE_CURVE('',#576,#292,#14874,.F.);
#14872=EDGE_CURVE('',#292,#578,#14875,.T.);
#14873=EDGE_CURVE('',#578,#576,#14876,.T.);
#14874=LINE('',#575,#14877);
#14875=LINE('',#291,#14878);
#14876=LINE('',#577,#14879);
#14877=VECTOR('',#14880,1.0);
#14878=VECTOR('',#14881,1.0);
#14879=VECTOR('',#14882,1.0);
#14880=DIRECTION('',(0,0,-1));
#14881=DIRECTION('',(0.01169900252707257,0.005799505526241042,0.9999147459036308));
#14882=DIRECTION('',(-0.8959534904282143,-0.44414788414389644,0));
#14883=STYLED_ITEM('',(#18),#14884);
#14884=FACE_SURFACE('',(#14889),#14885,.T.);
#14885=PLANE('',#14886);
#14886=AXIS2_PLACEMENT_3D('',#489,#14887,#14888);
#14887=DIRECTION('',(0.06854072423084488,0.9976483193600395,0));
#14888=DIRECTION('',(0,0,-1));
#14889=FACE_BOUND('',#14890,.T.);
#14890=EDGE_LOOP('',(#14891,#14892,#14893));
#14891=ORIENTED_EDGE('',*,*,#14894,.T.);
#14892=ORIENTED_EDGE('',*,*,#14895,.T.);
#14893=ORIENTED_EDGE('',*,*,#14896,.T.);
#14894=EDGE_CURVE('',#490,#354,#14897,.F.);
#14895=EDGE_CURVE('',#354,#494,#14898,.T.);
#14896=EDGE_CURVE('',#494,#490,#14899,.T.);
#14897=LINE('',#489,#14900);
#14898=LINE('',#353,#14901);
#14899=LINE('',#493,#14902);
#14900=VECTOR('',#14903,1.0);
#14901=VECTOR('',#14904,1.0);
#14902=VECTOR('',#14905,1.0);
#14903=DIRECTION('',(0,0,-1));
#14904=DIRECTION('',(-0.013098870795021067,0.0008999224210320142,0.9999138011466445));
#14905=DIRECTION('',(0.9976483193600396,-0.0685407242308449,0));
#14906=STYLED_ITEM('',(#18),#14907);
#14907=FACE_SURFACE('',(#14912),#14908,.T.);
#14908=PLANE('',#14909);
#14909=AXIS2_PLACEMENT_3D('',#683,#14910,#14911);
#14910=DIRECTION('',(0.06104800191458604,-0.9981348313039861,0));
#14911=DIRECTION('',(-0.9981348313039861,-0.06104800191458604,0));
#14912=FACE_BOUND('',#14913,.T.);
#14913=EDGE_LOOP('',(#14914,#14915,#14916));
#14914=ORIENTED_EDGE('',*,*,#14917,.T.);
#14915=ORIENTED_EDGE('',*,*,#14918,.T.);
#14916=ORIENTED_EDGE('',*,*,#14919,.T.);
#14917=EDGE_CURVE('',#684,#586,#14920,.F.);
#14918=EDGE_CURVE('',#586,#752,#14921,.T.);
#14919=EDGE_CURVE('',#752,#684,#14922,.T.);
#14920=LINE('',#683,#14923);
#14921=LINE('',#585,#14924);
#14922=LINE('',#751,#14925);
#14923=VECTOR('',#14926,1.0);
#14924=VECTOR('',#14927,1.0);
#14925=VECTOR('',#14928,1.0);
#14926=DIRECTION('',(-0.9981348313039861,-0.06104800191458604,0));
#14927=DIRECTION('',(0.0032699824518495966,0.00019999892671852872,-0.9999946335931978));
#14928=DIRECTION('',(0,0,1));
#14929=STYLED_ITEM('',(#18),#14930);
#14930=FACE_SURFACE('',(#14935),#14931,.T.);
#14931=PLANE('',#14932);
#14932=AXIS2_PLACEMENT_3D('',#483,#14933,#14934);
#14933=DIRECTION('',(0.9976483193600395,0.06854072423084488,0));
#14934=DIRECTION('',(0,0,-1));
#14935=FACE_BOUND('',#14936,.T.);
#14936=EDGE_LOOP('',(#14937,#14938,#14939));
#14937=ORIENTED_EDGE('',*,*,#14940,.T.);
#14938=ORIENTED_EDGE('',*,*,#14941,.T.);
#14939=ORIENTED_EDGE('',*,*,#14942,.T.);
#14940=EDGE_CURVE('',#484,#176,#14943,.F.);
#14941=EDGE_CURVE('',#176,#172,#14944,.T.);
#14942=EDGE_CURVE('',#172,#484,#14945,.T.);
#14943=LINE('',#483,#14946);
#14944=LINE('',#175,#14947);
#14945=LINE('',#171,#14948);
#14946=VECTOR('',#14949,1.0);
#14947=VECTOR('',#14950,1.0);
#14948=VECTOR('',#14951,1.0);
#14949=DIRECTION('',(0,0,-1));
#14950=DIRECTION('',(-0.0685407242308449,0.9976483193600396,0));
#14951=DIRECTION('',(0.0008999224210320142,-0.013098870795021067,0.9999138011466445));
#14952=STYLED_ITEM('',(#18),#14953);
#14953=FACE_SURFACE('',(#14958),#14954,.T.);
#14954=PLANE('',#14955);
#14955=AXIS2_PLACEMENT_3D('',#725,#14956,#14957);
#14956=DIRECTION('',(0.5564580441596162,0.8308757097725595,0));
#14957=DIRECTION('',(0,0,-1));
#14958=FACE_BOUND('',#14959,.T.);
#14959=EDGE_LOOP('',(#14960,#14961,#14962));
#14960=ORIENTED_EDGE('',*,*,#14963,.T.);
#14961=ORIENTED_EDGE('',*,*,#14964,.T.);
#14962=ORIENTED_EDGE('',*,*,#14965,.T.);
#14963=EDGE_CURVE('',#726,#262,#14966,.F.);
#14964=EDGE_CURVE('',#262,#714,#14967,.T.);
#14965=EDGE_CURVE('',#714,#726,#14968,.T.);
#14966=LINE('',#725,#14969);
#14967=LINE('',#261,#14970);
#14968=LINE('',#713,#14971);
#14969=VECTOR('',#14972,1.0);
#14970=VECTOR('',#14973,1.0);
#14971=VECTOR('',#14974,1.0);
#14972=DIRECTION('',(0,0,-1));
#14973=DIRECTION('',(-0.010899062176047712,0.007299371916068811,0.999913961105311));
#14974=DIRECTION('',(0.8308757097725595,-0.5564580441596162,0));
#14975=STYLED_ITEM('',(#18),#14976);
#14976=FACE_SURFACE('',(#14981),#14977,.T.);
#14977=PLANE('',#14978);
#14978=AXIS2_PLACEMENT_3D('',#351,#14979,#14980);
#14979=DIRECTION('',(0.19905992429010297,0.9799873195820538,-0));
#14980=DIRECTION('',(-0.9799873195820539,0.199059924290103,0));
#14981=FACE_BOUND('',#14982,.T.);
#14982=EDGE_LOOP('',(#14983,#14984,#14985));
#14983=ORIENTED_EDGE('',*,*,#14986,.T.);
#14984=ORIENTED_EDGE('',*,*,#14987,.T.);
#14985=ORIENTED_EDGE('',*,*,#14988,.T.);
#14986=EDGE_CURVE('',#352,#348,#14989,.F.);
#14987=EDGE_CURVE('',#348,#494,#14990,.T.);
#14988=EDGE_CURVE('',#494,#352,#14991,.T.);
#14989=LINE('',#351,#14992);
#14990=LINE('',#347,#14993);
#14991=LINE('',#493,#14994);
#14992=VECTOR('',#14995,1.0);
#14993=VECTOR('',#14996,1.0);
#14994=VECTOR('',#14997,1.0);
#14995=DIRECTION('',(-0.9799873195820539,0.199059924290103,0));
#14996=DIRECTION('',(0.01279890829968108,-0.0025997782483726975,0.9999147109125835));
#14997=DIRECTION('',(0,0,-1));
#14998=STYLED_ITEM('',(#18),#14999);
#14999=FACE_SURFACE('',(#15004),#15000,.T.);
#15000=PLANE('',#15001);
#15001=AXIS2_PLACEMENT_3D('',#611,#15002,#15003);
#15002=DIRECTION('',(-0.06104800191458604,-0.9981348313039861,0));
#15003=DIRECTION('',(-0.9981348313039861,0.06104800191458604,0));
#15004=FACE_BOUND('',#15005,.T.);
#15005=EDGE_LOOP('',(#15006,#15007,#15008));
#15006=ORIENTED_EDGE('',*,*,#15009,.T.);
#15007=ORIENTED_EDGE('',*,*,#15010,.T.);
#15008=ORIENTED_EDGE('',*,*,#15011,.T.);
#15009=EDGE_CURVE('',#612,#684,#15012,.F.);
#15010=EDGE_CURVE('',#684,#752,#15013,.T.);
#15011=EDGE_CURVE('',#752,#612,#15014,.T.);
#15012=LINE('',#611,#15015);
#15013=LINE('',#683,#15016);
#15014=LINE('',#751,#15017);
#15015=VECTOR('',#15018,1.0);
#15016=VECTOR('',#15019,1.0);
#15017=VECTOR('',#15020,1.0);
#15018=DIRECTION('',(-0.9981348313039861,0.06104800191458604,0));
#15019=DIRECTION('',(0,0,-1));
#15020=DIRECTION('',(0.0032699824518495966,-0.00019999892671852872,0.9999946335931978));
#15021=STYLED_ITEM('',(#18),#15022);
#15022=FACE_SURFACE('',(#15027),#15023,.T.);
#15023=PLANE('',#15024);
#15024=AXIS2_PLACEMENT_3D('',#479,#15025,#15026);
#15025=DIRECTION('',(0.9976483193600395,-0.06854072423084488,0));
#15026=DIRECTION('',(0,0,-1));
#15027=FACE_BOUND('',#15028,.T.);
#15028=EDGE_LOOP('',(#15029,#15030,#15031));
#15029=ORIENTED_EDGE('',*,*,#15032,.T.);
#15030=ORIENTED_EDGE('',*,*,#15033,.T.);
#15031=ORIENTED_EDGE('',*,*,#15034,.T.);
#15032=EDGE_CURVE('',#480,#172,#15035,.F.);
#15033=EDGE_CURVE('',#172,#170,#15036,.T.);
#15034=EDGE_CURVE('',#170,#480,#15037,.T.);
#15035=LINE('',#479,#15038);
#15036=LINE('',#171,#15039);
#15037=LINE('',#169,#15040);
#15038=VECTOR('',#15041,1.0);
#15039=VECTOR('',#15042,1.0);
#15040=VECTOR('',#15043,1.0);
#15041=DIRECTION('',(0,0,-1));
#15042=DIRECTION('',(0.0685407242308449,0.9976483193600396,0));
#15043=DIRECTION('',(-0.0008999224210320142,-0.013098870795021067,0.9999138011466445));
#15044=STYLED_ITEM('',(#18),#15045);
#15045=FACE_SURFACE('',(#15050),#15046,.T.);
#15046=PLANE('',#15047);
#15047=AXIS2_PLACEMENT_3D('',#255,#15048,#15049);
#15048=DIRECTION('',(0.06092425588012124,-0.9981423921693005,0));
#15049=DIRECTION('',(0,0,1));
#15050=FACE_BOUND('',#15051,.T.);
#15051=EDGE_LOOP('',(#15052,#15053,#15054));
#15052=ORIENTED_EDGE('',*,*,#15055,.T.);
#15053=ORIENTED_EDGE('',*,*,#15056,.T.);
#15054=ORIENTED_EDGE('',*,*,#15057,.T.);
#15055=EDGE_CURVE('',#256,#586,#15058,.F.);
#15056=EDGE_CURVE('',#586,#300,#15059,.T.);
#15057=EDGE_CURVE('',#300,#256,#15060,.T.);
#15058=LINE('',#255,#15061);
#15059=LINE('',#585,#15062);
#15060=LINE('',#299,#15063);
#15061=VECTOR('',#15064,1.0);
#15062=VECTOR('',#15065,1.0);
#15063=VECTOR('',#15066,1.0);
#15064=DIRECTION('',(0,0,1));
#15065=DIRECTION('',(-0.00982952333422987,-0.0005999709054463921,-0.9999515090772825));
#15066=DIRECTION('',(0.9981423921693005,0.06092425588012124,0));
#15067=STYLED_ITEM('',(#18),#15068);
#15068=FACE_SURFACE('',(#15073),#15069,.T.);
#15069=PLANE('',#15070);
#15070=AXIS2_PLACEMENT_3D('',#631,#15071,#15072);
#15071=DIRECTION('',(0,-1,0));
#15072=DIRECTION('',(0,0,-1));
#15073=FACE_BOUND('',#15074,.T.);
#15074=EDGE_LOOP('',(#15075,#15076,#15077));
#15075=ORIENTED_EDGE('',*,*,#15078,.T.);
#15076=ORIENTED_EDGE('',*,*,#15079,.T.);
#15077=ORIENTED_EDGE('',*,*,#15080,.T.);
#15078=EDGE_CURVE('',#632,#188,#15081,.F.);
#15079=EDGE_CURVE('',#188,#754,#15082,.T.);
#15080=EDGE_CURVE('',#754,#632,#15083,.T.);
#15081=LINE('',#631,#15084);
#15082=LINE('',#187,#15085);
#15083=LINE('',#753,#15086);
#15084=VECTOR('',#15087,1.0);
#15085=VECTOR('',#15088,1.0);
#15086=VECTOR('',#15089,1.0);
#15087=DIRECTION('',(0,0,-1));
#15088=DIRECTION('',(1,0,0));
#15089=DIRECTION('',(-0.7682212795973759,0,0.6401843996644799));
#15090=STYLED_ITEM('',(#18),#15091);
#15091=FACE_SURFACE('',(#15096),#15092,.T.);
#15092=PLANE('',#15093);
#15093=AXIS2_PLACEMENT_3D('',#631,#15094,#15095);
#15094=DIRECTION('',(0,-1,0));
#15095=DIRECTION('',(0.7682212795973759,0,-0.6401843996644799));
#15096=FACE_BOUND('',#15097,.T.);
#15097=EDGE_LOOP('',(#15098,#15099,#15100));
#15098=ORIENTED_EDGE('',*,*,#15101,.T.);
#15099=ORIENTED_EDGE('',*,*,#15102,.T.);
#15100=ORIENTED_EDGE('',*,*,#15103,.T.);
#15101=EDGE_CURVE('',#632,#754,#15104,.F.);
#15102=EDGE_CURVE('',#754,#636,#15105,.T.);
#15103=EDGE_CURVE('',#636,#632,#15106,.T.);
#15104=LINE('',#631,#15107);
#15105=LINE('',#753,#15108);
#15106=LINE('',#635,#15109);
#15107=VECTOR('',#15110,1.0);
#15108=VECTOR('',#15111,1.0);
#15109=VECTOR('',#15112,1.0);
#15110=DIRECTION('',(0.7682212795973759,0,-0.6401843996644799));
#15111=DIRECTION('',(0,0,1));
#15112=DIRECTION('',(-1,0,0));
#15113=STYLED_ITEM('',(#18),#15114);
#15114=FACE_SURFACE('',(#15119),#15115,.T.);
#15115=PLANE('',#15116);
#15116=AXIS2_PLACEMENT_3D('',#193,#15117,#15118);
#15117=DIRECTION('',(1,0,-0));
#15118=DIRECTION('',(0,0,1));
#15119=FACE_BOUND('',#15120,.T.);
#15120=EDGE_LOOP('',(#15121,#15122,#15123));
#15121=ORIENTED_EDGE('',*,*,#15124,.T.);
#15122=ORIENTED_EDGE('',*,*,#15125,.T.);
#15123=ORIENTED_EDGE('',*,*,#15126,.T.);
#15124=EDGE_CURVE('',#194,#410,#15127,.F.);
#15125=EDGE_CURVE('',#410,#636,#15128,.T.);
#15126=EDGE_CURVE('',#636,#194,#15129,.T.);
#15127=LINE('',#193,#15130);
#15128=LINE('',#409,#15131);
#15129=LINE('',#635,#15132);
#15130=VECTOR('',#15133,1.0);
#15131=VECTOR('',#15134,1.0);
#15132=VECTOR('',#15135,1.0);
#15133=DIRECTION('',(0,0,1));
#15134=DIRECTION('',(0,-1,0));
#15135=DIRECTION('',(0,0.8320502943378437,-0.5547001962252291));
#15136=STYLED_ITEM('',(#18),#15137);
#15137=FACE_SURFACE('',(#15142),#15138,.T.);
#15138=PLANE('',#15139);
#15139=AXIS2_PLACEMENT_3D('',#193,#15140,#15141);
#15140=DIRECTION('',(1,0,0));
#15141=DIRECTION('',(0,-0.8320502943378437,0.5547001962252291));
#15142=FACE_BOUND('',#15143,.T.);
#15143=EDGE_LOOP('',(#15144,#15145,#15146));
#15144=ORIENTED_EDGE('',*,*,#15147,.T.);
#15145=ORIENTED_EDGE('',*,*,#15148,.T.);
#15146=ORIENTED_EDGE('',*,*,#15149,.T.);
#15147=EDGE_CURVE('',#194,#636,#15150,.F.);
#15148=EDGE_CURVE('',#636,#754,#15151,.T.);
#15149=EDGE_CURVE('',#754,#194,#15152,.T.);
#15150=LINE('',#193,#15153);
#15151=LINE('',#635,#15154);
#15152=LINE('',#753,#15155);
#15153=VECTOR('',#15156,1.0);
#15154=VECTOR('',#15157,1.0);
#15155=VECTOR('',#15158,1.0);
#15156=DIRECTION('',(0,-0.8320502943378437,0.5547001962252291));
#15157=DIRECTION('',(0,0,-1));
#15158=DIRECTION('',(0,1,0));
#15159=STYLED_ITEM('',(#18),#15160);
#15160=FACE_SURFACE('',(#15165),#15161,.T.);
#15161=PLANE('',#15162);
#15162=AXIS2_PLACEMENT_3D('',#737,#15163,#15164);
#15163=DIRECTION('',(-0.4441478841438964,0.8959534904282141,0));
#15164=DIRECTION('',(0,0,-1));
#15165=FACE_BOUND('',#15166,.T.);
#15166=EDGE_LOOP('',(#15167,#15168,#15169));
#15167=ORIENTED_EDGE('',*,*,#15170,.T.);
#15168=ORIENTED_EDGE('',*,*,#15171,.T.);
#15169=ORIENTED_EDGE('',*,*,#15172,.T.);
#15170=EDGE_CURVE('',#738,#334,#15173,.F.);
#15171=EDGE_CURVE('',#334,#740,#15174,.T.);
#15172=EDGE_CURVE('',#740,#738,#15175,.T.);
#15173=LINE('',#737,#15176);
#15174=LINE('',#333,#15177);
#15175=LINE('',#739,#15178);
#15176=VECTOR('',#15179,1.0);
#15177=VECTOR('',#15180,1.0);
#15178=VECTOR('',#15181,1.0);
#15179=DIRECTION('',(0,0,-1));
#15180=DIRECTION('',(-0.01169900252707257,-0.005799505526241042,0.9999147459036308));
#15181=DIRECTION('',(0.8959534904282143,0.44414788414389644,0));
#15182=STYLED_ITEM('',(#18),#15183);
#15183=FACE_SURFACE('',(#15188),#15184,.T.);
#15184=PLANE('',#15185);
#15185=AXIS2_PLACEMENT_3D('',#195,#15186,#15187);
#15186=DIRECTION('',(0,0,-1));
#15187=DIRECTION('',(0.443387208340821,0.8963301754820785,0));
#15188=FACE_BOUND('',#15189,.T.);
#15189=EDGE_LOOP('',(#15190,#15191,#15192));
#15190=ORIENTED_EDGE('',*,*,#15193,.T.);
#15191=ORIENTED_EDGE('',*,*,#15194,.T.);
#15192=ORIENTED_EDGE('',*,*,#15195,.T.);
#15193=EDGE_CURVE('',#196,#198,#15196,.F.);
#15194=EDGE_CURVE('',#198,#194,#15197,.T.);
#15195=EDGE_CURVE('',#194,#196,#15198,.T.);
#15196=LINE('',#195,#15199);
#15197=LINE('',#197,#15200);
#15198=LINE('',#193,#15201);
#15199=VECTOR('',#15202,1.0);
#15200=VECTOR('',#15203,1.0);
#15201=VECTOR('',#15204,1.0);
#15202=DIRECTION('',(0.443387208340821,0.8963301754820785,0));
#15203=DIRECTION('',(0.9990700485764413,0.043116563377283076,0));
#15204=DIRECTION('',(-0.9968334569251289,-0.07951766567686094,0));
#15205=STYLED_ITEM('',(#18),#15206);
#15206=FACE_SURFACE('',(#15211),#15207,.T.);
#15207=PLANE('',#15208);
#15208=AXIS2_PLACEMENT_3D('',#201,#15209,#15210);
#15209=DIRECTION('',(0,-0,-1));
#15210=DIRECTION('',(0.9684438416701503,0.2492318710180558,0));
#15211=FACE_BOUND('',#15212,.T.);
#15212=EDGE_LOOP('',(#15213,#15214,#15215));
#15213=ORIENTED_EDGE('',*,*,#15216,.T.);
#15214=ORIENTED_EDGE('',*,*,#15217,.T.);
#15215=ORIENTED_EDGE('',*,*,#15218,.T.);
#15216=EDGE_CURVE('',#202,#200,#15219,.F.);
#15217=EDGE_CURVE('',#200,#198,#15220,.T.);
#15218=EDGE_CURVE('',#198,#202,#15221,.T.);
#15219=LINE('',#201,#15222);
#15220=LINE('',#199,#15223);
#15221=LINE('',#197,#15224);
#15222=VECTOR('',#15225,1.0);
#15223=VECTOR('',#15226,1.0);
#15224=VECTOR('',#15227,1.0);
#15225=DIRECTION('',(0.9684438416701503,0.2492318710180558,0));
#15226=DIRECTION('',(-0.49684280351457644,-0.8678405548231634,0));
#15227=DIRECTION('',(0.3208070336803868,0.9471445756278137,0));
#15228=STYLED_ITEM('',(#18),#15229);
#15229=FACE_SURFACE('',(#15234),#15230,.T.);
#15230=PLANE('',#15231);
#15231=AXIS2_PLACEMENT_3D('',#587,#15232,#15233);
#15232=DIRECTION('',(-0.19905992429010297,-0.9799873195820538,-0));
#15233=DIRECTION('',(-0.01279890829968108,0.0025997782483726975,-0.9999147109125835));
#15234=FACE_BOUND('',#15235,.T.);
#15235=EDGE_LOOP('',(#15236,#15237,#15238));
#15236=ORIENTED_EDGE('',*,*,#15239,.T.);
#15237=ORIENTED_EDGE('',*,*,#15240,.T.);
#15238=ORIENTED_EDGE('',*,*,#15241,.T.);
#15239=EDGE_CURVE('',#588,#304,#15242,.F.);
#15240=EDGE_CURVE('',#304,#302,#15243,.T.);
#15241=EDGE_CURVE('',#302,#588,#15244,.T.);
#15242=LINE('',#587,#15245);
#15243=LINE('',#303,#15246);
#15244=LINE('',#301,#15247);
#15245=VECTOR('',#15248,1.0);
#15246=VECTOR('',#15249,1.0);
#15247=VECTOR('',#15250,1.0);
#15248=DIRECTION('',(-0.01279890829968108,0.0025997782483726975,-0.9999147109125835));
#15249=DIRECTION('',(0.9799873195820539,-0.199059924290103,0));
#15250=DIRECTION('',(0,0,1));
#15251=STYLED_ITEM('',(#18),#15252);
#15252=FACE_SURFACE('',(#15257),#15253,.T.);
#15253=PLANE('',#15254);
#15254=AXIS2_PLACEMENT_3D('',#475,#15255,#15256);
#15255=DIRECTION('',(0.9479222324347218,-0.3185018700980786,0));
#15256=DIRECTION('',(-0.004199634878617687,-0.012498913329218835,-0.9999130663375068));
#15257=FACE_BOUND('',#15258,.T.);
#15258=EDGE_LOOP('',(#15259,#15260,#15261));
#15259=ORIENTED_EDGE('',*,*,#15262,.T.);
#15260=ORIENTED_EDGE('',*,*,#15263,.T.);
#15261=ORIENTED_EDGE('',*,*,#15264,.T.);
#15262=EDGE_CURVE('',#476,#166,#15265,.F.);
#15263=EDGE_CURVE('',#166,#152,#15266,.T.);
#15264=EDGE_CURVE('',#152,#476,#15267,.T.);
#15265=LINE('',#475,#15268);
#15266=LINE('',#165,#15269);
#15267=LINE('',#151,#15270);
#15268=VECTOR('',#15271,1.0);
#15269=VECTOR('',#15272,1.0);
#15270=VECTOR('',#15273,1.0);
#15271=DIRECTION('',(-0.004199634878617687,-0.012498913329218835,-0.9999130663375068));
#15272=DIRECTION('',(0.3185018700980786,0.9479222324347218,0));
#15273=DIRECTION('',(0,0,1));
#15274=STYLED_ITEM('',(#18),#15275);
#15275=FACE_SURFACE('',(#15280),#15276,.T.);
#15276=PLANE('',#15277);
#15277=AXIS2_PLACEMENT_3D('',#219,#15278,#15279);
#15278=DIRECTION('',(-0.31850187009806646,0.9479222324347258,0));
#15279=DIRECTION('',(-0.9479222324347258,-0.31850187009806646,0));
#15280=FACE_BOUND('',#15281,.T.);
#15281=EDGE_LOOP('',(#15282,#15283,#15284));
#15282=ORIENTED_EDGE('',*,*,#15285,.T.);
#15283=ORIENTED_EDGE('',*,*,#15286,.T.);
#15284=ORIENTED_EDGE('',*,*,#15287,.T.);
#15285=EDGE_CURVE('',#220,#224,#15288,.F.);
#15286=EDGE_CURVE('',#224,#740,#15289,.T.);
#15287=EDGE_CURVE('',#740,#220,#15290,.T.);
#15288=LINE('',#219,#15291);
#15289=LINE('',#223,#15292);
#15290=LINE('',#739,#15293);
#15291=VECTOR('',#15294,1.0);
#15292=VECTOR('',#15295,1.0);
#15293=VECTOR('',#15296,1.0);
#15294=DIRECTION('',(-0.9479222324347258,-0.31850187009806646,0));
#15295=DIRECTION('',(0.012498913329218835,0.00419963487861751,0.9999130663375068));
#15296=DIRECTION('',(0,0,-1));
#15297=STYLED_ITEM('',(#18),#15298);
#15298=FACE_SURFACE('',(#15303),#15299,.T.);
#15299=PLANE('',#15300);
#15300=AXIS2_PLACEMENT_3D('',#309,#15301,#15302);
#15301=DIRECTION('',(-0.3185018700980786,-0.9479222324347218,0));
#15302=DIRECTION('',(0,0,1));
#15303=FACE_BOUND('',#15304,.T.);
#15304=EDGE_LOOP('',(#15305,#15306,#15307));
#15305=ORIENTED_EDGE('',*,*,#15308,.T.);
#15306=ORIENTED_EDGE('',*,*,#15309,.T.);
#15307=ORIENTED_EDGE('',*,*,#15310,.T.);
#15308=EDGE_CURVE('',#310,#592,#15311,.F.);
#15309=EDGE_CURVE('',#592,#302,#15312,.T.);
#15310=EDGE_CURVE('',#302,#310,#15313,.T.);
#15311=LINE('',#309,#15314);
#15312=LINE('',#591,#15315);
#15313=LINE('',#301,#15316);
#15314=VECTOR('',#15317,1.0);
#15315=VECTOR('',#15318,1.0);
#15316=VECTOR('',#15319,1.0);
#15317=DIRECTION('',(0,0,1));
#15318=DIRECTION('',(-0.012498913329218835,0.004199634878617687,-0.9999130663375068));
#15319=DIRECTION('',(0.9479222324347218,-0.3185018700980786,0));
#15320=STYLED_ITEM('',(#18),#15321);
#15321=FACE_SURFACE('',(#15326),#15322,.T.);
#15322=PLANE('',#15323);
#15323=AXIS2_PLACEMENT_3D('',#131,#15324,#15325);
#15324=DIRECTION('',(0,-0,-1));
#15325=DIRECTION('',(0.5560223079986816,-0.8311673676268934,0));
#15326=FACE_BOUND('',#15327,.T.);
#15327=EDGE_LOOP('',(#15328,#15329,#15330));
#15328=ORIENTED_EDGE('',*,*,#15331,.T.);
#15329=ORIENTED_EDGE('',*,*,#15332,.T.);
#15330=ORIENTED_EDGE('',*,*,#15333,.T.);
#15331=EDGE_CURVE('',#132,#742,#15334,.F.);
#15332=EDGE_CURVE('',#742,#148,#15335,.T.);
#15333=EDGE_CURVE('',#148,#132,#15336,.T.);
#15334=LINE('',#131,#15337);
#15335=LINE('',#741,#15338);
#15336=LINE('',#147,#15339);
#15337=VECTOR('',#15340,1.0);
#15338=VECTOR('',#15341,1.0);
#15339=VECTOR('',#15342,1.0);
#15340=DIRECTION('',(0.5560223079986816,-0.8311673676268934,0));
#15341=DIRECTION('',(-0.9586468662780967,-0.28459828842630996,0));
#15342=DIRECTION('',(0.8823529411764707,0.47058823529411775,0));
#15343=STYLED_ITEM('',(#18),#15344);
#15344=FACE_SURFACE('',(#15349),#15345,.T.);
#15345=PLANE('',#15346);
#15346=AXIS2_PLACEMENT_3D('',#325,#15347,#15348);
#15347=DIRECTION('',(0,0,-1));
#15348=DIRECTION('',(-0.199059924290103,0.9799873195820539,0));
#15349=FACE_BOUND('',#15350,.T.);
#15350=EDGE_LOOP('',(#15351,#15352,#15353));
#15351=ORIENTED_EDGE('',*,*,#15354,.T.);
#15352=ORIENTED_EDGE('',*,*,#15355,.T.);
#15353=ORIENTED_EDGE('',*,*,#15356,.T.);
#15354=EDGE_CURVE('',#326,#148,#15357,.F.);
#15355=EDGE_CURVE('',#148,#742,#15358,.T.);
#15356=EDGE_CURVE('',#742,#326,#15359,.T.);
#15357=LINE('',#325,#15360);
#15358=LINE('',#147,#15361);
#15359=LINE('',#741,#15362);
#15360=VECTOR('',#15363,1.0);
#15361=VECTOR('',#15364,1.0);
#15362=VECTOR('',#15365,1.0);
#15363=DIRECTION('',(-0.199059924290103,0.9799873195820539,0));
#15364=DIRECTION('',(0.9586468662780967,0.28459828842630996,0));
#15365=DIRECTION('',(-0.9433212477700906,-0.3318810381830805,0));
#15366=STYLED_ITEM('',(#18),#15367);
#15367=FACE_SURFACE('',(#15372),#15368,.T.);
#15368=PLANE('',#15369);
#15369=AXIS2_PLACEMENT_3D('',#741,#15370,#15371);
#15370=DIRECTION('',(0,-0,-1));
#15371=DIRECTION('',(0.44338720834082024,-0.8963301754820787,0));
#15372=FACE_BOUND('',#15373,.T.);
#15373=EDGE_LOOP('',(#15374,#15375,#15376));
#15374=ORIENTED_EDGE('',*,*,#15377,.T.);
#15375=ORIENTED_EDGE('',*,*,#15378,.T.);
#15376=ORIENTED_EDGE('',*,*,#15379,.T.);
#15377=EDGE_CURVE('',#742,#328,#15380,.F.);
#15378=EDGE_CURVE('',#328,#326,#15381,.T.);
#15379=EDGE_CURVE('',#326,#742,#15382,.T.);
#15380=LINE('',#741,#15383);
#15381=LINE('',#327,#15384);
#15382=LINE('',#325,#15385);
#15383=VECTOR('',#15386,1.0);
#15384=VECTOR('',#15387,1.0);
#15385=VECTOR('',#15388,1.0);
#15386=DIRECTION('',(0.44338720834082024,-0.8963301754820787,0));
#15387=DIRECTION('',(-0.9892191820295014,-0.14644251399400438,0));
#15388=DIRECTION('',(0.9433212477700906,0.3318810381830805,0));
#15389=STYLED_ITEM('',(#18),#15390);
#15390=FACE_SURFACE('',(#15395),#15391,.T.);
#15391=PLANE('',#15392);
#15392=AXIS2_PLACEMENT_3D('',#327,#15393,#15394);
#15393=DIRECTION('',(0,-0,-1));
#15394=DIRECTION('',(0.32080703368038727,-0.9471445756278134,0));
#15395=FACE_BOUND('',#15396,.T.);
#15396=EDGE_LOOP('',(#15397,#15398,#15399));
#15397=ORIENTED_EDGE('',*,*,#15400,.T.);
#15398=ORIENTED_EDGE('',*,*,#15401,.T.);
#15399=ORIENTED_EDGE('',*,*,#15402,.T.);
#15400=EDGE_CURVE('',#328,#332,#15403,.F.);
#15401=EDGE_CURVE('',#332,#324,#15404,.T.);
#15402=EDGE_CURVE('',#324,#328,#15405,.T.);
#15403=LINE('',#327,#15406);
#15404=LINE('',#331,#15407);
#15405=LINE('',#323,#15408);
#15406=VECTOR('',#15409,1.0);
#15407=VECTOR('',#15410,1.0);
#15408=VECTOR('',#15411,1.0);
#15409=DIRECTION('',(0.32080703368038727,-0.9471445756278134,0));
#15410=DIRECTION('',(-0.9999252315935084,-0.012228295983847979,0));
#15411=DIRECTION('',(0.9811231538831227,0.1933839624023524,0));
#15412=STYLED_ITEM('',(#18),#15413);
#15413=FACE_SURFACE('',(#15418),#15414,.T.);
#15414=PLANE('',#15415);
#15415=AXIS2_PLACEMENT_3D('',#227,#15416,#15417);
#15416=DIRECTION('',(0,0,-1));
#15417=DIRECTION('',(0.06095514542074996,0.9981405062648923,0));
#15418=FACE_BOUND('',#15419,.T.);
#15419=EDGE_LOOP('',(#15420,#15421,#15422));
#15420=ORIENTED_EDGE('',*,*,#15423,.T.);
#15421=ORIENTED_EDGE('',*,*,#15424,.T.);
#15422=ORIENTED_EDGE('',*,*,#15425,.T.);
#15423=EDGE_CURVE('',#228,#324,#15426,.F.);
#15424=EDGE_CURVE('',#324,#332,#15427,.T.);
#15425=EDGE_CURVE('',#332,#228,#15428,.T.);
#15426=LINE('',#227,#15429);
#15427=LINE('',#323,#15430);
#15428=LINE('',#331,#15431);
#15429=VECTOR('',#15432,1.0);
#15430=VECTOR('',#15433,1.0);
#15431=VECTOR('',#15434,1.0);
#15432=DIRECTION('',(0.06095514542074996,0.9981405062648923,0));
#15433=DIRECTION('',(0.9999252315935084,0.012228295983847979,0));
#15434=DIRECTION('',(-0.9983314686278072,-0.05774321386488373,0));
#15435=STYLED_ITEM('',(#18),#15436);
#15436=FACE_SURFACE('',(#15441),#15437,.T.);
#15437=PLANE('',#15438);
#15438=AXIS2_PLACEMENT_3D('',#229,#15439,#15440);
#15439=DIRECTION('',(-0,-0,-1));
#15440=DIRECTION('',(0.06499637357340061,-0.9978855001563592,0));
#15441=FACE_BOUND('',#15442,.T.);
#15442=EDGE_LOOP('',(#15443,#15444,#15445));
#15443=ORIENTED_EDGE('',*,*,#15446,.T.);
#15444=ORIENTED_EDGE('',*,*,#15447,.T.);
#15445=ORIENTED_EDGE('',*,*,#15448,.T.);
#15446=EDGE_CURVE('',#230,#206,#15449,.F.);
#15447=EDGE_CURVE('',#206,#226,#15450,.T.);
#15448=EDGE_CURVE('',#226,#230,#15451,.T.);
#15449=LINE('',#229,#15452);
#15450=LINE('',#205,#15453);
#15451=LINE('',#225,#15454);
#15452=VECTOR('',#15455,1.0);
#15453=VECTOR('',#15456,1.0);
#15454=VECTOR('',#15457,1.0);
#15455=DIRECTION('',(0.06499637357340061,-0.9978855001563592,0));
#15456=DIRECTION('',(-0.9714105010367848,0.23740606242356768,0));
#15457=DIRECTION('',(0.9973425743025967,-0.07285457764251768,0));
#15458=STYLED_ITEM('',(#18),#15459);
#15459=FACE_SURFACE('',(#15464),#15460,.T.);
#15460=PLANE('',#15461);
#15461=AXIS2_PLACEMENT_3D('',#215,#15462,#15463);
#15462=DIRECTION('',(0,0,-1));
#15463=DIRECTION('',(0.3185018700980786,0.9479222324347218,0));
#15464=FACE_BOUND('',#15465,.T.);
#15465=EDGE_LOOP('',(#15466,#15467,#15468));
#15466=ORIENTED_EDGE('',*,*,#15469,.T.);
#15467=ORIENTED_EDGE('',*,*,#15470,.T.);
#15468=ORIENTED_EDGE('',*,*,#15471,.T.);
#15469=EDGE_CURVE('',#216,#226,#15472,.F.);
#15470=EDGE_CURVE('',#226,#206,#15473,.T.);
#15471=EDGE_CURVE('',#206,#216,#15474,.T.);
#15472=LINE('',#215,#15475);
#15473=LINE('',#225,#15476);
#15474=LINE('',#205,#15477);
#15475=VECTOR('',#15478,1.0);
#15476=VECTOR('',#15479,1.0);
#15477=VECTOR('',#15480,1.0);
#15478=DIRECTION('',(0.3185018700980786,0.9479222324347218,0));
#15479=DIRECTION('',(0.9714105010367848,-0.23740606242356768,0));
#15480=DIRECTION('',(-0.9805069986705778,0.196484161086882,0));
#15481=STYLED_ITEM('',(#18),#15482);
#15482=FACE_SURFACE('',(#15487),#15483,.T.);
#15483=PLANE('',#15484);
#15484=AXIS2_PLACEMENT_3D('',#149,#15485,#15486);
#15485=DIRECTION('',(0.8959534904282128,-0.4441478841438991,0));
#15486=DIRECTION('',(0,0,1));
#15487=FACE_BOUND('',#15488,.T.);
#15488=EDGE_LOOP('',(#15489,#15490,#15491));
#15489=ORIENTED_EDGE('',*,*,#15492,.T.);
#15490=ORIENTED_EDGE('',*,*,#15493,.T.);
#15491=ORIENTED_EDGE('',*,*,#15494,.T.);
#15492=EDGE_CURVE('',#150,#498,#15495,.F.);
#15493=EDGE_CURVE('',#498,#152,#15496,.T.);
#15494=EDGE_CURVE('',#152,#150,#15497,.T.);
#15495=LINE('',#149,#15498);
#15496=LINE('',#497,#15499);
#15497=LINE('',#151,#15500);
#15498=VECTOR('',#15501,1.0);
#15499=VECTOR('',#15502,1.0);
#15500=VECTOR('',#15503,1.0);
#15501=DIRECTION('',(0,0,1));
#15502=DIRECTION('',(-0.005799505526241042,-0.011699002527072481,-0.9999147459036308));
#15503=DIRECTION('',(0.44414788414389905,0.8959534904282127,0));
#15504=STYLED_ITEM('',(#18),#15505);
#15505=FACE_SURFACE('',(#15510),#15506,.T.);
#15506=PLANE('',#15507);
#15507=AXIS2_PLACEMENT_3D('',#319,#15508,#15509);
#15508=DIRECTION('',(-0.19905992429010297,0.9799873195820538,0));
#15509=DIRECTION('',(0,0,1));
#15510=FACE_BOUND('',#15511,.T.);
#15511=EDGE_LOOP('',(#15512,#15513,#15514));
#15512=ORIENTED_EDGE('',*,*,#15515,.T.);
#15513=ORIENTED_EDGE('',*,*,#15516,.T.);
#15514=ORIENTED_EDGE('',*,*,#15517,.T.);
#15515=EDGE_CURVE('',#320,#736,#15518,.F.);
#15516=EDGE_CURVE('',#736,#734,#15519,.T.);
#15517=EDGE_CURVE('',#734,#320,#15520,.T.);
#15518=LINE('',#319,#15521);
#15519=LINE('',#735,#15522);
#15520=LINE('',#733,#15523);
#15521=VECTOR('',#15524,1.0);
#15522=VECTOR('',#15525,1.0);
#15523=VECTOR('',#15526,1.0);
#15524=DIRECTION('',(0,0,1));
#15525=DIRECTION('',(0.9799873195820539,0.199059924290103,0));
#15526=DIRECTION('',(-0.01279890829968108,-0.0025997782483726975,-0.9999147109125835));
#15527=STYLED_ITEM('',(#18),#15528);
#15528=FACE_SURFACE('',(#15533),#15529,.T.);
#15529=PLANE('',#15530);
#15530=AXIS2_PLACEMENT_3D('',#591,#15531,#15532);
#15531=DIRECTION('',(-0.4441478841438964,-0.8959534904282141,-0));
#15532=DIRECTION('',(0,0,-1));
#15533=FACE_BOUND('',#15534,.T.);
#15534=EDGE_LOOP('',(#15535,#15536,#15537));
#15535=ORIENTED_EDGE('',*,*,#15538,.T.);
#15536=ORIENTED_EDGE('',*,*,#15539,.T.);
#15537=ORIENTED_EDGE('',*,*,#15540,.T.);
#15538=EDGE_CURVE('',#592,#310,#15541,.F.);
#15539=EDGE_CURVE('',#310,#312,#15542,.T.);
#15540=EDGE_CURVE('',#312,#592,#15543,.T.);
#15541=LINE('',#591,#15544);
#15542=LINE('',#309,#15545);
#15543=LINE('',#311,#15546);
#15544=VECTOR('',#15547,1.0);
#15545=VECTOR('',#15548,1.0);
#15546=VECTOR('',#15549,1.0);
#15547=DIRECTION('',(0,0,-1));
#15548=DIRECTION('',(0.8959534904282143,-0.44414788414389644,0));
#15549=DIRECTION('',(-0.01169900252707257,0.005799505526241042,0.9999147459036308));
#15550=STYLED_ITEM('',(#18),#15551);
#15551=FACE_SURFACE('',(#15556),#15552,.T.);
#15552=PLANE('',#15553);
#15553=AXIS2_PLACEMENT_3D('',#235,#15554,#15555);
#15554=DIRECTION('',(-0.4441478841438964,0.8959534904282141,0));
#15555=DIRECTION('',(0,0,1));
#15556=FACE_BOUND('',#15557,.T.);
#15557=EDGE_LOOP('',(#15558,#15559,#15560));
#15558=ORIENTED_EDGE('',*,*,#15561,.T.);
#15559=ORIENTED_EDGE('',*,*,#15562,.T.);
#15560=ORIENTED_EDGE('',*,*,#15563,.T.);
#15561=EDGE_CURVE('',#236,#644,#15564,.F.);
#15562=EDGE_CURVE('',#644,#550,#15565,.T.);
#15563=EDGE_CURVE('',#550,#236,#15566,.T.);
#15564=LINE('',#235,#15567);
#15565=LINE('',#643,#15568);
#15566=LINE('',#549,#15569);
#15567=VECTOR('',#15570,1.0);
#15568=VECTOR('',#15571,1.0);
#15569=VECTOR('',#15572,1.0);
#15570=DIRECTION('',(0,0,1));
#15571=DIRECTION('',(0.8959534904282143,0.44414788414389644,0));
#15572=DIRECTION('',(-0.01169900252707257,-0.005799505526241042,-0.9999147459036308));
#15573=STYLED_ITEM('',(#18),#15574);
#15574=FACE_SURFACE('',(#15579),#15575,.T.);
#15575=PLANE('',#15576);
#15576=AXIS2_PLACEMENT_3D('',#55,#15577,#15578);
#15577=DIRECTION('',(0,0,-1));
#15578=DIRECTION('',(0.06499637357340061,0.9978855001563592,0));
#15579=FACE_BOUND('',#15580,.T.);
#15580=EDGE_LOOP('',(#15581,#15582,#15583));
#15581=ORIENTED_EDGE('',*,*,#15584,.T.);
#15582=ORIENTED_EDGE('',*,*,#15585,.T.);
#15583=ORIENTED_EDGE('',*,*,#15586,.T.);
#15584=EDGE_CURVE('',#56,#180,#15587,.F.);
#15585=EDGE_CURVE('',#180,#178,#15588,.T.);
#15586=EDGE_CURVE('',#178,#56,#15589,.T.);
#15587=LINE('',#55,#15590);
#15588=LINE('',#179,#15591);
#15589=LINE('',#177,#15592);
#15590=VECTOR('',#15593,1.0);
#15591=VECTOR('',#15594,1.0);
#15592=VECTOR('',#15595,1.0);
#15593=DIRECTION('',(0.06499637357340061,0.9978855001563592,0));
#15594=DIRECTION('',(0.9973425743025967,0.07285457764251768,0));
#15595=DIRECTION('',(-0.9714105010367848,-0.23740606242356768,0));
#15596=STYLED_ITEM('',(#18),#15597);
#15597=FACE_SURFACE('',(#15602),#15598,.T.);
#15598=PLANE('',#15599);
#15599=AXIS2_PLACEMENT_3D('',#157,#15600,#15601);
#15600=DIRECTION('',(0.8308757097725763,-0.5564580441595913,0));
#15601=DIRECTION('',(-0.007299371916068455,-0.010899062176047889,0.999913961105311));
#15602=FACE_BOUND('',#15603,.T.);
#15603=EDGE_LOOP('',(#15604,#15605,#15606));
#15604=ORIENTED_EDGE('',*,*,#15607,.T.);
#15605=ORIENTED_EDGE('',*,*,#15608,.T.);
#15606=ORIENTED_EDGE('',*,*,#15609,.T.);
#15607=EDGE_CURVE('',#158,#498,#15610,.F.);
#15608=EDGE_CURVE('',#498,#150,#15611,.T.);
#15609=EDGE_CURVE('',#150,#158,#15612,.T.);
#15610=LINE('',#157,#15613);
#15611=LINE('',#497,#15614);
#15612=LINE('',#149,#15615);
#15613=VECTOR('',#15616,1.0);
#15614=VECTOR('',#15617,1.0);
#15615=VECTOR('',#15618,1.0);
#15616=DIRECTION('',(-0.007299371916068455,-0.010899062176047889,0.999913961105311));
#15617=DIRECTION('',(0,0,-1));
#15618=DIRECTION('',(0.5564580441595913,0.8308757097725762,0));
#15619=STYLED_ITEM('',(#18),#15620);
#15620=FACE_SURFACE('',(#15625),#15621,.T.);
#15621=PLANE('',#15622);
#15622=AXIS2_PLACEMENT_3D('',#731,#15623,#15624);
#15623=DIRECTION('',(-0.06854072423084488,0.9976483193600395,0));
#15624=DIRECTION('',(0.9976483193600396,0.0685407242308449,0));
#15625=FACE_BOUND('',#15626,.T.);
#15626=EDGE_LOOP('',(#15627,#15628,#15629));
#15627=ORIENTED_EDGE('',*,*,#15630,.T.);
#15628=ORIENTED_EDGE('',*,*,#15631,.T.);
#15629=ORIENTED_EDGE('',*,*,#15632,.T.);
#15630=EDGE_CURVE('',#732,#736,#15633,.F.);
#15631=EDGE_CURVE('',#736,#342,#15634,.T.);
#15632=EDGE_CURVE('',#342,#732,#15635,.T.);
#15633=LINE('',#731,#15636);
#15634=LINE('',#735,#15637);
#15635=LINE('',#341,#15638);
#15636=VECTOR('',#15639,1.0);
#15637=VECTOR('',#15640,1.0);
#15638=VECTOR('',#15641,1.0);
#15639=DIRECTION('',(0.9976483193600396,0.0685407242308449,0));
#15640=DIRECTION('',(-0.013098870795021067,-0.0008999224210320142,-0.9999138011466445));
#15641=DIRECTION('',(0,0,1));
#15642=STYLED_ITEM('',(#18),#15643);
#15643=FACE_SURFACE('',(#15648),#15644,.T.);
#15644=PLANE('',#15645);
#15645=AXIS2_PLACEMENT_3D('',#181,#15646,#15647);
#15646=DIRECTION('',(0,0,-1));
#15647=DIRECTION('',(0.32080703368038727,0.9471445756278134,0));
#15648=FACE_BOUND('',#15649,.T.);
#15649=EDGE_LOOP('',(#15650,#15651,#15652));
#15650=ORIENTED_EDGE('',*,*,#15653,.T.);
#15651=ORIENTED_EDGE('',*,*,#15654,.T.);
#15652=ORIENTED_EDGE('',*,*,#15655,.T.);
#15653=EDGE_CURVE('',#182,#174,#15656,.F.);
#15654=EDGE_CURVE('',#174,#172,#15657,.T.);
#15655=EDGE_CURVE('',#172,#182,#15658,.T.);
#15656=LINE('',#181,#15659);
#15657=LINE('',#173,#15660);
#15658=LINE('',#171,#15661);
#15659=VECTOR('',#15662,1.0);
#15660=VECTOR('',#15663,1.0);
#15661=VECTOR('',#15664,1.0);
#15662=DIRECTION('',(0.32080703368038727,0.9471445756278134,0));
#15663=DIRECTION('',(0.9811095269018486,-0.19345308532672895,0));
#15664=DIRECTION('',(-0.9999251793229172,0.012232569477910604,0));
#15665=STYLED_ITEM('',(#18),#15666);
#15666=FACE_SURFACE('',(#15671),#15667,.T.);
#15667=PLANE('',#15668);
#15668=AXIS2_PLACEMENT_3D('',#163,#15669,#15670);
#15669=DIRECTION('',(0.7549337632642399,-0.6558010468760267,0));
#15670=DIRECTION('',(0,0,1));
#15671=FACE_BOUND('',#15672,.T.);
#15672=EDGE_LOOP('',(#15673,#15674,#15675));
#15673=ORIENTED_EDGE('',*,*,#15676,.T.);
#15674=ORIENTED_EDGE('',*,*,#15677,.T.);
#15675=ORIENTED_EDGE('',*,*,#15678,.T.);
#15676=EDGE_CURVE('',#164,#510,#15679,.F.);
#15677=EDGE_CURVE('',#510,#158,#15680,.T.);
#15678=EDGE_CURVE('',#158,#164,#15681,.T.);
#15679=LINE('',#163,#15682);
#15680=LINE('',#509,#15683);
#15681=LINE('',#157,#15684);
#15682=VECTOR('',#15685,1.0);
#15683=VECTOR('',#15686,1.0);
#15684=VECTOR('',#15687,1.0);
#15685=DIRECTION('',(0,0,1));
#15686=DIRECTION('',(-0.008599260624361662,-0.00989914885827649,-0.9999140260885412));
#15687=DIRECTION('',(0.6558010468760267,0.7549337632642399,0));
#15688=STYLED_ITEM('',(#18),#15689);
#15689=FACE_SURFACE('',(#15694),#15690,.T.);
#15690=PLANE('',#15691);
#15691=AXIS2_PLACEMENT_3D('',#225,#15692,#15693);
#15692=DIRECTION('',(-0.9479222324347218,0.3185018700980786,0));
#15693=DIRECTION('',(-0.3185018700980786,-0.9479222324347218,0));
#15694=FACE_BOUND('',#15695,.T.);
#15695=EDGE_LOOP('',(#15696,#15697,#15698));
#15696=ORIENTED_EDGE('',*,*,#15699,.T.);
#15697=ORIENTED_EDGE('',*,*,#15700,.T.);
#15698=ORIENTED_EDGE('',*,*,#15701,.T.);
#15699=EDGE_CURVE('',#226,#216,#15702,.F.);
#15700=EDGE_CURVE('',#216,#604,#15703,.T.);
#15701=EDGE_CURVE('',#604,#226,#15704,.T.);
#15702=LINE('',#225,#15705);
#15703=LINE('',#215,#15706);
#15704=LINE('',#603,#15707);
#15705=VECTOR('',#15708,1.0);
#15706=VECTOR('',#15709,1.0);
#15707=VECTOR('',#15710,1.0);
#15708=DIRECTION('',(-0.3185018700980786,-0.9479222324347218,0));
#15709=DIRECTION('',(0.004199634878617687,0.012498913329218835,0.9999130663375068));
#15710=DIRECTION('',(0,0,-1));
#15711=STYLED_ITEM('',(#18),#15712);
#15712=FACE_SURFACE('',(#15717),#15713,.T.);
#15713=PLANE('',#15714);
#15714=AXIS2_PLACEMENT_3D('',#673,#15715,#15716);
#15715=DIRECTION('',(-0.8959534904282114,0.44414788414390177,0));
#15716=DIRECTION('',(0.44414788414390177,0.8959534904282115,0));
#15717=FACE_BOUND('',#15718,.T.);
#15718=EDGE_LOOP('',(#15719,#15720,#15721));
#15719=ORIENTED_EDGE('',*,*,#15722,.T.);
#15720=ORIENTED_EDGE('',*,*,#15723,.T.);
#15721=ORIENTED_EDGE('',*,*,#15724,.T.);
#15722=EDGE_CURVE('',#674,#676,#15725,.F.);
#15723=EDGE_CURVE('',#676,#208,#15726,.T.);
#15724=EDGE_CURVE('',#208,#674,#15727,.T.);
#15725=LINE('',#673,#15728);
#15726=LINE('',#675,#15729);
#15727=LINE('',#207,#15730);
#15728=VECTOR('',#15731,1.0);
#15729=VECTOR('',#15732,1.0);
#15730=VECTOR('',#15733,1.0);
#15731=DIRECTION('',(0.44414788414390177,0.8959534904282115,0));
#15732=DIRECTION('',(-0.005799505526241042,-0.011699002527072391,-0.9999147459036308));
#15733=DIRECTION('',(0,0,1));
#15734=STYLED_ITEM('',(#18),#15735);
#15735=FACE_SURFACE('',(#15740),#15736,.T.);
#15736=PLANE('',#15737);
#15737=AXIS2_PLACEMENT_3D('',#215,#15738,#15739);
#15738=DIRECTION('',(-0.8959534904282114,0.44414788414390177,0));
#15739=DIRECTION('',(-0.44414788414390177,-0.8959534904282115,0));
#15740=FACE_BOUND('',#15741,.T.);
#15741=EDGE_LOOP('',(#15742,#15743,#15744));
#15742=ORIENTED_EDGE('',*,*,#15745,.T.);
#15743=ORIENTED_EDGE('',*,*,#15746,.T.);
#15744=ORIENTED_EDGE('',*,*,#15747,.T.);
#15745=EDGE_CURVE('',#216,#208,#15748,.F.);
#15746=EDGE_CURVE('',#208,#676,#15749,.T.);
#15747=EDGE_CURVE('',#676,#216,#15750,.T.);
#15748=LINE('',#215,#15751);
#15749=LINE('',#207,#15752);
#15750=LINE('',#675,#15753);
#15751=VECTOR('',#15754,1.0);
#15752=VECTOR('',#15755,1.0);
#15753=VECTOR('',#15756,1.0);
#15754=DIRECTION('',(-0.44414788414390177,-0.8959534904282115,0));
#15755=DIRECTION('',(0.005799505526241042,0.011699002527072391,0.9999147459036308));
#15756=DIRECTION('',(0,0,-1));
#15757=STYLED_ITEM('',(#18),#15758);
#15758=FACE_SURFACE('',(#15763),#15759,.T.);
#15759=PLANE('',#15760);
#15760=AXIS2_PLACEMENT_3D('',#173,#15761,#15762);
#15761=DIRECTION('',(0,0,-1));
#15762=DIRECTION('',(0.44338720834082024,0.8963301754820787,0));
#15763=FACE_BOUND('',#15764,.T.);
#15764=EDGE_LOOP('',(#15765,#15766,#15767));
#15765=ORIENTED_EDGE('',*,*,#15768,.T.);
#15766=ORIENTED_EDGE('',*,*,#15769,.T.);
#15767=ORIENTED_EDGE('',*,*,#15770,.T.);
#15768=EDGE_CURVE('',#174,#168,#15771,.F.);
#15769=EDGE_CURVE('',#168,#170,#15772,.T.);
#15770=EDGE_CURVE('',#170,#174,#15773,.T.);
#15771=LINE('',#173,#15774);
#15772=LINE('',#167,#15775);
#15773=LINE('',#169,#15776);
#15774=VECTOR('',#15777,1.0);
#15775=VECTOR('',#15778,1.0);
#15776=VECTOR('',#15779,1.0);
#15777=DIRECTION('',(0.44338720834082024,0.8963301754820787,0));
#15778=DIRECTION('',(0.9433212477700906,-0.3318810381830805,0));
#15779=DIRECTION('',(-0.9892191820295014,0.14644251399400438,0));
#15780=STYLED_ITEM('',(#18),#15781);
#15781=FACE_SURFACE('',(#15786),#15782,.T.);
#15782=PLANE('',#15783);
#15783=AXIS2_PLACEMENT_3D('',#673,#15784,#15785);
#15784=DIRECTION('',(-0.8308757097725763,0.5564580441595913,0));
#15785=DIRECTION('',(0,0,-1));
#15786=FACE_BOUND('',#15787,.T.);
#15787=EDGE_LOOP('',(#15788,#15789,#15790));
#15788=ORIENTED_EDGE('',*,*,#15791,.T.);
#15789=ORIENTED_EDGE('',*,*,#15792,.T.);
#15790=ORIENTED_EDGE('',*,*,#15793,.T.);
#15791=EDGE_CURVE('',#674,#208,#15794,.F.);
#15792=EDGE_CURVE('',#208,#210,#15795,.T.);
#15793=EDGE_CURVE('',#210,#674,#15796,.T.);
#15794=LINE('',#673,#15797);
#15795=LINE('',#207,#15798);
#15796=LINE('',#209,#15799);
#15797=VECTOR('',#15800,1.0);
#15798=VECTOR('',#15801,1.0);
#15799=VECTOR('',#15802,1.0);
#15800=DIRECTION('',(0,0,-1));
#15801=DIRECTION('',(-0.5564580441595913,-0.8308757097725762,0));
#15802=DIRECTION('',(0.007299371916068455,0.010899062176047889,0.999913961105311));
#15803=STYLED_ITEM('',(#18),#15804);
#15804=FACE_SURFACE('',(#15809),#15805,.T.);
#15805=PLANE('',#15806);
#15806=AXIS2_PLACEMENT_3D('',#165,#15807,#15808);
#15807=DIRECTION('',(-0,0,-1));
#15808=DIRECTION('',(-0.199059924290103,-0.9799873195820539,0));
#15809=FACE_BOUND('',#15810,.T.);
#15810=EDGE_LOOP('',(#15811,#15812,#15813));
#15811=ORIENTED_EDGE('',*,*,#15814,.T.);
#15812=ORIENTED_EDGE('',*,*,#15815,.T.);
#15813=ORIENTED_EDGE('',*,*,#15816,.T.);
#15814=EDGE_CURVE('',#166,#170,#15817,.F.);
#15815=EDGE_CURVE('',#170,#168,#15818,.T.);
#15816=EDGE_CURVE('',#168,#166,#15819,.T.);
#15817=LINE('',#165,#15820);
#15818=LINE('',#169,#15821);
#15819=LINE('',#167,#15822);
#15820=VECTOR('',#15823,1.0);
#15821=VECTOR('',#15824,1.0);
#15822=VECTOR('',#15825,1.0);
#15823=DIRECTION('',(-0.199059924290103,-0.9799873195820539,0));
#15824=DIRECTION('',(-0.9433212477700906,0.3318810381830805,0));
#15825=DIRECTION('',(0.9586468662780967,-0.28459828842630996,0));
#15826=STYLED_ITEM('',(#18),#15827);
#15827=FACE_SURFACE('',(#15832),#15828,.T.);
#15828=PLANE('',#15829);
#15829=AXIS2_PLACEMENT_3D('',#509,#15830,#15831);
#15830=DIRECTION('',(0.6558010468760156,-0.7549337632642494,0));
#15831=DIRECTION('',(0,0,-1));
#15832=FACE_BOUND('',#15833,.T.);
#15833=EDGE_LOOP('',(#15834,#15835,#15836));
#15834=ORIENTED_EDGE('',*,*,#15837,.T.);
#15835=ORIENTED_EDGE('',*,*,#15838,.T.);
#15836=ORIENTED_EDGE('',*,*,#15839,.T.);
#15837=EDGE_CURVE('',#510,#164,#15840,.F.);
#15838=EDGE_CURVE('',#164,#756,#15841,.T.);
#15839=EDGE_CURVE('',#756,#510,#15842,.T.);
#15840=LINE('',#509,#15843);
#15841=LINE('',#163,#15844);
#15842=LINE('',#755,#15845);
#15843=VECTOR('',#15846,1.0);
#15844=VECTOR('',#15847,1.0);
#15845=VECTOR('',#15848,1.0);
#15846=DIRECTION('',(0,0,-1));
#15847=DIRECTION('',(0.7549337632642495,0.6558010468760157,0));
#15848=DIRECTION('',(-0.009899148858276578,-0.008599260624361484,0.9999140260885412));
#15849=STYLED_ITEM('',(#18),#15850);
#15850=FACE_SURFACE('',(#15855),#15851,.T.);
#15851=PLANE('',#15852);
#15852=AXIS2_PLACEMENT_3D('',#211,#15853,#15854);
#15853=DIRECTION('',(-0.7549337632642428,0.6558010468760234,0));
#15854=DIRECTION('',(0,0,1));
#15855=FACE_BOUND('',#15856,.T.);
#15856=EDGE_LOOP('',(#15857,#15858,#15859));
#15857=ORIENTED_EDGE('',*,*,#15860,.T.);
#15858=ORIENTED_EDGE('',*,*,#15861,.T.);
#15859=ORIENTED_EDGE('',*,*,#15862,.T.);
#15860=EDGE_CURVE('',#212,#668,#15863,.F.);
#15861=EDGE_CURVE('',#668,#210,#15864,.T.);
#15862=EDGE_CURVE('',#210,#212,#15865,.T.);
#15863=LINE('',#211,#15866);
#15864=LINE('',#667,#15867);
#15865=LINE('',#209,#15868);
#15866=VECTOR('',#15869,1.0);
#15867=VECTOR('',#15870,1.0);
#15868=VECTOR('',#15871,1.0);
#15869=DIRECTION('',(0,0,1));
#15870=DIRECTION('',(0.008599260624361662,0.009899148858276578,-0.9999140260885412));
#15871=DIRECTION('',(-0.6558010468760234,-0.7549337632642428,0));
#15872=STYLED_ITEM('',(#18),#15873);
#15873=FACE_SURFACE('',(#15878),#15874,.T.);
#15874=PLANE('',#15875);
#15875=AXIS2_PLACEMENT_3D('',#667,#15876,#15877);
#15876=DIRECTION('',(-0.6558010468760156,0.7549337632642494,0));
#15877=DIRECTION('',(0,0,-1));
#15878=FACE_BOUND('',#15879,.T.);
#15879=EDGE_LOOP('',(#15880,#15881,#15882));
#15880=ORIENTED_EDGE('',*,*,#15883,.T.);
#15881=ORIENTED_EDGE('',*,*,#15884,.T.);
#15882=ORIENTED_EDGE('',*,*,#15885,.T.);
#15883=EDGE_CURVE('',#668,#212,#15886,.F.);
#15884=EDGE_CURVE('',#212,#214,#15887,.T.);
#15885=EDGE_CURVE('',#214,#668,#15888,.T.);
#15886=LINE('',#667,#15889);
#15887=LINE('',#211,#15890);
#15888=LINE('',#213,#15891);
#15889=VECTOR('',#15892,1.0);
#15890=VECTOR('',#15893,1.0);
#15891=VECTOR('',#15894,1.0);
#15892=DIRECTION('',(0,0,-1));
#15893=DIRECTION('',(-0.7549337632642495,-0.6558010468760157,0));
#15894=DIRECTION('',(0.009899148858276578,0.008599260624361484,0.9999140260885412));
#15895=STYLED_ITEM('',(#18),#15896);
#15896=FACE_SURFACE('',(#15901),#15897,.T.);
#15897=PLANE('',#15898);
#15898=AXIS2_PLACEMENT_3D('',#157,#15899,#15900);
#15899=DIRECTION('',(0,0,-1));
#15900=DIRECTION('',(-0.7238964548810239,0.6899086335238063,0));
#15901=FACE_BOUND('',#15902,.T.);
#15902=EDGE_LOOP('',(#15903,#15904,#15905));
#15903=ORIENTED_EDGE('',*,*,#15906,.T.);
#15904=ORIENTED_EDGE('',*,*,#15907,.T.);
#15905=ORIENTED_EDGE('',*,*,#15908,.T.);
#15906=EDGE_CURVE('',#158,#160,#15909,.F.);
#15907=EDGE_CURVE('',#160,#164,#15910,.T.);
#15908=EDGE_CURVE('',#164,#158,#15911,.T.);
#15909=LINE('',#157,#15912);
#15910=LINE('',#159,#15913);
#15911=LINE('',#163,#15914);
#15912=VECTOR('',#15915,1.0);
#15913=VECTOR('',#15916,1.0);
#15914=VECTOR('',#15917,1.0);
#15915=DIRECTION('',(-0.7238964548810239,0.6899086335238063,0));
#15916=DIRECTION('',(0.7626148080894257,-0.646852884729386,0));
#15917=DIRECTION('',(-0.6558010468760267,-0.7549337632642399,0));
#15918=STYLED_ITEM('',(#18),#15919);
#15919=FACE_SURFACE('',(#15924),#15920,.T.);
#15920=PLANE('',#15921);
#15921=AXIS2_PLACEMENT_3D('',#747,#15922,#15923);
#15922=DIRECTION('',(0,-0,-1));
#15923=DIRECTION('',(0.3184280302685317,-0.9479470394169195,0));
#15924=FACE_BOUND('',#15925,.T.);
#15925=EDGE_LOOP('',(#15926,#15927,#15928));
#15926=ORIENTED_EDGE('',*,*,#15929,.T.);
#15927=ORIENTED_EDGE('',*,*,#15930,.T.);
#15928=ORIENTED_EDGE('',*,*,#15931,.T.);
#15929=EDGE_CURVE('',#748,#758,#15932,.F.);
#15930=EDGE_CURVE('',#758,#750,#15933,.T.);
#15931=EDGE_CURVE('',#750,#748,#15934,.T.);
#15932=LINE('',#747,#15935);
#15933=LINE('',#757,#15936);
#15934=LINE('',#749,#15937);
#15935=VECTOR('',#15938,1.0);
#15936=VECTOR('',#15939,1.0);
#15937=VECTOR('',#15940,1.0);
#15938=DIRECTION('',(0.3184280302685317,-0.9479470394169195,0));
#15939=DIRECTION('',(-0.5438212591909763,0.8392010712886043,0));
#15940=DIRECTION('',(0.9471445756278127,0.3208070336803893,0));
#15941=STYLED_ITEM('',(#18),#15942);
#15942=FACE_SURFACE('',(#15947),#15943,.T.);
#15943=PLANE('',#15944);
#15944=AXIS2_PLACEMENT_3D('',#749,#15945,#15946);
#15945=DIRECTION('',(0,-0,-1));
#15946=DIRECTION('',(0.43600633883799517,-0.899943594061921,0));
#15947=FACE_BOUND('',#15948,.T.);
#15948=EDGE_LOOP('',(#15949,#15950,#15951));
#15949=ORIENTED_EDGE('',*,*,#15952,.T.);
#15950=ORIENTED_EDGE('',*,*,#15953,.T.);
#15951=ORIENTED_EDGE('',*,*,#15954,.T.);
#15952=EDGE_CURVE('',#750,#756,#15955,.F.);
#15953=EDGE_CURVE('',#756,#162,#15956,.T.);
#15954=EDGE_CURVE('',#162,#750,#15957,.T.);
#15955=LINE('',#749,#15958);
#15956=LINE('',#755,#15959);
#15957=LINE('',#161,#15960);
#15958=VECTOR('',#15961,1.0);
#15959=VECTOR('',#15962,1.0);
#15960=VECTOR('',#15963,1.0);
#15961=DIRECTION('',(0.43600633883799517,-0.899943594061921,0));
#15962=DIRECTION('',(-0.6399579449395402,0.7684099353266852,0));
#15963=DIRECTION('',(0.8963301754820817,0.44338720834081413,0));
#15964=STYLED_ITEM('',(#18),#15965);
#15965=FACE_SURFACE('',(#15970),#15966,.T.);
#15966=PLANE('',#15967);
#15967=AXIS2_PLACEMENT_3D('',#163,#15968,#15969);
#15968=DIRECTION('',(0,0,-1));
#15969=DIRECTION('',(-0.5925569218024841,0.8055285807617039,0));
#15970=FACE_BOUND('',#15971,.T.);
#15971=EDGE_LOOP('',(#15972,#15973,#15974));
#15972=ORIENTED_EDGE('',*,*,#15975,.T.);
#15973=ORIENTED_EDGE('',*,*,#15976,.T.);
#15974=ORIENTED_EDGE('',*,*,#15977,.T.);
#15975=EDGE_CURVE('',#164,#162,#15978,.F.);
#15976=EDGE_CURVE('',#162,#756,#15979,.T.);
#15977=EDGE_CURVE('',#756,#164,#15980,.T.);
#15978=LINE('',#163,#15981);
#15979=LINE('',#161,#15982);
#15980=LINE('',#755,#15983);
#15981=VECTOR('',#15984,1.0);
#15982=VECTOR('',#15985,1.0);
#15983=VECTOR('',#15986,1.0);
#15984=DIRECTION('',(-0.5925569218024841,0.8055285807617039,0));
#15985=DIRECTION('',(0.6399579449395402,-0.7684099353266852,0));
#15986=DIRECTION('',(-0.7549337632642495,-0.6558010468760157,0));
#15987=STYLED_ITEM('',(#18),#15988);
#15988=FACE_SURFACE('',(#15993),#15989,.T.);
#15989=PLANE('',#15990);
#15990=AXIS2_PLACEMENT_3D('',#333,#15991,#15992);
#15991=DIRECTION('',(-0.5564580441596162,0.8308757097725595,0));
#15992=DIRECTION('',(0,0,1));
#15993=FACE_BOUND('',#15994,.T.);
#15994=EDGE_LOOP('',(#15995,#15996,#15997));
#15995=ORIENTED_EDGE('',*,*,#15998,.T.);
#15996=ORIENTED_EDGE('',*,*,#15999,.T.);
#15997=ORIENTED_EDGE('',*,*,#16000,.T.);
#15998=EDGE_CURVE('',#334,#738,#16001,.F.);
#15999=EDGE_CURVE('',#738,#214,#16002,.T.);
#16000=EDGE_CURVE('',#214,#334,#16003,.T.);
#16001=LINE('',#333,#16004);
#16002=LINE('',#737,#16005);
#16003=LINE('',#213,#16006);
#16004=VECTOR('',#16007,1.0);
#16005=VECTOR('',#16008,1.0);
#16006=VECTOR('',#16009,1.0);
#16007=DIRECTION('',(0,0,1));
#16008=DIRECTION('',(0.010899062176047712,0.007299371916068811,-0.999913961105311));
#16009=DIRECTION('',(-0.8308757097725595,-0.5564580441596162,0));
#16010=STYLED_ITEM('',(#18),#16011);
#16011=FACE_SURFACE('',(#16016),#16012,.T.);
#16012=PLANE('',#16013);
#16013=AXIS2_PLACEMENT_3D('',#757,#16014,#16015);
#16014=DIRECTION('',(0.4441478841438964,-0.8959534904282141,0));
#16015=DIRECTION('',(0,0,1));
#16016=FACE_BOUND('',#16017,.T.);
#16017=EDGE_LOOP('',(#16018,#16019,#16020));
#16018=ORIENTED_EDGE('',*,*,#16021,.T.);
#16019=ORIENTED_EDGE('',*,*,#16022,.T.);
#16020=ORIENTED_EDGE('',*,*,#16023,.T.);
#16021=EDGE_CURVE('',#758,#506,#16024,.F.);
#16022=EDGE_CURVE('',#506,#760,#16025,.T.);
#16023=EDGE_CURVE('',#760,#758,#16026,.T.);
#16024=LINE('',#757,#16027);
#16025=LINE('',#505,#16028);
#16026=LINE('',#759,#16029);
#16027=VECTOR('',#16030,1.0);
#16028=VECTOR('',#16031,1.0);
#16029=VECTOR('',#16032,1.0);
#16030=DIRECTION('',(0,0,1));
#16031=DIRECTION('',(-0.01169900252707257,-0.005799505526241042,-0.9999147459036308));
#16032=DIRECTION('',(0.8959534904282143,0.44414788414389644,0));
#16033=STYLED_ITEM('',(#18),#16034);
#16034=FACE_SURFACE('',(#16039),#16035,.T.);
#16035=PLANE('',#16036);
#16036=AXIS2_PLACEMENT_3D('',#399,#16037,#16038);
#16037=DIRECTION('',(-0.9479222324347218,-0.3185018700980786,-0));
#16038=DIRECTION('',(-0.004199634878617687,0.012498913329218835,-0.9999130663375068));
#16039=FACE_BOUND('',#16040,.T.);
#16040=EDGE_LOOP('',(#16041,#16042,#16043));
#16041=ORIENTED_EDGE('',*,*,#16044,.T.);
#16042=ORIENTED_EDGE('',*,*,#16045,.T.);
#16043=ORIENTED_EDGE('',*,*,#16046,.T.);
#16044=EDGE_CURVE('',#400,#330,#16047,.F.);
#16045=EDGE_CURVE('',#330,#252,#16048,.T.);
#16046=EDGE_CURVE('',#252,#400,#16049,.T.);
#16047=LINE('',#399,#16050);
#16048=LINE('',#329,#16051);
#16049=LINE('',#251,#16052);
#16050=VECTOR('',#16053,1.0);
#16051=VECTOR('',#16054,1.0);
#16052=VECTOR('',#16055,1.0);
#16053=DIRECTION('',(-0.004199634878617687,0.012498913329218835,-0.9999130663375068));
#16054=DIRECTION('',(0.3185018700980786,-0.9479222324347218,0));
#16055=DIRECTION('',(0,0,1));
#16056=STYLED_ITEM('',(#18),#16057);
#16057=FACE_SURFACE('',(#16062),#16058,.T.);
#16058=PLANE('',#16059);
#16059=AXIS2_PLACEMENT_3D('',#757,#16060,#16061);
#16060=DIRECTION('',(0.31850187009806646,-0.9479222324347258,0));
#16061=DIRECTION('',(0.9479222324347258,0.31850187009806646,0));
#16062=FACE_BOUND('',#16063,.T.);
#16063=EDGE_LOOP('',(#16064,#16065,#16066));
#16064=ORIENTED_EDGE('',*,*,#16067,.T.);
#16065=ORIENTED_EDGE('',*,*,#16068,.T.);
#16066=ORIENTED_EDGE('',*,*,#16069,.T.);
#16067=EDGE_CURVE('',#758,#508,#16070,.F.);
#16068=EDGE_CURVE('',#508,#506,#16071,.T.);
#16069=EDGE_CURVE('',#506,#758,#16072,.T.);
#16070=LINE('',#757,#16073);
#16071=LINE('',#507,#16074);
#16072=LINE('',#505,#16075);
#16073=VECTOR('',#16076,1.0);
#16074=VECTOR('',#16077,1.0);
#16075=VECTOR('',#16078,1.0);
#16076=DIRECTION('',(0.9479222324347258,0.31850187009806646,0));
#16077=DIRECTION('',(-0.012498913329218835,-0.00419963487861751,0.9999130663375068));
#16078=DIRECTION('',(0,0,-1));
#16079=STYLED_ITEM('',(#18),#16080);
#16080=FACE_SURFACE('',(#16085),#16081,.T.);
#16081=PLANE('',#16082);
#16082=AXIS2_PLACEMENT_3D('',#759,#16083,#16084);
#16083=DIRECTION('',(-0,0,-1));
#16084=DIRECTION('',(-0.8308757097725595,-0.5564580441596162,0));
#16085=FACE_BOUND('',#16086,.T.);
#16086=EDGE_LOOP('',(#16087,#16088,#16089));
#16087=ORIENTED_EDGE('',*,*,#16090,.T.);
#16088=ORIENTED_EDGE('',*,*,#16091,.T.);
#16089=ORIENTED_EDGE('',*,*,#16092,.T.);
#16090=EDGE_CURVE('',#760,#756,#16093,.F.);
#16091=EDGE_CURVE('',#756,#750,#16094,.T.);
#16092=EDGE_CURVE('',#750,#760,#16095,.T.);
#16093=LINE('',#759,#16096);
#16094=LINE('',#755,#16097);
#16095=LINE('',#749,#16098);
#16096=VECTOR('',#16099,1.0);
#16097=VECTOR('',#16100,1.0);
#16098=VECTOR('',#16101,1.0);
#16099=DIRECTION('',(-0.8308757097725595,-0.5564580441596162,0));
#16100=DIRECTION('',(-0.43600633883799517,0.899943594061921,0));
#16101=DIRECTION('',(0.49089468683063253,-0.8712189199285418,0));
#16102=STYLED_ITEM('',(#18),#16103);
#16103=FACE_SURFACE('',(#16108),#16104,.T.);
#16104=PLANE('',#16105);
#16105=AXIS2_PLACEMENT_3D('',#53,#16106,#16107);
#16106=DIRECTION('',(-0.997885500156359,0.0649963735734006,0));
#16107=DIRECTION('',(0.06499637357340061,0.9978855001563592,0));
#16108=FACE_BOUND('',#16109,.T.);
#16109=EDGE_LOOP('',(#16110,#16111,#16112));
#16110=ORIENTED_EDGE('',*,*,#16113,.T.);
#16111=ORIENTED_EDGE('',*,*,#16114,.T.);
#16112=ORIENTED_EDGE('',*,*,#16115,.T.);
#16113=EDGE_CURVE('',#54,#718,#16116,.F.);
#16114=EDGE_CURVE('',#718,#56,#16117,.T.);
#16115=EDGE_CURVE('',#56,#54,#16118,.T.);
#16116=LINE('',#53,#16119);
#16117=LINE('',#717,#16120);
#16118=LINE('',#55,#16121);
#16119=VECTOR('',#16122,1.0);
#16120=VECTOR('',#16123,1.0);
#16121=VECTOR('',#16124,1.0);
#16122=DIRECTION('',(0.06499637357340061,0.9978855001563592,0));
#16123=DIRECTION('',(-0.0033953576453347504,-0.05212872620190579,-0.9986346015690759));
#16124=DIRECTION('',(0,0,1));
#16125=STYLED_ITEM('',(#18),#16126);
#16126=FACE_SURFACE('',(#16131),#16127,.T.);
#16127=PLANE('',#16128);
#16128=AXIS2_PLACEMENT_3D('',#503,#16129,#16130);
#16129=DIRECTION('',(0.19905992429010297,-0.9799873195820538,0));
#16130=DIRECTION('',(0,0,-1));
#16131=FACE_BOUND('',#16132,.T.);
#16132=EDGE_LOOP('',(#16133,#16134,#16135));
#16133=ORIENTED_EDGE('',*,*,#16136,.T.);
#16134=ORIENTED_EDGE('',*,*,#16137,.T.);
#16135=ORIENTED_EDGE('',*,*,#16138,.T.);
#16136=EDGE_CURVE('',#504,#508,#16139,.F.);
#16137=EDGE_CURVE('',#508,#102,#16140,.T.);
#16138=EDGE_CURVE('',#102,#504,#16141,.T.);
#16139=LINE('',#503,#16142);
#16140=LINE('',#507,#16143);
#16141=LINE('',#101,#16144);
#16142=VECTOR('',#16145,1.0);
#16143=VECTOR('',#16146,1.0);
#16144=VECTOR('',#16147,1.0);
#16145=DIRECTION('',(0,0,-1));
#16146=DIRECTION('',(0.9799873195820539,0.199059924290103,0));
#16147=DIRECTION('',(-0.01279890829968108,-0.0025997782483726975,0.9999147109125835));
#16148=STYLED_ITEM('',(#18),#16149);
#16149=FACE_SURFACE('',(#16154),#16150,.T.);
#16150=PLANE('',#16151);
#16151=AXIS2_PLACEMENT_3D('',#81,#16152,#16153);
#16152=DIRECTION('',(0.7549337632642428,0.6558010468760234,-0));
#16153=DIRECTION('',(0,0,1));
#16154=FACE_BOUND('',#16155,.T.);
#16155=EDGE_LOOP('',(#16156,#16157,#16158));
#16156=ORIENTED_EDGE('',*,*,#16159,.T.);
#16157=ORIENTED_EDGE('',*,*,#16160,.T.);
#16158=ORIENTED_EDGE('',*,*,#16161,.T.);
#16159=EDGE_CURVE('',#82,#460,#16162,.F.);
#16160=EDGE_CURVE('',#460,#88,#16163,.T.);
#16161=EDGE_CURVE('',#88,#82,#16164,.T.);
#16162=LINE('',#81,#16165);
#16163=LINE('',#459,#16166);
#16164=LINE('',#87,#16167);
#16165=VECTOR('',#16168,1.0);
#16166=VECTOR('',#16169,1.0);
#16167=VECTOR('',#16170,1.0);
#16168=DIRECTION('',(0,0,1));
#16169=DIRECTION('',(0.008599260624361662,-0.009899148858276578,-0.9999140260885412));
#16170=DIRECTION('',(-0.6558010468760234,0.7549337632642428,0));
#16171=STYLED_ITEM('',(#18),#16172);
#16172=FACE_SURFACE('',(#16177),#16173,.T.);
#16173=PLANE('',#16174);
#16174=AXIS2_PLACEMENT_3D('',#759,#16175,#16176);
#16175=DIRECTION('',(0,0,-1));
#16176=DIRECTION('',(-0.49089468683063253,0.8712189199285418,0));
#16177=FACE_BOUND('',#16178,.T.);
#16178=EDGE_LOOP('',(#16179,#16180,#16181));
#16179=ORIENTED_EDGE('',*,*,#16182,.T.);
#16180=ORIENTED_EDGE('',*,*,#16183,.T.);
#16181=ORIENTED_EDGE('',*,*,#16184,.T.);
#16182=EDGE_CURVE('',#760,#750,#16185,.F.);
#16183=EDGE_CURVE('',#750,#758,#16186,.T.);
#16184=EDGE_CURVE('',#758,#760,#16187,.T.);
#16185=LINE('',#759,#16188);
#16186=LINE('',#749,#16189);
#16187=LINE('',#757,#16190);
#16188=VECTOR('',#16191,1.0);
#16189=VECTOR('',#16192,1.0);
#16190=VECTOR('',#16193,1.0);
#16191=DIRECTION('',(-0.49089468683063253,0.8712189199285418,0));
#16192=DIRECTION('',(0.5438212591909763,-0.8392010712886043,0));
#16193=DIRECTION('',(-0.8959534904282143,-0.44414788414389644,0));
#16194=STYLED_ITEM('',(#18),#16195);
#16195=FACE_SURFACE('',(#16200),#16196,.T.);
#16196=PLANE('',#16197);
#16197=AXIS2_PLACEMENT_3D('',#507,#16198,#16199);
#16198=DIRECTION('',(-0,0,-1));
#16199=DIRECTION('',(-0.9479222324347258,-0.31850187009806646,0));
#16200=FACE_BOUND('',#16201,.T.);
#16201=EDGE_LOOP('',(#16202,#16203,#16204));
#16202=ORIENTED_EDGE('',*,*,#16205,.T.);
#16203=ORIENTED_EDGE('',*,*,#16206,.T.);
#16204=ORIENTED_EDGE('',*,*,#16207,.T.);
#16205=EDGE_CURVE('',#508,#758,#16208,.F.);
#16206=EDGE_CURVE('',#758,#748,#16209,.T.);
#16207=EDGE_CURVE('',#748,#508,#16210,.T.);
#16208=LINE('',#507,#16211);
#16209=LINE('',#757,#16212);
#16210=LINE('',#747,#16213);
#16211=VECTOR('',#16214,1.0);
#16212=VECTOR('',#16215,1.0);
#16213=VECTOR('',#16216,1.0);
#16214=DIRECTION('',(-0.9479222324347258,-0.31850187009806646,0));
#16215=DIRECTION('',(-0.3184280302685317,0.9479470394169195,0));
#16216=DIRECTION('',(0.37878489366562557,-0.9254847401933328,0));
#16217=STYLED_ITEM('',(#18),#16218);
#16218=FACE_SURFACE('',(#16223),#16219,.T.);
#16219=PLANE('',#16220);
#16220=AXIS2_PLACEMENT_3D('',#459,#16221,#16222);
#16221=DIRECTION('',(0.830875709772572,0.5564580441595975,0));
#16222=DIRECTION('',(0,0,-1));
#16223=FACE_BOUND('',#16224,.T.);
#16224=EDGE_LOOP('',(#16225,#16226,#16227));
#16225=ORIENTED_EDGE('',*,*,#16228,.T.);
#16226=ORIENTED_EDGE('',*,*,#16229,.T.);
#16227=ORIENTED_EDGE('',*,*,#16230,.T.);
#16228=EDGE_CURVE('',#460,#82,#16231,.F.);
#16229=EDGE_CURVE('',#82,#86,#16232,.T.);
#16230=EDGE_CURVE('',#86,#460,#16233,.T.);
#16231=LINE('',#459,#16234);
#16232=LINE('',#81,#16235);
#16233=LINE('',#85,#16236);
#16234=VECTOR('',#16237,1.0);
#16235=VECTOR('',#16238,1.0);
#16236=VECTOR('',#16239,1.0);
#16237=DIRECTION('',(0,0,-1));
#16238=DIRECTION('',(-0.5564580441595975,0.830875709772572,0));
#16239=DIRECTION('',(0.007299371916068455,-0.010899062176047712,0.999913961105311));
#16240=STYLED_ITEM('',(#18),#16241);
#16241=FACE_SURFACE('',(#16246),#16242,.T.);
#16242=PLANE('',#16243);
#16243=AXIS2_PLACEMENT_3D('',#747,#16244,#16245);
#16244=DIRECTION('',(0,0,-1));
#16245=DIRECTION('',(0.9808006582599824,0.19501299637917774,0));
#16246=FACE_BOUND('',#16247,.T.);
#16247=EDGE_LOOP('',(#16248,#16249,#16250));
#16248=ORIENTED_EDGE('',*,*,#16251,.T.);
#16249=ORIENTED_EDGE('',*,*,#16252,.T.);
#16250=ORIENTED_EDGE('',*,*,#16253,.T.);
#16251=EDGE_CURVE('',#748,#98,#16254,.F.);
#16252=EDGE_CURVE('',#98,#508,#16255,.T.);
#16253=EDGE_CURVE('',#508,#748,#16256,.T.);
#16254=LINE('',#747,#16257);
#16255=LINE('',#97,#16258);
#16256=LINE('',#507,#16259);
#16257=VECTOR('',#16260,1.0);
#16258=VECTOR('',#16261,1.0);
#16259=VECTOR('',#16262,1.0);
#16260=DIRECTION('',(0.9808006582599824,0.19501299637917774,0));
#16261=DIRECTION('',(0.13050585714686092,-0.9914475383248288,0));
#16262=DIRECTION('',(-0.37878489366562557,0.9254847401933328,0));
#16263=STYLED_ITEM('',(#18),#16264);
#16264=FACE_SURFACE('',(#16269),#16265,.T.);
#16265=PLANE('',#16266);
#16266=AXIS2_PLACEMENT_3D('',#101,#16267,#16268);
#16267=DIRECTION('',(-0,0,-1));
#16268=DIRECTION('',(-0.9799873195820539,-0.199059924290103,0));
#16269=FACE_BOUND('',#16270,.T.);
#16270=EDGE_LOOP('',(#16271,#16272,#16273));
#16271=ORIENTED_EDGE('',*,*,#16274,.T.);
#16272=ORIENTED_EDGE('',*,*,#16275,.T.);
#16273=ORIENTED_EDGE('',*,*,#16276,.T.);
#16274=EDGE_CURVE('',#102,#508,#16277,.F.);
#16275=EDGE_CURVE('',#508,#98,#16278,.T.);
#16276=EDGE_CURVE('',#98,#102,#16279,.T.);
#16277=LINE('',#101,#16280);
#16278=LINE('',#507,#16281);
#16279=LINE('',#97,#16282);
#16280=VECTOR('',#16283,1.0);
#16281=VECTOR('',#16284,1.0);
#16282=VECTOR('',#16285,1.0);
#16283=DIRECTION('',(-0.9799873195820539,-0.199059924290103,0));
#16284=DIRECTION('',(-0.13050585714686092,0.9914475383248288,0));
#16285=DIRECTION('',(0.19448969742013034,-0.9809045609015316,0));
#16286=STYLED_ITEM('',(#18),#16287);
#16287=FACE_SURFACE('',(#16292),#16288,.T.);
#16288=PLANE('',#16289);
#16289=AXIS2_PLACEMENT_3D('',#607,#16290,#16291);
#16290=DIRECTION('',(0.9479222324347218,0.3185018700980786,0));
#16291=DIRECTION('',(0.004199634878617687,-0.012498913329218835,-0.9999130663375068));
#16292=FACE_BOUND('',#16293,.T.);
#16293=EDGE_LOOP('',(#16294,#16295,#16296));
#16294=ORIENTED_EDGE('',*,*,#16297,.T.);
#16295=ORIENTED_EDGE('',*,*,#16298,.T.);
#16296=ORIENTED_EDGE('',*,*,#16299,.T.);
#16297=EDGE_CURVE('',#608,#94,#16300,.F.);
#16298=EDGE_CURVE('',#94,#92,#16301,.T.);
#16299=EDGE_CURVE('',#92,#608,#16302,.T.);
#16300=LINE('',#607,#16303);
#16301=LINE('',#93,#16304);
#16302=LINE('',#91,#16305);
#16303=VECTOR('',#16306,1.0);
#16304=VECTOR('',#16307,1.0);
#16305=VECTOR('',#16308,1.0);
#16306=DIRECTION('',(0.004199634878617687,-0.012498913329218835,-0.9999130663375068));
#16307=DIRECTION('',(-0.3185018700980786,0.9479222324347218,0));
#16308=DIRECTION('',(0,0,1));
#16309=STYLED_ITEM('',(#18),#16310);
#16310=FACE_SURFACE('',(#16315),#16311,.T.);
#16311=PLANE('',#16312);
#16312=AXIS2_PLACEMENT_3D('',#375,#16313,#16314);
#16313=DIRECTION('',(0.9799873195820538,0.19905992429010297,-0));
#16314=DIRECTION('',(0,0,1));
#16315=FACE_BOUND('',#16316,.T.);
#16316=EDGE_LOOP('',(#16317,#16318,#16319));
#16317=ORIENTED_EDGE('',*,*,#16320,.T.);
#16318=ORIENTED_EDGE('',*,*,#16321,.T.);
#16319=ORIENTED_EDGE('',*,*,#16322,.T.);
#16320=EDGE_CURVE('',#376,#420,#16323,.F.);
#16321=EDGE_CURVE('',#420,#92,#16324,.T.);
#16322=EDGE_CURVE('',#92,#376,#16325,.T.);
#16323=LINE('',#375,#16326);
#16324=LINE('',#419,#16327);
#16325=LINE('',#91,#16328);
#16326=VECTOR('',#16329,1.0);
#16327=VECTOR('',#16330,1.0);
#16328=VECTOR('',#16331,1.0);
#16329=DIRECTION('',(0,0,1));
#16330=DIRECTION('',(0.0025997782483726975,-0.01279890829968108,-0.9999147109125835));
#16331=DIRECTION('',(-0.199059924290103,0.9799873195820539,0));
#16332=STYLED_ITEM('',(#18),#16333);
#16333=FACE_SURFACE('',(#16338),#16334,.T.);
#16334=PLANE('',#16335);
#16335=AXIS2_PLACEMENT_3D('',#375,#16336,#16337);
#16336=DIRECTION('',(0.9976483193600395,0.06854072423084488,-0));
#16337=DIRECTION('',(-0.0685407242308449,0.9976483193600396,0));
#16338=FACE_BOUND('',#16339,.T.);
#16339=EDGE_LOOP('',(#16340,#16341,#16342));
#16340=ORIENTED_EDGE('',*,*,#16343,.T.);
#16341=ORIENTED_EDGE('',*,*,#16344,.T.);
#16342=ORIENTED_EDGE('',*,*,#16345,.T.);
#16343=EDGE_CURVE('',#376,#378,#16346,.F.);
#16344=EDGE_CURVE('',#378,#420,#16347,.T.);
#16345=EDGE_CURVE('',#420,#376,#16348,.T.);
#16346=LINE('',#375,#16349);
#16347=LINE('',#377,#16350);
#16348=LINE('',#419,#16351);
#16349=VECTOR('',#16352,1.0);
#16350=VECTOR('',#16353,1.0);
#16351=VECTOR('',#16354,1.0);
#16352=DIRECTION('',(-0.0685407242308449,0.9976483193600396,0));
#16353=DIRECTION('',(0.0008999224210320142,-0.013098870795021067,0.9999138011466445));
#16354=DIRECTION('',(0,0,-1));
#16355=STYLED_ITEM('',(#18),#16356);
#16356=FACE_SURFACE('',(#16361),#16357,.T.);
#16357=PLANE('',#16358);
#16358=AXIS2_PLACEMENT_3D('',#449,#16359,#16360);
#16359=DIRECTION('',(-0.8959534904282128,-0.4441478841438991,-0));
#16360=DIRECTION('',(-0.44414788414389905,0.8959534904282127,0));
#16361=FACE_BOUND('',#16362,.T.);
#16362=EDGE_LOOP('',(#16363,#16364,#16365));
#16363=ORIENTED_EDGE('',*,*,#16366,.T.);
#16364=ORIENTED_EDGE('',*,*,#16367,.T.);
#16365=ORIENTED_EDGE('',*,*,#16368,.T.);
#16366=EDGE_CURVE('',#450,#454,#16369,.F.);
#16367=EDGE_CURVE('',#454,#130,#16370,.T.);
#16368=EDGE_CURVE('',#130,#450,#16371,.T.);
#16369=LINE('',#449,#16372);
#16370=LINE('',#453,#16373);
#16371=LINE('',#129,#16374);
#16372=VECTOR('',#16375,1.0);
#16373=VECTOR('',#16376,1.0);
#16374=VECTOR('',#16377,1.0);
#16375=DIRECTION('',(-0.44414788414389905,0.8959534904282127,0));
#16376=DIRECTION('',(0.005799505526241042,-0.011699002527072481,-0.9999147459036308));
#16377=DIRECTION('',(0,0,1));
#16378=STYLED_ITEM('',(#18),#16379);
#16379=FACE_SURFACE('',(#16384),#16380,.T.);
#16380=PLANE('',#16381);
#16381=AXIS2_PLACEMENT_3D('',#371,#16382,#16383);
#16382=DIRECTION('',(0.9799873195820538,-0.19905992429010297,0));
#16383=DIRECTION('',(0,0,1));
#16384=FACE_BOUND('',#16385,.T.);
#16385=EDGE_LOOP('',(#16386,#16387,#16388));
#16386=ORIENTED_EDGE('',*,*,#16389,.T.);
#16387=ORIENTED_EDGE('',*,*,#16390,.T.);
#16388=ORIENTED_EDGE('',*,*,#16391,.T.);
#16389=EDGE_CURVE('',#372,#428,#16392,.F.);
#16390=EDGE_CURVE('',#428,#382,#16393,.T.);
#16391=EDGE_CURVE('',#382,#372,#16394,.T.);
#16392=LINE('',#371,#16395);
#16393=LINE('',#427,#16396);
#16394=LINE('',#381,#16397);
#16395=VECTOR('',#16398,1.0);
#16396=VECTOR('',#16399,1.0);
#16397=VECTOR('',#16400,1.0);
#16398=DIRECTION('',(0,0,1));
#16399=DIRECTION('',(-0.0025997782483726975,-0.01279890829968108,-0.9999147109125835));
#16400=DIRECTION('',(0.199059924290103,0.9799873195820539,0));
#16401=STYLED_ITEM('',(#18),#16402);
#16402=FACE_SURFACE('',(#16407),#16403,.T.);
#16403=PLANE('',#16404);
#16404=AXIS2_PLACEMENT_3D('',#147,#16405,#16406);
#16405=DIRECTION('',(-0.9479222324347218,-0.3185018700980786,0));
#16406=DIRECTION('',(0,0,1));
#16407=FACE_BOUND('',#16408,.T.);
#16408=EDGE_LOOP('',(#16409,#16410,#16411));
#16409=ORIENTED_EDGE('',*,*,#16412,.T.);
#16410=ORIENTED_EDGE('',*,*,#16413,.T.);
#16411=ORIENTED_EDGE('',*,*,#16414,.T.);
#16412=EDGE_CURVE('',#148,#432,#16415,.F.);
#16413=EDGE_CURVE('',#432,#130,#16416,.T.);
#16414=EDGE_CURVE('',#130,#148,#16417,.T.);
#16415=LINE('',#147,#16418);
#16416=LINE('',#431,#16419);
#16417=LINE('',#129,#16420);
#16418=VECTOR('',#16421,1.0);
#16419=VECTOR('',#16422,1.0);
#16420=VECTOR('',#16423,1.0);
#16421=DIRECTION('',(0,0,1));
#16422=DIRECTION('',(-0.004199634878617687,0.012498913329218835,-0.9999130663375068));
#16423=DIRECTION('',(0.3185018700980786,-0.9479222324347218,0));
#16424=STYLED_ITEM('',(#18),#16425);
#16425=FACE_SURFACE('',(#16430),#16426,.T.);
#16426=PLANE('',#16427);
#16427=AXIS2_PLACEMENT_3D('',#283,#16428,#16429);
#16428=DIRECTION('',(0.9479222324347218,-0.3185018700980786,0));
#16429=DIRECTION('',(0,0,1));
#16430=FACE_BOUND('',#16431,.T.);
#16431=EDGE_LOOP('',(#16432,#16433,#16434));
#16432=ORIENTED_EDGE('',*,*,#16435,.T.);
#16433=ORIENTED_EDGE('',*,*,#16436,.T.);
#16434=ORIENTED_EDGE('',*,*,#16437,.T.);
#16435=EDGE_CURVE('',#284,#658,#16438,.F.);
#16436=EDGE_CURVE('',#658,#372,#16439,.T.);
#16437=EDGE_CURVE('',#372,#284,#16440,.T.);
#16438=LINE('',#283,#16441);
#16439=LINE('',#657,#16442);
#16440=LINE('',#371,#16443);
#16441=VECTOR('',#16444,1.0);
#16442=VECTOR('',#16445,1.0);
#16443=VECTOR('',#16446,1.0);
#16444=DIRECTION('',(0,0,1));
#16445=DIRECTION('',(-0.004199634878617687,-0.012498913329218835,-0.9999130663375068));
#16446=DIRECTION('',(0.3185018700980786,0.9479222324347218,0));
#16447=STYLED_ITEM('',(#18),#16448);
#16448=FACE_SURFACE('',(#16453),#16449,.T.);
#16449=PLANE('',#16450);
#16450=AXIS2_PLACEMENT_3D('',#427,#16451,#16452);
#16451=DIRECTION('',(0.9479222324347218,-0.3185018700980786,0));
#16452=DIRECTION('',(0,0,-1));
#16453=FACE_BOUND('',#16454,.T.);
#16454=EDGE_LOOP('',(#16455,#16456,#16457));
#16455=ORIENTED_EDGE('',*,*,#16458,.T.);
#16456=ORIENTED_EDGE('',*,*,#16459,.T.);
#16457=ORIENTED_EDGE('',*,*,#16460,.T.);
#16458=EDGE_CURVE('',#428,#372,#16461,.F.);
#16459=EDGE_CURVE('',#372,#658,#16462,.T.);
#16460=EDGE_CURVE('',#658,#428,#16463,.T.);
#16461=LINE('',#427,#16464);
#16462=LINE('',#371,#16465);
#16463=LINE('',#657,#16466);
#16464=VECTOR('',#16467,1.0);
#16465=VECTOR('',#16468,1.0);
#16466=VECTOR('',#16469,1.0);
#16467=DIRECTION('',(0,0,-1));
#16468=DIRECTION('',(0.004199634878617687,0.012498913329218835,0.9999130663375068));
#16469=DIRECTION('',(-0.3185018700980786,-0.9479222324347218,0));
#16470=STYLED_ITEM('',(#18),#16471);
#16471=FACE_SURFACE('',(#16476),#16472,.T.);
#16472=PLANE('',#16473);
#16473=AXIS2_PLACEMENT_3D('',#323,#16474,#16475);
#16474=DIRECTION('',(-0.9981405062648923,0.06095514542074996,0));
#16475=DIRECTION('',(-0.06095514542074996,-0.9981405062648923,0));
#16476=FACE_BOUND('',#16477,.T.);
#16477=EDGE_LOOP('',(#16478,#16479,#16480));
#16478=ORIENTED_EDGE('',*,*,#16481,.T.);
#16479=ORIENTED_EDGE('',*,*,#16482,.T.);
#16480=ORIENTED_EDGE('',*,*,#16483,.T.);
#16481=EDGE_CURVE('',#324,#228,#16484,.F.);
#16482=EDGE_CURVE('',#228,#606,#16485,.T.);
#16483=EDGE_CURVE('',#606,#324,#16486,.T.);
#16484=LINE('',#323,#16487);
#16485=LINE('',#227,#16488);
#16486=LINE('',#605,#16489);
#16487=VECTOR('',#16490,1.0);
#16488=VECTOR('',#16491,1.0);
#16489=VECTOR('',#16492,1.0);
#16490=DIRECTION('',(-0.06095514542074996,-0.9981405062648923,0));
#16491=DIRECTION('',(0,0,1));
#16492=DIRECTION('',(0.0007999311088996531,0.013098871908233285,-0.9999138861246766));
#16493=STYLED_ITEM('',(#18),#16494);
#16494=FACE_SURFACE('',(#16499),#16495,.T.);
#16495=PLANE('',#16496);
#16496=AXIS2_PLACEMENT_3D('',#469,#16497,#16498);
#16497=DIRECTION('',(0.19905992429010297,0.9799873195820538,0));
#16498=DIRECTION('',(0.9799873195820539,-0.199059924290103,0));
#16499=FACE_BOUND('',#16500,.T.);
#16500=EDGE_LOOP('',(#16501,#16502,#16503));
#16501=ORIENTED_EDGE('',*,*,#16504,.T.);
#16502=ORIENTED_EDGE('',*,*,#16505,.T.);
#16503=ORIENTED_EDGE('',*,*,#16506,.T.);
#16504=EDGE_CURVE('',#470,#494,#16507,.F.);
#16505=EDGE_CURVE('',#494,#348,#16508,.T.);
#16506=EDGE_CURVE('',#348,#470,#16509,.T.);
#16507=LINE('',#469,#16510);
#16508=LINE('',#493,#16511);
#16509=LINE('',#347,#16512);
#16510=VECTOR('',#16513,1.0);
#16511=VECTOR('',#16514,1.0);
#16512=VECTOR('',#16515,1.0);
#16513=DIRECTION('',(0.9799873195820539,-0.199059924290103,0));
#16514=DIRECTION('',(-0.01279890829968108,0.0025997782483726975,-0.9999147109125835));
#16515=DIRECTION('',(0,0,1));
#16516=STYLED_ITEM('',(#18),#16517);
#16517=FACE_SURFACE('',(#16522),#16518,.T.);
#16518=PLANE('',#16519);
#16519=AXIS2_PLACEMENT_3D('',#225,#16520,#16521);
#16520=DIRECTION('',(-0.9799873195820538,0.19905992429010297,0));
#16521=DIRECTION('',(0,0,1));
#16522=FACE_BOUND('',#16523,.T.);
#16523=EDGE_LOOP('',(#16524,#16525,#16526));
#16524=ORIENTED_EDGE('',*,*,#16527,.T.);
#16525=ORIENTED_EDGE('',*,*,#16528,.T.);
#16526=ORIENTED_EDGE('',*,*,#16529,.T.);
#16527=EDGE_CURVE('',#226,#604,#16530,.F.);
#16528=EDGE_CURVE('',#604,#228,#16531,.T.);
#16529=EDGE_CURVE('',#228,#226,#16532,.T.);
#16530=LINE('',#225,#16533);
#16531=LINE('',#603,#16534);
#16532=LINE('',#227,#16535);
#16533=VECTOR('',#16536,1.0);
#16534=VECTOR('',#16537,1.0);
#16535=VECTOR('',#16538,1.0);
#16536=DIRECTION('',(0,0,1));
#16537=DIRECTION('',(0.0025997782483726975,0.01279890829968108,-0.9999147109125835));
#16538=DIRECTION('',(-0.199059924290103,-0.9799873195820539,0));
#16539=STYLED_ITEM('',(#18),#16540);
#16540=FACE_SURFACE('',(#16545),#16541,.T.);
#16541=PLANE('',#16542);
#16542=AXIS2_PLACEMENT_3D('',#469,#16543,#16544);
#16543=DIRECTION('',(0.3185018700980786,0.9479222324347218,0));
#16544=DIRECTION('',(0,0,-1));
#16545=FACE_BOUND('',#16546,.T.);
#16546=EDGE_LOOP('',(#16547,#16548,#16549));
#16547=ORIENTED_EDGE('',*,*,#16550,.T.);
#16548=ORIENTED_EDGE('',*,*,#16551,.T.);
#16549=ORIENTED_EDGE('',*,*,#16552,.T.);
#16550=EDGE_CURVE('',#470,#348,#16553,.F.);
#16551=EDGE_CURVE('',#348,#466,#16554,.T.);
#16552=EDGE_CURVE('',#466,#470,#16555,.T.);
#16553=LINE('',#469,#16556);
#16554=LINE('',#347,#16557);
#16555=LINE('',#465,#16558);
#16556=VECTOR('',#16559,1.0);
#16557=VECTOR('',#16560,1.0);
#16558=VECTOR('',#16561,1.0);
#16559=DIRECTION('',(0,0,-1));
#16560=DIRECTION('',(-0.012498913329218835,0.004199634878617687,0.9999130663375068));
#16561=DIRECTION('',(0.9479222324347218,-0.3185018700980786,0));
#16562=STYLED_ITEM('',(#18),#16563);
#16563=FACE_SURFACE('',(#16568),#16564,.T.);
#16564=PLANE('',#16565);
#16565=AXIS2_PLACEMENT_3D('',#385,#16566,#16567);
#16566=DIRECTION('',(0.3185018700980786,0.9479222324347218,-0));
#16567=DIRECTION('',(0,0,1));
#16568=FACE_BOUND('',#16569,.T.);
#16569=EDGE_LOOP('',(#16570,#16571,#16572));
#16570=ORIENTED_EDGE('',*,*,#16573,.T.);
#16571=ORIENTED_EDGE('',*,*,#16574,.T.);
#16572=ORIENTED_EDGE('',*,*,#16575,.T.);
#16573=EDGE_CURVE('',#386,#466,#16576,.F.);
#16574=EDGE_CURVE('',#466,#348,#16577,.T.);
#16575=EDGE_CURVE('',#348,#386,#16578,.T.);
#16576=LINE('',#385,#16579);
#16577=LINE('',#465,#16580);
#16578=LINE('',#347,#16581);
#16579=VECTOR('',#16582,1.0);
#16580=VECTOR('',#16583,1.0);
#16581=VECTOR('',#16584,1.0);
#16582=DIRECTION('',(0,0,1));
#16583=DIRECTION('',(0.012498913329218835,-0.004199634878617687,-0.9999130663375068));
#16584=DIRECTION('',(-0.9479222324347218,0.3185018700980786,0));
#16585=STYLED_ITEM('',(#18),#16586);
#16586=FACE_SURFACE('',(#16591),#16587,.T.);
#16587=PLANE('',#16588);
#16588=AXIS2_PLACEMENT_3D('',#133,#16589,#16590);
#16589=DIRECTION('',(0.4441478841438964,0.8959534904282141,-0));
#16590=DIRECTION('',(0,0,1));
#16591=FACE_BOUND('',#16592,.T.);
#16592=EDGE_LOOP('',(#16593,#16594,#16595));
#16593=ORIENTED_EDGE('',*,*,#16596,.T.);
#16594=ORIENTED_EDGE('',*,*,#16597,.T.);
#16595=ORIENTED_EDGE('',*,*,#16598,.T.);
#16596=EDGE_CURVE('',#134,#434,#16599,.F.);
#16597=EDGE_CURVE('',#434,#386,#16600,.T.);
#16598=EDGE_CURVE('',#386,#134,#16601,.T.);
#16599=LINE('',#133,#16602);
#16600=LINE('',#433,#16603);
#16601=LINE('',#385,#16604);
#16602=VECTOR('',#16605,1.0);
#16603=VECTOR('',#16606,1.0);
#16604=VECTOR('',#16607,1.0);
#16605=DIRECTION('',(0,0,1));
#16606=DIRECTION('',(0.01169900252707257,-0.005799505526241042,-0.9999147459036308));
#16607=DIRECTION('',(-0.8959534904282143,0.44414788414389644,0));
#16608=STYLED_ITEM('',(#18),#16609);
#16609=FACE_SURFACE('',(#16614),#16610,.T.);
#16610=PLANE('',#16611);
#16611=AXIS2_PLACEMENT_3D('',#133,#16612,#16613);
#16612=DIRECTION('',(0.5564580441595975,0.830875709772572,-0));
#16613=DIRECTION('',(-0.830875709772572,0.5564580441595975,0));
#16614=FACE_BOUND('',#16615,.T.);
#16615=EDGE_LOOP('',(#16616,#16617,#16618));
#16616=ORIENTED_EDGE('',*,*,#16619,.T.);
#16617=ORIENTED_EDGE('',*,*,#16620,.T.);
#16618=ORIENTED_EDGE('',*,*,#16621,.T.);
#16619=EDGE_CURVE('',#134,#138,#16622,.F.);
#16620=EDGE_CURVE('',#138,#434,#16623,.T.);
#16621=EDGE_CURVE('',#434,#134,#16624,.T.);
#16622=LINE('',#133,#16625);
#16623=LINE('',#137,#16626);
#16624=LINE('',#433,#16627);
#16625=VECTOR('',#16628,1.0);
#16626=VECTOR('',#16629,1.0);
#16627=VECTOR('',#16630,1.0);
#16628=DIRECTION('',(-0.830875709772572,0.5564580441595975,0));
#16629=DIRECTION('',(0.010899062176047712,-0.007299371916068455,0.999913961105311));
#16630=DIRECTION('',(0,0,-1));
#16631=STYLED_ITEM('',(#18),#16632);
#16632=FACE_SURFACE('',(#16637),#16633,.T.);
#16633=PLANE('',#16634);
#16634=AXIS2_PLACEMENT_3D('',#151,#16635,#16636);
#16635=DIRECTION('',(0.8959534904282128,-0.4441478841438991,0));
#16636=DIRECTION('',(0.005799505526241042,0.011699002527072481,0.9999147459036308));
#16637=FACE_BOUND('',#16638,.T.);
#16638=EDGE_LOOP('',(#16639,#16640,#16641));
#16639=ORIENTED_EDGE('',*,*,#16642,.T.);
#16640=ORIENTED_EDGE('',*,*,#16643,.T.);
#16641=ORIENTED_EDGE('',*,*,#16644,.T.);
#16642=EDGE_CURVE('',#152,#498,#16645,.F.);
#16643=EDGE_CURVE('',#498,#476,#16646,.T.);
#16644=EDGE_CURVE('',#476,#152,#16647,.T.);
#16645=LINE('',#151,#16648);
#16646=LINE('',#497,#16649);
#16647=LINE('',#475,#16650);
#16648=VECTOR('',#16651,1.0);
#16649=VECTOR('',#16652,1.0);
#16650=VECTOR('',#16653,1.0);
#16651=DIRECTION('',(0.005799505526241042,0.011699002527072481,0.9999147459036308));
#16652=DIRECTION('',(-0.44414788414389905,-0.8959534904282127,0));
#16653=DIRECTION('',(0,0,-1));
#16654=STYLED_ITEM('',(#18),#16655);
#16655=FACE_SURFACE('',(#16660),#16656,.T.);
#16656=PLANE('',#16657);
#16657=AXIS2_PLACEMENT_3D('',#157,#16658,#16659);
#16658=DIRECTION('',(0.8308757097725763,-0.5564580441595913,0));
#16659=DIRECTION('',(0,0,1));
#16660=FACE_BOUND('',#16661,.T.);
#16661=EDGE_LOOP('',(#16662,#16663,#16664));
#16662=ORIENTED_EDGE('',*,*,#16665,.T.);
#16663=ORIENTED_EDGE('',*,*,#16666,.T.);
#16664=ORIENTED_EDGE('',*,*,#16667,.T.);
#16665=EDGE_CURVE('',#158,#500,#16668,.F.);
#16666=EDGE_CURVE('',#500,#498,#16669,.T.);
#16667=EDGE_CURVE('',#498,#158,#16670,.T.);
#16668=LINE('',#157,#16671);
#16669=LINE('',#499,#16672);
#16670=LINE('',#497,#16673);
#16671=VECTOR('',#16674,1.0);
#16672=VECTOR('',#16675,1.0);
#16673=VECTOR('',#16676,1.0);
#16674=DIRECTION('',(0,0,1));
#16675=DIRECTION('',(-0.5564580441595913,-0.8308757097725762,0));
#16676=DIRECTION('',(0.007299371916068455,0.010899062176047889,-0.999913961105311));
#16677=STYLED_ITEM('',(#18),#16678);
#16678=FACE_SURFACE('',(#16683),#16679,.T.);
#16679=PLANE('',#16680);
#16680=AXIS2_PLACEMENT_3D('',#435,#16681,#16682);
#16681=DIRECTION('',(0.6558010468760234,0.7549337632642428,0));
#16682=DIRECTION('',(0,0,-1));
#16683=FACE_BOUND('',#16684,.T.);
#16684=EDGE_LOOP('',(#16685,#16686,#16687));
#16685=ORIENTED_EDGE('',*,*,#16688,.T.);
#16686=ORIENTED_EDGE('',*,*,#16689,.T.);
#16687=ORIENTED_EDGE('',*,*,#16690,.T.);
#16688=EDGE_CURVE('',#436,#138,#16691,.F.);
#16689=EDGE_CURVE('',#138,#88,#16692,.T.);
#16690=EDGE_CURVE('',#88,#436,#16693,.T.);
#16691=LINE('',#435,#16694);
#16692=LINE('',#137,#16695);
#16693=LINE('',#87,#16696);
#16694=VECTOR('',#16697,1.0);
#16695=VECTOR('',#16698,1.0);
#16696=VECTOR('',#16699,1.0);
#16697=DIRECTION('',(0,0,-1));
#16698=DIRECTION('',(-0.7549337632642428,0.6558010468760234,0));
#16699=DIRECTION('',(0.009899148858276578,-0.008599260624361662,0.9999140260885412));
#16700=STYLED_ITEM('',(#18),#16701);
#16701=FACE_SURFACE('',(#16706),#16702,.T.);
#16702=PLANE('',#16703);
#16703=AXIS2_PLACEMENT_3D('',#499,#16704,#16705);
#16704=DIRECTION('',(0.7549337632642399,-0.6558010468760267,0));
#16705=DIRECTION('',(0,0,-1));
#16706=FACE_BOUND('',#16707,.T.);
#16707=EDGE_LOOP('',(#16708,#16709,#16710));
#16708=ORIENTED_EDGE('',*,*,#16711,.T.);
#16709=ORIENTED_EDGE('',*,*,#16712,.T.);
#16710=ORIENTED_EDGE('',*,*,#16713,.T.);
#16711=EDGE_CURVE('',#500,#158,#16714,.F.);
#16712=EDGE_CURVE('',#158,#510,#16715,.T.);
#16713=EDGE_CURVE('',#510,#500,#16716,.T.);
#16714=LINE('',#499,#16717);
#16715=LINE('',#157,#16718);
#16716=LINE('',#509,#16719);
#16717=VECTOR('',#16720,1.0);
#16718=VECTOR('',#16721,1.0);
#16719=VECTOR('',#16722,1.0);
#16720=DIRECTION('',(0,0,-1));
#16721=DIRECTION('',(0.008599260624361662,0.00989914885827649,0.9999140260885412));
#16722=DIRECTION('',(-0.6558010468760267,-0.7549337632642399,0));
#16723=STYLED_ITEM('',(#18),#16724);
#16724=FACE_SURFACE('',(#16729),#16725,.T.);
#16725=PLANE('',#16726);
#16726=AXIS2_PLACEMENT_3D('',#549,#16727,#16728);
#16727=DIRECTION('',(-0.4441478841438964,0.8959534904282141,0));
#16728=DIRECTION('',(0,0,-1));
#16729=FACE_BOUND('',#16730,.T.);
#16730=EDGE_LOOP('',(#16731,#16732,#16733));
#16731=ORIENTED_EDGE('',*,*,#16734,.T.);
#16732=ORIENTED_EDGE('',*,*,#16735,.T.);
#16733=ORIENTED_EDGE('',*,*,#16736,.T.);
#16734=EDGE_CURVE('',#550,#274,#16737,.F.);
#16735=EDGE_CURVE('',#274,#236,#16738,.T.);
#16736=EDGE_CURVE('',#236,#550,#16739,.T.);
#16737=LINE('',#549,#16740);
#16738=LINE('',#273,#16741);
#16739=LINE('',#235,#16742);
#16740=VECTOR('',#16743,1.0);
#16741=VECTOR('',#16744,1.0);
#16742=VECTOR('',#16745,1.0);
#16743=DIRECTION('',(0,0,-1));
#16744=DIRECTION('',(-0.8959534904282143,-0.44414788414389644,0));
#16745=DIRECTION('',(0.01169900252707257,0.005799505526241042,0.9999147459036308));
#16746=STYLED_ITEM('',(#18),#16747);
#16747=FACE_SURFACE('',(#16752),#16748,.T.);
#16748=PLANE('',#16749);
#16749=AXIS2_PLACEMENT_3D('',#755,#16750,#16751);
#16750=DIRECTION('',(0.6558010468760156,-0.7549337632642494,0));
#16751=DIRECTION('',(0,0,1));
#16752=FACE_BOUND('',#16753,.T.);
#16753=EDGE_LOOP('',(#16754,#16755,#16756));
#16754=ORIENTED_EDGE('',*,*,#16757,.T.);
#16755=ORIENTED_EDGE('',*,*,#16758,.T.);
#16756=ORIENTED_EDGE('',*,*,#16759,.T.);
#16757=EDGE_CURVE('',#756,#512,#16760,.F.);
#16758=EDGE_CURVE('',#512,#510,#16761,.T.);
#16759=EDGE_CURVE('',#510,#756,#16762,.T.);
#16760=LINE('',#755,#16763);
#16761=LINE('',#511,#16764);
#16762=LINE('',#509,#16765);
#16763=VECTOR('',#16766,1.0);
#16764=VECTOR('',#16767,1.0);
#16765=VECTOR('',#16768,1.0);
#16766=DIRECTION('',(0,0,1));
#16767=DIRECTION('',(-0.7549337632642495,-0.6558010468760157,0));
#16768=DIRECTION('',(0.009899148858276578,0.008599260624361484,-0.9999140260885412));
#16769=STYLED_ITEM('',(#18),#16770);
#16770=FACE_SURFACE('',(#16775),#16771,.T.);
#16771=PLANE('',#16772);
#16772=AXIS2_PLACEMENT_3D('',#511,#16773,#16774);
#16773=DIRECTION('',(0.5564580441596162,-0.8308757097725595,0));
#16774=DIRECTION('',(0,0,-1));
#16775=FACE_BOUND('',#16776,.T.);
#16776=EDGE_LOOP('',(#16777,#16778,#16779));
#16777=ORIENTED_EDGE('',*,*,#16780,.T.);
#16778=ORIENTED_EDGE('',*,*,#16781,.T.);
#16779=ORIENTED_EDGE('',*,*,#16782,.T.);
#16780=EDGE_CURVE('',#512,#756,#16783,.F.);
#16781=EDGE_CURVE('',#756,#532,#16784,.T.);
#16782=EDGE_CURVE('',#532,#512,#16785,.T.);
#16783=LINE('',#511,#16786);
#16784=LINE('',#755,#16787);
#16785=LINE('',#531,#16788);
#16786=VECTOR('',#16789,1.0);
#16787=VECTOR('',#16790,1.0);
#16788=VECTOR('',#16791,1.0);
#16789=DIRECTION('',(0,0,-1));
#16790=DIRECTION('',(0.010899062176047712,0.007299371916068811,0.999913961105311));
#16791=DIRECTION('',(-0.8308757097725595,-0.5564580441596162,0));
#16792=STYLED_ITEM('',(#18),#16793);
#16793=FACE_SURFACE('',(#16798),#16794,.T.);
#16794=PLANE('',#16795);
#16795=AXIS2_PLACEMENT_3D('',#759,#16796,#16797);
#16796=DIRECTION('',(0.5564580441596162,-0.8308757097725595,0));
#16797=DIRECTION('',(0,0,1));
#16798=FACE_BOUND('',#16799,.T.);
#16799=EDGE_LOOP('',(#16800,#16801,#16802));
#16800=ORIENTED_EDGE('',*,*,#16803,.T.);
#16801=ORIENTED_EDGE('',*,*,#16804,.T.);
#16802=ORIENTED_EDGE('',*,*,#16805,.T.);
#16803=EDGE_CURVE('',#760,#532,#16806,.F.);
#16804=EDGE_CURVE('',#532,#756,#16807,.T.);
#16805=EDGE_CURVE('',#756,#760,#16808,.T.);
#16806=LINE('',#759,#16809);
#16807=LINE('',#531,#16810);
#16808=LINE('',#755,#16811);
#16809=VECTOR('',#16812,1.0);
#16810=VECTOR('',#16813,1.0);
#16811=VECTOR('',#16814,1.0);
#16812=DIRECTION('',(0,0,1));
#16813=DIRECTION('',(-0.010899062176047712,-0.007299371916068811,-0.999913961105311));
#16814=DIRECTION('',(0.8308757097725595,0.5564580441596162,0));
#16815=STYLED_ITEM('',(#18),#16816);
#16816=FACE_SURFACE('',(#16821),#16817,.T.);
#16817=PLANE('',#16818);
#16818=AXIS2_PLACEMENT_3D('',#645,#16819,#16820);
#16819=DIRECTION('',(-0.3185018700980786,0.9479222324347218,0));
#16820=DIRECTION('',(0.012498913329218835,0.004199634878617687,-0.9999130663375068));
#16821=FACE_BOUND('',#16822,.T.);
#16822=EDGE_LOOP('',(#16823,#16824,#16825));
#16823=ORIENTED_EDGE('',*,*,#16826,.T.);
#16824=ORIENTED_EDGE('',*,*,#16827,.T.);
#16825=ORIENTED_EDGE('',*,*,#16828,.T.);
#16826=EDGE_CURVE('',#646,#236,#16829,.F.);
#16827=EDGE_CURVE('',#236,#238,#16830,.T.);
#16828=EDGE_CURVE('',#238,#646,#16831,.T.);
#16829=LINE('',#645,#16832);
#16830=LINE('',#235,#16833);
#16831=LINE('',#237,#16834);
#16832=VECTOR('',#16835,1.0);
#16833=VECTOR('',#16836,1.0);
#16834=VECTOR('',#16837,1.0);
#16835=DIRECTION('',(0.012498913329218835,0.004199634878617687,-0.9999130663375068));
#16836=DIRECTION('',(-0.9479222324347218,-0.3185018700980786,0));
#16837=DIRECTION('',(0,0,1));
#16838=STYLED_ITEM('',(#18),#16839);
#16839=FACE_SURFACE('',(#16844),#16840,.T.);
#16840=PLANE('',#16841);
#16841=AXIS2_PLACEMENT_3D('',#505,#16842,#16843);
#16842=DIRECTION('',(0.4441478841438964,-0.8959534904282141,0));
#16843=DIRECTION('',(-0.8959534904282143,-0.44414788414389644,0));
#16844=FACE_BOUND('',#16845,.T.);
#16845=EDGE_LOOP('',(#16846,#16847,#16848));
#16846=ORIENTED_EDGE('',*,*,#16849,.T.);
#16847=ORIENTED_EDGE('',*,*,#16850,.T.);
#16848=ORIENTED_EDGE('',*,*,#16851,.T.);
#16849=EDGE_CURVE('',#506,#532,#16852,.F.);
#16850=EDGE_CURVE('',#532,#760,#16853,.T.);
#16851=EDGE_CURVE('',#760,#506,#16854,.T.);
#16852=LINE('',#505,#16855);
#16853=LINE('',#531,#16856);
#16854=LINE('',#759,#16857);
#16855=VECTOR('',#16858,1.0);
#16856=VECTOR('',#16859,1.0);
#16857=VECTOR('',#16860,1.0);
#16858=DIRECTION('',(-0.8959534904282143,-0.44414788414389644,0));
#16859=DIRECTION('',(0,0,-1));
#16860=DIRECTION('',(0.01169900252707257,0.005799505526241042,0.9999147459036308));
#16861=STYLED_ITEM('',(#18),#16862);
#16862=FACE_SURFACE('',(#16867),#16863,.T.);
#16863=PLANE('',#16864);
#16864=AXIS2_PLACEMENT_3D('',#645,#16865,#16866);
#16865=DIRECTION('',(-0.19905992429010297,0.9799873195820538,0));
#16866=DIRECTION('',(0,0,-1));
#16867=FACE_BOUND('',#16868,.T.);
#16868=EDGE_LOOP('',(#16869,#16870,#16871));
#16869=ORIENTED_EDGE('',*,*,#16872,.T.);
#16870=ORIENTED_EDGE('',*,*,#16873,.T.);
#16871=ORIENTED_EDGE('',*,*,#16874,.T.);
#16872=EDGE_CURVE('',#646,#238,#16875,.F.);
#16873=EDGE_CURVE('',#238,#488,#16876,.T.);
#16874=EDGE_CURVE('',#488,#646,#16877,.T.);
#16875=LINE('',#645,#16878);
#16876=LINE('',#237,#16879);
#16877=LINE('',#487,#16880);
#16878=VECTOR('',#16881,1.0);
#16879=VECTOR('',#16882,1.0);
#16880=VECTOR('',#16883,1.0);
#16881=DIRECTION('',(0,0,-1));
#16882=DIRECTION('',(-0.01279890829968108,-0.0025997782483726975,0.9999147109125835));
#16883=DIRECTION('',(0.9799873195820539,0.199059924290103,0));
#16884=STYLED_ITEM('',(#18),#16885);
#16885=FACE_SURFACE('',(#16890),#16886,.T.);
#16886=PLANE('',#16887);
#16887=AXIS2_PLACEMENT_3D('',#355,#16888,#16889);
#16888=DIRECTION('',(-0.19905992429010297,0.9799873195820538,0));
#16889=DIRECTION('',(0,0,1));
#16890=FACE_BOUND('',#16891,.T.);
#16891=EDGE_LOOP('',(#16892,#16893,#16894));
#16892=ORIENTED_EDGE('',*,*,#16895,.T.);
#16893=ORIENTED_EDGE('',*,*,#16896,.T.);
#16894=ORIENTED_EDGE('',*,*,#16897,.T.);
#16895=EDGE_CURVE('',#356,#488,#16898,.F.);
#16896=EDGE_CURVE('',#488,#238,#16899,.T.);
#16897=EDGE_CURVE('',#238,#356,#16900,.T.);
#16898=LINE('',#355,#16901);
#16899=LINE('',#487,#16902);
#16900=LINE('',#237,#16903);
#16901=VECTOR('',#16904,1.0);
#16902=VECTOR('',#16905,1.0);
#16903=VECTOR('',#16906,1.0);
#16904=DIRECTION('',(0,0,1));
#16905=DIRECTION('',(0.01279890829968108,0.0025997782483726975,-0.9999147109125835));
#16906=DIRECTION('',(-0.9799873195820539,-0.199059924290103,0));
#16907=STYLED_ITEM('',(#18),#16908);
#16908=FACE_SURFACE('',(#16913),#16909,.T.);
#16909=PLANE('',#16910);
#16910=AXIS2_PLACEMENT_3D('',#101,#16911,#16912);
#16911=DIRECTION('',(0.19905992429010297,-0.9799873195820538,0));
#16912=DIRECTION('',(0,0,1));
#16913=FACE_BOUND('',#16914,.T.);
#16914=EDGE_LOOP('',(#16915,#16916,#16917));
#16915=ORIENTED_EDGE('',*,*,#16918,.T.);
#16916=ORIENTED_EDGE('',*,*,#16919,.T.);
#16917=ORIENTED_EDGE('',*,*,#16920,.T.);
#16918=EDGE_CURVE('',#102,#548,#16921,.F.);
#16919=EDGE_CURVE('',#548,#504,#16922,.T.);
#16920=EDGE_CURVE('',#504,#102,#16923,.T.);
#16921=LINE('',#101,#16924);
#16922=LINE('',#547,#16925);
#16923=LINE('',#503,#16926);
#16924=VECTOR('',#16927,1.0);
#16925=VECTOR('',#16928,1.0);
#16926=VECTOR('',#16929,1.0);
#16927=DIRECTION('',(0,0,1));
#16928=DIRECTION('',(-0.9799873195820539,-0.199059924290103,0));
#16929=DIRECTION('',(0.01279890829968108,0.0025997782483726975,-0.9999147109125835));
#16930=STYLED_ITEM('',(#18),#16931);
#16931=FACE_SURFACE('',(#16936),#16932,.T.);
#16932=PLANE('',#16933);
#16933=AXIS2_PLACEMENT_3D('',#487,#16934,#16935);
#16934=DIRECTION('',(-0.06854072423084488,0.9976483193600395,0));
#16935=DIRECTION('',(0,0,-1));
#16936=FACE_BOUND('',#16937,.T.);
#16937=EDGE_LOOP('',(#16938,#16939,#16940));
#16938=ORIENTED_EDGE('',*,*,#16941,.T.);
#16939=ORIENTED_EDGE('',*,*,#16942,.T.);
#16940=ORIENTED_EDGE('',*,*,#16943,.T.);
#16941=EDGE_CURVE('',#488,#356,#16944,.F.);
#16942=EDGE_CURVE('',#356,#354,#16945,.T.);
#16943=EDGE_CURVE('',#354,#488,#16946,.T.);
#16944=LINE('',#487,#16947);
#16945=LINE('',#355,#16948);
#16946=LINE('',#353,#16949);
#16947=VECTOR('',#16950,1.0);
#16948=VECTOR('',#16951,1.0);
#16949=VECTOR('',#16952,1.0);
#16950=DIRECTION('',(0,0,-1));
#16951=DIRECTION('',(-0.9976483193600396,-0.0685407242308449,0));
#16952=DIRECTION('',(0.013098870795021067,0.0008999224210320142,0.9999138011466445));
#16953=STYLED_ITEM('',(#18),#16954);
#16954=FACE_SURFACE('',(#16959),#16955,.T.);
#16955=PLANE('',#16956);
#16956=AXIS2_PLACEMENT_3D('',#543,#16957,#16958);
#16957=DIRECTION('',(0.060955145420756696,-0.9981405062648917,0));
#16958=DIRECTION('',(-0.9981405062648918,-0.060955145420756696,0));
#16959=FACE_BOUND('',#16960,.T.);
#16960=EDGE_LOOP('',(#16961,#16962,#16963));
#16961=ORIENTED_EDGE('',*,*,#16964,.T.);
#16962=ORIENTED_EDGE('',*,*,#16965,.T.);
#16963=ORIENTED_EDGE('',*,*,#16966,.T.);
#16964=EDGE_CURVE('',#544,#548,#16967,.F.);
#16965=EDGE_CURVE('',#548,#102,#16968,.T.);
#16966=EDGE_CURVE('',#102,#544,#16969,.T.);
#16967=LINE('',#543,#16970);
#16968=LINE('',#547,#16971);
#16969=LINE('',#101,#16972);
#16970=VECTOR('',#16973,1.0);
#16971=VECTOR('',#16974,1.0);
#16972=VECTOR('',#16975,1.0);
#16973=DIRECTION('',(-0.9981405062648918,-0.060955145420756696,0));
#16974=DIRECTION('',(0,0,-1));
#16975=DIRECTION('',(0.013098871908233285,0.0007999311088997419,0.9999138861246766));
#16976=STYLED_ITEM('',(#18),#16977);
#16977=FACE_SURFACE('',(#16982),#16978,.T.);
#16978=PLANE('',#16979);
#16979=AXIS2_PLACEMENT_3D('',#107,#16980,#16981);
#16980=DIRECTION('',(-0.060955145420756696,-0.9981405062648917,0));
#16981=DIRECTION('',(0,0,1));
#16982=FACE_BOUND('',#16983,.T.);
#16983=EDGE_LOOP('',(#16984,#16985,#16986));
#16984=ORIENTED_EDGE('',*,*,#16987,.T.);
#16985=ORIENTED_EDGE('',*,*,#16988,.T.);
#16986=ORIENTED_EDGE('',*,*,#16989,.T.);
#16987=EDGE_CURVE('',#108,#618,#16990,.F.);
#16988=EDGE_CURVE('',#618,#544,#16991,.T.);
#16989=EDGE_CURVE('',#544,#108,#16992,.T.);
#16990=LINE('',#107,#16993);
#16991=LINE('',#617,#16994);
#16992=LINE('',#543,#16995);
#16993=VECTOR('',#16996,1.0);
#16994=VECTOR('',#16997,1.0);
#16995=VECTOR('',#16998,1.0);
#16996=DIRECTION('',(0,0,1));
#16997=DIRECTION('',(-0.9981405062648918,0.060955145420756696,0));
#16998=DIRECTION('',(0.013098871908233285,-0.0007999311088997419,-0.9999138861246766));
#16999=STYLED_ITEM('',(#18),#17000);
#17000=FACE_SURFACE('',(#17005),#17001,.T.);
#17001=PLANE('',#17002);
#17002=AXIS2_PLACEMENT_3D('',#515,#17003,#17004);
#17003=DIRECTION('',(-0.9479222324347218,-0.3185018700980786,-0));
#17004=DIRECTION('',(0,0,-1));
#17005=FACE_BOUND('',#17006,.T.);
#17006=EDGE_LOOP('',(#17007,#17008,#17009));
#17007=ORIENTED_EDGE('',*,*,#17010,.T.);
#17008=ORIENTED_EDGE('',*,*,#17011,.T.);
#17009=ORIENTED_EDGE('',*,*,#17012,.T.);
#17010=EDGE_CURVE('',#516,#330,#17013,.F.);
#17011=EDGE_CURVE('',#330,#400,#17014,.T.);
#17012=EDGE_CURVE('',#400,#516,#17015,.T.);
#17013=LINE('',#515,#17016);
#17014=LINE('',#329,#17017);
#17015=LINE('',#399,#17018);
#17016=VECTOR('',#17019,1.0);
#17017=VECTOR('',#17020,1.0);
#17018=VECTOR('',#17021,1.0);
#17019=DIRECTION('',(0,0,-1));
#17020=DIRECTION('',(0.004199634878617687,-0.012498913329218835,0.9999130663375068));
#17021=DIRECTION('',(-0.3185018700980786,0.9479222324347218,0));
#17022=STYLED_ITEM('',(#18),#17023);
#17023=FACE_SURFACE('',(#17028),#17024,.T.);
#17024=PLANE('',#17025);
#17025=AXIS2_PLACEMENT_3D('',#617,#17026,#17027);
#17026=DIRECTION('',(-0.19905992429010297,-0.9799873195820538,-0));
#17027=DIRECTION('',(0,0,-1));
#17028=FACE_BOUND('',#17029,.T.);
#17029=EDGE_LOOP('',(#17030,#17031,#17032));
#17030=ORIENTED_EDGE('',*,*,#17033,.T.);
#17031=ORIENTED_EDGE('',*,*,#17034,.T.);
#17032=ORIENTED_EDGE('',*,*,#17035,.T.);
#17033=EDGE_CURVE('',#618,#108,#17036,.F.);
#17034=EDGE_CURVE('',#108,#560,#17037,.T.);
#17035=EDGE_CURVE('',#560,#618,#17038,.T.);
#17036=LINE('',#617,#17039);
#17037=LINE('',#107,#17040);
#17038=LINE('',#559,#17041);
#17039=VECTOR('',#17042,1.0);
#17040=VECTOR('',#17043,1.0);
#17041=VECTOR('',#17044,1.0);
#17042=DIRECTION('',(0,0,-1));
#17043=DIRECTION('',(0.01279890829968108,-0.0025997782483726975,0.9999147109125835));
#17044=DIRECTION('',(-0.9799873195820539,0.199059924290103,0));
#17045=STYLED_ITEM('',(#18),#17046);
#17046=FACE_SURFACE('',(#17051),#17047,.T.);
#17047=PLANE('',#17048);
#17048=AXIS2_PLACEMENT_3D('',#143,#17049,#17050);
#17049=DIRECTION('',(-0.19905992429010297,-0.9799873195820538,0));
#17050=DIRECTION('',(0,0,1));
#17051=FACE_BOUND('',#17052,.T.);
#17052=EDGE_LOOP('',(#17053,#17054,#17055));
#17053=ORIENTED_EDGE('',*,*,#17056,.T.);
#17054=ORIENTED_EDGE('',*,*,#17057,.T.);
#17055=ORIENTED_EDGE('',*,*,#17058,.T.);
#17056=EDGE_CURVE('',#144,#560,#17059,.F.);
#17057=EDGE_CURVE('',#560,#108,#17060,.T.);
#17058=EDGE_CURVE('',#108,#144,#17061,.T.);
#17059=LINE('',#143,#17062);
#17060=LINE('',#559,#17063);
#17061=LINE('',#107,#17064);
#17062=VECTOR('',#17065,1.0);
#17063=VECTOR('',#17066,1.0);
#17064=VECTOR('',#17067,1.0);
#17065=DIRECTION('',(0,0,1));
#17066=DIRECTION('',(-0.01279890829968108,0.0025997782483726975,-0.9999147109125835));
#17067=DIRECTION('',(0.9799873195820539,-0.199059924290103,0));
#17068=STYLED_ITEM('',(#18),#17069);
#17069=FACE_SURFACE('',(#17074),#17070,.T.);
#17070=PLANE('',#17071);
#17071=AXIS2_PLACEMENT_3D('',#559,#17072,#17073);
#17072=DIRECTION('',(-0.31850187009806646,-0.9479222324347258,-0));
#17073=DIRECTION('',(0,0,-1));
#17074=FACE_BOUND('',#17075,.T.);
#17075=EDGE_LOOP('',(#17076,#17077,#17078));
#17076=ORIENTED_EDGE('',*,*,#17079,.T.);
#17077=ORIENTED_EDGE('',*,*,#17080,.T.);
#17078=ORIENTED_EDGE('',*,*,#17081,.T.);
#17079=EDGE_CURVE('',#560,#144,#17082,.F.);
#17080=EDGE_CURVE('',#144,#556,#17083,.T.);
#17081=EDGE_CURVE('',#556,#560,#17084,.T.);
#17082=LINE('',#559,#17085);
#17083=LINE('',#143,#17086);
#17084=LINE('',#555,#17087);
#17085=VECTOR('',#17088,1.0);
#17086=VECTOR('',#17089,1.0);
#17087=VECTOR('',#17090,1.0);
#17088=DIRECTION('',(0,0,-1));
#17089=DIRECTION('',(0.012498913329218835,-0.00419963487861751,0.9999130663375068));
#17090=DIRECTION('',(-0.9479222324347258,0.31850187009806646,0));
#17091=STYLED_ITEM('',(#18),#17092);
#17092=FACE_SURFACE('',(#17097),#17093,.T.);
#17093=PLANE('',#17094);
#17094=AXIS2_PLACEMENT_3D('',#111,#17095,#17096);
#17095=DIRECTION('',(-0.31850187009806646,-0.9479222324347258,0));
#17096=DIRECTION('',(0,0,1));
#17097=FACE_BOUND('',#17098,.T.);
#17098=EDGE_LOOP('',(#17099,#17100,#17101));
#17099=ORIENTED_EDGE('',*,*,#17102,.T.);
#17100=ORIENTED_EDGE('',*,*,#17103,.T.);
#17101=ORIENTED_EDGE('',*,*,#17104,.T.);
#17102=EDGE_CURVE('',#112,#556,#17105,.F.);
#17103=EDGE_CURVE('',#556,#144,#17106,.T.);
#17104=EDGE_CURVE('',#144,#112,#17107,.T.);
#17105=LINE('',#111,#17108);
#17106=LINE('',#555,#17109);
#17107=LINE('',#143,#17110);
#17108=VECTOR('',#17111,1.0);
#17109=VECTOR('',#17112,1.0);
#17110=VECTOR('',#17113,1.0);
#17111=DIRECTION('',(0,0,1));
#17112=DIRECTION('',(-0.012498913329218835,0.00419963487861751,-0.9999130663375068));
#17113=DIRECTION('',(0.9479222324347258,-0.31850187009806646,0));
#17114=STYLED_ITEM('',(#18),#17115);
#17115=FACE_SURFACE('',(#17120),#17116,.T.);
#17116=PLANE('',#17117);
#17117=AXIS2_PLACEMENT_3D('',#251,#17118,#17119);
#17118=DIRECTION('',(-0.9799873195820538,-0.19905992429010297,0));
#17119=DIRECTION('',(0.199059924290103,-0.9799873195820539,0));
#17120=FACE_BOUND('',#17121,.T.);
#17121=EDGE_LOOP('',(#17122,#17123,#17124));
#17122=ORIENTED_EDGE('',*,*,#17125,.T.);
#17123=ORIENTED_EDGE('',*,*,#17126,.T.);
#17124=ORIENTED_EDGE('',*,*,#17127,.T.);
#17125=EDGE_CURVE('',#252,#340,#17128,.F.);
#17126=EDGE_CURVE('',#340,#400,#17129,.T.);
#17127=EDGE_CURVE('',#400,#252,#17130,.T.);
#17128=LINE('',#251,#17131);
#17129=LINE('',#339,#17132);
#17130=LINE('',#399,#17133);
#17131=VECTOR('',#17134,1.0);
#17132=VECTOR('',#17135,1.0);
#17133=VECTOR('',#17136,1.0);
#17134=DIRECTION('',(0.199059924290103,-0.9799873195820539,0));
#17135=DIRECTION('',(-0.0025997782483726975,0.01279890829968108,0.9999147109125835));
#17136=DIRECTION('',(0,0,-1));
#17137=STYLED_ITEM('',(#18),#17138);
#17138=FACE_SURFACE('',(#17143),#17139,.T.);
#17139=PLANE('',#17140);
#17140=AXIS2_PLACEMENT_3D('',#111,#17141,#17142);
#17141=DIRECTION('',(-0.4441478841438964,-0.8959534904282141,0));
#17142=DIRECTION('',(0.01169900252707257,-0.005799505526241042,0.9999147459036308));
#17143=FACE_BOUND('',#17144,.T.);
#17144=EDGE_LOOP('',(#17145,#17146,#17147));
#17145=ORIENTED_EDGE('',*,*,#17148,.T.);
#17146=ORIENTED_EDGE('',*,*,#17149,.T.);
#17147=ORIENTED_EDGE('',*,*,#17150,.T.);
#17148=EDGE_CURVE('',#112,#562,#17151,.F.);
#17149=EDGE_CURVE('',#562,#556,#17152,.T.);
#17150=EDGE_CURVE('',#556,#112,#17153,.T.);
#17151=LINE('',#111,#17154);
#17152=LINE('',#561,#17155);
#17153=LINE('',#555,#17156);
#17154=VECTOR('',#17157,1.0);
#17155=VECTOR('',#17158,1.0);
#17156=VECTOR('',#17159,1.0);
#17157=DIRECTION('',(0.01169900252707257,-0.005799505526241042,0.9999147459036308));
#17158=DIRECTION('',(-0.8959534904282143,0.44414788414389644,0));
#17159=DIRECTION('',(0,0,-1));
#17160=STYLED_ITEM('',(#18),#17161);
#17161=FACE_SURFACE('',(#17166),#17162,.T.);
#17162=PLANE('',#17163);
#17163=AXIS2_PLACEMENT_3D('',#339,#17164,#17165);
#17164=DIRECTION('',(-0.9981405062648923,-0.06095514542074996,0));
#17165=DIRECTION('',(0.06095514542074996,-0.9981405062648923,0));
#17166=FACE_BOUND('',#17167,.T.);
#17167=EDGE_LOOP('',(#17168,#17169,#17170));
#17168=ORIENTED_EDGE('',*,*,#17171,.T.);
#17169=ORIENTED_EDGE('',*,*,#17172,.T.);
#17170=ORIENTED_EDGE('',*,*,#17173,.T.);
#17171=EDGE_CURVE('',#340,#336,#17174,.F.);
#17172=EDGE_CURVE('',#336,#406,#17175,.T.);
#17173=EDGE_CURVE('',#406,#340,#17176,.T.);
#17174=LINE('',#339,#17177);
#17175=LINE('',#335,#17178);
#17176=LINE('',#405,#17179);
#17177=VECTOR('',#17180,1.0);
#17178=VECTOR('',#17181,1.0);
#17179=VECTOR('',#17182,1.0);
#17180=DIRECTION('',(0.06095514542074996,-0.9981405062648923,0));
#17181=DIRECTION('',(-0.0007999311088996531,0.013098871908233285,0.9999138861246766));
#17182=DIRECTION('',(0,0,-1));
#17183=STYLED_ITEM('',(#18),#17184);
#17184=FACE_SURFACE('',(#17189),#17185,.T.);
#17185=PLANE('',#17186);
#17186=AXIS2_PLACEMENT_3D('',#457,#17187,#17188);
#17187=DIRECTION('',(-0.7549337632642399,-0.6558010468760267,-0));
#17188=DIRECTION('',(-0.6558010468760267,0.7549337632642399,0));
#17189=FACE_BOUND('',#17190,.T.);
#17190=EDGE_LOOP('',(#17191,#17192,#17193));
#17191=ORIENTED_EDGE('',*,*,#17194,.T.);
#17192=ORIENTED_EDGE('',*,*,#17195,.T.);
#17193=ORIENTED_EDGE('',*,*,#17196,.T.);
#17194=EDGE_CURVE('',#458,#422,#17197,.F.);
#17195=EDGE_CURVE('',#422,#124,#17198,.T.);
#17196=EDGE_CURVE('',#124,#458,#17199,.T.);
#17197=LINE('',#457,#17200);
#17198=LINE('',#421,#17201);
#17199=LINE('',#123,#17202);
#17200=VECTOR('',#17203,1.0);
#17201=VECTOR('',#17204,1.0);
#17202=VECTOR('',#17205,1.0);
#17203=DIRECTION('',(-0.6558010468760267,0.7549337632642399,0));
#17204=DIRECTION('',(0.008599260624361662,-0.00989914885827649,-0.9999140260885412));
#17205=DIRECTION('',(0,0,1));
#17206=STYLED_ITEM('',(#18),#17207);
#17207=FACE_SURFACE('',(#17212),#17208,.T.);
#17208=PLANE('',#17209);
#17209=AXIS2_PLACEMENT_3D('',#127,#17210,#17211);
#17210=DIRECTION('',(-0.8308757097725763,-0.5564580441595913,0));
#17211=DIRECTION('',(0,0,1));
#17212=FACE_BOUND('',#17213,.T.);
#17213=EDGE_LOOP('',(#17214,#17215,#17216));
#17214=ORIENTED_EDGE('',*,*,#17217,.T.);
#17215=ORIENTED_EDGE('',*,*,#17218,.T.);
#17216=ORIENTED_EDGE('',*,*,#17219,.T.);
#17217=EDGE_CURVE('',#128,#454,#17220,.F.);
#17218=EDGE_CURVE('',#454,#124,#17221,.T.);
#17219=EDGE_CURVE('',#124,#128,#17222,.T.);
#17220=LINE('',#127,#17223);
#17221=LINE('',#453,#17224);
#17222=LINE('',#123,#17225);
#17223=VECTOR('',#17226,1.0);
#17224=VECTOR('',#17227,1.0);
#17225=VECTOR('',#17228,1.0);
#17226=DIRECTION('',(0,0,1));
#17227=DIRECTION('',(-0.007299371916068455,0.010899062176047889,-0.999913961105311));
#17228=DIRECTION('',(0.5564580441595913,-0.8308757097725762,0));
#17229=STYLED_ITEM('',(#18),#17230);
#17230=FACE_SURFACE('',(#17235),#17231,.T.);
#17231=PLANE('',#17232);
#17232=AXIS2_PLACEMENT_3D('',#457,#17233,#17234);
#17233=DIRECTION('',(-0.8308757097725763,-0.5564580441595913,-0));
#17234=DIRECTION('',(0,0,-1));
#17235=FACE_BOUND('',#17236,.T.);
#17236=EDGE_LOOP('',(#17237,#17238,#17239));
#17237=ORIENTED_EDGE('',*,*,#17240,.T.);
#17238=ORIENTED_EDGE('',*,*,#17241,.T.);
#17239=ORIENTED_EDGE('',*,*,#17242,.T.);
#17240=EDGE_CURVE('',#458,#124,#17243,.F.);
#17241=EDGE_CURVE('',#124,#454,#17244,.T.);
#17242=EDGE_CURVE('',#454,#458,#17245,.T.);
#17243=LINE('',#457,#17246);
#17244=LINE('',#123,#17247);
#17245=LINE('',#453,#17248);
#17246=VECTOR('',#17249,1.0);
#17247=VECTOR('',#17250,1.0);
#17248=VECTOR('',#17251,1.0);
#17249=DIRECTION('',(0,0,-1));
#17250=DIRECTION('',(0.007299371916068455,-0.010899062176047889,0.999913961105311));
#17251=DIRECTION('',(-0.5564580441595913,0.8308757097725762,0));
#17252=STYLED_ITEM('',(#18),#17253);
#17253=FACE_SURFACE('',(#17258),#17254,.T.);
#17254=PLANE('',#17255);
#17255=AXIS2_PLACEMENT_3D('',#127,#17256,#17257);
#17256=DIRECTION('',(-0.8959534904282128,-0.4441478841438991,0));
#17257=DIRECTION('',(0.44414788414389905,-0.8959534904282127,0));
#17258=FACE_BOUND('',#17259,.T.);
#17259=EDGE_LOOP('',(#17260,#17261,#17262));
#17260=ORIENTED_EDGE('',*,*,#17263,.T.);
#17261=ORIENTED_EDGE('',*,*,#17264,.T.);
#17262=ORIENTED_EDGE('',*,*,#17265,.T.);
#17263=EDGE_CURVE('',#128,#130,#17266,.F.);
#17264=EDGE_CURVE('',#130,#454,#17267,.T.);
#17265=EDGE_CURVE('',#454,#128,#17268,.T.);
#17266=LINE('',#127,#17269);
#17267=LINE('',#129,#17270);
#17268=LINE('',#453,#17271);
#17269=VECTOR('',#17272,1.0);
#17270=VECTOR('',#17273,1.0);
#17271=VECTOR('',#17274,1.0);
#17272=DIRECTION('',(0.44414788414389905,-0.8959534904282127,0));
#17273=DIRECTION('',(-0.005799505526241042,0.011699002527072481,0.9999147459036308));
#17274=DIRECTION('',(0,0,-1));
#17275=STYLED_ITEM('',(#18),#17276);
#17276=FACE_SURFACE('',(#17281),#17277,.T.);
#17277=PLANE('',#17278);
#17278=AXIS2_PLACEMENT_3D('',#517,#17279,#17280);
#17279=DIRECTION('',(-0.9479222324347218,0.3185018700980786,0));
#17280=DIRECTION('',(0,0,-1));
#17281=FACE_BOUND('',#17282,.T.);
#17282=EDGE_LOOP('',(#17283,#17284,#17285));
#17283=ORIENTED_EDGE('',*,*,#17286,.T.);
#17284=ORIENTED_EDGE('',*,*,#17287,.T.);
#17285=ORIENTED_EDGE('',*,*,#17288,.T.);
#17286=EDGE_CURVE('',#518,#64,#17289,.F.);
#17287=EDGE_CURVE('',#64,#68,#17290,.T.);
#17288=EDGE_CURVE('',#68,#518,#17291,.T.);
#17289=LINE('',#517,#17292);
#17290=LINE('',#63,#17293);
#17291=LINE('',#67,#17294);
#17292=VECTOR('',#17295,1.0);
#17293=VECTOR('',#17296,1.0);
#17294=VECTOR('',#17297,1.0);
#17295=DIRECTION('',(0,0,-1));
#17296=DIRECTION('',(-0.3185018700980786,-0.9479222324347218,0));
#17297=DIRECTION('',(0.004199634878617687,0.012498913329218835,0.9999130663375068));
#17298=STYLED_ITEM('',(#18),#17299);
#17299=FACE_SURFACE('',(#17304),#17300,.T.);
#17300=PLANE('',#17301);
#17301=AXIS2_PLACEMENT_3D('',#449,#17302,#17303);
#17302=DIRECTION('',(-0.9479222324347218,-0.3185018700980786,-0));
#17303=DIRECTION('',(0,0,-1));
#17304=FACE_BOUND('',#17305,.T.);
#17305=EDGE_LOOP('',(#17306,#17307,#17308));
#17306=ORIENTED_EDGE('',*,*,#17309,.T.);
#17307=ORIENTED_EDGE('',*,*,#17310,.T.);
#17308=ORIENTED_EDGE('',*,*,#17311,.T.);
#17309=EDGE_CURVE('',#450,#130,#17312,.F.);
#17310=EDGE_CURVE('',#130,#432,#17313,.T.);
#17311=EDGE_CURVE('',#432,#450,#17314,.T.);
#17312=LINE('',#449,#17315);
#17313=LINE('',#129,#17316);
#17314=LINE('',#431,#17317);
#17315=VECTOR('',#17318,1.0);
#17316=VECTOR('',#17319,1.0);
#17317=VECTOR('',#17320,1.0);
#17318=DIRECTION('',(0,0,-1));
#17319=DIRECTION('',(0.004199634878617687,-0.012498913329218835,0.9999130663375068));
#17320=DIRECTION('',(-0.3185018700980786,0.9479222324347218,0));
#17321=STYLED_ITEM('',(#18),#17322);
#17322=FACE_SURFACE('',(#17327),#17323,.T.);
#17323=PLANE('',#17324);
#17324=AXIS2_PLACEMENT_3D('',#593,#17325,#17326);
#17325=DIRECTION('',(-0.9799873195820538,-0.19905992429010297,-0));
#17326=DIRECTION('',(-0.199059924290103,0.9799873195820539,0));
#17327=FACE_BOUND('',#17328,.T.);
#17328=EDGE_LOOP('',(#17329,#17330,#17331));
#17329=ORIENTED_EDGE('',*,*,#17332,.T.);
#17330=ORIENTED_EDGE('',*,*,#17333,.T.);
#17331=ORIENTED_EDGE('',*,*,#17334,.T.);
#17332=EDGE_CURVE('',#594,#432,#17335,.F.);
#17333=EDGE_CURVE('',#432,#326,#17336,.T.);
#17334=EDGE_CURVE('',#326,#594,#17337,.T.);
#17335=LINE('',#593,#17338);
#17336=LINE('',#431,#17339);
#17337=LINE('',#325,#17340);
#17338=VECTOR('',#17341,1.0);
#17339=VECTOR('',#17342,1.0);
#17340=VECTOR('',#17343,1.0);
#17341=DIRECTION('',(-0.199059924290103,0.9799873195820539,0));
#17342=DIRECTION('',(0.0025997782483726975,-0.01279890829968108,-0.9999147109125835));
#17343=DIRECTION('',(0,0,1));
#17344=STYLED_ITEM('',(#18),#17345);
#17345=FACE_SURFACE('',(#17350),#17346,.T.);
#17346=PLANE('',#17347);
#17347=AXIS2_PLACEMENT_3D('',#323,#17348,#17349);
#17348=DIRECTION('',(-0.9981405062648923,-0.06095514542074996,0));
#17349=DIRECTION('',(0,0,1));
#17350=FACE_BOUND('',#17351,.T.);
#17351=EDGE_LOOP('',(#17352,#17353,#17354));
#17352=ORIENTED_EDGE('',*,*,#17355,.T.);
#17353=ORIENTED_EDGE('',*,*,#17356,.T.);
#17354=ORIENTED_EDGE('',*,*,#17357,.T.);
#17355=EDGE_CURVE('',#324,#596,#17358,.F.);
#17356=EDGE_CURVE('',#596,#326,#17359,.T.);
#17357=EDGE_CURVE('',#326,#324,#17360,.T.);
#17358=LINE('',#323,#17361);
#17359=LINE('',#595,#17362);
#17360=LINE('',#325,#17363);
#17361=VECTOR('',#17364,1.0);
#17362=VECTOR('',#17365,1.0);
#17363=VECTOR('',#17366,1.0);
#17364=DIRECTION('',(0,0,1));
#17365=DIRECTION('',(-0.0007999311088996531,0.013098871908233285,-0.9999138861246766));
#17366=DIRECTION('',(0.06095514542074996,-0.9981405062648923,0));
#17367=STYLED_ITEM('',(#18),#17368);
#17368=FACE_SURFACE('',(#17373),#17369,.T.);
#17369=PLANE('',#17370);
#17370=AXIS2_PLACEMENT_3D('',#593,#17371,#17372);
#17371=DIRECTION('',(-0.9981405062648923,-0.06095514542074996,-0));
#17372=DIRECTION('',(0,0,-1));
#17373=FACE_BOUND('',#17374,.T.);
#17374=EDGE_LOOP('',(#17375,#17376,#17377));
#17375=ORIENTED_EDGE('',*,*,#17378,.T.);
#17376=ORIENTED_EDGE('',*,*,#17379,.T.);
#17377=ORIENTED_EDGE('',*,*,#17380,.T.);
#17378=EDGE_CURVE('',#594,#326,#17381,.F.);
#17379=EDGE_CURVE('',#326,#596,#17382,.T.);
#17380=EDGE_CURVE('',#596,#594,#17383,.T.);
#17381=LINE('',#593,#17384);
#17382=LINE('',#325,#17385);
#17383=LINE('',#595,#17386);
#17384=VECTOR('',#17387,1.0);
#17385=VECTOR('',#17388,1.0);
#17386=VECTOR('',#17389,1.0);
#17387=DIRECTION('',(0,0,-1));
#17388=DIRECTION('',(0.0007999311088996531,-0.013098871908233285,0.9999138861246766));
#17389=DIRECTION('',(-0.06095514542074996,0.9981405062648923,0));
#17390=STYLED_ITEM('',(#18),#17391);
#17391=FACE_SURFACE('',(#17396),#17392,.T.);
#17392=PLANE('',#17393);
#17393=AXIS2_PLACEMENT_3D('',#75,#17394,#17395);
#17394=DIRECTION('',(-0.830875709772572,0.5564580441595975,0));
#17395=DIRECTION('',(0,0,1));
#17396=FACE_BOUND('',#17397,.T.);
#17397=EDGE_LOOP('',(#17398,#17399,#17400));
#17398=ORIENTED_EDGE('',*,*,#17401,.T.);
#17399=ORIENTED_EDGE('',*,*,#17402,.T.);
#17400=ORIENTED_EDGE('',*,*,#17403,.T.);
#17401=EDGE_CURVE('',#76,#554,#17404,.F.);
#17402=EDGE_CURVE('',#554,#72,#17405,.T.);
#17403=EDGE_CURVE('',#72,#76,#17406,.T.);
#17404=LINE('',#75,#17407);
#17405=LINE('',#553,#17408);
#17406=LINE('',#71,#17409);
#17407=VECTOR('',#17410,1.0);
#17408=VECTOR('',#17411,1.0);
#17409=VECTOR('',#17412,1.0);
#17410=DIRECTION('',(0,0,1));
#17411=DIRECTION('',(0.007299371916068455,0.010899062176047712,-0.999913961105311));
#17412=DIRECTION('',(-0.5564580441595975,-0.830875709772572,0));
#17413=STYLED_ITEM('',(#18),#17414);
#17414=FACE_SURFACE('',(#17419),#17415,.T.);
#17415=PLANE('',#17416);
#17416=AXIS2_PLACEMENT_3D('',#595,#17417,#17418);
#17417=DIRECTION('',(-0.9981405062648923,0.06095514542074996,0));
#17418=DIRECTION('',(0,0,-1));
#17419=FACE_BOUND('',#17420,.T.);
#17420=EDGE_LOOP('',(#17421,#17422,#17423));
#17421=ORIENTED_EDGE('',*,*,#17424,.T.);
#17422=ORIENTED_EDGE('',*,*,#17425,.T.);
#17423=ORIENTED_EDGE('',*,*,#17426,.T.);
#17424=EDGE_CURVE('',#596,#324,#17427,.F.);
#17425=EDGE_CURVE('',#324,#606,#17428,.T.);
#17426=EDGE_CURVE('',#606,#596,#17429,.T.);
#17427=LINE('',#595,#17430);
#17428=LINE('',#323,#17431);
#17429=LINE('',#605,#17432);
#17430=VECTOR('',#17433,1.0);
#17431=VECTOR('',#17434,1.0);
#17432=VECTOR('',#17435,1.0);
#17433=DIRECTION('',(0,0,-1));
#17434=DIRECTION('',(-0.0007999311088996531,-0.013098871908233285,0.9999138861246766));
#17435=DIRECTION('',(0.06095514542074996,0.9981405062648923,0));
#17436=STYLED_ITEM('',(#18),#17437);
#17437=FACE_SURFACE('',(#17442),#17438,.T.);
#17438=PLANE('',#17439);
#17439=AXIS2_PLACEMENT_3D('',#553,#17440,#17441);
#17440=DIRECTION('',(-0.7549337632642428,0.6558010468760234,0));
#17441=DIRECTION('',(0,0,-1));
#17442=FACE_BOUND('',#17443,.T.);
#17443=EDGE_LOOP('',(#17444,#17445,#17446));
#17444=ORIENTED_EDGE('',*,*,#17447,.T.);
#17445=ORIENTED_EDGE('',*,*,#17448,.T.);
#17446=ORIENTED_EDGE('',*,*,#17449,.T.);
#17447=EDGE_CURVE('',#554,#76,#17450,.F.);
#17448=EDGE_CURVE('',#76,#80,#17451,.T.);
#17449=EDGE_CURVE('',#80,#554,#17452,.T.);
#17450=LINE('',#553,#17453);
#17451=LINE('',#75,#17454);
#17452=LINE('',#79,#17455);
#17453=VECTOR('',#17456,1.0);
#17454=VECTOR('',#17457,1.0);
#17455=VECTOR('',#17458,1.0);
#17456=DIRECTION('',(0,0,-1));
#17457=DIRECTION('',(-0.6558010468760234,-0.7549337632642428,0));
#17458=DIRECTION('',(0.008599260624361662,0.009899148858276578,0.9999140260885412));
#17459=STYLED_ITEM('',(#18),#17460);
#17460=FACE_SURFACE('',(#17465),#17461,.T.);
#17461=PLANE('',#17462);
#17462=AXIS2_PLACEMENT_3D('',#553,#17463,#17464);
#17463=DIRECTION('',(-0.7549337632642428,0.6558010468760234,0));
#17464=DIRECTION('',(-0.008599260624361662,-0.009899148858276578,-0.9999140260885412));
#17465=FACE_BOUND('',#17466,.T.);
#17466=EDGE_LOOP('',(#17467,#17468,#17469));
#17467=ORIENTED_EDGE('',*,*,#17470,.T.);
#17468=ORIENTED_EDGE('',*,*,#17471,.T.);
#17469=ORIENTED_EDGE('',*,*,#17472,.T.);
#17470=EDGE_CURVE('',#554,#80,#17473,.F.);
#17471=EDGE_CURVE('',#80,#538,#17474,.T.);
#17472=EDGE_CURVE('',#538,#554,#17475,.T.);
#17473=LINE('',#553,#17476);
#17474=LINE('',#79,#17477);
#17475=LINE('',#537,#17478);
#17476=VECTOR('',#17479,1.0);
#17477=VECTOR('',#17480,1.0);
#17478=VECTOR('',#17481,1.0);
#17479=DIRECTION('',(-0.008599260624361662,-0.009899148858276578,-0.9999140260885412));
#17480=DIRECTION('',(0,0,1));
#17481=DIRECTION('',(0.6558010468760234,0.7549337632642428,0));
#17482=STYLED_ITEM('',(#18),#17483);
#17483=FACE_SURFACE('',(#17488),#17484,.T.);
#17484=PLANE('',#17485);
#17485=AXIS2_PLACEMENT_3D('',#479,#17486,#17487);
#17486=DIRECTION('',(0.9976483193600395,0.06854072423084488,0));
#17487=DIRECTION('',(0.0685407242308449,-0.9976483193600396,0));
#17488=FACE_BOUND('',#17489,.T.);
#17489=EDGE_LOOP('',(#17490,#17491,#17492));
#17490=ORIENTED_EDGE('',*,*,#17493,.T.);
#17491=ORIENTED_EDGE('',*,*,#17494,.T.);
#17492=ORIENTED_EDGE('',*,*,#17495,.T.);
#17493=EDGE_CURVE('',#480,#484,#17496,.F.);
#17494=EDGE_CURVE('',#484,#172,#17497,.T.);
#17495=EDGE_CURVE('',#172,#480,#17498,.T.);
#17496=LINE('',#479,#17499);
#17497=LINE('',#483,#17500);
#17498=LINE('',#171,#17501);
#17499=VECTOR('',#17502,1.0);
#17500=VECTOR('',#17503,1.0);
#17501=VECTOR('',#17504,1.0);
#17502=DIRECTION('',(0.0685407242308449,-0.9976483193600396,0));
#17503=DIRECTION('',(-0.0008999224210320142,0.013098870795021067,-0.9999138011466445));
#17504=DIRECTION('',(0,0,1));
#17505=STYLED_ITEM('',(#18),#17506);
#17506=FACE_SURFACE('',(#17511),#17507,.T.);
#17507=PLANE('',#17508);
#17508=AXIS2_PLACEMENT_3D('',#169,#17509,#17510);
#17509=DIRECTION('',(0.9976483193600395,-0.06854072423084488,0));
#17510=DIRECTION('',(0,0,1));
#17511=FACE_BOUND('',#17512,.T.);
#17512=EDGE_LOOP('',(#17513,#17514,#17515));
#17513=ORIENTED_EDGE('',*,*,#17516,.T.);
#17514=ORIENTED_EDGE('',*,*,#17517,.T.);
#17515=ORIENTED_EDGE('',*,*,#17518,.T.);
#17516=EDGE_CURVE('',#170,#624,#17519,.F.);
#17517=EDGE_CURVE('',#624,#480,#17520,.T.);
#17518=EDGE_CURVE('',#480,#170,#17521,.T.);
#17519=LINE('',#169,#17522);
#17520=LINE('',#623,#17523);
#17521=LINE('',#479,#17524);
#17522=VECTOR('',#17525,1.0);
#17523=VECTOR('',#17526,1.0);
#17524=VECTOR('',#17527,1.0);
#17525=DIRECTION('',(0,0,1));
#17526=DIRECTION('',(-0.0685407242308449,-0.9976483193600396,0));
#17527=DIRECTION('',(0.0008999224210320142,0.013098870795021067,-0.9999138011466445));
#17528=STYLED_ITEM('',(#18),#17529);
#17529=FACE_SURFACE('',(#17534),#17530,.T.);
#17530=PLANE('',#17531);
#17531=AXIS2_PLACEMENT_3D('',#623,#17532,#17533);
#17532=DIRECTION('',(0.9799873195820538,-0.19905992429010297,0));
#17533=DIRECTION('',(0,0,-1));
#17534=FACE_BOUND('',#17535,.T.);
#17535=EDGE_LOOP('',(#17536,#17537,#17538));
#17536=ORIENTED_EDGE('',*,*,#17539,.T.);
#17537=ORIENTED_EDGE('',*,*,#17540,.T.);
#17538=ORIENTED_EDGE('',*,*,#17541,.T.);
#17539=EDGE_CURVE('',#624,#170,#17542,.F.);
#17540=EDGE_CURVE('',#170,#474,#17543,.T.);
#17541=EDGE_CURVE('',#474,#624,#17544,.T.);
#17542=LINE('',#623,#17545);
#17543=LINE('',#169,#17546);
#17544=LINE('',#473,#17547);
#17545=VECTOR('',#17548,1.0);
#17546=VECTOR('',#17549,1.0);
#17547=VECTOR('',#17550,1.0);
#17548=DIRECTION('',(0,0,-1));
#17549=DIRECTION('',(0.0025997782483726975,0.01279890829968108,0.9999147109125835));
#17550=DIRECTION('',(-0.199059924290103,-0.9799873195820539,0));
#17551=STYLED_ITEM('',(#18),#17552);
#17552=FACE_SURFACE('',(#17557),#17553,.T.);
#17553=PLANE('',#17554);
#17554=AXIS2_PLACEMENT_3D('',#165,#17555,#17556);
#17555=DIRECTION('',(0.9799873195820538,-0.19905992429010297,0));
#17556=DIRECTION('',(0,0,1));
#17557=FACE_BOUND('',#17558,.T.);
#17558=EDGE_LOOP('',(#17559,#17560,#17561));
#17559=ORIENTED_EDGE('',*,*,#17562,.T.);
#17560=ORIENTED_EDGE('',*,*,#17563,.T.);
#17561=ORIENTED_EDGE('',*,*,#17564,.T.);
#17562=EDGE_CURVE('',#166,#474,#17565,.F.);
#17563=EDGE_CURVE('',#474,#170,#17566,.T.);
#17564=EDGE_CURVE('',#170,#166,#17567,.T.);
#17565=LINE('',#165,#17568);
#17566=LINE('',#473,#17569);
#17567=LINE('',#169,#17570);
#17568=VECTOR('',#17571,1.0);
#17569=VECTOR('',#17572,1.0);
#17570=VECTOR('',#17573,1.0);
#17571=DIRECTION('',(0,0,1));
#17572=DIRECTION('',(-0.0025997782483726975,-0.01279890829968108,-0.9999147109125835));
#17573=DIRECTION('',(0.199059924290103,0.9799873195820539,0));
#17574=STYLED_ITEM('',(#18),#17575);
#17575=FACE_SURFACE('',(#17580),#17576,.T.);
#17576=PLANE('',#17577);
#17577=AXIS2_PLACEMENT_3D('',#475,#17578,#17579);
#17578=DIRECTION('',(0.9479222324347218,-0.3185018700980786,0));
#17579=DIRECTION('',(-0.3185018700980786,-0.9479222324347218,0));
#17580=FACE_BOUND('',#17581,.T.);
#17581=EDGE_LOOP('',(#17582,#17583,#17584));
#17582=ORIENTED_EDGE('',*,*,#17585,.T.);
#17583=ORIENTED_EDGE('',*,*,#17586,.T.);
#17584=ORIENTED_EDGE('',*,*,#17587,.T.);
#17585=EDGE_CURVE('',#476,#474,#17588,.F.);
#17586=EDGE_CURVE('',#474,#166,#17589,.T.);
#17587=EDGE_CURVE('',#166,#476,#17590,.T.);
#17588=LINE('',#475,#17591);
#17589=LINE('',#473,#17592);
#17590=LINE('',#165,#17593);
#17591=VECTOR('',#17594,1.0);
#17592=VECTOR('',#17595,1.0);
#17593=VECTOR('',#17596,1.0);
#17594=DIRECTION('',(-0.3185018700980786,-0.9479222324347218,0));
#17595=DIRECTION('',(0,0,-1));
#17596=DIRECTION('',(0.004199634878617687,0.012498913329218835,0.9999130663375068));
ENDSEC;
END-ISO-10303-21;
