ISO-10303-21;
HEADER;
FILE_DESCRIPTION((''),'2;1');
FILE_NAME('rx', '2026-03-08T23:23:58', (''), (''), 'ImageToStl.com STEP Converter','', '');
FILE_SCHEMA(('AUTOMOTIVE_DESIGN_CC2'));
ENDSEC;
DATA;
#1=PRODUCT_DEFINITION_CONTEXT('',#4,'design');
#2=APPLICATION_PROTOCOL_DEFINITION('INTERNATIONAL STANDARD','automotive_design',1994,#4);
#3=(GEOMETRIC_REPRESENTATION_CONTEXT(3)GLOBAL_UNCERTAINTY_ASSIGNED_CONTEXT((#5))GLOBAL_UNIT_ASSIGNED_CONTEXT((#6,#7,#8))REPRESENTATION_CONTEXT('NONE','WORKSPACE'));
#4=APPLICATION_CONTEXT(' ');
#5=UNCERTAINTY_MEASURE_WITH_UNIT(LENGTH_MEASURE(1.0E-006),#6,'','');
#6=(CONVERSION_BASED_UNIT('METRE',#10)LENGTH_UNIT()NAMED_UNIT(#11));
#7=(NAMED_UNIT(#12)PLANE_ANGLE_UNIT()SI_UNIT($,.RADIAN.));
#8=(NAMED_UNIT(#12)SOLID_ANGLE_UNIT()SI_UNIT($,.STERADIAN.));
#9=AXIS2_PLACEMENT_3D('',#14,#15,#16);
#10=LENGTH_MEASURE_WITH_UNIT(LENGTH_MEASURE(1.0),#17);
#11=DIMENSIONAL_EXPONENTS(1.0,0.0,0.0,0.0,0.0,0.0,0.0);
#12=DIMENSIONAL_EXPONENTS(0.0,0.0,0.0,0.0,0.0,0.0,0.0);
#13=PRODUCT_CONTEXT('',#4,'mechanical');
#14=CARTESIAN_POINT('',(0.0,0.0,0.0));
#15=DIRECTION('',(0.0,0.0,1.0));
#16=DIRECTION('',(1.0,0.0,0.0));
#17=(NAMED_UNIT(#11)LENGTH_UNIT()SI_UNIT(.MILLI.,.METRE.));
#18=PRESENTATION_STYLE_ASSIGNMENT((#19));
#19=SURFACE_STYLE_USAGE(.BOTH.,#20);
#20=SURFACE_SIDE_STYLE('',(#21));
#21=SURFACE_STYLE_FILL_AREA(#22);
#22=FILL_AREA_STYLE('',(#23));
#23=FILL_AREA_STYLE_COLOUR('',#24);
#24=COLOUR_RGB('',0.91373,0.11373,0.17647);
#25=PRESENTATION_STYLE_ASSIGNMENT((#26));
#26=SURFACE_STYLE_USAGE(.BOTH.,#27);
#27=SURFACE_SIDE_STYLE('',(#28));
#28=SURFACE_STYLE_FILL_AREA(#29);
#29=FILL_AREA_STYLE('',(#30));
#30=FILL_AREA_STYLE_COLOUR('',#31);
#31=COLOUR_RGB('',0.7098,0.72157,0.6);
#32=SHAPE_DEFINITION_REPRESENTATION(#33,#34);
#33=PRODUCT_DEFINITION_SHAPE('productshape0','',#37);
#34=MANIFOLD_SURFACE_SHAPE_REPRESENTATION('',(#35,#9),#3);
#35=SHELL_BASED_SURFACE_MODEL('shell0',(#39));
#36=PRODUCT('product0','','',(#13));
#37=PRODUCT_DEFINITION('mesh0','',#38,#2);
#38=PRODUCT_DEFINITION_FORMATION_WITH_SPECIFIED_SOURCE('prodsource0','',#36,.NOT_KNOWN.);
#39=CLOSED_SHELL('',(#57,#80,#103,#126,#149,#172,#195,#218,#241,#264,#287,#310));
#40=CARTESIAN_POINT('',(22,-1,10));
#41=VERTEX_POINT('',#40);
#42=CARTESIAN_POINT('',(22,-1,9));
#43=VERTEX_POINT('',#42);
#44=CARTESIAN_POINT('',(22,10,10));
#45=VERTEX_POINT('',#44);
#46=CARTESIAN_POINT('',(22,10,9));
#47=VERTEX_POINT('',#46);
#48=CARTESIAN_POINT('',(0,10,10));
#49=VERTEX_POINT('',#48);
#50=CARTESIAN_POINT('',(0,10,9));
#51=VERTEX_POINT('',#50);
#52=CARTESIAN_POINT('',(0,-1,10));
#53=VERTEX_POINT('',#52);
#54=CARTESIAN_POINT('',(0,-1,9));
#55=VERTEX_POINT('',#54);
#56=STYLED_ITEM('',(#18),#57);
#57=FACE_SURFACE('',(#62),#58,.T.);
#58=PLANE('',#59);
#59=AXIS2_PLACEMENT_3D('',#40,#60,#61);
#60=DIRECTION('',(1,-0,0));
#61=DIRECTION('',(0,0,-1));
#62=FACE_BOUND('',#63,.T.);
#63=EDGE_LOOP('',(#64,#65,#66));
#64=ORIENTED_EDGE('',*,*,#67,.T.);
#65=ORIENTED_EDGE('',*,*,#68,.T.);
#66=ORIENTED_EDGE('',*,*,#69,.T.);
#67=EDGE_CURVE('',#41,#43,#70,.F.);
#68=EDGE_CURVE('',#43,#45,#71,.T.);
#69=EDGE_CURVE('',#45,#41,#72,.T.);
#70=LINE('',#40,#73);
#71=LINE('',#42,#74);
#72=LINE('',#44,#75);
#73=VECTOR('',#76,1.0);
#74=VECTOR('',#77,1.0);
#75=VECTOR('',#78,1.0);
#76=DIRECTION('',(0,0,-1));
#77=DIRECTION('',(0,0.9958932064677039,0.09053574604251853));
#78=DIRECTION('',(0,-1,0));
#79=STYLED_ITEM('',(#18),#80);
#80=FACE_SURFACE('',(#85),#81,.T.);
#81=PLANE('',#82);
#82=AXIS2_PLACEMENT_3D('',#42,#83,#84);
#83=DIRECTION('',(1,0,0));
#84=DIRECTION('',(0,1,0));
#85=FACE_BOUND('',#86,.T.);
#86=EDGE_LOOP('',(#87,#88,#89));
#87=ORIENTED_EDGE('',*,*,#90,.T.);
#88=ORIENTED_EDGE('',*,*,#91,.T.);
#89=ORIENTED_EDGE('',*,*,#92,.T.);
#90=EDGE_CURVE('',#43,#47,#93,.F.);
#91=EDGE_CURVE('',#47,#45,#94,.T.);
#92=EDGE_CURVE('',#45,#43,#95,.T.);
#93=LINE('',#42,#96);
#94=LINE('',#46,#97);
#95=LINE('',#44,#98);
#96=VECTOR('',#99,1.0);
#97=VECTOR('',#100,1.0);
#98=VECTOR('',#101,1.0);
#99=DIRECTION('',(0,1,0));
#100=DIRECTION('',(0,0,1));
#101=DIRECTION('',(0,-0.9958932064677039,-0.09053574604251853));
#102=STYLED_ITEM('',(#18),#103);
#103=FACE_SURFACE('',(#108),#104,.T.);
#104=PLANE('',#105);
#105=AXIS2_PLACEMENT_3D('',#48,#106,#107);
#106=DIRECTION('',(-1,-0,-0));
#107=DIRECTION('',(0,0,-1));
#108=FACE_BOUND('',#109,.T.);
#109=EDGE_LOOP('',(#110,#111,#112));
#110=ORIENTED_EDGE('',*,*,#113,.T.);
#111=ORIENTED_EDGE('',*,*,#114,.T.);
#112=ORIENTED_EDGE('',*,*,#115,.T.);
#113=EDGE_CURVE('',#49,#51,#116,.F.);
#114=EDGE_CURVE('',#51,#53,#117,.T.);
#115=EDGE_CURVE('',#53,#49,#118,.T.);
#116=LINE('',#48,#119);
#117=LINE('',#50,#120);
#118=LINE('',#52,#121);
#119=VECTOR('',#122,1.0);
#120=VECTOR('',#123,1.0);
#121=VECTOR('',#124,1.0);
#122=DIRECTION('',(0,0,-1));
#123=DIRECTION('',(0,-0.9958932064677039,0.09053574604251853));
#124=DIRECTION('',(0,1,0));
#125=STYLED_ITEM('',(#18),#126);
#126=FACE_SURFACE('',(#131),#127,.T.);
#127=PLANE('',#128);
#128=AXIS2_PLACEMENT_3D('',#50,#129,#130);
#129=DIRECTION('',(-1,0,0));
#130=DIRECTION('',(0,-1,0));
#131=FACE_BOUND('',#132,.T.);
#132=EDGE_LOOP('',(#133,#134,#135));
#133=ORIENTED_EDGE('',*,*,#136,.T.);
#134=ORIENTED_EDGE('',*,*,#137,.T.);
#135=ORIENTED_EDGE('',*,*,#138,.T.);
#136=EDGE_CURVE('',#51,#55,#139,.F.);
#137=EDGE_CURVE('',#55,#53,#140,.T.);
#138=EDGE_CURVE('',#53,#51,#141,.T.);
#139=LINE('',#50,#142);
#140=LINE('',#54,#143);
#141=LINE('',#52,#144);
#142=VECTOR('',#145,1.0);
#143=VECTOR('',#146,1.0);
#144=VECTOR('',#147,1.0);
#145=DIRECTION('',(0,-1,0));
#146=DIRECTION('',(0,0,1));
#147=DIRECTION('',(0,0.9958932064677039,-0.09053574604251853));
#148=STYLED_ITEM('',(#18),#149);
#149=FACE_SURFACE('',(#154),#150,.T.);
#150=PLANE('',#151);
#151=AXIS2_PLACEMENT_3D('',#48,#152,#153);
#152=DIRECTION('',(-0,0,1));
#153=DIRECTION('',(0,-1,0));
#154=FACE_BOUND('',#155,.T.);
#155=EDGE_LOOP('',(#156,#157,#158));
#156=ORIENTED_EDGE('',*,*,#159,.T.);
#157=ORIENTED_EDGE('',*,*,#160,.T.);
#158=ORIENTED_EDGE('',*,*,#161,.T.);
#159=EDGE_CURVE('',#49,#53,#162,.F.);
#160=EDGE_CURVE('',#53,#45,#163,.T.);
#161=EDGE_CURVE('',#45,#49,#164,.T.);
#162=LINE('',#48,#165);
#163=LINE('',#52,#166);
#164=LINE('',#44,#167);
#165=VECTOR('',#168,1.0);
#166=VECTOR('',#169,1.0);
#167=VECTOR('',#170,1.0);
#168=DIRECTION('',(0,-1,0));
#169=DIRECTION('',(0.8944271909999159,0.4472135954999579,0));
#170=DIRECTION('',(-1,0,0));
#171=STYLED_ITEM('',(#18),#172);
#172=FACE_SURFACE('',(#177),#173,.T.);
#173=PLANE('',#174);
#174=AXIS2_PLACEMENT_3D('',#52,#175,#176);
#175=DIRECTION('',(0,0,1));
#176=DIRECTION('',(1,0,0));
#177=FACE_BOUND('',#178,.T.);
#178=EDGE_LOOP('',(#179,#180,#181));
#179=ORIENTED_EDGE('',*,*,#182,.T.);
#180=ORIENTED_EDGE('',*,*,#183,.T.);
#181=ORIENTED_EDGE('',*,*,#184,.T.);
#182=EDGE_CURVE('',#53,#41,#185,.F.);
#183=EDGE_CURVE('',#41,#45,#186,.T.);
#184=EDGE_CURVE('',#45,#53,#187,.T.);
#185=LINE('',#52,#188);
#186=LINE('',#40,#189);
#187=LINE('',#44,#190);
#188=VECTOR('',#191,1.0);
#189=VECTOR('',#192,1.0);
#190=VECTOR('',#193,1.0);
#191=DIRECTION('',(1,0,0));
#192=DIRECTION('',(0,1,0));
#193=DIRECTION('',(-0.8944271909999159,-0.4472135954999579,0));
#194=STYLED_ITEM('',(#18),#195);
#195=FACE_SURFACE('',(#200),#196,.T.);
#196=PLANE('',#197);
#197=AXIS2_PLACEMENT_3D('',#54,#198,#199);
#198=DIRECTION('',(0,0,-1));
#199=DIRECTION('',(0,1,0));
#200=FACE_BOUND('',#201,.T.);
#201=EDGE_LOOP('',(#202,#203,#204));
#202=ORIENTED_EDGE('',*,*,#205,.T.);
#203=ORIENTED_EDGE('',*,*,#206,.T.);
#204=ORIENTED_EDGE('',*,*,#207,.T.);
#205=EDGE_CURVE('',#55,#51,#208,.F.);
#206=EDGE_CURVE('',#51,#43,#209,.T.);
#207=EDGE_CURVE('',#43,#55,#210,.T.);
#208=LINE('',#54,#211);
#209=LINE('',#50,#212);
#210=LINE('',#42,#213);
#211=VECTOR('',#214,1.0);
#212=VECTOR('',#215,1.0);
#213=VECTOR('',#216,1.0);
#214=DIRECTION('',(0,1,0));
#215=DIRECTION('',(0.8944271909999159,-0.4472135954999579,0));
#216=DIRECTION('',(-1,0,0));
#217=STYLED_ITEM('',(#18),#218);
#218=FACE_SURFACE('',(#223),#219,.T.);
#219=PLANE('',#220);
#220=AXIS2_PLACEMENT_3D('',#50,#221,#222);
#221=DIRECTION('',(0,0,-1));
#222=DIRECTION('',(1,0,0));
#223=FACE_BOUND('',#224,.T.);
#224=EDGE_LOOP('',(#225,#226,#227));
#225=ORIENTED_EDGE('',*,*,#228,.T.);
#226=ORIENTED_EDGE('',*,*,#229,.T.);
#227=ORIENTED_EDGE('',*,*,#230,.T.);
#228=EDGE_CURVE('',#51,#47,#231,.F.);
#229=EDGE_CURVE('',#47,#43,#232,.T.);
#230=EDGE_CURVE('',#43,#51,#233,.T.);
#231=LINE('',#50,#234);
#232=LINE('',#46,#235);
#233=LINE('',#42,#236);
#234=VECTOR('',#237,1.0);
#235=VECTOR('',#238,1.0);
#236=VECTOR('',#239,1.0);
#237=DIRECTION('',(1,0,0));
#238=DIRECTION('',(0,-1,0));
#239=DIRECTION('',(-0.8944271909999159,0.4472135954999579,0));
#240=STYLED_ITEM('',(#18),#241);
#241=FACE_SURFACE('',(#246),#242,.T.);
#242=PLANE('',#243);
#243=AXIS2_PLACEMENT_3D('',#52,#244,#245);
#244=DIRECTION('',(0,-1,0));
#245=DIRECTION('',(0,0,-1));
#246=FACE_BOUND('',#247,.T.);
#247=EDGE_LOOP('',(#248,#249,#250));
#248=ORIENTED_EDGE('',*,*,#251,.T.);
#249=ORIENTED_EDGE('',*,*,#252,.T.);
#250=ORIENTED_EDGE('',*,*,#253,.T.);
#251=EDGE_CURVE('',#53,#55,#254,.F.);
#252=EDGE_CURVE('',#55,#41,#255,.T.);
#253=EDGE_CURVE('',#41,#53,#256,.T.);
#254=LINE('',#52,#257);
#255=LINE('',#54,#258);
#256=LINE('',#40,#259);
#257=VECTOR('',#260,1.0);
#258=VECTOR('',#261,1.0);
#259=VECTOR('',#262,1.0);
#260=DIRECTION('',(0,0,-1));
#261=DIRECTION('',(0.9989685402102997,0,0.045407660918649985));
#262=DIRECTION('',(-1,0,0));
#263=STYLED_ITEM('',(#18),#264);
#264=FACE_SURFACE('',(#269),#265,.T.);
#265=PLANE('',#266);
#266=AXIS2_PLACEMENT_3D('',#54,#267,#268);
#267=DIRECTION('',(0,-1,0));
#268=DIRECTION('',(1,0,0));
#269=FACE_BOUND('',#270,.T.);
#270=EDGE_LOOP('',(#271,#272,#273));
#271=ORIENTED_EDGE('',*,*,#274,.T.);
#272=ORIENTED_EDGE('',*,*,#275,.T.);
#273=ORIENTED_EDGE('',*,*,#276,.T.);
#274=EDGE_CURVE('',#55,#43,#277,.F.);
#275=EDGE_CURVE('',#43,#41,#278,.T.);
#276=EDGE_CURVE('',#41,#55,#279,.T.);
#277=LINE('',#54,#280);
#278=LINE('',#42,#281);
#279=LINE('',#40,#282);
#280=VECTOR('',#283,1.0);
#281=VECTOR('',#284,1.0);
#282=VECTOR('',#285,1.0);
#283=DIRECTION('',(1,0,0));
#284=DIRECTION('',(0,0,1));
#285=DIRECTION('',(-0.9989685402102997,0,-0.045407660918649985));
#286=STYLED_ITEM('',(#18),#287);
#287=FACE_SURFACE('',(#292),#288,.T.);
#288=PLANE('',#289);
#289=AXIS2_PLACEMENT_3D('',#44,#290,#291);
#290=DIRECTION('',(0,1,0));
#291=DIRECTION('',(0,0,-1));
#292=FACE_BOUND('',#293,.T.);
#293=EDGE_LOOP('',(#294,#295,#296));
#294=ORIENTED_EDGE('',*,*,#297,.T.);
#295=ORIENTED_EDGE('',*,*,#298,.T.);
#296=ORIENTED_EDGE('',*,*,#299,.T.);
#297=EDGE_CURVE('',#45,#47,#300,.F.);
#298=EDGE_CURVE('',#47,#49,#301,.T.);
#299=EDGE_CURVE('',#49,#45,#302,.T.);
#300=LINE('',#44,#303);
#301=LINE('',#46,#304);
#302=LINE('',#48,#305);
#303=VECTOR('',#306,1.0);
#304=VECTOR('',#307,1.0);
#305=VECTOR('',#308,1.0);
#306=DIRECTION('',(0,0,-1));
#307=DIRECTION('',(-0.9989685402102997,0,0.045407660918649985));
#308=DIRECTION('',(1,0,0));
#309=STYLED_ITEM('',(#18),#310);
#310=FACE_SURFACE('',(#315),#311,.T.);
#311=PLANE('',#312);
#312=AXIS2_PLACEMENT_3D('',#46,#313,#314);
#313=DIRECTION('',(0,1,0));
#314=DIRECTION('',(-1,0,0));
#315=FACE_BOUND('',#316,.T.);
#316=EDGE_LOOP('',(#317,#318,#319));
#317=ORIENTED_EDGE('',*,*,#320,.T.);
#318=ORIENTED_EDGE('',*,*,#321,.T.);
#319=ORIENTED_EDGE('',*,*,#322,.T.);
#320=EDGE_CURVE('',#47,#51,#323,.F.);
#321=EDGE_CURVE('',#51,#49,#324,.T.);
#322=EDGE_CURVE('',#49,#47,#325,.T.);
#323=LINE('',#46,#326);
#324=LINE('',#50,#327);
#325=LINE('',#48,#328);
#326=VECTOR('',#329,1.0);
#327=VECTOR('',#330,1.0);
#328=VECTOR('',#331,1.0);
#329=DIRECTION('',(-1,0,0));
#330=DIRECTION('',(0,0,1));
#331=DIRECTION('',(0.9989685402102997,0,-0.045407660918649985));
#332=SHAPE_DEFINITION_REPRESENTATION(#333,#334);
#333=PRODUCT_DEFINITION_SHAPE('productshape1','',#337);
#334=MANIFOLD_SURFACE_SHAPE_REPRESENTATION('',(#335,#9),#3);
#335=SHELL_BASED_SURFACE_MODEL('shell1',(#339));
#336=PRODUCT('product1','','',(#13));
#337=PRODUCT_DEFINITION('mesh1','',#338,#2);
#338=PRODUCT_DEFINITION_FORMATION_WITH_SPECIFIED_SOURCE('prodsource1','',#336,.NOT_KNOWN.);
#339=CLOSED_SHELL('',(#565,#588,#611,#634,#657,#680,#703,#726,#749,#772,#795,#818,#841,#864,#887,#910,#933,#956,#979,#1002,#1025,#1048,#1071,#1094,#1117,#1140,#1163,#1186,#1209,#1232,#1255,#1278,#1301,#1324,#1347,#1370,#1393,#1416,#1439,#1462,#1485,#1508,#1531,#1554,#1577,#1600,#1623,#1646,#1669,#1692,#1715,#1738,#1761,#1784,#1807,#1830,#1853,#1876,#1899,#1922,#1945,#1968,#1991,#2014,#2037,#2060,#2083,#2106,#2129,#2152,#2175,#2198,#2221,#2244,#2267,#2290,#2313,#2336,#2359,#2382,#2405,#2428,#2451,#2474,#2497,#2520,#2543,#2566,#2589,#2612,#2635,#2658,#2681,#2704,#2727,#2750,#2773,#2796,#2819,#2842,#2865,#2888,#2911,#2934,#2957,#2980,#3003,#3026,#3049,#3072,#3095,#3118,#3141,#3164,#3187,#3210,#3233,#3256,#3279,#3302,#3325,#3348,#3371,#3394,#3417,#3440,#3463,#3486,#3509,#3532,#3555,#3578,#3601,#3624,#3647,#3670,#3693,#3716,#3739,#3762,#3785,#3808,#3831,#3854,#3877,#3900,#3923,#3946,#3969,#3992,#4015,#4038,#4061,#4084,#4107,#4130,#4153,#4176,#4199,#4222,#4245,#4268,#4291,#4314,#4337,#4360,#4383,#4406,#4429,#4452,#4475,#4498,#4521,#4544,#4567,#4590,#4613,#4636,#4659,#4682,#4705,#4728,#4751,#4774,#4797,#4820,#4843,#4866,#4889,#4912,#4935,#4958,#4981,#5004,#5027,#5050,#5073,#5096,#5119,#5142,#5165,#5188,#5211,#5234,#5257,#5280,#5303,#5326,#5349,#5372,#5395,#5418,#5441,#5464,#5487,#5510,#5533,#5556,#5579,#5602));
#340=CARTESIAN_POINT('',(20.89,8.57,11.54));
#341=VERTEX_POINT('',#340);
#342=CARTESIAN_POINT('',(20.89,8.89,11.54));
#343=VERTEX_POINT('',#342);
#344=CARTESIAN_POINT('',(20.57,8.89,11.54));
#345=VERTEX_POINT('',#344);
#346=CARTESIAN_POINT('',(20.57,8.57,11.54));
#347=VERTEX_POINT('',#346);
#348=CARTESIAN_POINT('',(22,4.666,6));
#349=VERTEX_POINT('',#348);
#350=CARTESIAN_POINT('',(22,2.634,8.54));
#351=VERTEX_POINT('',#350);
#352=CARTESIAN_POINT('',(22,2.634,6));
#353=VERTEX_POINT('',#352);
#354=CARTESIAN_POINT('',(20.57,6.35,0));
#355=VERTEX_POINT('',#354);
#356=CARTESIAN_POINT('',(20.41,5.87,0.16));
#357=VERTEX_POINT('',#356);
#358=CARTESIAN_POINT('',(20.41,6.51,0.16));
#359=VERTEX_POINT('',#358);
#360=CARTESIAN_POINT('',(20.41,8.41,8.54));
#361=VERTEX_POINT('',#360);
#362=CARTESIAN_POINT('',(21.746,7.46,8.54));
#363=VERTEX_POINT('',#362);
#364=CARTESIAN_POINT('',(21.05,8.41,8.54));
#365=VERTEX_POINT('',#364);
#366=CARTESIAN_POINT('',(20.41,6.51,6));
#367=VERTEX_POINT('',#366);
#368=CARTESIAN_POINT('',(20.41,5.87,6));
#369=VERTEX_POINT('',#368);
#370=CARTESIAN_POINT('',(21.05,8.41,11.38));
#371=VERTEX_POINT('',#370);
#372=CARTESIAN_POINT('',(22,9.746,6));
#373=VERTEX_POINT('',#372);
#374=CARTESIAN_POINT('',(21.05,9.05,6));
#375=VERTEX_POINT('',#374);
#376=CARTESIAN_POINT('',(21.746,10,6));
#377=VERTEX_POINT('',#376);
#378=CARTESIAN_POINT('',(20.41,9.05,6));
#379=VERTEX_POINT('',#378);
#380=CARTESIAN_POINT('',(20.41,8.41,6));
#381=VERTEX_POINT('',#380);
#382=CARTESIAN_POINT('',(20.41,8.41,0.16));
#383=VERTEX_POINT('',#382);
#384=CARTESIAN_POINT('',(21.05,8.41,0.16));
#385=VERTEX_POINT('',#384);
#386=CARTESIAN_POINT('',(20.41,9.05,8.54));
#387=VERTEX_POINT('',#386);
#388=CARTESIAN_POINT('',(19.46,7.714,8.54));
#389=VERTEX_POINT('',#388);
#390=CARTESIAN_POINT('',(19.46,9.746,8.54));
#391=VERTEX_POINT('',#390);
#392=CARTESIAN_POINT('',(19.714,10,8.54));
#393=VERTEX_POINT('',#392);
#394=CARTESIAN_POINT('',(21.05,3.33,0.16));
#395=VERTEX_POINT('',#394);
#396=CARTESIAN_POINT('',(20.41,3.33,6));
#397=VERTEX_POINT('',#396);
#398=CARTESIAN_POINT('',(20.41,3.33,0.16));
#399=VERTEX_POINT('',#398);
#400=CARTESIAN_POINT('',(21.05,9.05,0.16));
#401=VERTEX_POINT('',#400);
#402=CARTESIAN_POINT('',(21.05,8.41,6));
#403=VERTEX_POINT('',#402);
#404=CARTESIAN_POINT('',(22,7.714,6));
#405=VERTEX_POINT('',#404);
#406=CARTESIAN_POINT('',(21.05,5.87,0.16));
#407=VERTEX_POINT('',#406);
#408=CARTESIAN_POINT('',(21.05,5.87,6));
#409=VERTEX_POINT('',#408);
#410=CARTESIAN_POINT('',(20.41,3.97,0.16));
#411=VERTEX_POINT('',#410);
#412=CARTESIAN_POINT('',(20.89,6.35,0));
#413=VERTEX_POINT('',#412);
#414=CARTESIAN_POINT('',(21.05,6.51,0.16));
#415=VERTEX_POINT('',#414);
#416=CARTESIAN_POINT('',(20.89,6.03,0));
#417=VERTEX_POINT('',#416);
#418=CARTESIAN_POINT('',(22,5.174,6));
#419=VERTEX_POINT('',#418);
#420=CARTESIAN_POINT('',(22,7.206,8.54));
#421=VERTEX_POINT('',#420);
#422=CARTESIAN_POINT('',(22,5.174,8.54));
#423=VERTEX_POINT('',#422);
#424=CARTESIAN_POINT('',(20.57,6.03,0));
#425=VERTEX_POINT('',#424);
#426=CARTESIAN_POINT('',(22,4.666,8.54));
#427=VERTEX_POINT('',#426);
#428=CARTESIAN_POINT('',(21.05,3.33,8.54));
#429=VERTEX_POINT('',#428);
#430=CARTESIAN_POINT('',(21.746,2.38,8.54));
#431=VERTEX_POINT('',#430);
#432=CARTESIAN_POINT('',(21.746,10,8.54));
#433=VERTEX_POINT('',#432);
#434=CARTESIAN_POINT('',(21.05,9.05,8.54));
#435=VERTEX_POINT('',#434);
#436=CARTESIAN_POINT('',(22,9.746,8.54));
#437=VERTEX_POINT('',#436);
#438=CARTESIAN_POINT('',(19.46,4.666,6));
#439=VERTEX_POINT('',#438);
#440=CARTESIAN_POINT('',(19.46,2.634,6));
#441=VERTEX_POINT('',#440);
#442=CARTESIAN_POINT('',(19.46,2.634,8.54));
#443=VERTEX_POINT('',#442);
#444=CARTESIAN_POINT('',(21.05,6.51,6));
#445=VERTEX_POINT('',#444);
#446=CARTESIAN_POINT('',(21.746,2.38,6));
#447=VERTEX_POINT('',#446);
#448=CARTESIAN_POINT('',(21.05,3.33,6));
#449=VERTEX_POINT('',#448);
#450=CARTESIAN_POINT('',(21.05,3.97,6));
#451=VERTEX_POINT('',#450);
#452=CARTESIAN_POINT('',(20.41,3.97,6));
#453=VERTEX_POINT('',#452);
#454=CARTESIAN_POINT('',(21.05,3.33,11.38));
#455=VERTEX_POINT('',#454);
#456=CARTESIAN_POINT('',(21.05,3.97,8.54));
#457=VERTEX_POINT('',#456);
#458=CARTESIAN_POINT('',(21.05,3.97,11.38));
#459=VERTEX_POINT('',#458);
#460=CARTESIAN_POINT('',(21.05,9.05,11.38));
#461=VERTEX_POINT('',#460);
#462=CARTESIAN_POINT('',(20.89,3.81,0));
#463=VERTEX_POINT('',#462);
#464=CARTESIAN_POINT('',(21.05,3.97,0.16));
#465=VERTEX_POINT('',#464);
#466=CARTESIAN_POINT('',(20.89,3.49,0));
#467=VERTEX_POINT('',#466);
#468=CARTESIAN_POINT('',(19.46,4.666,8.54));
#469=VERTEX_POINT('',#468);
#470=CARTESIAN_POINT('',(20.41,5.87,11.38));
#471=VERTEX_POINT('',#470);
#472=CARTESIAN_POINT('',(21.05,5.87,8.54));
#473=VERTEX_POINT('',#472);
#474=CARTESIAN_POINT('',(21.05,5.87,11.38));
#475=VERTEX_POINT('',#474);
#476=CARTESIAN_POINT('',(22,7.714,8.54));
#477=VERTEX_POINT('',#476);
#478=CARTESIAN_POINT('',(22,7.206,6));
#479=VERTEX_POINT('',#478);
#480=CARTESIAN_POINT('',(20.57,3.49,0));
#481=VERTEX_POINT('',#480);
#482=CARTESIAN_POINT('',(20.89,6.35,11.54));
#483=VERTEX_POINT('',#482);
#484=CARTESIAN_POINT('',(20.89,6.03,11.54));
#485=VERTEX_POINT('',#484);
#486=CARTESIAN_POINT('',(19.46,7.206,6));
#487=VERTEX_POINT('',#486);
#488=CARTESIAN_POINT('',(19.46,5.174,6));
#489=VERTEX_POINT('',#488);
#490=CARTESIAN_POINT('',(19.46,7.206,8.54));
#491=VERTEX_POINT('',#490);
#492=CARTESIAN_POINT('',(19.714,2.38,6));
#493=VERTEX_POINT('',#492);
#494=CARTESIAN_POINT('',(19.714,2.38,8.54));
#495=VERTEX_POINT('',#494);
#496=CARTESIAN_POINT('',(20.41,3.33,8.54));
#497=VERTEX_POINT('',#496);
#498=CARTESIAN_POINT('',(20.57,6.03,11.54));
#499=VERTEX_POINT('',#498);
#500=CARTESIAN_POINT('',(20.57,3.81,0));
#501=VERTEX_POINT('',#500);
#502=CARTESIAN_POINT('',(19.46,9.746,6));
#503=VERTEX_POINT('',#502);
#504=CARTESIAN_POINT('',(19.714,7.46,6));
#505=VERTEX_POINT('',#504);
#506=CARTESIAN_POINT('',(21.746,7.46,6));
#507=VERTEX_POINT('',#506);
#508=CARTESIAN_POINT('',(20.41,8.41,11.38));
#509=VERTEX_POINT('',#508);
#510=CARTESIAN_POINT('',(20.57,6.35,11.54));
#511=VERTEX_POINT('',#510);
#512=CARTESIAN_POINT('',(20.41,3.33,11.38));
#513=VERTEX_POINT('',#512);
#514=CARTESIAN_POINT('',(20.41,9.05,11.38));
#515=VERTEX_POINT('',#514);
#516=CARTESIAN_POINT('',(20.41,3.97,8.54));
#517=VERTEX_POINT('',#516);
#518=CARTESIAN_POINT('',(19.46,5.174,8.54));
#519=VERTEX_POINT('',#518);
#520=CARTESIAN_POINT('',(20.89,3.81,11.54));
#521=VERTEX_POINT('',#520);
#522=CARTESIAN_POINT('',(20.89,3.49,11.54));
#523=VERTEX_POINT('',#522);
#524=CARTESIAN_POINT('',(20.41,9.05,0.16));
#525=VERTEX_POINT('',#524);
#526=CARTESIAN_POINT('',(19.714,4.92,6));
#527=VERTEX_POINT('',#526);
#528=CARTESIAN_POINT('',(19.714,7.46,8.54));
#529=VERTEX_POINT('',#528);
#530=CARTESIAN_POINT('',(19.46,7.714,6));
#531=VERTEX_POINT('',#530);
#532=CARTESIAN_POINT('',(20.57,3.49,11.54));
#533=VERTEX_POINT('',#532);
#534=CARTESIAN_POINT('',(20.41,3.97,11.38));
#535=VERTEX_POINT('',#534);
#536=CARTESIAN_POINT('',(20.57,3.81,11.54));
#537=VERTEX_POINT('',#536);
#538=CARTESIAN_POINT('',(19.714,10,6));
#539=VERTEX_POINT('',#538);
#540=CARTESIAN_POINT('',(20.89,8.57,0));
#541=VERTEX_POINT('',#540);
#542=CARTESIAN_POINT('',(20.57,8.57,0));
#543=VERTEX_POINT('',#542);
#544=CARTESIAN_POINT('',(20.57,8.89,0));
#545=VERTEX_POINT('',#544);
#546=CARTESIAN_POINT('',(21.746,4.92,8.54));
#547=VERTEX_POINT('',#546);
#548=CARTESIAN_POINT('',(20.89,8.89,0));
#549=VERTEX_POINT('',#548);
#550=CARTESIAN_POINT('',(20.41,6.51,8.54));
#551=VERTEX_POINT('',#550);
#552=CARTESIAN_POINT('',(21.05,6.51,8.54));
#553=VERTEX_POINT('',#552);
#554=CARTESIAN_POINT('',(20.41,6.51,11.38));
#555=VERTEX_POINT('',#554);
#556=CARTESIAN_POINT('',(21.05,6.51,11.38));
#557=VERTEX_POINT('',#556);
#558=CARTESIAN_POINT('',(21.746,4.92,6));
#559=VERTEX_POINT('',#558);
#560=CARTESIAN_POINT('',(19.714,4.92,8.54));
#561=VERTEX_POINT('',#560);
#562=CARTESIAN_POINT('',(20.41,5.87,8.54));
#563=VERTEX_POINT('',#562);
#564=STYLED_ITEM('',(#25),#565);
#565=FACE_SURFACE('',(#570),#566,.T.);
#566=PLANE('',#567);
#567=AXIS2_PLACEMENT_3D('',#340,#568,#569);
#568=DIRECTION('',(0,-0,1));
#569=DIRECTION('',(0,1,0));
#570=FACE_BOUND('',#571,.T.);
#571=EDGE_LOOP('',(#572,#573,#574));
#572=ORIENTED_EDGE('',*,*,#575,.T.);
#573=ORIENTED_EDGE('',*,*,#576,.T.);
#574=ORIENTED_EDGE('',*,*,#577,.T.);
#575=EDGE_CURVE('',#341,#343,#578,.F.);
#576=EDGE_CURVE('',#343,#345,#579,.T.);
#577=EDGE_CURVE('',#345,#341,#580,.T.);
#578=LINE('',#340,#581);
#579=LINE('',#342,#582);
#580=LINE('',#344,#583);
#581=VECTOR('',#584,1.0);
#582=VECTOR('',#585,1.0);
#583=VECTOR('',#586,1.0);
#584=DIRECTION('',(0,1,0));
#585=DIRECTION('',(-1,0,0));
#586=DIRECTION('',(0.7071067811865476,-0.7071067811865476,0));
#587=STYLED_ITEM('',(#25),#588);
#588=FACE_SURFACE('',(#593),#589,.T.);
#589=PLANE('',#590);
#590=AXIS2_PLACEMENT_3D('',#340,#591,#592);
#591=DIRECTION('',(0,0,1));
#592=DIRECTION('',(-0.7071067811865476,0.7071067811865476,0));
#593=FACE_BOUND('',#594,.T.);
#594=EDGE_LOOP('',(#595,#596,#597));
#595=ORIENTED_EDGE('',*,*,#598,.T.);
#596=ORIENTED_EDGE('',*,*,#599,.T.);
#597=ORIENTED_EDGE('',*,*,#600,.T.);
#598=EDGE_CURVE('',#341,#345,#601,.F.);
#599=EDGE_CURVE('',#345,#347,#602,.T.);
#600=EDGE_CURVE('',#347,#341,#603,.T.);
#601=LINE('',#340,#604);
#602=LINE('',#344,#605);
#603=LINE('',#346,#606);
#604=VECTOR('',#607,1.0);
#605=VECTOR('',#608,1.0);
#606=VECTOR('',#609,1.0);
#607=DIRECTION('',(-0.7071067811865476,0.7071067811865476,0));
#608=DIRECTION('',(0,-1,0));
#609=DIRECTION('',(1,0,0));
#610=STYLED_ITEM('',(#25),#611);
#611=FACE_SURFACE('',(#616),#612,.T.);
#612=PLANE('',#613);
#613=AXIS2_PLACEMENT_3D('',#348,#614,#615);
#614=DIRECTION('',(1,0,0));
#615=DIRECTION('',(0,-0.6246950475544245,0.7808688094430302));
#616=FACE_BOUND('',#617,.T.);
#617=EDGE_LOOP('',(#618,#619,#620));
#618=ORIENTED_EDGE('',*,*,#621,.T.);
#619=ORIENTED_EDGE('',*,*,#622,.T.);
#620=ORIENTED_EDGE('',*,*,#623,.T.);
#621=EDGE_CURVE('',#349,#351,#624,.F.);
#622=EDGE_CURVE('',#351,#353,#625,.T.);
#623=EDGE_CURVE('',#353,#349,#626,.T.);
#624=LINE('',#348,#627);
#625=LINE('',#350,#628);
#626=LINE('',#352,#629);
#627=VECTOR('',#630,1.0);
#628=VECTOR('',#631,1.0);
#629=VECTOR('',#632,1.0);
#630=DIRECTION('',(0,-0.6246950475544245,0.7808688094430302));
#631=DIRECTION('',(0,0,-1));
#632=DIRECTION('',(0,1,0));
#633=STYLED_ITEM('',(#25),#634);
#634=FACE_SURFACE('',(#639),#635,.T.);
#635=PLANE('',#636);
#636=AXIS2_PLACEMENT_3D('',#354,#637,#638);
#637=DIRECTION('',(-0.7071067811865471,0,-0.7071067811865478));
#638=DIRECTION('',(-0.3015113445777641,-0.9045340337332906,0.3015113445777638));
#639=FACE_BOUND('',#640,.T.);
#640=EDGE_LOOP('',(#641,#642,#643));
#641=ORIENTED_EDGE('',*,*,#644,.T.);
#642=ORIENTED_EDGE('',*,*,#645,.T.);
#643=ORIENTED_EDGE('',*,*,#646,.T.);
#644=EDGE_CURVE('',#355,#357,#647,.F.);
#645=EDGE_CURVE('',#357,#359,#648,.T.);
#646=EDGE_CURVE('',#359,#355,#649,.T.);
#647=LINE('',#354,#650);
#648=LINE('',#356,#651);
#649=LINE('',#358,#652);
#650=VECTOR('',#653,1.0);
#651=VECTOR('',#654,1.0);
#652=VECTOR('',#655,1.0);
#653=DIRECTION('',(-0.3015113445777641,-0.9045340337332906,0.3015113445777638));
#654=DIRECTION('',(0,1,0));
#655=DIRECTION('',(0.577350269189626,-0.577350269189626,-0.5773502691896254));
#656=STYLED_ITEM('',(#25),#657);
#657=FACE_SURFACE('',(#662),#658,.T.);
#658=PLANE('',#659);
#659=AXIS2_PLACEMENT_3D('',#360,#660,#661);
#660=DIRECTION('',(-0,0,1));
#661=DIRECTION('',(0.8149681286956477,-0.579505780135379,0));
#662=FACE_BOUND('',#663,.T.);
#663=EDGE_LOOP('',(#664,#665,#666));
#664=ORIENTED_EDGE('',*,*,#667,.T.);
#665=ORIENTED_EDGE('',*,*,#668,.T.);
#666=ORIENTED_EDGE('',*,*,#669,.T.);
#667=EDGE_CURVE('',#361,#363,#670,.F.);
#668=EDGE_CURVE('',#363,#365,#671,.T.);
#669=EDGE_CURVE('',#365,#361,#672,.T.);
#670=LINE('',#360,#673);
#671=LINE('',#362,#674);
#672=LINE('',#364,#675);
#673=VECTOR('',#676,1.0);
#674=VECTOR('',#677,1.0);
#675=VECTOR('',#678,1.0);
#676=DIRECTION('',(0.8149681286956477,-0.579505780135379,0));
#677=DIRECTION('',(-0.5909954814448417,0.8066748669146572,0));
#678=DIRECTION('',(-1,0,0));
#679=STYLED_ITEM('',(#25),#680);
#680=FACE_SURFACE('',(#685),#681,.T.);
#681=PLANE('',#682);
#682=AXIS2_PLACEMENT_3D('',#366,#683,#684);
#683=DIRECTION('',(-1,-0,-0));
#684=DIRECTION('',(0,0,-1));
#685=FACE_BOUND('',#686,.T.);
#686=EDGE_LOOP('',(#687,#688,#689));
#687=ORIENTED_EDGE('',*,*,#690,.T.);
#688=ORIENTED_EDGE('',*,*,#691,.T.);
#689=ORIENTED_EDGE('',*,*,#692,.T.);
#690=EDGE_CURVE('',#367,#359,#693,.F.);
#691=EDGE_CURVE('',#359,#369,#694,.T.);
#692=EDGE_CURVE('',#369,#367,#695,.T.);
#693=LINE('',#366,#696);
#694=LINE('',#358,#697);
#695=LINE('',#368,#698);
#696=VECTOR('',#699,1.0);
#697=VECTOR('',#700,1.0);
#698=VECTOR('',#701,1.0);
#699=DIRECTION('',(0,0,-1));
#700=DIRECTION('',(0,-0.10893684089886684,0.9940486732021603));
#701=DIRECTION('',(0,1,0));
#702=STYLED_ITEM('',(#25),#703);
#703=FACE_SURFACE('',(#708),#704,.T.);
#704=PLANE('',#705);
#705=AXIS2_PLACEMENT_3D('',#360,#706,#707);
#706=DIRECTION('',(0,-1,0));
#707=DIRECTION('',(1,0,0));
#708=FACE_BOUND('',#709,.T.);
#709=EDGE_LOOP('',(#710,#711,#712));
#710=ORIENTED_EDGE('',*,*,#713,.T.);
#711=ORIENTED_EDGE('',*,*,#714,.T.);
#712=ORIENTED_EDGE('',*,*,#715,.T.);
#713=EDGE_CURVE('',#361,#365,#716,.F.);
#714=EDGE_CURVE('',#365,#371,#717,.T.);
#715=EDGE_CURVE('',#371,#361,#718,.T.);
#716=LINE('',#360,#719);
#717=LINE('',#364,#720);
#718=LINE('',#370,#721);
#719=VECTOR('',#722,1.0);
#720=VECTOR('',#723,1.0);
#721=VECTOR('',#724,1.0);
#722=DIRECTION('',(1,0,0));
#723=DIRECTION('',(0,0,1));
#724=DIRECTION('',(-0.21983912974654354,0,-0.9755361382502866));
#725=STYLED_ITEM('',(#25),#726);
#726=FACE_SURFACE('',(#731),#727,.T.);
#727=PLANE('',#728);
#728=AXIS2_PLACEMENT_3D('',#372,#729,#730);
#729=DIRECTION('',(-0,0,-1));
#730=DIRECTION('',(-0.8066748669146562,-0.590995481444843,0));
#731=FACE_BOUND('',#732,.T.);
#732=EDGE_LOOP('',(#733,#734,#735));
#733=ORIENTED_EDGE('',*,*,#736,.T.);
#734=ORIENTED_EDGE('',*,*,#737,.T.);
#735=ORIENTED_EDGE('',*,*,#738,.T.);
#736=EDGE_CURVE('',#373,#375,#739,.F.);
#737=EDGE_CURVE('',#375,#377,#740,.T.);
#738=EDGE_CURVE('',#377,#373,#741,.T.);
#739=LINE('',#372,#742);
#740=LINE('',#374,#743);
#741=LINE('',#376,#744);
#742=VECTOR('',#745,1.0);
#743=VECTOR('',#746,1.0);
#744=VECTOR('',#747,1.0);
#745=DIRECTION('',(-0.8066748669146562,-0.590995481444843,0));
#746=DIRECTION('',(0.590995481444842,0.8066748669146568,0));
#747=DIRECTION('',(0.7071067811865499,-0.707106781186545,0));
#748=STYLED_ITEM('',(#25),#749);
#749=FACE_SURFACE('',(#754),#750,.T.);
#750=PLANE('',#751);
#751=AXIS2_PLACEMENT_3D('',#378,#752,#753);
#752=DIRECTION('',(0,0,-1));
#753=DIRECTION('',(0.8149681286956479,0.5795057801353787,0));
#754=FACE_BOUND('',#755,.T.);
#755=EDGE_LOOP('',(#756,#757,#758));
#756=ORIENTED_EDGE('',*,*,#759,.T.);
#757=ORIENTED_EDGE('',*,*,#760,.T.);
#758=ORIENTED_EDGE('',*,*,#761,.T.);
#759=EDGE_CURVE('',#379,#377,#762,.F.);
#760=EDGE_CURVE('',#377,#375,#763,.T.);
#761=EDGE_CURVE('',#375,#379,#764,.T.);
#762=LINE('',#378,#765);
#763=LINE('',#376,#766);
#764=LINE('',#374,#767);
#765=VECTOR('',#768,1.0);
#766=VECTOR('',#769,1.0);
#767=VECTOR('',#770,1.0);
#768=DIRECTION('',(0.8149681286956479,0.5795057801353787,0));
#769=DIRECTION('',(-0.590995481444842,-0.8066748669146568,0));
#770=DIRECTION('',(-1,0,0));
#771=STYLED_ITEM('',(#25),#772);
#772=FACE_SURFACE('',(#777),#773,.T.);
#773=PLANE('',#774);
#774=AXIS2_PLACEMENT_3D('',#380,#775,#776);
#775=DIRECTION('',(0,-1,0));
#776=DIRECTION('',(0,0,-1));
#777=FACE_BOUND('',#778,.T.);
#778=EDGE_LOOP('',(#779,#780,#781));
#779=ORIENTED_EDGE('',*,*,#782,.T.);
#780=ORIENTED_EDGE('',*,*,#783,.T.);
#781=ORIENTED_EDGE('',*,*,#784,.T.);
#782=EDGE_CURVE('',#381,#383,#785,.F.);
#783=EDGE_CURVE('',#383,#385,#786,.T.);
#784=EDGE_CURVE('',#385,#381,#787,.T.);
#785=LINE('',#380,#788);
#786=LINE('',#382,#789);
#787=LINE('',#384,#790);
#788=VECTOR('',#791,1.0);
#789=VECTOR('',#792,1.0);
#790=VECTOR('',#793,1.0);
#791=DIRECTION('',(0,0,-1));
#792=DIRECTION('',(1,0,0));
#793=DIRECTION('',(-0.10893684089886697,0,0.9940486732021603));
#794=STYLED_ITEM('',(#25),#795);
#795=FACE_SURFACE('',(#800),#796,.T.);
#796=PLANE('',#797);
#797=AXIS2_PLACEMENT_3D('',#360,#798,#799);
#798=DIRECTION('',(0,-0,1));
#799=DIRECTION('',(0,1,0));
#800=FACE_BOUND('',#801,.T.);
#801=EDGE_LOOP('',(#802,#803,#804));
#802=ORIENTED_EDGE('',*,*,#805,.T.);
#803=ORIENTED_EDGE('',*,*,#806,.T.);
#804=ORIENTED_EDGE('',*,*,#807,.T.);
#805=EDGE_CURVE('',#361,#387,#808,.F.);
#806=EDGE_CURVE('',#387,#389,#809,.T.);
#807=EDGE_CURVE('',#389,#361,#810,.T.);
#808=LINE('',#360,#811);
#809=LINE('',#386,#812);
#810=LINE('',#388,#813);
#811=VECTOR('',#814,1.0);
#812=VECTOR('',#815,1.0);
#813=VECTOR('',#816,1.0);
#814=DIRECTION('',(0,1,0));
#815=DIRECTION('',(-0.5795057801353781,-0.8149681286956484,0));
#816=DIRECTION('',(0.8066748669146562,0.590995481444843,0));
#817=STYLED_ITEM('',(#25),#818);
#818=FACE_SURFACE('',(#823),#819,.T.);
#819=PLANE('',#820);
#820=AXIS2_PLACEMENT_3D('',#390,#821,#822);
#821=DIRECTION('',(0,0,1));
#822=DIRECTION('',(0,-1,0));
#823=FACE_BOUND('',#824,.T.);
#824=EDGE_LOOP('',(#825,#826,#827));
#825=ORIENTED_EDGE('',*,*,#828,.T.);
#826=ORIENTED_EDGE('',*,*,#829,.T.);
#827=ORIENTED_EDGE('',*,*,#830,.T.);
#828=EDGE_CURVE('',#391,#389,#831,.F.);
#829=EDGE_CURVE('',#389,#387,#832,.T.);
#830=EDGE_CURVE('',#387,#391,#833,.T.);
#831=LINE('',#390,#834);
#832=LINE('',#388,#835);
#833=LINE('',#386,#836);
#834=VECTOR('',#837,1.0);
#835=VECTOR('',#838,1.0);
#836=VECTOR('',#839,1.0);
#837=DIRECTION('',(0,-1,0));
#838=DIRECTION('',(0.5795057801353781,0.8149681286956484,0));
#839=DIRECTION('',(-0.8066748669146562,0.590995481444843,0));
#840=STYLED_ITEM('',(#25),#841);
#841=FACE_SURFACE('',(#846),#842,.T.);
#842=PLANE('',#843);
#843=AXIS2_PLACEMENT_3D('',#392,#844,#845);
#844=DIRECTION('',(0,0,1));
#845=DIRECTION('',(-0.707106781186545,-0.70710678118655,0));
#846=FACE_BOUND('',#847,.T.);
#847=EDGE_LOOP('',(#848,#849,#850));
#848=ORIENTED_EDGE('',*,*,#851,.T.);
#849=ORIENTED_EDGE('',*,*,#852,.T.);
#850=ORIENTED_EDGE('',*,*,#853,.T.);
#851=EDGE_CURVE('',#393,#391,#854,.F.);
#852=EDGE_CURVE('',#391,#387,#855,.T.);
#853=EDGE_CURVE('',#387,#393,#856,.T.);
#854=LINE('',#392,#857);
#855=LINE('',#390,#858);
#856=LINE('',#386,#859);
#857=VECTOR('',#860,1.0);
#858=VECTOR('',#861,1.0);
#859=VECTOR('',#862,1.0);
#860=DIRECTION('',(-0.707106781186545,-0.70710678118655,0));
#861=DIRECTION('',(0.8066748669146562,-0.590995481444843,0));
#862=DIRECTION('',(-0.5909954814448439,0.8066748669146554,0));
#863=STYLED_ITEM('',(#25),#864);
#864=FACE_SURFACE('',(#869),#865,.T.);
#865=PLANE('',#866);
#866=AXIS2_PLACEMENT_3D('',#394,#867,#868);
#867=DIRECTION('',(0,-1,0));
#868=DIRECTION('',(-0.10893684089886697,0,0.9940486732021603));
#869=FACE_BOUND('',#870,.T.);
#870=EDGE_LOOP('',(#871,#872,#873));
#871=ORIENTED_EDGE('',*,*,#874,.T.);
#872=ORIENTED_EDGE('',*,*,#875,.T.);
#873=ORIENTED_EDGE('',*,*,#876,.T.);
#874=EDGE_CURVE('',#395,#397,#877,.F.);
#875=EDGE_CURVE('',#397,#399,#878,.T.);
#876=EDGE_CURVE('',#399,#395,#879,.T.);
#877=LINE('',#394,#880);
#878=LINE('',#396,#881);
#879=LINE('',#398,#882);
#880=VECTOR('',#883,1.0);
#881=VECTOR('',#884,1.0);
#882=VECTOR('',#885,1.0);
#883=DIRECTION('',(-0.10893684089886697,0,0.9940486732021603));
#884=DIRECTION('',(0,0,-1));
#885=DIRECTION('',(1,0,0));
#886=STYLED_ITEM('',(#25),#887);
#887=FACE_SURFACE('',(#892),#888,.T.);
#888=PLANE('',#889);
#889=AXIS2_PLACEMENT_3D('',#400,#890,#891);
#890=DIRECTION('',(0,1,-0));
#891=DIRECTION('',(-0.10893684089886697,0,0.9940486732021603));
#892=FACE_BOUND('',#893,.T.);
#893=EDGE_LOOP('',(#894,#895,#896));
#894=ORIENTED_EDGE('',*,*,#897,.T.);
#895=ORIENTED_EDGE('',*,*,#898,.T.);
#896=ORIENTED_EDGE('',*,*,#899,.T.);
#897=EDGE_CURVE('',#401,#379,#900,.F.);
#898=EDGE_CURVE('',#379,#375,#901,.T.);
#899=EDGE_CURVE('',#375,#401,#902,.T.);
#900=LINE('',#400,#903);
#901=LINE('',#378,#904);
#902=LINE('',#374,#905);
#903=VECTOR('',#906,1.0);
#904=VECTOR('',#907,1.0);
#905=VECTOR('',#908,1.0);
#906=DIRECTION('',(-0.10893684089886697,0,0.9940486732021603));
#907=DIRECTION('',(1,0,0));
#908=DIRECTION('',(0,0,-1));
#909=STYLED_ITEM('',(#25),#910);
#910=FACE_SURFACE('',(#915),#911,.T.);
#911=PLANE('',#912);
#912=AXIS2_PLACEMENT_3D('',#402,#913,#914);
#913=DIRECTION('',(0,0,-1));
#914=DIRECTION('',(0,1,0));
#915=FACE_BOUND('',#916,.T.);
#916=EDGE_LOOP('',(#917,#918,#919));
#917=ORIENTED_EDGE('',*,*,#920,.T.);
#918=ORIENTED_EDGE('',*,*,#921,.T.);
#919=ORIENTED_EDGE('',*,*,#922,.T.);
#920=EDGE_CURVE('',#403,#375,#923,.F.);
#921=EDGE_CURVE('',#375,#405,#924,.T.);
#922=EDGE_CURVE('',#405,#403,#925,.T.);
#923=LINE('',#402,#926);
#924=LINE('',#374,#927);
#925=LINE('',#404,#928);
#926=VECTOR('',#929,1.0);
#927=VECTOR('',#930,1.0);
#928=VECTOR('',#931,1.0);
#929=DIRECTION('',(0,1,0));
#930=DIRECTION('',(0.5795057801353781,-0.8149681286956484,0));
#931=DIRECTION('',(-0.8066748669146562,0.590995481444843,0));
#932=STYLED_ITEM('',(#25),#933);
#933=FACE_SURFACE('',(#938),#934,.T.);
#934=PLANE('',#935);
#935=AXIS2_PLACEMENT_3D('',#372,#936,#937);
#936=DIRECTION('',(0,-0,-1));
#937=DIRECTION('',(0,-1,0));
#938=FACE_BOUND('',#939,.T.);
#939=EDGE_LOOP('',(#940,#941,#942));
#940=ORIENTED_EDGE('',*,*,#943,.T.);
#941=ORIENTED_EDGE('',*,*,#944,.T.);
#942=ORIENTED_EDGE('',*,*,#945,.T.);
#943=EDGE_CURVE('',#373,#405,#946,.F.);
#944=EDGE_CURVE('',#405,#375,#947,.T.);
#945=EDGE_CURVE('',#375,#373,#948,.T.);
#946=LINE('',#372,#949);
#947=LINE('',#404,#950);
#948=LINE('',#374,#951);
#949=VECTOR('',#952,1.0);
#950=VECTOR('',#953,1.0);
#951=VECTOR('',#954,1.0);
#952=DIRECTION('',(0,-1,0));
#953=DIRECTION('',(-0.5795057801353781,0.8149681286956484,0));
#954=DIRECTION('',(0.8066748669146562,0.590995481444843,0));
#955=STYLED_ITEM('',(#25),#956);
#956=FACE_SURFACE('',(#961),#957,.T.);
#957=PLANE('',#958);
#958=AXIS2_PLACEMENT_3D('',#358,#959,#960);
#959=DIRECTION('',(-1,0,0));
#960=DIRECTION('',(0,-1,0));
#961=FACE_BOUND('',#962,.T.);
#962=EDGE_LOOP('',(#963,#964,#965));
#963=ORIENTED_EDGE('',*,*,#966,.T.);
#964=ORIENTED_EDGE('',*,*,#967,.T.);
#965=ORIENTED_EDGE('',*,*,#968,.T.);
#966=EDGE_CURVE('',#359,#357,#969,.F.);
#967=EDGE_CURVE('',#357,#369,#970,.T.);
#968=EDGE_CURVE('',#369,#359,#971,.T.);
#969=LINE('',#358,#972);
#970=LINE('',#356,#973);
#971=LINE('',#368,#974);
#972=VECTOR('',#975,1.0);
#973=VECTOR('',#976,1.0);
#974=VECTOR('',#977,1.0);
#975=DIRECTION('',(0,-1,0));
#976=DIRECTION('',(0,0,1));
#977=DIRECTION('',(0,0.10893684089886684,-0.9940486732021603));
#978=STYLED_ITEM('',(#25),#979);
#979=FACE_SURFACE('',(#984),#980,.T.);
#980=PLANE('',#981);
#981=AXIS2_PLACEMENT_3D('',#406,#982,#983);
#982=DIRECTION('',(0,-1,0));
#983=DIRECTION('',(0,0,1));
#984=FACE_BOUND('',#985,.T.);
#985=EDGE_LOOP('',(#986,#987,#988));
#986=ORIENTED_EDGE('',*,*,#989,.T.);
#987=ORIENTED_EDGE('',*,*,#990,.T.);
#988=ORIENTED_EDGE('',*,*,#991,.T.);
#989=EDGE_CURVE('',#407,#409,#992,.F.);
#990=EDGE_CURVE('',#409,#357,#993,.T.);
#991=EDGE_CURVE('',#357,#407,#994,.T.);
#992=LINE('',#406,#995);
#993=LINE('',#408,#996);
#994=LINE('',#356,#997);
#995=VECTOR('',#998,1.0);
#996=VECTOR('',#999,1.0);
#997=VECTOR('',#1000,1.0);
#998=DIRECTION('',(0,0,1));
#999=DIRECTION('',(-0.10893684089886697,0,-0.9940486732021603));
#1000=DIRECTION('',(1,0,0));
#1001=STYLED_ITEM('',(#25),#1002);
#1002=FACE_SURFACE('',(#1007),#1003,.T.);
#1003=PLANE('',#1004);
#1004=AXIS2_PLACEMENT_3D('',#396,#1005,#1006);
#1005=DIRECTION('',(-1,0,0));
#1006=DIRECTION('',(0,0.1089368408988669,-0.9940486732021603));
#1007=FACE_BOUND('',#1008,.T.);
#1008=EDGE_LOOP('',(#1009,#1010,#1011));
#1009=ORIENTED_EDGE('',*,*,#1012,.T.);
#1010=ORIENTED_EDGE('',*,*,#1013,.T.);
#1011=ORIENTED_EDGE('',*,*,#1014,.T.);
#1012=EDGE_CURVE('',#397,#411,#1015,.F.);
#1013=EDGE_CURVE('',#411,#399,#1016,.T.);
#1014=EDGE_CURVE('',#399,#397,#1017,.T.);
#1015=LINE('',#396,#1018);
#1016=LINE('',#410,#1019);
#1017=LINE('',#398,#1020);
#1018=VECTOR('',#1021,1.0);
#1019=VECTOR('',#1022,1.0);
#1020=VECTOR('',#1023,1.0);
#1021=DIRECTION('',(0,0.1089368408988669,-0.9940486732021603));
#1022=DIRECTION('',(0,-1,0));
#1023=DIRECTION('',(0,0,1));
#1024=STYLED_ITEM('',(#25),#1025);
#1025=FACE_SURFACE('',(#1030),#1026,.T.);
#1026=PLANE('',#1027);
#1027=AXIS2_PLACEMENT_3D('',#384,#1028,#1029);
#1028=DIRECTION('',(1,0,0));
#1029=DIRECTION('',(0,0.10893684089886697,0.9940486732021603));
#1030=FACE_BOUND('',#1031,.T.);
#1031=EDGE_LOOP('',(#1032,#1033,#1034));
#1032=ORIENTED_EDGE('',*,*,#1035,.T.);
#1033=ORIENTED_EDGE('',*,*,#1036,.T.);
#1034=ORIENTED_EDGE('',*,*,#1037,.T.);
#1035=EDGE_CURVE('',#385,#375,#1038,.F.);
#1036=EDGE_CURVE('',#375,#403,#1039,.T.);
#1037=EDGE_CURVE('',#403,#385,#1040,.T.);
#1038=LINE('',#384,#1041);
#1039=LINE('',#374,#1042);
#1040=LINE('',#402,#1043);
#1041=VECTOR('',#1044,1.0);
#1042=VECTOR('',#1045,1.0);
#1043=VECTOR('',#1046,1.0);
#1044=DIRECTION('',(0,0.10893684089886697,0.9940486732021603));
#1045=DIRECTION('',(0,-1,0));
#1046=DIRECTION('',(0,0,-1));
#1047=STYLED_ITEM('',(#25),#1048);
#1048=FACE_SURFACE('',(#1053),#1049,.T.);
#1049=PLANE('',#1050);
#1050=AXIS2_PLACEMENT_3D('',#412,#1051,#1052);
#1051=DIRECTION('',(0.7071067811865472,0,-0.7071067811865479));
#1052=DIRECTION('',(0.577350269189626,0.577350269189626,0.5773502691896254));
#1053=FACE_BOUND('',#1054,.T.);
#1054=EDGE_LOOP('',(#1055,#1056,#1057));
#1055=ORIENTED_EDGE('',*,*,#1058,.T.);
#1056=ORIENTED_EDGE('',*,*,#1059,.T.);
#1057=ORIENTED_EDGE('',*,*,#1060,.T.);
#1058=EDGE_CURVE('',#413,#415,#1061,.F.);
#1059=EDGE_CURVE('',#415,#417,#1062,.T.);
#1060=EDGE_CURVE('',#417,#413,#1063,.T.);
#1061=LINE('',#412,#1064);
#1062=LINE('',#414,#1065);
#1063=LINE('',#416,#1066);
#1064=VECTOR('',#1067,1.0);
#1065=VECTOR('',#1068,1.0);
#1066=VECTOR('',#1069,1.0);
#1067=DIRECTION('',(0.577350269189626,0.577350269189626,0.5773502691896254));
#1068=DIRECTION('',(-0.3015113445777641,-0.9045340337332906,-0.3015113445777638));
#1069=DIRECTION('',(0,1,0));
#1070=STYLED_ITEM('',(#25),#1071);
#1071=FACE_SURFACE('',(#1076),#1072,.T.);
#1072=PLANE('',#1073);
#1073=AXIS2_PLACEMENT_3D('',#406,#1074,#1075);
#1074=DIRECTION('',(0.7071067811865471,0,-0.7071067811865478));
#1075=DIRECTION('',(-0.577350269189626,0.577350269189626,-0.5773502691896254));
#1076=FACE_BOUND('',#1077,.T.);
#1077=EDGE_LOOP('',(#1078,#1079,#1080));
#1078=ORIENTED_EDGE('',*,*,#1081,.T.);
#1079=ORIENTED_EDGE('',*,*,#1082,.T.);
#1080=ORIENTED_EDGE('',*,*,#1083,.T.);
#1081=EDGE_CURVE('',#407,#417,#1084,.F.);
#1082=EDGE_CURVE('',#417,#415,#1085,.T.);
#1083=EDGE_CURVE('',#415,#407,#1086,.T.);
#1084=LINE('',#406,#1087);
#1085=LINE('',#416,#1088);
#1086=LINE('',#414,#1089);
#1087=VECTOR('',#1090,1.0);
#1088=VECTOR('',#1091,1.0);
#1089=VECTOR('',#1092,1.0);
#1090=DIRECTION('',(-0.577350269189626,0.577350269189626,-0.5773502691896254));
#1091=DIRECTION('',(0.3015113445777641,0.9045340337332906,0.3015113445777638));
#1092=DIRECTION('',(0,-1,0));
#1093=STYLED_ITEM('',(#25),#1094);
#1094=FACE_SURFACE('',(#1099),#1095,.T.);
#1095=PLANE('',#1096);
#1096=AXIS2_PLACEMENT_3D('',#418,#1097,#1098);
#1097=DIRECTION('',(1,0,0));
#1098=DIRECTION('',(0,0.6246950475544244,0.7808688094430302));
#1099=FACE_BOUND('',#1100,.T.);
#1100=EDGE_LOOP('',(#1101,#1102,#1103));
#1101=ORIENTED_EDGE('',*,*,#1104,.T.);
#1102=ORIENTED_EDGE('',*,*,#1105,.T.);
#1103=ORIENTED_EDGE('',*,*,#1106,.T.);
#1104=EDGE_CURVE('',#419,#421,#1107,.F.);
#1105=EDGE_CURVE('',#421,#423,#1108,.T.);
#1106=EDGE_CURVE('',#423,#419,#1109,.T.);
#1107=LINE('',#418,#1110);
#1108=LINE('',#420,#1111);
#1109=LINE('',#422,#1112);
#1110=VECTOR('',#1113,1.0);
#1111=VECTOR('',#1114,1.0);
#1112=VECTOR('',#1115,1.0);
#1113=DIRECTION('',(0,0.6246950475544244,0.7808688094430302));
#1114=DIRECTION('',(0,-1,0));
#1115=DIRECTION('',(0,0,-1));
#1116=STYLED_ITEM('',(#25),#1117);
#1117=FACE_SURFACE('',(#1122),#1118,.T.);
#1118=PLANE('',#1119);
#1119=AXIS2_PLACEMENT_3D('',#368,#1120,#1121);
#1120=DIRECTION('',(0,-1,0));
#1121=DIRECTION('',(0,0,-1));
#1122=FACE_BOUND('',#1123,.T.);
#1123=EDGE_LOOP('',(#1124,#1125,#1126));
#1124=ORIENTED_EDGE('',*,*,#1127,.T.);
#1125=ORIENTED_EDGE('',*,*,#1128,.T.);
#1126=ORIENTED_EDGE('',*,*,#1129,.T.);
#1127=EDGE_CURVE('',#369,#357,#1130,.F.);
#1128=EDGE_CURVE('',#357,#409,#1131,.T.);
#1129=EDGE_CURVE('',#409,#369,#1132,.T.);
#1130=LINE('',#368,#1133);
#1131=LINE('',#356,#1134);
#1132=LINE('',#408,#1135);
#1133=VECTOR('',#1136,1.0);
#1134=VECTOR('',#1137,1.0);
#1135=VECTOR('',#1138,1.0);
#1136=DIRECTION('',(0,0,-1));
#1137=DIRECTION('',(0.10893684089886697,0,0.9940486732021603));
#1138=DIRECTION('',(-1,0,0));
#1139=STYLED_ITEM('',(#25),#1140);
#1140=FACE_SURFACE('',(#1145),#1141,.T.);
#1141=PLANE('',#1142);
#1142=AXIS2_PLACEMENT_3D('',#356,#1143,#1144);
#1143=DIRECTION('',(0,-0.7071067811865472,-0.7071067811865478));
#1144=DIRECTION('',(0.577350269189626,0.577350269189626,-0.5773502691896254));
#1145=FACE_BOUND('',#1146,.T.);
#1146=EDGE_LOOP('',(#1147,#1148,#1149));
#1147=ORIENTED_EDGE('',*,*,#1150,.T.);
#1148=ORIENTED_EDGE('',*,*,#1151,.T.);
#1149=ORIENTED_EDGE('',*,*,#1152,.T.);
#1150=EDGE_CURVE('',#357,#425,#1153,.F.);
#1151=EDGE_CURVE('',#425,#417,#1154,.T.);
#1152=EDGE_CURVE('',#417,#357,#1155,.T.);
#1153=LINE('',#356,#1156);
#1154=LINE('',#424,#1157);
#1155=LINE('',#416,#1158);
#1156=VECTOR('',#1159,1.0);
#1157=VECTOR('',#1160,1.0);
#1158=VECTOR('',#1161,1.0);
#1159=DIRECTION('',(0.577350269189626,0.577350269189626,-0.5773502691896254));
#1160=DIRECTION('',(1,0,0));
#1161=DIRECTION('',(-0.9045340337332909,-0.30151134457776363,0.30151134457776335));
#1162=STYLED_ITEM('',(#25),#1163);
#1163=FACE_SURFACE('',(#1168),#1164,.T.);
#1164=PLANE('',#1165);
#1165=AXIS2_PLACEMENT_3D('',#356,#1166,#1167);
#1166=DIRECTION('',(0,-0.7071067811865471,-0.7071067811865478));
#1167=DIRECTION('',(0.9045340337332909,0.30151134457776363,-0.30151134457776335));
#1168=FACE_BOUND('',#1169,.T.);
#1169=EDGE_LOOP('',(#1170,#1171,#1172));
#1170=ORIENTED_EDGE('',*,*,#1173,.T.);
#1171=ORIENTED_EDGE('',*,*,#1174,.T.);
#1172=ORIENTED_EDGE('',*,*,#1175,.T.);
#1173=EDGE_CURVE('',#357,#417,#1176,.F.);
#1174=EDGE_CURVE('',#417,#407,#1177,.T.);
#1175=EDGE_CURVE('',#407,#357,#1178,.T.);
#1176=LINE('',#356,#1179);
#1177=LINE('',#416,#1180);
#1178=LINE('',#406,#1181);
#1179=VECTOR('',#1182,1.0);
#1180=VECTOR('',#1183,1.0);
#1181=VECTOR('',#1184,1.0);
#1182=DIRECTION('',(0.9045340337332909,0.30151134457776363,-0.30151134457776335));
#1183=DIRECTION('',(0.577350269189626,-0.577350269189626,0.5773502691896254));
#1184=DIRECTION('',(-1,0,0));
#1185=STYLED_ITEM('',(#25),#1186);
#1186=FACE_SURFACE('',(#1191),#1187,.T.);
#1187=PLANE('',#1188);
#1188=AXIS2_PLACEMENT_3D('',#348,#1189,#1190);
#1189=DIRECTION('',(1,0,-0));
#1190=DIRECTION('',(0,0,1));
#1191=FACE_BOUND('',#1192,.T.);
#1192=EDGE_LOOP('',(#1193,#1194,#1195));
#1193=ORIENTED_EDGE('',*,*,#1196,.T.);
#1194=ORIENTED_EDGE('',*,*,#1197,.T.);
#1195=ORIENTED_EDGE('',*,*,#1198,.T.);
#1196=EDGE_CURVE('',#349,#427,#1199,.F.);
#1197=EDGE_CURVE('',#427,#351,#1200,.T.);
#1198=EDGE_CURVE('',#351,#349,#1201,.T.);
#1199=LINE('',#348,#1202);
#1200=LINE('',#426,#1203);
#1201=LINE('',#350,#1204);
#1202=VECTOR('',#1205,1.0);
#1203=VECTOR('',#1206,1.0);
#1204=VECTOR('',#1207,1.0);
#1205=DIRECTION('',(0,0,1));
#1206=DIRECTION('',(0,-1,0));
#1207=DIRECTION('',(0,0.6246950475544245,-0.7808688094430302));
#1208=STYLED_ITEM('',(#25),#1209);
#1209=FACE_SURFACE('',(#1214),#1210,.T.);
#1210=PLANE('',#1211);
#1211=AXIS2_PLACEMENT_3D('',#350,#1212,#1213);
#1212=DIRECTION('',(0,-0,1));
#1213=DIRECTION('',(0,1,0));
#1214=FACE_BOUND('',#1215,.T.);
#1215=EDGE_LOOP('',(#1216,#1217,#1218));
#1216=ORIENTED_EDGE('',*,*,#1219,.T.);
#1217=ORIENTED_EDGE('',*,*,#1220,.T.);
#1218=ORIENTED_EDGE('',*,*,#1221,.T.);
#1219=EDGE_CURVE('',#351,#427,#1222,.F.);
#1220=EDGE_CURVE('',#427,#429,#1223,.T.);
#1221=EDGE_CURVE('',#429,#351,#1224,.T.);
#1222=LINE('',#350,#1225);
#1223=LINE('',#426,#1226);
#1224=LINE('',#428,#1227);
#1225=VECTOR('',#1228,1.0);
#1226=VECTOR('',#1229,1.0);
#1227=VECTOR('',#1230,1.0);
#1228=DIRECTION('',(0,1,0));
#1229=DIRECTION('',(-0.5795057801353781,-0.8149681286956484,0));
#1230=DIRECTION('',(0.806674866914656,-0.5909954814448433,0));
#1231=STYLED_ITEM('',(#25),#1232);
#1232=FACE_SURFACE('',(#1237),#1233,.T.);
#1233=PLANE('',#1234);
#1234=AXIS2_PLACEMENT_3D('',#430,#1235,#1236);
#1235=DIRECTION('',(0,-0,1));
#1236=DIRECTION('',(0.7071067811865492,0.7071067811865456,0));
#1237=FACE_BOUND('',#1238,.T.);
#1238=EDGE_LOOP('',(#1239,#1240,#1241));
#1239=ORIENTED_EDGE('',*,*,#1242,.T.);
#1240=ORIENTED_EDGE('',*,*,#1243,.T.);
#1241=ORIENTED_EDGE('',*,*,#1244,.T.);
#1242=EDGE_CURVE('',#431,#351,#1245,.F.);
#1243=EDGE_CURVE('',#351,#429,#1246,.T.);
#1244=EDGE_CURVE('',#429,#431,#1247,.T.);
#1245=LINE('',#430,#1248);
#1246=LINE('',#350,#1249);
#1247=LINE('',#428,#1250);
#1248=VECTOR('',#1251,1.0);
#1249=VECTOR('',#1252,1.0);
#1250=VECTOR('',#1253,1.0);
#1251=DIRECTION('',(0.7071067811865492,0.7071067811865456,0));
#1252=DIRECTION('',(-0.806674866914656,0.5909954814448433,0));
#1253=DIRECTION('',(0.5909954814448417,-0.8066748669146572,0));
#1254=STYLED_ITEM('',(#25),#1255);
#1255=FACE_SURFACE('',(#1260),#1256,.T.);
#1256=PLANE('',#1257);
#1257=AXIS2_PLACEMENT_3D('',#374,#1258,#1259);
#1258=DIRECTION('',(1,0,0));
#1259=DIRECTION('',(0,-0.10893684089886697,-0.9940486732021603));
#1260=FACE_BOUND('',#1261,.T.);
#1261=EDGE_LOOP('',(#1262,#1263,#1264));
#1262=ORIENTED_EDGE('',*,*,#1265,.T.);
#1263=ORIENTED_EDGE('',*,*,#1266,.T.);
#1264=ORIENTED_EDGE('',*,*,#1267,.T.);
#1265=EDGE_CURVE('',#375,#385,#1268,.F.);
#1266=EDGE_CURVE('',#385,#401,#1269,.T.);
#1267=EDGE_CURVE('',#401,#375,#1270,.T.);
#1268=LINE('',#374,#1271);
#1269=LINE('',#384,#1272);
#1270=LINE('',#400,#1273);
#1271=VECTOR('',#1274,1.0);
#1272=VECTOR('',#1275,1.0);
#1273=VECTOR('',#1276,1.0);
#1274=DIRECTION('',(0,-0.10893684089886697,-0.9940486732021603));
#1275=DIRECTION('',(0,1,0));
#1276=DIRECTION('',(0,0,1));
#1277=STYLED_ITEM('',(#25),#1278);
#1278=FACE_SURFACE('',(#1283),#1279,.T.);
#1279=PLANE('',#1280);
#1280=AXIS2_PLACEMENT_3D('',#392,#1281,#1282);
#1281=DIRECTION('',(-0,0,1));
#1282=DIRECTION('',(0.5909954814448439,-0.8066748669146554,0));
#1283=FACE_BOUND('',#1284,.T.);
#1284=EDGE_LOOP('',(#1285,#1286,#1287));
#1285=ORIENTED_EDGE('',*,*,#1288,.T.);
#1286=ORIENTED_EDGE('',*,*,#1289,.T.);
#1287=ORIENTED_EDGE('',*,*,#1290,.T.);
#1288=EDGE_CURVE('',#393,#387,#1291,.F.);
#1289=EDGE_CURVE('',#387,#433,#1292,.T.);
#1290=EDGE_CURVE('',#433,#393,#1293,.T.);
#1291=LINE('',#392,#1294);
#1292=LINE('',#386,#1295);
#1293=LINE('',#432,#1296);
#1294=VECTOR('',#1297,1.0);
#1295=VECTOR('',#1298,1.0);
#1296=VECTOR('',#1299,1.0);
#1297=DIRECTION('',(0.5909954814448439,-0.8066748669146554,0));
#1298=DIRECTION('',(0.8149681286956479,0.5795057801353787,0));
#1299=DIRECTION('',(-1,0,0));
#1300=STYLED_ITEM('',(#25),#1301);
#1301=FACE_SURFACE('',(#1306),#1302,.T.);
#1302=PLANE('',#1303);
#1303=AXIS2_PLACEMENT_3D('',#386,#1304,#1305);
#1304=DIRECTION('',(0,0,1));
#1305=DIRECTION('',(1,0,0));
#1306=FACE_BOUND('',#1307,.T.);
#1307=EDGE_LOOP('',(#1308,#1309,#1310));
#1308=ORIENTED_EDGE('',*,*,#1311,.T.);
#1309=ORIENTED_EDGE('',*,*,#1312,.T.);
#1310=ORIENTED_EDGE('',*,*,#1313,.T.);
#1311=EDGE_CURVE('',#387,#435,#1314,.F.);
#1312=EDGE_CURVE('',#435,#433,#1315,.T.);
#1313=EDGE_CURVE('',#433,#387,#1316,.T.);
#1314=LINE('',#386,#1317);
#1315=LINE('',#434,#1318);
#1316=LINE('',#432,#1319);
#1317=VECTOR('',#1320,1.0);
#1318=VECTOR('',#1321,1.0);
#1319=VECTOR('',#1322,1.0);
#1320=DIRECTION('',(1,0,0));
#1321=DIRECTION('',(0.590995481444842,0.8066748669146568,0));
#1322=DIRECTION('',(-0.8149681286956479,-0.5795057801353787,0));
#1323=STYLED_ITEM('',(#25),#1324);
#1324=FACE_SURFACE('',(#1329),#1325,.T.);
#1325=PLANE('',#1326);
#1326=AXIS2_PLACEMENT_3D('',#436,#1327,#1328);
#1327=DIRECTION('',(0,0,1));
#1328=DIRECTION('',(-0.7071067811865499,0.707106781186545,0));
#1329=FACE_BOUND('',#1330,.T.);
#1330=EDGE_LOOP('',(#1331,#1332,#1333));
#1331=ORIENTED_EDGE('',*,*,#1334,.T.);
#1332=ORIENTED_EDGE('',*,*,#1335,.T.);
#1333=ORIENTED_EDGE('',*,*,#1336,.T.);
#1334=EDGE_CURVE('',#437,#433,#1337,.F.);
#1335=EDGE_CURVE('',#433,#435,#1338,.T.);
#1336=EDGE_CURVE('',#435,#437,#1339,.T.);
#1337=LINE('',#436,#1340);
#1338=LINE('',#432,#1341);
#1339=LINE('',#434,#1342);
#1340=VECTOR('',#1343,1.0);
#1341=VECTOR('',#1344,1.0);
#1342=VECTOR('',#1345,1.0);
#1343=DIRECTION('',(-0.7071067811865499,0.707106781186545,0));
#1344=DIRECTION('',(-0.590995481444842,-0.8066748669146568,0));
#1345=DIRECTION('',(0.8066748669146562,0.590995481444843,0));
#1346=STYLED_ITEM('',(#25),#1347);
#1347=FACE_SURFACE('',(#1352),#1348,.T.);
#1348=PLANE('',#1349);
#1349=AXIS2_PLACEMENT_3D('',#438,#1350,#1351);
#1350=DIRECTION('',(-1,0,0));
#1351=DIRECTION('',(0,-1,0));
#1352=FACE_BOUND('',#1353,.T.);
#1353=EDGE_LOOP('',(#1354,#1355,#1356));
#1354=ORIENTED_EDGE('',*,*,#1357,.T.);
#1355=ORIENTED_EDGE('',*,*,#1358,.T.);
#1356=ORIENTED_EDGE('',*,*,#1359,.T.);
#1357=EDGE_CURVE('',#439,#441,#1360,.F.);
#1358=EDGE_CURVE('',#441,#443,#1361,.T.);
#1359=EDGE_CURVE('',#443,#439,#1362,.T.);
#1360=LINE('',#438,#1363);
#1361=LINE('',#440,#1364);
#1362=LINE('',#442,#1365);
#1363=VECTOR('',#1366,1.0);
#1364=VECTOR('',#1367,1.0);
#1365=VECTOR('',#1368,1.0);
#1366=DIRECTION('',(0,-1,0));
#1367=DIRECTION('',(0,0,1));
#1368=DIRECTION('',(0,0.6246950475544245,-0.7808688094430302));
#1369=STYLED_ITEM('',(#25),#1370);
#1370=FACE_SURFACE('',(#1375),#1371,.T.);
#1371=PLANE('',#1372);
#1372=AXIS2_PLACEMENT_3D('',#356,#1373,#1374);
#1373=DIRECTION('',(-0.7071067811865472,0,-0.7071067811865479));
#1374=DIRECTION('',(0.3015113445777641,0.9045340337332906,-0.3015113445777638));
#1375=FACE_BOUND('',#1376,.T.);
#1376=EDGE_LOOP('',(#1377,#1378,#1379));
#1377=ORIENTED_EDGE('',*,*,#1380,.T.);
#1378=ORIENTED_EDGE('',*,*,#1381,.T.);
#1379=ORIENTED_EDGE('',*,*,#1382,.T.);
#1380=EDGE_CURVE('',#357,#355,#1383,.F.);
#1381=EDGE_CURVE('',#355,#425,#1384,.T.);
#1382=EDGE_CURVE('',#425,#357,#1385,.T.);
#1383=LINE('',#356,#1386);
#1384=LINE('',#354,#1387);
#1385=LINE('',#424,#1388);
#1386=VECTOR('',#1389,1.0);
#1387=VECTOR('',#1390,1.0);
#1388=VECTOR('',#1391,1.0);
#1389=DIRECTION('',(0.3015113445777641,0.9045340337332906,-0.3015113445777638));
#1390=DIRECTION('',(0,-1,0));
#1391=DIRECTION('',(-0.577350269189626,-0.577350269189626,0.5773502691896254));
#1392=STYLED_ITEM('',(#25),#1393);
#1393=FACE_SURFACE('',(#1398),#1394,.T.);
#1394=PLANE('',#1395);
#1395=AXIS2_PLACEMENT_3D('',#352,#1396,#1397);
#1396=DIRECTION('',(0.7071067811865457,-0.7071067811865493,0));
#1397=DIRECTION('',(0,0,1));
#1398=FACE_BOUND('',#1399,.T.);
#1399=EDGE_LOOP('',(#1400,#1401,#1402));
#1400=ORIENTED_EDGE('',*,*,#1403,.T.);
#1401=ORIENTED_EDGE('',*,*,#1404,.T.);
#1402=ORIENTED_EDGE('',*,*,#1405,.T.);
#1403=EDGE_CURVE('',#353,#351,#1406,.F.);
#1404=EDGE_CURVE('',#351,#431,#1407,.T.);
#1405=EDGE_CURVE('',#431,#353,#1408,.T.);
#1406=LINE('',#352,#1409);
#1407=LINE('',#350,#1410);
#1408=LINE('',#430,#1411);
#1409=VECTOR('',#1412,1.0);
#1410=VECTOR('',#1413,1.0);
#1411=VECTOR('',#1414,1.0);
#1412=DIRECTION('',(0,0,1));
#1413=DIRECTION('',(-0.7071067811865492,-0.7071067811865456,0));
#1414=DIRECTION('',(0.09901475429766798,0.09901475429766747,-0.9901475429766744));
#1415=STYLED_ITEM('',(#25),#1416);
#1416=FACE_SURFACE('',(#1421),#1417,.T.);
#1417=PLANE('',#1418);
#1418=AXIS2_PLACEMENT_3D('',#376,#1419,#1420);
#1419=DIRECTION('',(0.707106781186545,0.70710678118655,-0));
#1420=DIRECTION('',(0,0,1));
#1421=FACE_BOUND('',#1422,.T.);
#1422=EDGE_LOOP('',(#1423,#1424,#1425));
#1423=ORIENTED_EDGE('',*,*,#1426,.T.);
#1424=ORIENTED_EDGE('',*,*,#1427,.T.);
#1425=ORIENTED_EDGE('',*,*,#1428,.T.);
#1426=EDGE_CURVE('',#377,#433,#1429,.F.);
#1427=EDGE_CURVE('',#433,#373,#1430,.T.);
#1428=EDGE_CURVE('',#373,#377,#1431,.T.);
#1429=LINE('',#376,#1432);
#1430=LINE('',#432,#1433);
#1431=LINE('',#372,#1434);
#1432=VECTOR('',#1435,1.0);
#1433=VECTOR('',#1436,1.0);
#1434=VECTOR('',#1437,1.0);
#1435=DIRECTION('',(0,0,1));
#1436=DIRECTION('',(0.09901475429766798,-0.09901475429766729,-0.9901475429766744));
#1437=DIRECTION('',(-0.7071067811865499,0.707106781186545,0));
#1438=STYLED_ITEM('',(#25),#1439);
#1439=FACE_SURFACE('',(#1444),#1440,.T.);
#1440=PLANE('',#1441);
#1441=AXIS2_PLACEMENT_3D('',#436,#1442,#1443);
#1442=DIRECTION('',(0.707106781186545,0.70710678118655,0));
#1443=DIRECTION('',(0,0,-1));
#1444=FACE_BOUND('',#1445,.T.);
#1445=EDGE_LOOP('',(#1446,#1447,#1448));
#1446=ORIENTED_EDGE('',*,*,#1449,.T.);
#1447=ORIENTED_EDGE('',*,*,#1450,.T.);
#1448=ORIENTED_EDGE('',*,*,#1451,.T.);
#1449=EDGE_CURVE('',#437,#373,#1452,.F.);
#1450=EDGE_CURVE('',#373,#433,#1453,.T.);
#1451=EDGE_CURVE('',#433,#437,#1454,.T.);
#1452=LINE('',#436,#1455);
#1453=LINE('',#372,#1456);
#1454=LINE('',#432,#1457);
#1455=VECTOR('',#1458,1.0);
#1456=VECTOR('',#1459,1.0);
#1457=VECTOR('',#1460,1.0);
#1458=DIRECTION('',(0,0,-1));
#1459=DIRECTION('',(-0.09901475429766798,0.09901475429766729,0.9901475429766744));
#1460=DIRECTION('',(0.7071067811865499,-0.707106781186545,0));
#1461=STYLED_ITEM('',(#25),#1462);
#1462=FACE_SURFACE('',(#1467),#1463,.T.);
#1463=PLANE('',#1464);
#1464=AXIS2_PLACEMENT_3D('',#444,#1465,#1466);
#1465=DIRECTION('',(0,1,0));
#1466=DIRECTION('',(0,0,-1));
#1467=FACE_BOUND('',#1468,.T.);
#1468=EDGE_LOOP('',(#1469,#1470,#1471));
#1469=ORIENTED_EDGE('',*,*,#1472,.T.);
#1470=ORIENTED_EDGE('',*,*,#1473,.T.);
#1471=ORIENTED_EDGE('',*,*,#1474,.T.);
#1472=EDGE_CURVE('',#445,#415,#1475,.F.);
#1473=EDGE_CURVE('',#415,#367,#1476,.T.);
#1474=EDGE_CURVE('',#367,#445,#1477,.T.);
#1475=LINE('',#444,#1478);
#1476=LINE('',#414,#1479);
#1477=LINE('',#366,#1480);
#1478=VECTOR('',#1481,1.0);
#1479=VECTOR('',#1482,1.0);
#1480=VECTOR('',#1483,1.0);
#1481=DIRECTION('',(0,0,-1));
#1482=DIRECTION('',(-0.10893684089886697,0,0.9940486732021603));
#1483=DIRECTION('',(1,0,0));
#1484=STYLED_ITEM('',(#25),#1485);
#1485=FACE_SURFACE('',(#1490),#1486,.T.);
#1486=PLANE('',#1487);
#1487=AXIS2_PLACEMENT_3D('',#358,#1488,#1489);
#1488=DIRECTION('',(0,1,0));
#1489=DIRECTION('',(0,0,1));
#1490=FACE_BOUND('',#1491,.T.);
#1491=EDGE_LOOP('',(#1492,#1493,#1494));
#1492=ORIENTED_EDGE('',*,*,#1495,.T.);
#1493=ORIENTED_EDGE('',*,*,#1496,.T.);
#1494=ORIENTED_EDGE('',*,*,#1497,.T.);
#1495=EDGE_CURVE('',#359,#367,#1498,.F.);
#1496=EDGE_CURVE('',#367,#415,#1499,.T.);
#1497=EDGE_CURVE('',#415,#359,#1500,.T.);
#1498=LINE('',#358,#1501);
#1499=LINE('',#366,#1502);
#1500=LINE('',#414,#1503);
#1501=VECTOR('',#1504,1.0);
#1502=VECTOR('',#1505,1.0);
#1503=VECTOR('',#1506,1.0);
#1504=DIRECTION('',(0,0,1));
#1505=DIRECTION('',(0.10893684089886697,0,-0.9940486732021603));
#1506=DIRECTION('',(-1,0,0));
#1507=STYLED_ITEM('',(#25),#1508);
#1508=FACE_SURFACE('',(#1513),#1509,.T.);
#1509=PLANE('',#1510);
#1510=AXIS2_PLACEMENT_3D('',#446,#1511,#1512);
#1511=DIRECTION('',(0,0,-1));
#1512=DIRECTION('',(-0.5909954814448417,0.8066748669146572,0));
#1513=FACE_BOUND('',#1514,.T.);
#1514=EDGE_LOOP('',(#1515,#1516,#1517));
#1515=ORIENTED_EDGE('',*,*,#1518,.T.);
#1516=ORIENTED_EDGE('',*,*,#1519,.T.);
#1517=ORIENTED_EDGE('',*,*,#1520,.T.);
#1518=EDGE_CURVE('',#447,#449,#1521,.F.);
#1519=EDGE_CURVE('',#449,#353,#1522,.T.);
#1520=EDGE_CURVE('',#353,#447,#1523,.T.);
#1521=LINE('',#446,#1524);
#1522=LINE('',#448,#1525);
#1523=LINE('',#352,#1526);
#1524=VECTOR('',#1527,1.0);
#1525=VECTOR('',#1528,1.0);
#1526=VECTOR('',#1529,1.0);
#1527=DIRECTION('',(-0.5909954814448417,0.8066748669146572,0));
#1528=DIRECTION('',(0.806674866914656,-0.5909954814448433,0));
#1529=DIRECTION('',(-0.7071067811865492,-0.7071067811865456,0));
#1530=STYLED_ITEM('',(#25),#1531);
#1531=FACE_SURFACE('',(#1536),#1532,.T.);
#1532=PLANE('',#1533);
#1533=AXIS2_PLACEMENT_3D('',#348,#1534,#1535);
#1534=DIRECTION('',(0,-0,-1));
#1535=DIRECTION('',(0,-1,0));
#1536=FACE_BOUND('',#1537,.T.);
#1537=EDGE_LOOP('',(#1538,#1539,#1540));
#1538=ORIENTED_EDGE('',*,*,#1541,.T.);
#1539=ORIENTED_EDGE('',*,*,#1542,.T.);
#1540=ORIENTED_EDGE('',*,*,#1543,.T.);
#1541=EDGE_CURVE('',#349,#353,#1544,.F.);
#1542=EDGE_CURVE('',#353,#449,#1545,.T.);
#1543=EDGE_CURVE('',#449,#349,#1546,.T.);
#1544=LINE('',#348,#1547);
#1545=LINE('',#352,#1548);
#1546=LINE('',#448,#1549);
#1547=VECTOR('',#1550,1.0);
#1548=VECTOR('',#1551,1.0);
#1549=VECTOR('',#1552,1.0);
#1550=DIRECTION('',(0,-1,0));
#1551=DIRECTION('',(-0.806674866914656,0.5909954814448433,0));
#1552=DIRECTION('',(0.5795057801353781,0.8149681286956484,0));
#1553=STYLED_ITEM('',(#25),#1554);
#1554=FACE_SURFACE('',(#1559),#1555,.T.);
#1555=PLANE('',#1556);
#1556=AXIS2_PLACEMENT_3D('',#348,#1557,#1558);
#1557=DIRECTION('',(0,0,-1));
#1558=DIRECTION('',(-0.5795057801353781,-0.8149681286956484,0));
#1559=FACE_BOUND('',#1560,.T.);
#1560=EDGE_LOOP('',(#1561,#1562,#1563));
#1561=ORIENTED_EDGE('',*,*,#1564,.T.);
#1562=ORIENTED_EDGE('',*,*,#1565,.T.);
#1563=ORIENTED_EDGE('',*,*,#1566,.T.);
#1564=EDGE_CURVE('',#349,#449,#1567,.F.);
#1565=EDGE_CURVE('',#449,#451,#1568,.T.);
#1566=EDGE_CURVE('',#451,#349,#1569,.T.);
#1567=LINE('',#348,#1570);
#1568=LINE('',#448,#1571);
#1569=LINE('',#450,#1572);
#1570=VECTOR('',#1573,1.0);
#1571=VECTOR('',#1574,1.0);
#1572=VECTOR('',#1575,1.0);
#1573=DIRECTION('',(-0.5795057801353781,-0.8149681286956484,0));
#1574=DIRECTION('',(0,1,0));
#1575=DIRECTION('',(0.806674866914656,0.5909954814448433,0));
#1576=STYLED_ITEM('',(#25),#1577);
#1577=FACE_SURFACE('',(#1582),#1578,.T.);
#1578=PLANE('',#1579);
#1579=AXIS2_PLACEMENT_3D('',#452,#1580,#1581);
#1580=DIRECTION('',(0,0,-1));
#1581=DIRECTION('',(0.3192188694853208,0.9476810187845452,0));
#1582=FACE_BOUND('',#1583,.T.);
#1583=EDGE_LOOP('',(#1584,#1585,#1586));
#1584=ORIENTED_EDGE('',*,*,#1587,.T.);
#1585=ORIENTED_EDGE('',*,*,#1588,.T.);
#1586=ORIENTED_EDGE('',*,*,#1589,.T.);
#1587=EDGE_CURVE('',#453,#409,#1590,.F.);
#1588=EDGE_CURVE('',#409,#451,#1591,.T.);
#1589=EDGE_CURVE('',#451,#453,#1592,.T.);
#1590=LINE('',#452,#1593);
#1591=LINE('',#408,#1594);
#1592=LINE('',#450,#1595);
#1593=VECTOR('',#1596,1.0);
#1594=VECTOR('',#1597,1.0);
#1595=VECTOR('',#1598,1.0);
#1596=DIRECTION('',(0.3192188694853208,0.9476810187845452,0));
#1597=DIRECTION('',(0,-1,0));
#1598=DIRECTION('',(-1,0,0));
#1599=STYLED_ITEM('',(#25),#1600);
#1600=FACE_SURFACE('',(#1605),#1601,.T.);
#1601=PLANE('',#1602);
#1602=AXIS2_PLACEMENT_3D('',#454,#1603,#1604);
#1603=DIRECTION('',(1,0,0));
#1604=DIRECTION('',(0,0,-1));
#1605=FACE_BOUND('',#1606,.T.);
#1606=EDGE_LOOP('',(#1607,#1608,#1609));
#1607=ORIENTED_EDGE('',*,*,#1610,.T.);
#1608=ORIENTED_EDGE('',*,*,#1611,.T.);
#1609=ORIENTED_EDGE('',*,*,#1612,.T.);
#1610=EDGE_CURVE('',#455,#429,#1613,.F.);
#1611=EDGE_CURVE('',#429,#457,#1614,.T.);
#1612=EDGE_CURVE('',#457,#455,#1615,.T.);
#1613=LINE('',#454,#1616);
#1614=LINE('',#428,#1617);
#1615=LINE('',#456,#1618);
#1616=VECTOR('',#1619,1.0);
#1617=VECTOR('',#1620,1.0);
#1618=VECTOR('',#1621,1.0);
#1619=DIRECTION('',(0,0,-1));
#1620=DIRECTION('',(0,1,0));
#1621=DIRECTION('',(0,-0.2198391297465434,0.9755361382502867));
#1622=STYLED_ITEM('',(#25),#1623);
#1623=FACE_SURFACE('',(#1628),#1624,.T.);
#1624=PLANE('',#1625);
#1625=AXIS2_PLACEMENT_3D('',#454,#1626,#1627);
#1626=DIRECTION('',(1,-0,0));
#1627=DIRECTION('',(0,0.2198391297465434,-0.9755361382502867));
#1628=FACE_BOUND('',#1629,.T.);
#1629=EDGE_LOOP('',(#1630,#1631,#1632));
#1630=ORIENTED_EDGE('',*,*,#1633,.T.);
#1631=ORIENTED_EDGE('',*,*,#1634,.T.);
#1632=ORIENTED_EDGE('',*,*,#1635,.T.);
#1633=EDGE_CURVE('',#455,#457,#1636,.F.);
#1634=EDGE_CURVE('',#457,#459,#1637,.T.);
#1635=EDGE_CURVE('',#459,#455,#1638,.T.);
#1636=LINE('',#454,#1639);
#1637=LINE('',#456,#1640);
#1638=LINE('',#458,#1641);
#1639=VECTOR('',#1642,1.0);
#1640=VECTOR('',#1643,1.0);
#1641=VECTOR('',#1644,1.0);
#1642=DIRECTION('',(0,0.2198391297465434,-0.9755361382502867));
#1643=DIRECTION('',(0,0,1));
#1644=DIRECTION('',(0,-1,0));
#1645=STYLED_ITEM('',(#25),#1646);
#1646=FACE_SURFACE('',(#1651),#1647,.T.);
#1647=PLANE('',#1648);
#1648=AXIS2_PLACEMENT_3D('',#460,#1649,#1650);
#1649=DIRECTION('',(0,1,0));
#1650=DIRECTION('',(0,0,-1));
#1651=FACE_BOUND('',#1652,.T.);
#1652=EDGE_LOOP('',(#1653,#1654,#1655));
#1653=ORIENTED_EDGE('',*,*,#1656,.T.);
#1654=ORIENTED_EDGE('',*,*,#1657,.T.);
#1655=ORIENTED_EDGE('',*,*,#1658,.T.);
#1656=EDGE_CURVE('',#461,#435,#1659,.F.);
#1657=EDGE_CURVE('',#435,#387,#1660,.T.);
#1658=EDGE_CURVE('',#387,#461,#1661,.T.);
#1659=LINE('',#460,#1662);
#1660=LINE('',#434,#1663);
#1661=LINE('',#386,#1664);
#1662=VECTOR('',#1665,1.0);
#1663=VECTOR('',#1666,1.0);
#1664=VECTOR('',#1667,1.0);
#1665=DIRECTION('',(0,0,-1));
#1666=DIRECTION('',(-1,0,0));
#1667=DIRECTION('',(0.21983912974654354,0,0.9755361382502866));
#1668=STYLED_ITEM('',(#25),#1669);
#1669=FACE_SURFACE('',(#1674),#1670,.T.);
#1670=PLANE('',#1671);
#1671=AXIS2_PLACEMENT_3D('',#352,#1672,#1673);
#1672=DIRECTION('',(0.7071067811865457,-0.7071067811865493,0));
#1673=DIRECTION('',(-0.09901475429766798,-0.09901475429766747,0.9901475429766744));
#1674=FACE_BOUND('',#1675,.T.);
#1675=EDGE_LOOP('',(#1676,#1677,#1678));
#1676=ORIENTED_EDGE('',*,*,#1679,.T.);
#1677=ORIENTED_EDGE('',*,*,#1680,.T.);
#1678=ORIENTED_EDGE('',*,*,#1681,.T.);
#1679=EDGE_CURVE('',#353,#431,#1682,.F.);
#1680=EDGE_CURVE('',#431,#447,#1683,.T.);
#1681=EDGE_CURVE('',#447,#353,#1684,.T.);
#1682=LINE('',#352,#1685);
#1683=LINE('',#430,#1686);
#1684=LINE('',#446,#1687);
#1685=VECTOR('',#1688,1.0);
#1686=VECTOR('',#1689,1.0);
#1687=VECTOR('',#1690,1.0);
#1688=DIRECTION('',(-0.09901475429766798,-0.09901475429766747,0.9901475429766744));
#1689=DIRECTION('',(0,0,-1));
#1690=DIRECTION('',(0.7071067811865492,0.7071067811865456,0));
#1691=STYLED_ITEM('',(#25),#1692);
#1692=FACE_SURFACE('',(#1697),#1693,.T.);
#1693=PLANE('',#1694);
#1694=AXIS2_PLACEMENT_3D('',#462,#1695,#1696);
#1695=DIRECTION('',(0.7071067811865472,0,-0.7071067811865478));
#1696=DIRECTION('',(0.577350269189626,0.577350269189626,0.5773502691896254));
#1697=FACE_BOUND('',#1698,.T.);
#1698=EDGE_LOOP('',(#1699,#1700,#1701));
#1699=ORIENTED_EDGE('',*,*,#1702,.T.);
#1700=ORIENTED_EDGE('',*,*,#1703,.T.);
#1701=ORIENTED_EDGE('',*,*,#1704,.T.);
#1702=EDGE_CURVE('',#463,#465,#1705,.F.);
#1703=EDGE_CURVE('',#465,#395,#1706,.T.);
#1704=EDGE_CURVE('',#395,#463,#1707,.T.);
#1705=LINE('',#462,#1708);
#1706=LINE('',#464,#1709);
#1707=LINE('',#394,#1710);
#1708=VECTOR('',#1711,1.0);
#1709=VECTOR('',#1712,1.0);
#1710=VECTOR('',#1713,1.0);
#1711=DIRECTION('',(0.577350269189626,0.577350269189626,0.5773502691896254));
#1712=DIRECTION('',(0,-1,0));
#1713=DIRECTION('',(-0.30151134457776385,0.9045340337332907,-0.3015113445777636));
#1714=STYLED_ITEM('',(#25),#1715);
#1715=FACE_SURFACE('',(#1720),#1716,.T.);
#1716=PLANE('',#1717);
#1717=AXIS2_PLACEMENT_3D('',#462,#1718,#1719);
#1718=DIRECTION('',(0.7071067811865471,0,-0.7071067811865478));
#1719=DIRECTION('',(0.30151134457776385,-0.9045340337332907,0.3015113445777636));
#1720=FACE_BOUND('',#1721,.T.);
#1721=EDGE_LOOP('',(#1722,#1723,#1724));
#1722=ORIENTED_EDGE('',*,*,#1725,.T.);
#1723=ORIENTED_EDGE('',*,*,#1726,.T.);
#1724=ORIENTED_EDGE('',*,*,#1727,.T.);
#1725=EDGE_CURVE('',#463,#395,#1728,.F.);
#1726=EDGE_CURVE('',#395,#467,#1729,.T.);
#1727=EDGE_CURVE('',#467,#463,#1730,.T.);
#1728=LINE('',#462,#1731);
#1729=LINE('',#394,#1732);
#1730=LINE('',#466,#1733);
#1731=VECTOR('',#1734,1.0);
#1732=VECTOR('',#1735,1.0);
#1733=VECTOR('',#1736,1.0);
#1734=DIRECTION('',(0.30151134457776385,-0.9045340337332907,0.3015113445777636));
#1735=DIRECTION('',(-0.577350269189626,0.577350269189626,-0.5773502691896254));
#1736=DIRECTION('',(0,1,0));
#1737=STYLED_ITEM('',(#25),#1738);
#1738=FACE_SURFACE('',(#1743),#1739,.T.);
#1739=PLANE('',#1740);
#1740=AXIS2_PLACEMENT_3D('',#438,#1741,#1742);
#1741=DIRECTION('',(-1,0,0));
#1742=DIRECTION('',(0,-0.6246950475544245,0.7808688094430302));
#1743=FACE_BOUND('',#1744,.T.);
#1744=EDGE_LOOP('',(#1745,#1746,#1747));
#1745=ORIENTED_EDGE('',*,*,#1748,.T.);
#1746=ORIENTED_EDGE('',*,*,#1749,.T.);
#1747=ORIENTED_EDGE('',*,*,#1750,.T.);
#1748=EDGE_CURVE('',#439,#443,#1751,.F.);
#1749=EDGE_CURVE('',#443,#469,#1752,.T.);
#1750=EDGE_CURVE('',#469,#439,#1753,.T.);
#1751=LINE('',#438,#1754);
#1752=LINE('',#442,#1755);
#1753=LINE('',#468,#1756);
#1754=VECTOR('',#1757,1.0);
#1755=VECTOR('',#1758,1.0);
#1756=VECTOR('',#1759,1.0);
#1757=DIRECTION('',(0,-0.6246950475544245,0.7808688094430302));
#1758=DIRECTION('',(0,1,0));
#1759=DIRECTION('',(0,0,-1));
#1760=STYLED_ITEM('',(#25),#1761);
#1761=FACE_SURFACE('',(#1766),#1762,.T.);
#1762=PLANE('',#1763);
#1763=AXIS2_PLACEMENT_3D('',#470,#1764,#1765);
#1764=DIRECTION('',(0,-1,0));
#1765=DIRECTION('',(0.21983912974654354,0,-0.9755361382502866));
#1766=FACE_BOUND('',#1767,.T.);
#1767=EDGE_LOOP('',(#1768,#1769,#1770));
#1768=ORIENTED_EDGE('',*,*,#1771,.T.);
#1769=ORIENTED_EDGE('',*,*,#1772,.T.);
#1770=ORIENTED_EDGE('',*,*,#1773,.T.);
#1771=EDGE_CURVE('',#471,#473,#1774,.F.);
#1772=EDGE_CURVE('',#473,#475,#1775,.T.);
#1773=EDGE_CURVE('',#475,#471,#1776,.T.);
#1774=LINE('',#470,#1777);
#1775=LINE('',#472,#1778);
#1776=LINE('',#474,#1779);
#1777=VECTOR('',#1780,1.0);
#1778=VECTOR('',#1781,1.0);
#1779=VECTOR('',#1782,1.0);
#1780=DIRECTION('',(0.21983912974654354,0,-0.9755361382502866));
#1781=DIRECTION('',(0,0,1));
#1782=DIRECTION('',(-1,0,0));
#1783=STYLED_ITEM('',(#25),#1784);
#1784=FACE_SURFACE('',(#1789),#1785,.T.);
#1785=PLANE('',#1786);
#1786=AXIS2_PLACEMENT_3D('',#448,#1787,#1788);
#1787=DIRECTION('',(1,-0,0));
#1788=DIRECTION('',(0,0,-1));
#1789=FACE_BOUND('',#1790,.T.);
#1790=EDGE_LOOP('',(#1791,#1792,#1793));
#1791=ORIENTED_EDGE('',*,*,#1794,.T.);
#1792=ORIENTED_EDGE('',*,*,#1795,.T.);
#1793=ORIENTED_EDGE('',*,*,#1796,.T.);
#1794=EDGE_CURVE('',#449,#395,#1797,.F.);
#1795=EDGE_CURVE('',#395,#451,#1798,.T.);
#1796=EDGE_CURVE('',#451,#449,#1799,.T.);
#1797=LINE('',#448,#1800);
#1798=LINE('',#394,#1801);
#1799=LINE('',#450,#1802);
#1800=VECTOR('',#1803,1.0);
#1801=VECTOR('',#1804,1.0);
#1802=VECTOR('',#1805,1.0);
#1803=DIRECTION('',(0,0,-1));
#1804=DIRECTION('',(0,0.1089368408988669,0.9940486732021603));
#1805=DIRECTION('',(0,-1,0));
#1806=STYLED_ITEM('',(#25),#1807);
#1807=FACE_SURFACE('',(#1812),#1808,.T.);
#1808=PLANE('',#1809);
#1809=AXIS2_PLACEMENT_3D('',#464,#1810,#1811);
#1810=DIRECTION('',(1,0,-0));
#1811=DIRECTION('',(0,0,1));
#1812=FACE_BOUND('',#1813,.T.);
#1813=EDGE_LOOP('',(#1814,#1815,#1816));
#1814=ORIENTED_EDGE('',*,*,#1817,.T.);
#1815=ORIENTED_EDGE('',*,*,#1818,.T.);
#1816=ORIENTED_EDGE('',*,*,#1819,.T.);
#1817=EDGE_CURVE('',#465,#451,#1820,.F.);
#1818=EDGE_CURVE('',#451,#395,#1821,.T.);
#1819=EDGE_CURVE('',#395,#465,#1822,.T.);
#1820=LINE('',#464,#1823);
#1821=LINE('',#450,#1824);
#1822=LINE('',#394,#1825);
#1823=VECTOR('',#1826,1.0);
#1824=VECTOR('',#1827,1.0);
#1825=VECTOR('',#1828,1.0);
#1826=DIRECTION('',(0,0,1));
#1827=DIRECTION('',(0,-0.1089368408988669,-0.9940486732021603));
#1828=DIRECTION('',(0,1,0));
#1829=STYLED_ITEM('',(#25),#1830);
#1830=FACE_SURFACE('',(#1835),#1831,.T.);
#1831=PLANE('',#1832);
#1832=AXIS2_PLACEMENT_3D('',#364,#1833,#1834);
#1833=DIRECTION('',(-0,0,1));
#1834=DIRECTION('',(0.8066748669146562,-0.590995481444843,0));
#1835=FACE_BOUND('',#1836,.T.);
#1836=EDGE_LOOP('',(#1837,#1838,#1839));
#1837=ORIENTED_EDGE('',*,*,#1840,.T.);
#1838=ORIENTED_EDGE('',*,*,#1841,.T.);
#1839=ORIENTED_EDGE('',*,*,#1842,.T.);
#1840=EDGE_CURVE('',#365,#477,#1843,.F.);
#1841=EDGE_CURVE('',#477,#435,#1844,.T.);
#1842=EDGE_CURVE('',#435,#365,#1845,.T.);
#1843=LINE('',#364,#1846);
#1844=LINE('',#476,#1847);
#1845=LINE('',#434,#1848);
#1846=VECTOR('',#1849,1.0);
#1847=VECTOR('',#1850,1.0);
#1848=VECTOR('',#1851,1.0);
#1849=DIRECTION('',(0.8066748669146562,-0.590995481444843,0));
#1850=DIRECTION('',(-0.5795057801353781,0.8149681286956484,0));
#1851=DIRECTION('',(0,-1,0));
#1852=STYLED_ITEM('',(#25),#1853);
#1853=FACE_SURFACE('',(#1858),#1854,.T.);
#1854=PLANE('',#1855);
#1855=AXIS2_PLACEMENT_3D('',#478,#1856,#1857);
#1856=DIRECTION('',(1,0,-0));
#1857=DIRECTION('',(0,0,1));
#1858=FACE_BOUND('',#1859,.T.);
#1859=EDGE_LOOP('',(#1860,#1861,#1862));
#1860=ORIENTED_EDGE('',*,*,#1863,.T.);
#1861=ORIENTED_EDGE('',*,*,#1864,.T.);
#1862=ORIENTED_EDGE('',*,*,#1865,.T.);
#1863=EDGE_CURVE('',#479,#421,#1866,.F.);
#1864=EDGE_CURVE('',#421,#419,#1867,.T.);
#1865=EDGE_CURVE('',#419,#479,#1868,.T.);
#1866=LINE('',#478,#1869);
#1867=LINE('',#420,#1870);
#1868=LINE('',#418,#1871);
#1869=VECTOR('',#1872,1.0);
#1870=VECTOR('',#1873,1.0);
#1871=VECTOR('',#1874,1.0);
#1872=DIRECTION('',(0,0,1));
#1873=DIRECTION('',(0,-0.6246950475544244,-0.7808688094430302));
#1874=DIRECTION('',(0,1,0));
#1875=STYLED_ITEM('',(#25),#1876);
#1876=FACE_SURFACE('',(#1881),#1877,.T.);
#1877=PLANE('',#1878);
#1878=AXIS2_PLACEMENT_3D('',#394,#1879,#1880);
#1879=DIRECTION('',(-0,-0.7071067811865471,-0.7071067811865478));
#1880=DIRECTION('',(-1,0,0));
#1881=FACE_BOUND('',#1882,.T.);
#1882=EDGE_LOOP('',(#1883,#1884,#1885));
#1883=ORIENTED_EDGE('',*,*,#1886,.T.);
#1884=ORIENTED_EDGE('',*,*,#1887,.T.);
#1885=ORIENTED_EDGE('',*,*,#1888,.T.);
#1886=EDGE_CURVE('',#395,#399,#1889,.F.);
#1887=EDGE_CURVE('',#399,#481,#1890,.T.);
#1888=EDGE_CURVE('',#481,#395,#1891,.T.);
#1889=LINE('',#394,#1892);
#1890=LINE('',#398,#1893);
#1891=LINE('',#480,#1894);
#1892=VECTOR('',#1895,1.0);
#1893=VECTOR('',#1896,1.0);
#1894=VECTOR('',#1897,1.0);
#1895=DIRECTION('',(-1,0,0));
#1896=DIRECTION('',(0.577350269189626,0.577350269189626,-0.5773502691896254));
#1897=DIRECTION('',(0.9045340337332909,-0.30151134457776363,0.30151134457776335));
#1898=STYLED_ITEM('',(#25),#1899);
#1899=FACE_SURFACE('',(#1904),#1900,.T.);
#1900=PLANE('',#1901);
#1901=AXIS2_PLACEMENT_3D('',#394,#1902,#1903);
#1902=DIRECTION('',(0,-0.7071067811865472,-0.7071067811865478));
#1903=DIRECTION('',(-0.9045340337332909,0.30151134457776363,-0.30151134457776335));
#1904=FACE_BOUND('',#1905,.T.);
#1905=EDGE_LOOP('',(#1906,#1907,#1908));
#1906=ORIENTED_EDGE('',*,*,#1909,.T.);
#1907=ORIENTED_EDGE('',*,*,#1910,.T.);
#1908=ORIENTED_EDGE('',*,*,#1911,.T.);
#1909=EDGE_CURVE('',#395,#481,#1912,.F.);
#1910=EDGE_CURVE('',#481,#467,#1913,.T.);
#1911=EDGE_CURVE('',#467,#395,#1914,.T.);
#1912=LINE('',#394,#1915);
#1913=LINE('',#480,#1916);
#1914=LINE('',#466,#1917);
#1915=VECTOR('',#1918,1.0);
#1916=VECTOR('',#1919,1.0);
#1917=VECTOR('',#1920,1.0);
#1918=DIRECTION('',(-0.9045340337332909,0.30151134457776363,-0.30151134457776335));
#1919=DIRECTION('',(1,0,0));
#1920=DIRECTION('',(0.577350269189626,-0.577350269189626,0.5773502691896254));
#1921=STYLED_ITEM('',(#25),#1922);
#1922=FACE_SURFACE('',(#1927),#1923,.T.);
#1923=PLANE('',#1924);
#1924=AXIS2_PLACEMENT_3D('',#474,#1925,#1926);
#1925=DIRECTION('',(0.7071067811865436,0,0.7071067811865513));
#1926=DIRECTION('',(-0.3015113445777644,0.9045340337332916,0.3015113445777611));
#1927=FACE_BOUND('',#1928,.T.);
#1928=EDGE_LOOP('',(#1929,#1930,#1931));
#1929=ORIENTED_EDGE('',*,*,#1932,.T.);
#1930=ORIENTED_EDGE('',*,*,#1933,.T.);
#1931=ORIENTED_EDGE('',*,*,#1934,.T.);
#1932=EDGE_CURVE('',#475,#483,#1935,.F.);
#1933=EDGE_CURVE('',#483,#485,#1936,.T.);
#1934=EDGE_CURVE('',#485,#475,#1937,.T.);
#1935=LINE('',#474,#1938);
#1936=LINE('',#482,#1939);
#1937=LINE('',#484,#1940);
#1938=VECTOR('',#1941,1.0);
#1939=VECTOR('',#1942,1.0);
#1940=VECTOR('',#1943,1.0);
#1941=DIRECTION('',(-0.3015113445777644,0.9045340337332916,0.3015113445777611));
#1942=DIRECTION('',(0,-1,0));
#1943=DIRECTION('',(0.5773502691896278,-0.5773502691896278,-0.5773502691896215));
#1944=STYLED_ITEM('',(#25),#1945);
#1945=FACE_SURFACE('',(#1950),#1946,.T.);
#1946=PLANE('',#1947);
#1947=AXIS2_PLACEMENT_3D('',#486,#1948,#1949);
#1948=DIRECTION('',(-1,0,0));
#1949=DIRECTION('',(0,-1,0));
#1950=FACE_BOUND('',#1951,.T.);
#1951=EDGE_LOOP('',(#1952,#1953,#1954));
#1952=ORIENTED_EDGE('',*,*,#1955,.T.);
#1953=ORIENTED_EDGE('',*,*,#1956,.T.);
#1954=ORIENTED_EDGE('',*,*,#1957,.T.);
#1955=EDGE_CURVE('',#487,#489,#1958,.F.);
#1956=EDGE_CURVE('',#489,#491,#1959,.T.);
#1957=EDGE_CURVE('',#491,#487,#1960,.T.);
#1958=LINE('',#486,#1961);
#1959=LINE('',#488,#1962);
#1960=LINE('',#490,#1963);
#1961=VECTOR('',#1964,1.0);
#1962=VECTOR('',#1965,1.0);
#1963=VECTOR('',#1966,1.0);
#1964=DIRECTION('',(0,-1,0));
#1965=DIRECTION('',(0,0.6246950475544244,0.7808688094430302));
#1966=DIRECTION('',(0,0,-1));
#1967=STYLED_ITEM('',(#25),#1968);
#1968=FACE_SURFACE('',(#1973),#1969,.T.);
#1969=PLANE('',#1970);
#1970=AXIS2_PLACEMENT_3D('',#440,#1971,#1972);
#1971=DIRECTION('',(-0.7071067811865506,-0.7071067811865444,0));
#1972=DIRECTION('',(0.7071067811865444,-0.7071067811865506,0));
#1973=FACE_BOUND('',#1974,.T.);
#1974=EDGE_LOOP('',(#1975,#1976,#1977));
#1975=ORIENTED_EDGE('',*,*,#1978,.T.);
#1976=ORIENTED_EDGE('',*,*,#1979,.T.);
#1977=ORIENTED_EDGE('',*,*,#1980,.T.);
#1978=EDGE_CURVE('',#441,#493,#1981,.F.);
#1979=EDGE_CURVE('',#493,#495,#1982,.T.);
#1980=EDGE_CURVE('',#495,#441,#1983,.T.);
#1981=LINE('',#440,#1984);
#1982=LINE('',#492,#1985);
#1983=LINE('',#494,#1986);
#1984=VECTOR('',#1987,1.0);
#1985=VECTOR('',#1988,1.0);
#1986=VECTOR('',#1989,1.0);
#1987=DIRECTION('',(0.7071067811865444,-0.7071067811865506,0));
#1988=DIRECTION('',(0,0,1));
#1989=DIRECTION('',(-0.09901475429766661,0.09901475429766747,-0.9901475429766744));
#1990=STYLED_ITEM('',(#25),#1991);
#1991=FACE_SURFACE('',(#1996),#1992,.T.);
#1992=PLANE('',#1993);
#1993=AXIS2_PLACEMENT_3D('',#440,#1994,#1995);
#1994=DIRECTION('',(-0.7071067811865506,-0.7071067811865444,0));
#1995=DIRECTION('',(0.09901475429766661,-0.09901475429766747,0.9901475429766744));
#1996=FACE_BOUND('',#1997,.T.);
#1997=EDGE_LOOP('',(#1998,#1999,#2000));
#1998=ORIENTED_EDGE('',*,*,#2001,.T.);
#1999=ORIENTED_EDGE('',*,*,#2002,.T.);
#2000=ORIENTED_EDGE('',*,*,#2003,.T.);
#2001=EDGE_CURVE('',#441,#495,#2004,.F.);
#2002=EDGE_CURVE('',#495,#443,#2005,.T.);
#2003=EDGE_CURVE('',#443,#441,#2006,.T.);
#2004=LINE('',#440,#2007);
#2005=LINE('',#494,#2008);
#2006=LINE('',#442,#2009);
#2007=VECTOR('',#2010,1.0);
#2008=VECTOR('',#2011,1.0);
#2009=VECTOR('',#2012,1.0);
#2010=DIRECTION('',(0.09901475429766661,-0.09901475429766747,0.9901475429766744));
#2011=DIRECTION('',(-0.7071067811865444,0.7071067811865506,0));
#2012=DIRECTION('',(0,0,-1));
#2013=STYLED_ITEM('',(#25),#2014);
#2014=FACE_SURFACE('',(#2019),#2015,.T.);
#2015=PLANE('',#2016);
#2016=AXIS2_PLACEMENT_3D('',#428,#2017,#2018);
#2017=DIRECTION('',(0,0,1));
#2018=DIRECTION('',(-1,0,0));
#2019=FACE_BOUND('',#2020,.T.);
#2020=EDGE_LOOP('',(#2021,#2022,#2023));
#2021=ORIENTED_EDGE('',*,*,#2024,.T.);
#2022=ORIENTED_EDGE('',*,*,#2025,.T.);
#2023=ORIENTED_EDGE('',*,*,#2026,.T.);
#2024=EDGE_CURVE('',#429,#497,#2027,.F.);
#2025=EDGE_CURVE('',#497,#431,#2028,.T.);
#2026=EDGE_CURVE('',#431,#429,#2029,.T.);
#2027=LINE('',#428,#2030);
#2028=LINE('',#496,#2031);
#2029=LINE('',#430,#2032);
#2030=VECTOR('',#2033,1.0);
#2031=VECTOR('',#2034,1.0);
#2032=VECTOR('',#2035,1.0);
#2033=DIRECTION('',(-1,0,0));
#2034=DIRECTION('',(0.8149681286956477,-0.579505780135379,0));
#2035=DIRECTION('',(-0.5909954814448417,0.8066748669146572,0));
#2036=STYLED_ITEM('',(#25),#2037);
#2037=FACE_SURFACE('',(#2042),#2038,.T.);
#2038=PLANE('',#2039);
#2039=AXIS2_PLACEMENT_3D('',#494,#2040,#2041);
#2040=DIRECTION('',(0,0,1));
#2041=DIRECTION('',(1,0,0));
#2042=FACE_BOUND('',#2043,.T.);
#2043=EDGE_LOOP('',(#2044,#2045,#2046));
#2044=ORIENTED_EDGE('',*,*,#2047,.T.);
#2045=ORIENTED_EDGE('',*,*,#2048,.T.);
#2046=ORIENTED_EDGE('',*,*,#2049,.T.);
#2047=EDGE_CURVE('',#495,#431,#2050,.F.);
#2048=EDGE_CURVE('',#431,#497,#2051,.T.);
#2049=EDGE_CURVE('',#497,#495,#2052,.T.);
#2050=LINE('',#494,#2053);
#2051=LINE('',#430,#2054);
#2052=LINE('',#496,#2055);
#2053=VECTOR('',#2056,1.0);
#2054=VECTOR('',#2057,1.0);
#2055=VECTOR('',#2058,1.0);
#2056=DIRECTION('',(1,0,0));
#2057=DIRECTION('',(-0.8149681286956477,0.579505780135379,0));
#2058=DIRECTION('',(-0.5909954814448436,-0.8066748669146556,0));
#2059=STYLED_ITEM('',(#25),#2060);
#2060=FACE_SURFACE('',(#2065),#2061,.T.);
#2061=PLANE('',#2062);
#2062=AXIS2_PLACEMENT_3D('',#494,#2063,#2064);
#2063=DIRECTION('',(0,-0,1));
#2064=DIRECTION('',(0.5909954814448436,0.8066748669146556,0));
#2065=FACE_BOUND('',#2066,.T.);
#2066=EDGE_LOOP('',(#2067,#2068,#2069));
#2067=ORIENTED_EDGE('',*,*,#2070,.T.);
#2068=ORIENTED_EDGE('',*,*,#2071,.T.);
#2069=ORIENTED_EDGE('',*,*,#2072,.T.);
#2070=EDGE_CURVE('',#495,#497,#2073,.F.);
#2071=EDGE_CURVE('',#497,#443,#2074,.T.);
#2072=EDGE_CURVE('',#443,#495,#2075,.T.);
#2073=LINE('',#494,#2076);
#2074=LINE('',#496,#2077);
#2075=LINE('',#442,#2078);
#2076=VECTOR('',#2079,1.0);
#2077=VECTOR('',#2080,1.0);
#2078=VECTOR('',#2081,1.0);
#2079=DIRECTION('',(0.5909954814448436,0.8066748669146556,0));
#2080=DIRECTION('',(-0.806674866914656,-0.5909954814448433,0));
#2081=DIRECTION('',(0.7071067811865444,-0.7071067811865506,0));
#2082=STYLED_ITEM('',(#25),#2083);
#2083=FACE_SURFACE('',(#2088),#2084,.T.);
#2084=PLANE('',#2085);
#2085=AXIS2_PLACEMENT_3D('',#436,#2086,#2087);
#2086=DIRECTION('',(1,0,0));
#2087=DIRECTION('',(0,-1,0));
#2088=FACE_BOUND('',#2089,.T.);
#2089=EDGE_LOOP('',(#2090,#2091,#2092));
#2090=ORIENTED_EDGE('',*,*,#2093,.T.);
#2091=ORIENTED_EDGE('',*,*,#2094,.T.);
#2092=ORIENTED_EDGE('',*,*,#2095,.T.);
#2093=EDGE_CURVE('',#437,#477,#2096,.F.);
#2094=EDGE_CURVE('',#477,#405,#2097,.T.);
#2095=EDGE_CURVE('',#405,#437,#2098,.T.);
#2096=LINE('',#436,#2099);
#2097=LINE('',#476,#2100);
#2098=LINE('',#404,#2101);
#2099=VECTOR('',#2102,1.0);
#2100=VECTOR('',#2103,1.0);
#2101=VECTOR('',#2104,1.0);
#2102=DIRECTION('',(0,-1,0));
#2103=DIRECTION('',(0,0,-1));
#2104=DIRECTION('',(0,0.6246950475544244,0.7808688094430302));
#2105=STYLED_ITEM('',(#25),#2106);
#2106=FACE_SURFACE('',(#2111),#2107,.T.);
#2107=PLANE('',#2108);
#2108=AXIS2_PLACEMENT_3D('',#364,#2109,#2110);
#2109=DIRECTION('',(1,0,0));
#2110=DIRECTION('',(0,1,0));
#2111=FACE_BOUND('',#2112,.T.);
#2112=EDGE_LOOP('',(#2113,#2114,#2115));
#2113=ORIENTED_EDGE('',*,*,#2116,.T.);
#2114=ORIENTED_EDGE('',*,*,#2117,.T.);
#2115=ORIENTED_EDGE('',*,*,#2118,.T.);
#2116=EDGE_CURVE('',#365,#435,#2119,.F.);
#2117=EDGE_CURVE('',#435,#461,#2120,.T.);
#2118=EDGE_CURVE('',#461,#365,#2121,.T.);
#2119=LINE('',#364,#2122);
#2120=LINE('',#434,#2123);
#2121=LINE('',#460,#2124);
#2122=VECTOR('',#2125,1.0);
#2123=VECTOR('',#2126,1.0);
#2124=VECTOR('',#2127,1.0);
#2125=DIRECTION('',(0,1,0));
#2126=DIRECTION('',(0,0,1));
#2127=DIRECTION('',(0,-0.21983912974654354,-0.9755361382502866));
#2128=STYLED_ITEM('',(#25),#2129);
#2129=FACE_SURFACE('',(#2134),#2130,.T.);
#2130=PLANE('',#2131);
#2131=AXIS2_PLACEMENT_3D('',#364,#2132,#2133);
#2132=DIRECTION('',(1,0,0));
#2133=DIRECTION('',(0,0.21983912974654354,0.9755361382502866));
#2134=FACE_BOUND('',#2135,.T.);
#2135=EDGE_LOOP('',(#2136,#2137,#2138));
#2136=ORIENTED_EDGE('',*,*,#2139,.T.);
#2137=ORIENTED_EDGE('',*,*,#2140,.T.);
#2138=ORIENTED_EDGE('',*,*,#2141,.T.);
#2139=EDGE_CURVE('',#365,#461,#2142,.F.);
#2140=EDGE_CURVE('',#461,#371,#2143,.T.);
#2141=EDGE_CURVE('',#371,#365,#2144,.T.);
#2142=LINE('',#364,#2145);
#2143=LINE('',#460,#2146);
#2144=LINE('',#370,#2147);
#2145=VECTOR('',#2148,1.0);
#2146=VECTOR('',#2149,1.0);
#2147=VECTOR('',#2150,1.0);
#2148=DIRECTION('',(0,0.21983912974654354,0.9755361382502866));
#2149=DIRECTION('',(0,-1,0));
#2150=DIRECTION('',(0,0,-1));
#2151=STYLED_ITEM('',(#25),#2152);
#2152=FACE_SURFACE('',(#2157),#2153,.T.);
#2153=PLANE('',#2154);
#2154=AXIS2_PLACEMENT_3D('',#484,#2155,#2156);
#2155=DIRECTION('',(0,-0.7071067811865437,0.7071067811865515));
#2156=DIRECTION('',(-1,0,0));
#2157=FACE_BOUND('',#2158,.T.);
#2158=EDGE_LOOP('',(#2159,#2160,#2161));
#2159=ORIENTED_EDGE('',*,*,#2162,.T.);
#2160=ORIENTED_EDGE('',*,*,#2163,.T.);
#2161=ORIENTED_EDGE('',*,*,#2164,.T.);
#2162=EDGE_CURVE('',#485,#499,#2165,.F.);
#2163=EDGE_CURVE('',#499,#471,#2166,.T.);
#2164=EDGE_CURVE('',#471,#485,#2167,.T.);
#2165=LINE('',#484,#2168);
#2166=LINE('',#498,#2169);
#2167=LINE('',#470,#2170);
#2168=VECTOR('',#2171,1.0);
#2169=VECTOR('',#2172,1.0);
#2170=VECTOR('',#2173,1.0);
#2171=DIRECTION('',(-1,0,0));
#2172=DIRECTION('',(-0.5773502691896278,-0.5773502691896278,-0.5773502691896215));
#2173=DIRECTION('',(0.9045340337332919,0.30151134457776396,0.30151134457776063));
#2174=STYLED_ITEM('',(#25),#2175);
#2175=FACE_SURFACE('',(#2180),#2176,.T.);
#2176=PLANE('',#2177);
#2177=AXIS2_PLACEMENT_3D('',#484,#2178,#2179);
#2178=DIRECTION('',(0,-0.7071067811865437,0.7071067811865515));
#2179=DIRECTION('',(-0.9045340337332919,-0.30151134457776396,-0.30151134457776063));
#2180=FACE_BOUND('',#2181,.T.);
#2181=EDGE_LOOP('',(#2182,#2183,#2184));
#2182=ORIENTED_EDGE('',*,*,#2185,.T.);
#2183=ORIENTED_EDGE('',*,*,#2186,.T.);
#2184=ORIENTED_EDGE('',*,*,#2187,.T.);
#2185=EDGE_CURVE('',#485,#471,#2188,.F.);
#2186=EDGE_CURVE('',#471,#475,#2189,.T.);
#2187=EDGE_CURVE('',#475,#485,#2190,.T.);
#2188=LINE('',#484,#2191);
#2189=LINE('',#470,#2192);
#2190=LINE('',#474,#2193);
#2191=VECTOR('',#2194,1.0);
#2192=VECTOR('',#2195,1.0);
#2193=VECTOR('',#2196,1.0);
#2194=DIRECTION('',(-0.9045340337332919,-0.30151134457776396,-0.30151134457776063));
#2195=DIRECTION('',(1,0,0));
#2196=DIRECTION('',(-0.5773502691896278,0.5773502691896278,0.5773502691896215));
#2197=STYLED_ITEM('',(#25),#2198);
#2198=FACE_SURFACE('',(#2203),#2199,.T.);
#2199=PLANE('',#2200);
#2200=AXIS2_PLACEMENT_3D('',#398,#2201,#2202);
#2201=DIRECTION('',(-0.7071067811865472,0,-0.7071067811865479));
#2202=DIRECTION('',(0,1,0));
#2203=FACE_BOUND('',#2204,.T.);
#2204=EDGE_LOOP('',(#2205,#2206,#2207));
#2205=ORIENTED_EDGE('',*,*,#2208,.T.);
#2206=ORIENTED_EDGE('',*,*,#2209,.T.);
#2207=ORIENTED_EDGE('',*,*,#2210,.T.);
#2208=EDGE_CURVE('',#399,#411,#2211,.F.);
#2209=EDGE_CURVE('',#411,#501,#2212,.T.);
#2210=EDGE_CURVE('',#501,#399,#2213,.T.);
#2211=LINE('',#398,#2214);
#2212=LINE('',#410,#2215);
#2213=LINE('',#500,#2216);
#2214=VECTOR('',#2217,1.0);
#2215=VECTOR('',#2218,1.0);
#2216=VECTOR('',#2219,1.0);
#2217=DIRECTION('',(0,1,0));
#2218=DIRECTION('',(0.577350269189626,-0.577350269189626,-0.5773502691896254));
#2219=DIRECTION('',(-0.30151134457776385,-0.9045340337332907,0.3015113445777636));
#2220=STYLED_ITEM('',(#25),#2221);
#2221=FACE_SURFACE('',(#2226),#2222,.T.);
#2222=PLANE('',#2223);
#2223=AXIS2_PLACEMENT_3D('',#398,#2224,#2225);
#2224=DIRECTION('',(-0.7071067811865472,0,-0.7071067811865479));
#2225=DIRECTION('',(0.30151134457776385,0.9045340337332907,-0.3015113445777636));
#2226=FACE_BOUND('',#2227,.T.);
#2227=EDGE_LOOP('',(#2228,#2229,#2230));
#2228=ORIENTED_EDGE('',*,*,#2231,.T.);
#2229=ORIENTED_EDGE('',*,*,#2232,.T.);
#2230=ORIENTED_EDGE('',*,*,#2233,.T.);
#2231=EDGE_CURVE('',#399,#501,#2234,.F.);
#2232=EDGE_CURVE('',#501,#481,#2235,.T.);
#2233=EDGE_CURVE('',#481,#399,#2236,.T.);
#2234=LINE('',#398,#2237);
#2235=LINE('',#500,#2238);
#2236=LINE('',#480,#2239);
#2237=VECTOR('',#2240,1.0);
#2238=VECTOR('',#2241,1.0);
#2239=VECTOR('',#2242,1.0);
#2240=DIRECTION('',(0.30151134457776385,0.9045340337332907,-0.3015113445777636));
#2241=DIRECTION('',(0,-1,0));
#2242=DIRECTION('',(-0.577350269189626,-0.577350269189626,0.5773502691896254));
#2243=STYLED_ITEM('',(#25),#2244);
#2244=FACE_SURFACE('',(#2249),#2245,.T.);
#2245=PLANE('',#2246);
#2246=AXIS2_PLACEMENT_3D('',#390,#2247,#2248);
#2247=DIRECTION('',(-1,-0,-0));
#2248=DIRECTION('',(0,0,-1));
#2249=FACE_BOUND('',#2250,.T.);
#2250=EDGE_LOOP('',(#2251,#2252,#2253));
#2251=ORIENTED_EDGE('',*,*,#2254,.T.);
#2252=ORIENTED_EDGE('',*,*,#2255,.T.);
#2253=ORIENTED_EDGE('',*,*,#2256,.T.);
#2254=EDGE_CURVE('',#391,#503,#2257,.F.);
#2255=EDGE_CURVE('',#503,#389,#2258,.T.);
#2256=EDGE_CURVE('',#389,#391,#2259,.T.);
#2257=LINE('',#390,#2260);
#2258=LINE('',#502,#2261);
#2259=LINE('',#388,#2262);
#2260=VECTOR('',#2263,1.0);
#2261=VECTOR('',#2264,1.0);
#2262=VECTOR('',#2265,1.0);
#2263=DIRECTION('',(0,0,-1));
#2264=DIRECTION('',(0,-0.6246950475544244,0.7808688094430302));
#2265=DIRECTION('',(0,1,0));
#2266=STYLED_ITEM('',(#25),#2267);
#2267=FACE_SURFACE('',(#2272),#2268,.T.);
#2268=PLANE('',#2269);
#2269=AXIS2_PLACEMENT_3D('',#448,#2270,#2271);
#2270=DIRECTION('',(-0,-0,-1));
#2271=DIRECTION('',(0.5909954814448417,-0.8066748669146572,0));
#2272=FACE_BOUND('',#2273,.T.);
#2273=EDGE_LOOP('',(#2274,#2275,#2276));
#2274=ORIENTED_EDGE('',*,*,#2277,.T.);
#2275=ORIENTED_EDGE('',*,*,#2278,.T.);
#2276=ORIENTED_EDGE('',*,*,#2279,.T.);
#2277=EDGE_CURVE('',#449,#447,#2280,.F.);
#2278=EDGE_CURVE('',#447,#397,#2281,.T.);
#2279=EDGE_CURVE('',#397,#449,#2282,.T.);
#2280=LINE('',#448,#2283);
#2281=LINE('',#446,#2284);
#2282=LINE('',#396,#2285);
#2283=VECTOR('',#2286,1.0);
#2284=VECTOR('',#2287,1.0);
#2285=VECTOR('',#2288,1.0);
#2286=DIRECTION('',(0.5909954814448417,-0.8066748669146572,0));
#2287=DIRECTION('',(-0.8149681286956477,0.579505780135379,0));
#2288=DIRECTION('',(1,0,0));
#2289=STYLED_ITEM('',(#25),#2290);
#2290=FACE_SURFACE('',(#2295),#2291,.T.);
#2291=PLANE('',#2292);
#2292=AXIS2_PLACEMENT_3D('',#446,#2293,#2294);
#2293=DIRECTION('',(0,0,-1));
#2294=DIRECTION('',(-1,0,0));
#2295=FACE_BOUND('',#2296,.T.);
#2296=EDGE_LOOP('',(#2297,#2298,#2299));
#2297=ORIENTED_EDGE('',*,*,#2300,.T.);
#2298=ORIENTED_EDGE('',*,*,#2301,.T.);
#2299=ORIENTED_EDGE('',*,*,#2302,.T.);
#2300=EDGE_CURVE('',#447,#493,#2303,.F.);
#2301=EDGE_CURVE('',#493,#397,#2304,.T.);
#2302=EDGE_CURVE('',#397,#447,#2305,.T.);
#2303=LINE('',#446,#2306);
#2304=LINE('',#492,#2307);
#2305=LINE('',#396,#2308);
#2306=VECTOR('',#2309,1.0);
#2307=VECTOR('',#2310,1.0);
#2308=VECTOR('',#2311,1.0);
#2309=DIRECTION('',(-1,0,0));
#2310=DIRECTION('',(0.5909954814448436,0.8066748669146556,0));
#2311=DIRECTION('',(0.8149681286956477,-0.579505780135379,0));
#2312=STYLED_ITEM('',(#25),#2313);
#2313=FACE_SURFACE('',(#2318),#2314,.T.);
#2314=PLANE('',#2315);
#2315=AXIS2_PLACEMENT_3D('',#440,#2316,#2317);
#2316=DIRECTION('',(0,0,-1));
#2317=DIRECTION('',(0.806674866914656,0.5909954814448433,0));
#2318=FACE_BOUND('',#2319,.T.);
#2319=EDGE_LOOP('',(#2320,#2321,#2322));
#2320=ORIENTED_EDGE('',*,*,#2323,.T.);
#2321=ORIENTED_EDGE('',*,*,#2324,.T.);
#2322=ORIENTED_EDGE('',*,*,#2325,.T.);
#2323=EDGE_CURVE('',#441,#397,#2326,.F.);
#2324=EDGE_CURVE('',#397,#493,#2327,.T.);
#2325=EDGE_CURVE('',#493,#441,#2328,.T.);
#2326=LINE('',#440,#2329);
#2327=LINE('',#396,#2330);
#2328=LINE('',#492,#2331);
#2329=VECTOR('',#2332,1.0);
#2330=VECTOR('',#2333,1.0);
#2331=VECTOR('',#2334,1.0);
#2332=DIRECTION('',(0.806674866914656,0.5909954814448433,0));
#2333=DIRECTION('',(-0.5909954814448436,-0.8066748669146556,0));
#2334=DIRECTION('',(-0.7071067811865444,0.7071067811865506,0));
#2335=STYLED_ITEM('',(#25),#2336);
#2336=FACE_SURFACE('',(#2341),#2337,.T.);
#2337=PLANE('',#2338);
#2338=AXIS2_PLACEMENT_3D('',#504,#2339,#2340);
#2339=DIRECTION('',(0,0,-1));
#2340=DIRECTION('',(0.8149681286956485,0.579505780135378,0));
#2341=FACE_BOUND('',#2342,.T.);
#2342=EDGE_LOOP('',(#2343,#2344,#2345));
#2343=ORIENTED_EDGE('',*,*,#2346,.T.);
#2344=ORIENTED_EDGE('',*,*,#2347,.T.);
#2345=ORIENTED_EDGE('',*,*,#2348,.T.);
#2346=EDGE_CURVE('',#505,#403,#2349,.F.);
#2347=EDGE_CURVE('',#403,#507,#2350,.T.);
#2348=EDGE_CURVE('',#507,#505,#2351,.T.);
#2349=LINE('',#504,#2352);
#2350=LINE('',#402,#2353);
#2351=LINE('',#506,#2354);
#2352=VECTOR('',#2355,1.0);
#2353=VECTOR('',#2356,1.0);
#2354=VECTOR('',#2357,1.0);
#2355=DIRECTION('',(0.8149681286956485,0.579505780135378,0));
#2356=DIRECTION('',(0.5909954814448417,-0.8066748669146572,0));
#2357=DIRECTION('',(-1,0,0));
#2358=STYLED_ITEM('',(#25),#2359);
#2359=FACE_SURFACE('',(#2364),#2360,.T.);
#2360=PLANE('',#2361);
#2361=AXIS2_PLACEMENT_3D('',#370,#2362,#2363);
#2362=DIRECTION('',(-0,-1,0));
#2363=DIRECTION('',(-1,0,0));
#2364=FACE_BOUND('',#2365,.T.);
#2365=EDGE_LOOP('',(#2366,#2367,#2368));
#2366=ORIENTED_EDGE('',*,*,#2369,.T.);
#2367=ORIENTED_EDGE('',*,*,#2370,.T.);
#2368=ORIENTED_EDGE('',*,*,#2371,.T.);
#2369=EDGE_CURVE('',#371,#509,#2372,.F.);
#2370=EDGE_CURVE('',#509,#361,#2373,.T.);
#2371=EDGE_CURVE('',#361,#371,#2374,.T.);
#2372=LINE('',#370,#2375);
#2373=LINE('',#508,#2376);
#2374=LINE('',#360,#2377);
#2375=VECTOR('',#2378,1.0);
#2376=VECTOR('',#2379,1.0);
#2377=VECTOR('',#2380,1.0);
#2378=DIRECTION('',(-1,0,0));
#2379=DIRECTION('',(0,0,-1));
#2380=DIRECTION('',(0.21983912974654354,0,0.9755361382502866));
#2381=STYLED_ITEM('',(#25),#2382);
#2382=FACE_SURFACE('',(#2387),#2383,.T.);
#2383=PLANE('',#2384);
#2384=AXIS2_PLACEMENT_3D('',#410,#2385,#2386);
#2385=DIRECTION('',(0,0.7071067811865471,-0.7071067811865478));
#2386=DIRECTION('',(1,0,0));
#2387=FACE_BOUND('',#2388,.T.);
#2388=EDGE_LOOP('',(#2389,#2390,#2391));
#2389=ORIENTED_EDGE('',*,*,#2392,.T.);
#2390=ORIENTED_EDGE('',*,*,#2393,.T.);
#2391=ORIENTED_EDGE('',*,*,#2394,.T.);
#2392=EDGE_CURVE('',#411,#465,#2395,.F.);
#2393=EDGE_CURVE('',#465,#463,#2396,.T.);
#2394=EDGE_CURVE('',#463,#411,#2397,.T.);
#2395=LINE('',#410,#2398);
#2396=LINE('',#464,#2399);
#2397=LINE('',#462,#2400);
#2398=VECTOR('',#2401,1.0);
#2399=VECTOR('',#2402,1.0);
#2400=VECTOR('',#2403,1.0);
#2401=DIRECTION('',(1,0,0));
#2402=DIRECTION('',(-0.577350269189626,-0.577350269189626,-0.5773502691896254));
#2403=DIRECTION('',(-0.9045340337332909,0.30151134457776363,0.30151134457776335));
#2404=STYLED_ITEM('',(#25),#2405);
#2405=FACE_SURFACE('',(#2410),#2406,.T.);
#2406=PLANE('',#2407);
#2407=AXIS2_PLACEMENT_3D('',#410,#2408,#2409);
#2408=DIRECTION('',(0,0.7071067811865472,-0.7071067811865478));
#2409=DIRECTION('',(0.9045340337332909,-0.30151134457776363,-0.30151134457776335));
#2410=FACE_BOUND('',#2411,.T.);
#2411=EDGE_LOOP('',(#2412,#2413,#2414));
#2412=ORIENTED_EDGE('',*,*,#2415,.T.);
#2413=ORIENTED_EDGE('',*,*,#2416,.T.);
#2414=ORIENTED_EDGE('',*,*,#2417,.T.);
#2415=EDGE_CURVE('',#411,#463,#2418,.F.);
#2416=EDGE_CURVE('',#463,#501,#2419,.T.);
#2417=EDGE_CURVE('',#501,#411,#2420,.T.);
#2418=LINE('',#410,#2421);
#2419=LINE('',#462,#2422);
#2420=LINE('',#500,#2423);
#2421=VECTOR('',#2424,1.0);
#2422=VECTOR('',#2425,1.0);
#2423=VECTOR('',#2426,1.0);
#2424=DIRECTION('',(0.9045340337332909,-0.30151134457776363,-0.30151134457776335));
#2425=DIRECTION('',(-1,0,0));
#2426=DIRECTION('',(-0.577350269189626,0.577350269189626,0.5773502691896254));
#2427=STYLED_ITEM('',(#25),#2428);
#2428=FACE_SURFACE('',(#2433),#2429,.T.);
#2429=PLANE('',#2430);
#2430=AXIS2_PLACEMENT_3D('',#498,#2431,#2432);
#2431=DIRECTION('',(-0.7071067811865437,0,0.7071067811865516));
#2432=DIRECTION('',(0,1,0));
#2433=FACE_BOUND('',#2434,.T.);
#2434=EDGE_LOOP('',(#2435,#2436,#2437));
#2435=ORIENTED_EDGE('',*,*,#2438,.T.);
#2436=ORIENTED_EDGE('',*,*,#2439,.T.);
#2437=ORIENTED_EDGE('',*,*,#2440,.T.);
#2438=EDGE_CURVE('',#499,#511,#2441,.F.);
#2439=EDGE_CURVE('',#511,#471,#2442,.T.);
#2440=EDGE_CURVE('',#471,#499,#2443,.T.);
#2441=LINE('',#498,#2444);
#2442=LINE('',#510,#2445);
#2443=LINE('',#470,#2446);
#2444=VECTOR('',#2447,1.0);
#2445=VECTOR('',#2448,1.0);
#2446=VECTOR('',#2449,1.0);
#2447=DIRECTION('',(0,1,0));
#2448=DIRECTION('',(-0.3015113445777644,-0.9045340337332916,-0.3015113445777611));
#2449=DIRECTION('',(0.5773502691896278,0.5773502691896278,0.5773502691896215));
#2450=STYLED_ITEM('',(#25),#2451);
#2451=FACE_SURFACE('',(#2456),#2452,.T.);
#2452=PLANE('',#2453);
#2453=AXIS2_PLACEMENT_3D('',#496,#2454,#2455);
#2454=DIRECTION('',(0,-1,0));
#2455=DIRECTION('',(1,0,0));
#2456=FACE_BOUND('',#2457,.T.);
#2457=EDGE_LOOP('',(#2458,#2459,#2460));
#2458=ORIENTED_EDGE('',*,*,#2461,.T.);
#2459=ORIENTED_EDGE('',*,*,#2462,.T.);
#2460=ORIENTED_EDGE('',*,*,#2463,.T.);
#2461=EDGE_CURVE('',#497,#429,#2464,.F.);
#2462=EDGE_CURVE('',#429,#513,#2465,.T.);
#2463=EDGE_CURVE('',#513,#497,#2466,.T.);
#2464=LINE('',#496,#2467);
#2465=LINE('',#428,#2468);
#2466=LINE('',#512,#2469);
#2467=VECTOR('',#2470,1.0);
#2468=VECTOR('',#2471,1.0);
#2469=VECTOR('',#2472,1.0);
#2470=DIRECTION('',(1,0,0));
#2471=DIRECTION('',(-0.21983912974654354,0,0.9755361382502866));
#2472=DIRECTION('',(0,0,-1));
#2473=STYLED_ITEM('',(#25),#2474);
#2474=FACE_SURFACE('',(#2479),#2475,.T.);
#2475=PLANE('',#2476);
#2476=AXIS2_PLACEMENT_3D('',#454,#2477,#2478);
#2477=DIRECTION('',(-0,-1,-0));
#2478=DIRECTION('',(-1,0,0));
#2479=FACE_BOUND('',#2480,.T.);
#2480=EDGE_LOOP('',(#2481,#2482,#2483));
#2481=ORIENTED_EDGE('',*,*,#2484,.T.);
#2482=ORIENTED_EDGE('',*,*,#2485,.T.);
#2483=ORIENTED_EDGE('',*,*,#2486,.T.);
#2484=EDGE_CURVE('',#455,#513,#2487,.F.);
#2485=EDGE_CURVE('',#513,#429,#2488,.T.);
#2486=EDGE_CURVE('',#429,#455,#2489,.T.);
#2487=LINE('',#454,#2490);
#2488=LINE('',#512,#2491);
#2489=LINE('',#428,#2492);
#2490=VECTOR('',#2493,1.0);
#2491=VECTOR('',#2494,1.0);
#2492=VECTOR('',#2495,1.0);
#2493=DIRECTION('',(-1,0,0));
#2494=DIRECTION('',(0.21983912974654354,0,-0.9755361382502866));
#2495=DIRECTION('',(0,0,1));
#2496=STYLED_ITEM('',(#25),#2497);
#2497=FACE_SURFACE('',(#2502),#2498,.T.);
#2498=PLANE('',#2499);
#2499=AXIS2_PLACEMENT_3D('',#448,#2500,#2501);
#2500=DIRECTION('',(-0,-1,-0));
#2501=DIRECTION('',(-1,0,0));
#2502=FACE_BOUND('',#2503,.T.);
#2503=EDGE_LOOP('',(#2504,#2505,#2506));
#2504=ORIENTED_EDGE('',*,*,#2507,.T.);
#2505=ORIENTED_EDGE('',*,*,#2508,.T.);
#2506=ORIENTED_EDGE('',*,*,#2509,.T.);
#2507=EDGE_CURVE('',#449,#397,#2510,.F.);
#2508=EDGE_CURVE('',#397,#395,#2511,.T.);
#2509=EDGE_CURVE('',#395,#449,#2512,.T.);
#2510=LINE('',#448,#2513);
#2511=LINE('',#396,#2514);
#2512=LINE('',#394,#2515);
#2513=VECTOR('',#2516,1.0);
#2514=VECTOR('',#2517,1.0);
#2515=VECTOR('',#2518,1.0);
#2516=DIRECTION('',(-1,0,0));
#2517=DIRECTION('',(0.10893684089886697,0,-0.9940486732021603));
#2518=DIRECTION('',(0,0,1));
#2519=STYLED_ITEM('',(#25),#2520);
#2520=FACE_SURFACE('',(#2525),#2521,.T.);
#2521=PLANE('',#2522);
#2522=AXIS2_PLACEMENT_3D('',#386,#2523,#2524);
#2523=DIRECTION('',(-1,0,0));
#2524=DIRECTION('',(0,-1,0));
#2525=FACE_BOUND('',#2526,.T.);
#2526=EDGE_LOOP('',(#2527,#2528,#2529));
#2527=ORIENTED_EDGE('',*,*,#2530,.T.);
#2528=ORIENTED_EDGE('',*,*,#2531,.T.);
#2529=ORIENTED_EDGE('',*,*,#2532,.T.);
#2530=EDGE_CURVE('',#387,#361,#2533,.F.);
#2531=EDGE_CURVE('',#361,#515,#2534,.T.);
#2532=EDGE_CURVE('',#515,#387,#2535,.T.);
#2533=LINE('',#386,#2536);
#2534=LINE('',#360,#2537);
#2535=LINE('',#514,#2538);
#2536=VECTOR('',#2539,1.0);
#2537=VECTOR('',#2540,1.0);
#2538=VECTOR('',#2541,1.0);
#2539=DIRECTION('',(0,-1,0));
#2540=DIRECTION('',(0,0.21983912974654354,0.9755361382502866));
#2541=DIRECTION('',(0,0,-1));
#2542=STYLED_ITEM('',(#25),#2543);
#2543=FACE_SURFACE('',(#2548),#2544,.T.);
#2544=PLANE('',#2545);
#2545=AXIS2_PLACEMENT_3D('',#508,#2546,#2547);
#2546=DIRECTION('',(-1,0,0));
#2547=DIRECTION('',(0,1,0));
#2548=FACE_BOUND('',#2549,.T.);
#2549=EDGE_LOOP('',(#2550,#2551,#2552));
#2550=ORIENTED_EDGE('',*,*,#2553,.T.);
#2551=ORIENTED_EDGE('',*,*,#2554,.T.);
#2552=ORIENTED_EDGE('',*,*,#2555,.T.);
#2553=EDGE_CURVE('',#509,#515,#2556,.F.);
#2554=EDGE_CURVE('',#515,#361,#2557,.T.);
#2555=EDGE_CURVE('',#361,#509,#2558,.T.);
#2556=LINE('',#508,#2559);
#2557=LINE('',#514,#2560);
#2558=LINE('',#360,#2561);
#2559=VECTOR('',#2562,1.0);
#2560=VECTOR('',#2563,1.0);
#2561=VECTOR('',#2564,1.0);
#2562=DIRECTION('',(0,1,0));
#2563=DIRECTION('',(0,-0.21983912974654354,-0.9755361382502866));
#2564=DIRECTION('',(0,0,1));
#2565=STYLED_ITEM('',(#25),#2566);
#2566=FACE_SURFACE('',(#2571),#2567,.T.);
#2567=PLANE('',#2568);
#2568=AXIS2_PLACEMENT_3D('',#436,#2569,#2570);
#2569=DIRECTION('',(1,0,0));
#2570=DIRECTION('',(0,-0.6246950475544244,-0.7808688094430302));
#2571=FACE_BOUND('',#2572,.T.);
#2572=EDGE_LOOP('',(#2573,#2574,#2575));
#2573=ORIENTED_EDGE('',*,*,#2576,.T.);
#2574=ORIENTED_EDGE('',*,*,#2577,.T.);
#2575=ORIENTED_EDGE('',*,*,#2578,.T.);
#2576=EDGE_CURVE('',#437,#405,#2579,.F.);
#2577=EDGE_CURVE('',#405,#373,#2580,.T.);
#2578=EDGE_CURVE('',#373,#437,#2581,.T.);
#2579=LINE('',#436,#2582);
#2580=LINE('',#404,#2583);
#2581=LINE('',#372,#2584);
#2582=VECTOR('',#2585,1.0);
#2583=VECTOR('',#2586,1.0);
#2584=VECTOR('',#2587,1.0);
#2585=DIRECTION('',(0,-0.6246950475544244,-0.7808688094430302));
#2586=DIRECTION('',(0,1,0));
#2587=DIRECTION('',(0,0,1));
#2588=STYLED_ITEM('',(#25),#2589);
#2589=FACE_SURFACE('',(#2594),#2590,.T.);
#2590=PLANE('',#2591);
#2591=AXIS2_PLACEMENT_3D('',#516,#2592,#2593);
#2592=DIRECTION('',(0,0,1));
#2593=DIRECTION('',(-0.806674866914656,0.5909954814448433,0));
#2594=FACE_BOUND('',#2595,.T.);
#2595=EDGE_LOOP('',(#2596,#2597,#2598));
#2596=ORIENTED_EDGE('',*,*,#2599,.T.);
#2597=ORIENTED_EDGE('',*,*,#2600,.T.);
#2598=ORIENTED_EDGE('',*,*,#2601,.T.);
#2599=EDGE_CURVE('',#517,#469,#2602,.F.);
#2600=EDGE_CURVE('',#469,#497,#2603,.T.);
#2601=EDGE_CURVE('',#497,#517,#2604,.T.);
#2602=LINE('',#516,#2605);
#2603=LINE('',#468,#2606);
#2604=LINE('',#496,#2607);
#2605=VECTOR('',#2608,1.0);
#2606=VECTOR('',#2609,1.0);
#2607=VECTOR('',#2610,1.0);
#2608=DIRECTION('',(-0.806674866914656,0.5909954814448433,0));
#2609=DIRECTION('',(0.5795057801353781,-0.8149681286956484,0));
#2610=DIRECTION('',(0,1,0));
#2611=STYLED_ITEM('',(#25),#2612);
#2612=FACE_SURFACE('',(#2617),#2613,.T.);
#2613=PLANE('',#2614);
#2614=AXIS2_PLACEMENT_3D('',#506,#2615,#2616);
#2615=DIRECTION('',(-0,0,-1));
#2616=DIRECTION('',(-0.5909954814448417,-0.8066748669146572,0));
#2617=FACE_BOUND('',#2618,.T.);
#2618=EDGE_LOOP('',(#2619,#2620,#2621));
#2619=ORIENTED_EDGE('',*,*,#2622,.T.);
#2620=ORIENTED_EDGE('',*,*,#2623,.T.);
#2621=ORIENTED_EDGE('',*,*,#2624,.T.);
#2622=EDGE_CURVE('',#507,#445,#2625,.F.);
#2623=EDGE_CURVE('',#445,#505,#2626,.T.);
#2624=EDGE_CURVE('',#505,#507,#2627,.T.);
#2625=LINE('',#506,#2628);
#2626=LINE('',#444,#2629);
#2627=LINE('',#504,#2630);
#2628=VECTOR('',#2631,1.0);
#2629=VECTOR('',#2632,1.0);
#2630=VECTOR('',#2633,1.0);
#2631=DIRECTION('',(-0.5909954814448417,-0.8066748669146572,0));
#2632=DIRECTION('',(-0.8149681286956485,0.579505780135378,0));
#2633=DIRECTION('',(1,0,0));
#2634=STYLED_ITEM('',(#25),#2635);
#2635=FACE_SURFACE('',(#2640),#2636,.T.);
#2636=PLANE('',#2637);
#2637=AXIS2_PLACEMENT_3D('',#444,#2638,#2639);
#2638=DIRECTION('',(0,0,-1));
#2639=DIRECTION('',(-1,0,0));
#2640=FACE_BOUND('',#2641,.T.);
#2641=EDGE_LOOP('',(#2642,#2643,#2644));
#2642=ORIENTED_EDGE('',*,*,#2645,.T.);
#2643=ORIENTED_EDGE('',*,*,#2646,.T.);
#2644=ORIENTED_EDGE('',*,*,#2647,.T.);
#2645=EDGE_CURVE('',#445,#367,#2648,.F.);
#2646=EDGE_CURVE('',#367,#505,#2649,.T.);
#2647=EDGE_CURVE('',#505,#445,#2650,.T.);
#2648=LINE('',#444,#2651);
#2649=LINE('',#366,#2652);
#2650=LINE('',#504,#2653);
#2651=VECTOR('',#2654,1.0);
#2652=VECTOR('',#2655,1.0);
#2653=VECTOR('',#2656,1.0);
#2654=DIRECTION('',(-1,0,0));
#2655=DIRECTION('',(-0.5909954814448436,0.8066748669146556,0));
#2656=DIRECTION('',(0.8149681286956485,-0.579505780135378,0));
#2657=STYLED_ITEM('',(#25),#2658);
#2658=FACE_SURFACE('',(#2663),#2659,.T.);
#2659=PLANE('',#2660);
#2660=AXIS2_PLACEMENT_3D('',#478,#2661,#2662);
#2661=DIRECTION('',(-0,0,-1));
#2662=DIRECTION('',(-0.8066748669146558,-0.5909954814448436,0));
#2663=FACE_BOUND('',#2664,.T.);
#2664=EDGE_LOOP('',(#2665,#2666,#2667));
#2665=ORIENTED_EDGE('',*,*,#2668,.T.);
#2666=ORIENTED_EDGE('',*,*,#2669,.T.);
#2667=ORIENTED_EDGE('',*,*,#2670,.T.);
#2668=EDGE_CURVE('',#479,#445,#2671,.F.);
#2669=EDGE_CURVE('',#445,#507,#2672,.T.);
#2670=EDGE_CURVE('',#507,#479,#2673,.T.);
#2671=LINE('',#478,#2674);
#2672=LINE('',#444,#2675);
#2673=LINE('',#506,#2676);
#2674=VECTOR('',#2677,1.0);
#2675=VECTOR('',#2678,1.0);
#2676=VECTOR('',#2679,1.0);
#2677=DIRECTION('',(-0.8066748669146558,-0.5909954814448436,0));
#2678=DIRECTION('',(0.5909954814448417,0.8066748669146572,0));
#2679=DIRECTION('',(0.7071067811865499,-0.707106781186545,0));
#2680=STYLED_ITEM('',(#25),#2681);
#2681=FACE_SURFACE('',(#2686),#2682,.T.);
#2682=PLANE('',#2683);
#2683=AXIS2_PLACEMENT_3D('',#486,#2684,#2685);
#2684=DIRECTION('',(0,0,-1));
#2685=DIRECTION('',(0.707106781186545,0.70710678118655,0));
#2686=FACE_BOUND('',#2687,.T.);
#2687=EDGE_LOOP('',(#2688,#2689,#2690));
#2688=ORIENTED_EDGE('',*,*,#2691,.T.);
#2689=ORIENTED_EDGE('',*,*,#2692,.T.);
#2690=ORIENTED_EDGE('',*,*,#2693,.T.);
#2691=EDGE_CURVE('',#487,#505,#2694,.F.);
#2692=EDGE_CURVE('',#505,#367,#2695,.T.);
#2693=EDGE_CURVE('',#367,#487,#2696,.T.);
#2694=LINE('',#486,#2697);
#2695=LINE('',#504,#2698);
#2696=LINE('',#366,#2699);
#2697=VECTOR('',#2700,1.0);
#2698=VECTOR('',#2701,1.0);
#2699=VECTOR('',#2702,1.0);
#2700=DIRECTION('',(0.707106781186545,0.70710678118655,0));
#2701=DIRECTION('',(0.5909954814448436,-0.8066748669146556,0));
#2702=DIRECTION('',(-0.8066748669146558,0.5909954814448436,0));
#2703=STYLED_ITEM('',(#25),#2704);
#2704=FACE_SURFACE('',(#2709),#2705,.T.);
#2705=PLANE('',#2706);
#2706=AXIS2_PLACEMENT_3D('',#518,#2707,#2708);
#2707=DIRECTION('',(-1,0,0));
#2708=DIRECTION('',(0,1,0));
#2709=FACE_BOUND('',#2710,.T.);
#2710=EDGE_LOOP('',(#2711,#2712,#2713));
#2711=ORIENTED_EDGE('',*,*,#2714,.T.);
#2712=ORIENTED_EDGE('',*,*,#2715,.T.);
#2713=ORIENTED_EDGE('',*,*,#2716,.T.);
#2714=EDGE_CURVE('',#519,#491,#2717,.F.);
#2715=EDGE_CURVE('',#491,#489,#2718,.T.);
#2716=EDGE_CURVE('',#489,#519,#2719,.T.);
#2717=LINE('',#518,#2720);
#2718=LINE('',#490,#2721);
#2719=LINE('',#488,#2722);
#2720=VECTOR('',#2723,1.0);
#2721=VECTOR('',#2724,1.0);
#2722=VECTOR('',#2725,1.0);
#2723=DIRECTION('',(0,1,0));
#2724=DIRECTION('',(0,-0.6246950475544244,-0.7808688094430302));
#2725=DIRECTION('',(0,0,1));
#2726=STYLED_ITEM('',(#25),#2727);
#2727=FACE_SURFACE('',(#2732),#2728,.T.);
#2728=PLANE('',#2729);
#2729=AXIS2_PLACEMENT_3D('',#458,#2730,#2731);
#2730=DIRECTION('',(0.7071067811865436,0,0.7071067811865515));
#2731=DIRECTION('',(-0.5773502691896278,-0.5773502691896278,0.5773502691896215));
#2732=FACE_BOUND('',#2733,.T.);
#2733=EDGE_LOOP('',(#2734,#2735,#2736));
#2734=ORIENTED_EDGE('',*,*,#2737,.T.);
#2735=ORIENTED_EDGE('',*,*,#2738,.T.);
#2736=ORIENTED_EDGE('',*,*,#2739,.T.);
#2737=EDGE_CURVE('',#459,#521,#2740,.F.);
#2738=EDGE_CURVE('',#521,#455,#2741,.T.);
#2739=EDGE_CURVE('',#455,#459,#2742,.T.);
#2740=LINE('',#458,#2743);
#2741=LINE('',#520,#2744);
#2742=LINE('',#454,#2745);
#2743=VECTOR('',#2746,1.0);
#2744=VECTOR('',#2747,1.0);
#2745=VECTOR('',#2748,1.0);
#2746=DIRECTION('',(-0.5773502691896278,-0.5773502691896278,0.5773502691896215));
#2747=DIRECTION('',(0.30151134457776413,-0.9045340337332916,-0.3015113445777608));
#2748=DIRECTION('',(0,1,0));
#2749=STYLED_ITEM('',(#25),#2750);
#2750=FACE_SURFACE('',(#2755),#2751,.T.);
#2751=PLANE('',#2752);
#2752=AXIS2_PLACEMENT_3D('',#522,#2753,#2754);
#2753=DIRECTION('',(0.7071067811865436,-0,0.7071067811865515));
#2754=DIRECTION('',(0.5773502691896278,-0.5773502691896278,-0.5773502691896215));
#2755=FACE_BOUND('',#2756,.T.);
#2756=EDGE_LOOP('',(#2757,#2758,#2759));
#2757=ORIENTED_EDGE('',*,*,#2760,.T.);
#2758=ORIENTED_EDGE('',*,*,#2761,.T.);
#2759=ORIENTED_EDGE('',*,*,#2762,.T.);
#2760=EDGE_CURVE('',#523,#455,#2763,.F.);
#2761=EDGE_CURVE('',#455,#521,#2764,.T.);
#2762=EDGE_CURVE('',#521,#523,#2765,.T.);
#2763=LINE('',#522,#2766);
#2764=LINE('',#454,#2767);
#2765=LINE('',#520,#2768);
#2766=VECTOR('',#2769,1.0);
#2767=VECTOR('',#2770,1.0);
#2768=VECTOR('',#2771,1.0);
#2769=DIRECTION('',(0.5773502691896278,-0.5773502691896278,-0.5773502691896215));
#2770=DIRECTION('',(-0.30151134457776413,0.9045340337332916,0.3015113445777608));
#2771=DIRECTION('',(0,-1,0));
#2772=STYLED_ITEM('',(#25),#2773);
#2773=FACE_SURFACE('',(#2778),#2774,.T.);
#2774=PLANE('',#2775);
#2775=AXIS2_PLACEMENT_3D('',#524,#2776,#2777);
#2776=DIRECTION('',(-1,0,0));
#2777=DIRECTION('',(0,-1,0));
#2778=FACE_BOUND('',#2779,.T.);
#2779=EDGE_LOOP('',(#2780,#2781,#2782));
#2780=ORIENTED_EDGE('',*,*,#2783,.T.);
#2781=ORIENTED_EDGE('',*,*,#2784,.T.);
#2782=ORIENTED_EDGE('',*,*,#2785,.T.);
#2783=EDGE_CURVE('',#525,#383,#2786,.F.);
#2784=EDGE_CURVE('',#383,#379,#2787,.T.);
#2785=EDGE_CURVE('',#379,#525,#2788,.T.);
#2786=LINE('',#524,#2789);
#2787=LINE('',#382,#2790);
#2788=LINE('',#378,#2791);
#2789=VECTOR('',#2792,1.0);
#2790=VECTOR('',#2793,1.0);
#2791=VECTOR('',#2794,1.0);
#2792=DIRECTION('',(0,-1,0));
#2793=DIRECTION('',(0,0.10893684089886697,0.9940486732021603));
#2794=DIRECTION('',(0,0,-1));
#2795=STYLED_ITEM('',(#25),#2796);
#2796=FACE_SURFACE('',(#2801),#2797,.T.);
#2797=PLANE('',#2798);
#2798=AXIS2_PLACEMENT_3D('',#380,#2799,#2800);
#2799=DIRECTION('',(-1,0,0));
#2800=DIRECTION('',(0,1,0));
#2801=FACE_BOUND('',#2802,.T.);
#2802=EDGE_LOOP('',(#2803,#2804,#2805));
#2803=ORIENTED_EDGE('',*,*,#2806,.T.);
#2804=ORIENTED_EDGE('',*,*,#2807,.T.);
#2805=ORIENTED_EDGE('',*,*,#2808,.T.);
#2806=EDGE_CURVE('',#381,#379,#2809,.F.);
#2807=EDGE_CURVE('',#379,#383,#2810,.T.);
#2808=EDGE_CURVE('',#383,#381,#2811,.T.);
#2809=LINE('',#380,#2812);
#2810=LINE('',#378,#2813);
#2811=LINE('',#382,#2814);
#2812=VECTOR('',#2815,1.0);
#2813=VECTOR('',#2816,1.0);
#2814=VECTOR('',#2817,1.0);
#2815=DIRECTION('',(0,1,0));
#2816=DIRECTION('',(0,-0.10893684089886697,-0.9940486732021603));
#2817=DIRECTION('',(0,0,1));
#2818=STYLED_ITEM('',(#25),#2819);
#2819=FACE_SURFACE('',(#2824),#2820,.T.);
#2820=PLANE('',#2821);
#2821=AXIS2_PLACEMENT_3D('',#430,#2822,#2823);
#2822=DIRECTION('',(-0,-1,-0));
#2823=DIRECTION('',(-1,0,0));
#2824=FACE_BOUND('',#2825,.T.);
#2825=EDGE_LOOP('',(#2826,#2827,#2828));
#2826=ORIENTED_EDGE('',*,*,#2829,.T.);
#2827=ORIENTED_EDGE('',*,*,#2830,.T.);
#2828=ORIENTED_EDGE('',*,*,#2831,.T.);
#2829=EDGE_CURVE('',#431,#495,#2832,.F.);
#2830=EDGE_CURVE('',#495,#447,#2833,.T.);
#2831=EDGE_CURVE('',#447,#431,#2834,.T.);
#2832=LINE('',#430,#2835);
#2833=LINE('',#494,#2836);
#2834=LINE('',#446,#2837);
#2835=VECTOR('',#2838,1.0);
#2836=VECTOR('',#2839,1.0);
#2837=VECTOR('',#2840,1.0);
#2838=DIRECTION('',(-1,0,0));
#2839=DIRECTION('',(0.6246950475544244,0,-0.7808688094430302));
#2840=DIRECTION('',(0,0,1));
#2841=STYLED_ITEM('',(#25),#2842);
#2842=FACE_SURFACE('',(#2847),#2843,.T.);
#2843=PLANE('',#2844);
#2844=AXIS2_PLACEMENT_3D('',#514,#2845,#2846);
#2845=DIRECTION('',(-0,1,0));
#2846=DIRECTION('',(1,0,0));
#2847=FACE_BOUND('',#2848,.T.);
#2848=EDGE_LOOP('',(#2849,#2850,#2851));
#2849=ORIENTED_EDGE('',*,*,#2852,.T.);
#2850=ORIENTED_EDGE('',*,*,#2853,.T.);
#2851=ORIENTED_EDGE('',*,*,#2854,.T.);
#2852=EDGE_CURVE('',#515,#461,#2855,.F.);
#2853=EDGE_CURVE('',#461,#387,#2856,.T.);
#2854=EDGE_CURVE('',#387,#515,#2857,.T.);
#2855=LINE('',#514,#2858);
#2856=LINE('',#460,#2859);
#2857=LINE('',#386,#2860);
#2858=VECTOR('',#2861,1.0);
#2859=VECTOR('',#2862,1.0);
#2860=VECTOR('',#2863,1.0);
#2861=DIRECTION('',(1,0,0));
#2862=DIRECTION('',(-0.21983912974654354,0,-0.9755361382502866));
#2863=DIRECTION('',(0,0,1));
#2864=STYLED_ITEM('',(#25),#2865);
#2865=FACE_SURFACE('',(#2870),#2866,.T.);
#2866=PLANE('',#2867);
#2867=AXIS2_PLACEMENT_3D('',#438,#2868,#2869);
#2868=DIRECTION('',(0,0,-1));
#2869=DIRECTION('',(0.707106781186545,0.70710678118655,0));
#2870=FACE_BOUND('',#2871,.T.);
#2871=EDGE_LOOP('',(#2872,#2873,#2874));
#2872=ORIENTED_EDGE('',*,*,#2875,.T.);
#2873=ORIENTED_EDGE('',*,*,#2876,.T.);
#2874=ORIENTED_EDGE('',*,*,#2877,.T.);
#2875=EDGE_CURVE('',#439,#527,#2878,.F.);
#2876=EDGE_CURVE('',#527,#453,#2879,.T.);
#2877=EDGE_CURVE('',#453,#439,#2880,.T.);
#2878=LINE('',#438,#2881);
#2879=LINE('',#526,#2882);
#2880=LINE('',#452,#2883);
#2881=VECTOR('',#2884,1.0);
#2882=VECTOR('',#2885,1.0);
#2883=VECTOR('',#2886,1.0);
#2884=DIRECTION('',(0.707106781186545,0.70710678118655,0));
#2885=DIRECTION('',(0.5909954814448438,-0.8066748669146556,0));
#2886=DIRECTION('',(-0.806674866914656,0.5909954814448433,0));
#2887=STYLED_ITEM('',(#25),#2888);
#2888=FACE_SURFACE('',(#2893),#2889,.T.);
#2889=PLANE('',#2890);
#2890=AXIS2_PLACEMENT_3D('',#452,#2891,#2892);
#2891=DIRECTION('',(-0,-0,-1));
#2892=DIRECTION('',(0,-1,0));
#2893=FACE_BOUND('',#2894,.T.);
#2894=EDGE_LOOP('',(#2895,#2896,#2897));
#2895=ORIENTED_EDGE('',*,*,#2898,.T.);
#2896=ORIENTED_EDGE('',*,*,#2899,.T.);
#2897=ORIENTED_EDGE('',*,*,#2900,.T.);
#2898=EDGE_CURVE('',#453,#397,#2901,.F.);
#2899=EDGE_CURVE('',#397,#439,#2902,.T.);
#2900=EDGE_CURVE('',#439,#453,#2903,.T.);
#2901=LINE('',#452,#2904);
#2902=LINE('',#396,#2905);
#2903=LINE('',#438,#2906);
#2904=VECTOR('',#2907,1.0);
#2905=VECTOR('',#2908,1.0);
#2906=VECTOR('',#2909,1.0);
#2907=DIRECTION('',(0,-1,0));
#2908=DIRECTION('',(-0.5795057801353781,0.8149681286956484,0));
#2909=DIRECTION('',(0.806674866914656,-0.5909954814448433,0));
#2910=STYLED_ITEM('',(#25),#2911);
#2911=FACE_SURFACE('',(#2916),#2912,.T.);
#2912=PLANE('',#2913);
#2913=AXIS2_PLACEMENT_3D('',#440,#2914,#2915);
#2914=DIRECTION('',(0,0,-1));
#2915=DIRECTION('',(0,1,0));
#2916=FACE_BOUND('',#2917,.T.);
#2917=EDGE_LOOP('',(#2918,#2919,#2920));
#2918=ORIENTED_EDGE('',*,*,#2921,.T.);
#2919=ORIENTED_EDGE('',*,*,#2922,.T.);
#2920=ORIENTED_EDGE('',*,*,#2923,.T.);
#2921=EDGE_CURVE('',#441,#439,#2924,.F.);
#2922=EDGE_CURVE('',#439,#397,#2925,.T.);
#2923=EDGE_CURVE('',#397,#441,#2926,.T.);
#2924=LINE('',#440,#2927);
#2925=LINE('',#438,#2928);
#2926=LINE('',#396,#2929);
#2927=VECTOR('',#2930,1.0);
#2928=VECTOR('',#2931,1.0);
#2929=VECTOR('',#2932,1.0);
#2930=DIRECTION('',(0,1,0));
#2931=DIRECTION('',(0.5795057801353781,-0.8149681286956484,0));
#2932=DIRECTION('',(-0.806674866914656,-0.5909954814448433,0));
#2933=STYLED_ITEM('',(#25),#2934);
#2934=FACE_SURFACE('',(#2939),#2935,.T.);
#2935=PLANE('',#2936);
#2936=AXIS2_PLACEMENT_3D('',#528,#2937,#2938);
#2937=DIRECTION('',(-0.7071067811865512,-0.7071067811865438,-0));
#2938=DIRECTION('',(-0.09901475429766661,0.09901475429766764,-0.9901475429766744));
#2939=FACE_BOUND('',#2940,.T.);
#2940=EDGE_LOOP('',(#2941,#2942,#2943));
#2941=ORIENTED_EDGE('',*,*,#2944,.T.);
#2942=ORIENTED_EDGE('',*,*,#2945,.T.);
#2943=ORIENTED_EDGE('',*,*,#2946,.T.);
#2944=EDGE_CURVE('',#529,#531,#2947,.F.);
#2945=EDGE_CURVE('',#531,#505,#2948,.T.);
#2946=EDGE_CURVE('',#505,#529,#2949,.T.);
#2947=LINE('',#528,#2950);
#2948=LINE('',#530,#2951);
#2949=LINE('',#504,#2952);
#2950=VECTOR('',#2953,1.0);
#2951=VECTOR('',#2954,1.0);
#2952=VECTOR('',#2955,1.0);
#2953=DIRECTION('',(-0.09901475429766661,0.09901475429766764,-0.9901475429766744));
#2954=DIRECTION('',(0.7071067811865439,-0.7071067811865512,0));
#2955=DIRECTION('',(0,0,1));
#2956=STYLED_ITEM('',(#25),#2957);
#2957=FACE_SURFACE('',(#2962),#2958,.T.);
#2958=PLANE('',#2959);
#2959=AXIS2_PLACEMENT_3D('',#522,#2960,#2961);
#2960=DIRECTION('',(0,-0.7071067811865437,0.7071067811865515));
#2961=DIRECTION('',(-1,0,0));
#2962=FACE_BOUND('',#2963,.T.);
#2963=EDGE_LOOP('',(#2964,#2965,#2966));
#2964=ORIENTED_EDGE('',*,*,#2967,.T.);
#2965=ORIENTED_EDGE('',*,*,#2968,.T.);
#2966=ORIENTED_EDGE('',*,*,#2969,.T.);
#2967=EDGE_CURVE('',#523,#533,#2970,.F.);
#2968=EDGE_CURVE('',#533,#513,#2971,.T.);
#2969=EDGE_CURVE('',#513,#523,#2972,.T.);
#2970=LINE('',#522,#2973);
#2971=LINE('',#532,#2974);
#2972=LINE('',#512,#2975);
#2973=VECTOR('',#2976,1.0);
#2974=VECTOR('',#2977,1.0);
#2975=VECTOR('',#2978,1.0);
#2976=DIRECTION('',(-1,0,0));
#2977=DIRECTION('',(-0.5773502691896278,-0.5773502691896278,-0.5773502691896215));
#2978=DIRECTION('',(0.9045340337332919,0.30151134457776396,0.30151134457776063));
#2979=STYLED_ITEM('',(#25),#2980);
#2980=FACE_SURFACE('',(#2985),#2981,.T.);
#2981=PLANE('',#2982);
#2982=AXIS2_PLACEMENT_3D('',#522,#2983,#2984);
#2983=DIRECTION('',(0,-0.7071067811865437,0.7071067811865515));
#2984=DIRECTION('',(-0.9045340337332919,-0.30151134457776396,-0.30151134457776063));
#2985=FACE_BOUND('',#2986,.T.);
#2986=EDGE_LOOP('',(#2987,#2988,#2989));
#2987=ORIENTED_EDGE('',*,*,#2990,.T.);
#2988=ORIENTED_EDGE('',*,*,#2991,.T.);
#2989=ORIENTED_EDGE('',*,*,#2992,.T.);
#2990=EDGE_CURVE('',#523,#513,#2993,.F.);
#2991=EDGE_CURVE('',#513,#455,#2994,.T.);
#2992=EDGE_CURVE('',#455,#523,#2995,.T.);
#2993=LINE('',#522,#2996);
#2994=LINE('',#512,#2997);
#2995=LINE('',#454,#2998);
#2996=VECTOR('',#2999,1.0);
#2997=VECTOR('',#3000,1.0);
#2998=VECTOR('',#3001,1.0);
#2999=DIRECTION('',(-0.9045340337332919,-0.30151134457776396,-0.30151134457776063));
#3000=DIRECTION('',(1,0,0));
#3001=DIRECTION('',(-0.5773502691896278,0.5773502691896278,0.5773502691896215));
#3002=STYLED_ITEM('',(#25),#3003);
#3003=FACE_SURFACE('',(#3008),#3004,.T.);
#3004=PLANE('',#3005);
#3005=AXIS2_PLACEMENT_3D('',#516,#3006,#3007);
#3006=DIRECTION('',(-1,0,0));
#3007=DIRECTION('',(0,-1,0));
#3008=FACE_BOUND('',#3009,.T.);
#3009=EDGE_LOOP('',(#3010,#3011,#3012));
#3010=ORIENTED_EDGE('',*,*,#3013,.T.);
#3011=ORIENTED_EDGE('',*,*,#3014,.T.);
#3012=ORIENTED_EDGE('',*,*,#3015,.T.);
#3013=EDGE_CURVE('',#517,#497,#3016,.F.);
#3014=EDGE_CURVE('',#497,#535,#3017,.T.);
#3015=EDGE_CURVE('',#535,#517,#3018,.T.);
#3016=LINE('',#516,#3019);
#3017=LINE('',#496,#3020);
#3018=LINE('',#534,#3021);
#3019=VECTOR('',#3022,1.0);
#3020=VECTOR('',#3023,1.0);
#3021=VECTOR('',#3024,1.0);
#3022=DIRECTION('',(0,-1,0));
#3023=DIRECTION('',(0,0.2198391297465434,0.9755361382502867));
#3024=DIRECTION('',(0,0,-1));
#3025=STYLED_ITEM('',(#25),#3026);
#3026=FACE_SURFACE('',(#3031),#3027,.T.);
#3027=PLANE('',#3028);
#3028=AXIS2_PLACEMENT_3D('',#512,#3029,#3030);
#3029=DIRECTION('',(-1,0,0));
#3030=DIRECTION('',(0,1,0));
#3031=FACE_BOUND('',#3032,.T.);
#3032=EDGE_LOOP('',(#3033,#3034,#3035));
#3033=ORIENTED_EDGE('',*,*,#3036,.T.);
#3034=ORIENTED_EDGE('',*,*,#3037,.T.);
#3035=ORIENTED_EDGE('',*,*,#3038,.T.);
#3036=EDGE_CURVE('',#513,#535,#3039,.F.);
#3037=EDGE_CURVE('',#535,#497,#3040,.T.);
#3038=EDGE_CURVE('',#497,#513,#3041,.T.);
#3039=LINE('',#512,#3042);
#3040=LINE('',#534,#3043);
#3041=LINE('',#496,#3044);
#3042=VECTOR('',#3045,1.0);
#3043=VECTOR('',#3046,1.0);
#3044=VECTOR('',#3047,1.0);
#3045=DIRECTION('',(0,1,0));
#3046=DIRECTION('',(0,-0.2198391297465434,-0.9755361382502867));
#3047=DIRECTION('',(0,0,1));
#3048=STYLED_ITEM('',(#25),#3049);
#3049=FACE_SURFACE('',(#3054),#3050,.T.);
#3050=PLANE('',#3051);
#3051=AXIS2_PLACEMENT_3D('',#400,#3052,#3053);
#3052=DIRECTION('',(0,1,0));
#3053=DIRECTION('',(-1,0,0));
#3054=FACE_BOUND('',#3055,.T.);
#3055=EDGE_LOOP('',(#3056,#3057,#3058));
#3056=ORIENTED_EDGE('',*,*,#3059,.T.);
#3057=ORIENTED_EDGE('',*,*,#3060,.T.);
#3058=ORIENTED_EDGE('',*,*,#3061,.T.);
#3059=EDGE_CURVE('',#401,#525,#3062,.F.);
#3060=EDGE_CURVE('',#525,#379,#3063,.T.);
#3061=EDGE_CURVE('',#379,#401,#3064,.T.);
#3062=LINE('',#400,#3065);
#3063=LINE('',#524,#3066);
#3064=LINE('',#378,#3067);
#3065=VECTOR('',#3068,1.0);
#3066=VECTOR('',#3069,1.0);
#3067=VECTOR('',#3070,1.0);
#3068=DIRECTION('',(-1,0,0));
#3069=DIRECTION('',(0,0,1));
#3070=DIRECTION('',(0.10893684089886697,0,-0.9940486732021603));
#3071=STYLED_ITEM('',(#25),#3072);
#3072=FACE_SURFACE('',(#3077),#3073,.T.);
#3073=PLANE('',#3074);
#3074=AXIS2_PLACEMENT_3D('',#530,#3075,#3076);
#3075=DIRECTION('',(-1,0,0));
#3076=DIRECTION('',(0,0,1));
#3077=FACE_BOUND('',#3078,.T.);
#3078=EDGE_LOOP('',(#3079,#3080,#3081));
#3079=ORIENTED_EDGE('',*,*,#3082,.T.);
#3080=ORIENTED_EDGE('',*,*,#3083,.T.);
#3081=ORIENTED_EDGE('',*,*,#3084,.T.);
#3082=EDGE_CURVE('',#531,#389,#3085,.F.);
#3083=EDGE_CURVE('',#389,#503,#3086,.T.);
#3084=EDGE_CURVE('',#503,#531,#3087,.T.);
#3085=LINE('',#530,#3088);
#3086=LINE('',#388,#3089);
#3087=LINE('',#502,#3090);
#3088=VECTOR('',#3091,1.0);
#3089=VECTOR('',#3092,1.0);
#3090=VECTOR('',#3093,1.0);
#3091=DIRECTION('',(0,0,1));
#3092=DIRECTION('',(0,0.6246950475544244,-0.7808688094430302));
#3093=DIRECTION('',(0,-1,0));
#3094=STYLED_ITEM('',(#25),#3095);
#3095=FACE_SURFACE('',(#3100),#3096,.T.);
#3096=PLANE('',#3097);
#3097=AXIS2_PLACEMENT_3D('',#486,#3098,#3099);
#3098=DIRECTION('',(-0.70710678118655,0.7071067811865451,0));
#3099=DIRECTION('',(0.09901475429766661,0.09901475429766729,0.9901475429766744));
#3100=FACE_BOUND('',#3101,.T.);
#3101=EDGE_LOOP('',(#3102,#3103,#3104));
#3102=ORIENTED_EDGE('',*,*,#3105,.T.);
#3103=ORIENTED_EDGE('',*,*,#3106,.T.);
#3104=ORIENTED_EDGE('',*,*,#3107,.T.);
#3105=EDGE_CURVE('',#487,#529,#3108,.F.);
#3106=EDGE_CURVE('',#529,#505,#3109,.T.);
#3107=EDGE_CURVE('',#505,#487,#3110,.T.);
#3108=LINE('',#486,#3111);
#3109=LINE('',#528,#3112);
#3110=LINE('',#504,#3113);
#3111=VECTOR('',#3114,1.0);
#3112=VECTOR('',#3115,1.0);
#3113=VECTOR('',#3116,1.0);
#3114=DIRECTION('',(0.09901475429766661,0.09901475429766729,0.9901475429766744));
#3115=DIRECTION('',(0,0,-1));
#3116=DIRECTION('',(-0.707106781186545,-0.70710678118655,0));
#3117=STYLED_ITEM('',(#25),#3118);
#3118=FACE_SURFACE('',(#3123),#3119,.T.);
#3119=PLANE('',#3120);
#3120=AXIS2_PLACEMENT_3D('',#410,#3121,#3122);
#3121=DIRECTION('',(-1,0,0));
#3122=DIRECTION('',(0,-0.1089368408988669,0.9940486732021603));
#3123=FACE_BOUND('',#3124,.T.);
#3124=EDGE_LOOP('',(#3125,#3126,#3127));
#3125=ORIENTED_EDGE('',*,*,#3128,.T.);
#3126=ORIENTED_EDGE('',*,*,#3129,.T.);
#3127=ORIENTED_EDGE('',*,*,#3130,.T.);
#3128=EDGE_CURVE('',#411,#397,#3131,.F.);
#3129=EDGE_CURVE('',#397,#453,#3132,.T.);
#3130=EDGE_CURVE('',#453,#411,#3133,.T.);
#3131=LINE('',#410,#3134);
#3132=LINE('',#396,#3135);
#3133=LINE('',#452,#3136);
#3134=VECTOR('',#3137,1.0);
#3135=VECTOR('',#3138,1.0);
#3136=VECTOR('',#3139,1.0);
#3137=DIRECTION('',(0,-0.1089368408988669,0.9940486732021603));
#3138=DIRECTION('',(0,1,0));
#3139=DIRECTION('',(0,0,-1));
#3140=STYLED_ITEM('',(#25),#3141);
#3141=FACE_SURFACE('',(#3146),#3142,.T.);
#3142=PLANE('',#3143);
#3143=AXIS2_PLACEMENT_3D('',#534,#3144,#3145);
#3144=DIRECTION('',(-0.7071067811865436,0,0.7071067811865515));
#3145=DIRECTION('',(0,-1,0));
#3146=FACE_BOUND('',#3147,.T.);
#3147=EDGE_LOOP('',(#3148,#3149,#3150));
#3148=ORIENTED_EDGE('',*,*,#3151,.T.);
#3149=ORIENTED_EDGE('',*,*,#3152,.T.);
#3150=ORIENTED_EDGE('',*,*,#3153,.T.);
#3151=EDGE_CURVE('',#535,#513,#3154,.F.);
#3152=EDGE_CURVE('',#513,#537,#3155,.T.);
#3153=EDGE_CURVE('',#537,#535,#3156,.T.);
#3154=LINE('',#534,#3157);
#3155=LINE('',#512,#3158);
#3156=LINE('',#536,#3159);
#3157=VECTOR('',#3160,1.0);
#3158=VECTOR('',#3161,1.0);
#3159=VECTOR('',#3162,1.0);
#3160=DIRECTION('',(0,-1,0));
#3161=DIRECTION('',(0.30151134457776413,0.9045340337332916,0.3015113445777608));
#3162=DIRECTION('',(-0.5773502691896278,0.5773502691896278,-0.5773502691896215));
#3163=STYLED_ITEM('',(#25),#3164);
#3164=FACE_SURFACE('',(#3169),#3165,.T.);
#3165=PLANE('',#3166);
#3166=AXIS2_PLACEMENT_3D('',#532,#3167,#3168);
#3167=DIRECTION('',(-0.7071067811865436,0,0.7071067811865515));
#3168=DIRECTION('',(0,1,0));
#3169=FACE_BOUND('',#3170,.T.);
#3170=EDGE_LOOP('',(#3171,#3172,#3173));
#3171=ORIENTED_EDGE('',*,*,#3174,.T.);
#3172=ORIENTED_EDGE('',*,*,#3175,.T.);
#3173=ORIENTED_EDGE('',*,*,#3176,.T.);
#3174=EDGE_CURVE('',#533,#537,#3177,.F.);
#3175=EDGE_CURVE('',#537,#513,#3178,.T.);
#3176=EDGE_CURVE('',#513,#533,#3179,.T.);
#3177=LINE('',#532,#3180);
#3178=LINE('',#536,#3181);
#3179=LINE('',#512,#3182);
#3180=VECTOR('',#3183,1.0);
#3181=VECTOR('',#3184,1.0);
#3182=VECTOR('',#3185,1.0);
#3183=DIRECTION('',(0,1,0));
#3184=DIRECTION('',(-0.30151134457776413,-0.9045340337332916,-0.3015113445777608));
#3185=DIRECTION('',(0.5773502691896278,0.5773502691896278,0.5773502691896215));
#3186=STYLED_ITEM('',(#25),#3187);
#3187=FACE_SURFACE('',(#3192),#3188,.T.);
#3188=PLANE('',#3189);
#3189=AXIS2_PLACEMENT_3D('',#456,#3190,#3191);
#3190=DIRECTION('',(0,-0,1));
#3191=DIRECTION('',(0,1,0));
#3192=FACE_BOUND('',#3193,.T.);
#3193=EDGE_LOOP('',(#3194,#3195,#3196));
#3194=ORIENTED_EDGE('',*,*,#3197,.T.);
#3195=ORIENTED_EDGE('',*,*,#3198,.T.);
#3196=ORIENTED_EDGE('',*,*,#3199,.T.);
#3197=EDGE_CURVE('',#457,#473,#3200,.F.);
#3198=EDGE_CURVE('',#473,#517,#3201,.T.);
#3199=EDGE_CURVE('',#517,#457,#3202,.T.);
#3200=LINE('',#456,#3203);
#3201=LINE('',#472,#3204);
#3202=LINE('',#516,#3205);
#3203=VECTOR('',#3206,1.0);
#3204=VECTOR('',#3207,1.0);
#3205=VECTOR('',#3208,1.0);
#3206=DIRECTION('',(0,1,0));
#3207=DIRECTION('',(-0.3192188694853208,-0.9476810187845452,0));
#3208=DIRECTION('',(1,0,0));
#3209=STYLED_ITEM('',(#25),#3210);
#3210=FACE_SURFACE('',(#3215),#3211,.T.);
#3211=PLANE('',#3212);
#3212=AXIS2_PLACEMENT_3D('',#404,#3213,#3214);
#3213=DIRECTION('',(0.7071067811865462,-0.7071067811865487,0));
#3214=DIRECTION('',(-0.09901475429766798,-0.09901475429766764,0.9901475429766744));
#3215=FACE_BOUND('',#3216,.T.);
#3216=EDGE_LOOP('',(#3217,#3218,#3219));
#3217=ORIENTED_EDGE('',*,*,#3220,.T.);
#3218=ORIENTED_EDGE('',*,*,#3221,.T.);
#3219=ORIENTED_EDGE('',*,*,#3222,.T.);
#3220=EDGE_CURVE('',#405,#363,#3223,.F.);
#3221=EDGE_CURVE('',#363,#507,#3224,.T.);
#3222=EDGE_CURVE('',#507,#405,#3225,.T.);
#3223=LINE('',#404,#3226);
#3224=LINE('',#362,#3227);
#3225=LINE('',#506,#3228);
#3226=VECTOR('',#3229,1.0);
#3227=VECTOR('',#3230,1.0);
#3228=VECTOR('',#3231,1.0);
#3229=DIRECTION('',(-0.09901475429766798,-0.09901475429766764,0.9901475429766744));
#3230=DIRECTION('',(0,0,-1));
#3231=DIRECTION('',(0.7071067811865487,0.7071067811865462,0));
#3232=STYLED_ITEM('',(#25),#3233);
#3233=FACE_SURFACE('',(#3238),#3234,.T.);
#3234=PLANE('',#3235);
#3235=AXIS2_PLACEMENT_3D('',#346,#3236,#3237);
#3236=DIRECTION('',(0,-0.7071067811865437,0.7071067811865515));
#3237=DIRECTION('',(-0.5773502691896278,-0.5773502691896278,-0.5773502691896215));
#3238=FACE_BOUND('',#3239,.T.);
#3239=EDGE_LOOP('',(#3240,#3241,#3242));
#3240=ORIENTED_EDGE('',*,*,#3243,.T.);
#3241=ORIENTED_EDGE('',*,*,#3244,.T.);
#3242=ORIENTED_EDGE('',*,*,#3245,.T.);
#3243=EDGE_CURVE('',#347,#509,#3246,.F.);
#3244=EDGE_CURVE('',#509,#371,#3247,.T.);
#3245=EDGE_CURVE('',#371,#347,#3248,.T.);
#3246=LINE('',#346,#3249);
#3247=LINE('',#508,#3250);
#3248=LINE('',#370,#3251);
#3249=VECTOR('',#3252,1.0);
#3250=VECTOR('',#3253,1.0);
#3251=VECTOR('',#3254,1.0);
#3252=DIRECTION('',(-0.5773502691896278,-0.5773502691896278,-0.5773502691896215));
#3253=DIRECTION('',(1,0,0));
#3254=DIRECTION('',(-0.9045340337332919,0.30151134457776396,0.30151134457776063));
#3255=STYLED_ITEM('',(#25),#3256);
#3256=FACE_SURFACE('',(#3261),#3257,.T.);
#3257=PLANE('',#3258);
#3258=AXIS2_PLACEMENT_3D('',#346,#3259,#3260);
#3259=DIRECTION('',(0,-0.7071067811865437,0.7071067811865515));
#3260=DIRECTION('',(0.9045340337332919,-0.30151134457776396,-0.30151134457776063));
#3261=FACE_BOUND('',#3262,.T.);
#3262=EDGE_LOOP('',(#3263,#3264,#3265));
#3263=ORIENTED_EDGE('',*,*,#3266,.T.);
#3264=ORIENTED_EDGE('',*,*,#3267,.T.);
#3265=ORIENTED_EDGE('',*,*,#3268,.T.);
#3266=EDGE_CURVE('',#347,#371,#3269,.F.);
#3267=EDGE_CURVE('',#371,#341,#3270,.T.);
#3268=EDGE_CURVE('',#341,#347,#3271,.T.);
#3269=LINE('',#346,#3272);
#3270=LINE('',#370,#3273);
#3271=LINE('',#340,#3274);
#3272=VECTOR('',#3275,1.0);
#3273=VECTOR('',#3276,1.0);
#3274=VECTOR('',#3277,1.0);
#3275=DIRECTION('',(0.9045340337332919,-0.30151134457776396,-0.30151134457776063));
#3276=DIRECTION('',(-0.5773502691896278,0.5773502691896278,0.5773502691896215));
#3277=DIRECTION('',(-1,0,0));
#3278=STYLED_ITEM('',(#25),#3279);
#3279=FACE_SURFACE('',(#3284),#3280,.T.);
#3280=PLANE('',#3281);
#3281=AXIS2_PLACEMENT_3D('',#458,#3282,#3283);
#3282=DIRECTION('',(0,0.7071067811865437,0.7071067811865515));
#3283=DIRECTION('',(-1,0,0));
#3284=FACE_BOUND('',#3285,.T.);
#3285=EDGE_LOOP('',(#3286,#3287,#3288));
#3286=ORIENTED_EDGE('',*,*,#3289,.T.);
#3287=ORIENTED_EDGE('',*,*,#3290,.T.);
#3288=ORIENTED_EDGE('',*,*,#3291,.T.);
#3289=EDGE_CURVE('',#459,#535,#3292,.F.);
#3290=EDGE_CURVE('',#535,#537,#3293,.T.);
#3291=EDGE_CURVE('',#537,#459,#3294,.T.);
#3292=LINE('',#458,#3295);
#3293=LINE('',#534,#3296);
#3294=LINE('',#536,#3297);
#3295=VECTOR('',#3298,1.0);
#3296=VECTOR('',#3299,1.0);
#3297=VECTOR('',#3300,1.0);
#3298=DIRECTION('',(-1,0,0));
#3299=DIRECTION('',(0.5773502691896278,-0.5773502691896278,0.5773502691896215));
#3300=DIRECTION('',(0.9045340337332919,0.30151134457776396,-0.30151134457776063));
#3301=STYLED_ITEM('',(#25),#3302);
#3302=FACE_SURFACE('',(#3307),#3303,.T.);
#3303=PLANE('',#3304);
#3304=AXIS2_PLACEMENT_3D('',#458,#3305,#3306);
#3305=DIRECTION('',(0,0.7071067811865437,0.7071067811865515));
#3306=DIRECTION('',(-0.9045340337332919,-0.30151134457776396,0.30151134457776063));
#3307=FACE_BOUND('',#3308,.T.);
#3308=EDGE_LOOP('',(#3309,#3310,#3311));
#3309=ORIENTED_EDGE('',*,*,#3312,.T.);
#3310=ORIENTED_EDGE('',*,*,#3313,.T.);
#3311=ORIENTED_EDGE('',*,*,#3314,.T.);
#3312=EDGE_CURVE('',#459,#537,#3315,.F.);
#3313=EDGE_CURVE('',#537,#521,#3316,.T.);
#3314=EDGE_CURVE('',#521,#459,#3317,.T.);
#3315=LINE('',#458,#3318);
#3316=LINE('',#536,#3319);
#3317=LINE('',#520,#3320);
#3318=VECTOR('',#3321,1.0);
#3319=VECTOR('',#3322,1.0);
#3320=VECTOR('',#3323,1.0);
#3321=DIRECTION('',(-0.9045340337332919,-0.30151134457776396,0.30151134457776063));
#3322=DIRECTION('',(1,0,0));
#3323=DIRECTION('',(0.5773502691896278,0.5773502691896278,-0.5773502691896215));
#3324=STYLED_ITEM('',(#25),#3325);
#3325=FACE_SURFACE('',(#3330),#3326,.T.);
#3326=PLANE('',#3327);
#3327=AXIS2_PLACEMENT_3D('',#376,#3328,#3329);
#3328=DIRECTION('',(0,1,0));
#3329=DIRECTION('',(-1,0,0));
#3330=FACE_BOUND('',#3331,.T.);
#3331=EDGE_LOOP('',(#3332,#3333,#3334));
#3332=ORIENTED_EDGE('',*,*,#3335,.T.);
#3333=ORIENTED_EDGE('',*,*,#3336,.T.);
#3334=ORIENTED_EDGE('',*,*,#3337,.T.);
#3335=EDGE_CURVE('',#377,#539,#3338,.F.);
#3336=EDGE_CURVE('',#539,#393,#3339,.T.);
#3337=EDGE_CURVE('',#393,#377,#3340,.T.);
#3338=LINE('',#376,#3341);
#3339=LINE('',#538,#3342);
#3340=LINE('',#392,#3343);
#3341=VECTOR('',#3344,1.0);
#3342=VECTOR('',#3345,1.0);
#3343=VECTOR('',#3346,1.0);
#3344=DIRECTION('',(-1,0,0));
#3345=DIRECTION('',(0,0,1));
#3346=DIRECTION('',(0.6246950475544244,0,-0.7808688094430302));
#3347=STYLED_ITEM('',(#25),#3348);
#3348=FACE_SURFACE('',(#3353),#3349,.T.);
#3349=PLANE('',#3350);
#3350=AXIS2_PLACEMENT_3D('',#456,#3351,#3352);
#3351=DIRECTION('',(0,1,0));
#3352=DIRECTION('',(-1,0,0));
#3353=FACE_BOUND('',#3354,.T.);
#3354=EDGE_LOOP('',(#3355,#3356,#3357));
#3355=ORIENTED_EDGE('',*,*,#3358,.T.);
#3356=ORIENTED_EDGE('',*,*,#3359,.T.);
#3357=ORIENTED_EDGE('',*,*,#3360,.T.);
#3358=EDGE_CURVE('',#457,#517,#3361,.F.);
#3359=EDGE_CURVE('',#517,#535,#3362,.T.);
#3360=EDGE_CURVE('',#535,#457,#3363,.T.);
#3361=LINE('',#456,#3364);
#3362=LINE('',#516,#3365);
#3363=LINE('',#534,#3366);
#3364=VECTOR('',#3367,1.0);
#3365=VECTOR('',#3368,1.0);
#3366=VECTOR('',#3369,1.0);
#3367=DIRECTION('',(-1,0,0));
#3368=DIRECTION('',(0,0,1));
#3369=DIRECTION('',(0.21983912974654354,0,-0.9755361382502866));
#3370=STYLED_ITEM('',(#25),#3371);
#3371=FACE_SURFACE('',(#3376),#3372,.T.);
#3372=PLANE('',#3373);
#3373=AXIS2_PLACEMENT_3D('',#456,#3374,#3375);
#3374=DIRECTION('',(0,1,-0));
#3375=DIRECTION('',(-0.21983912974654354,0,0.9755361382502866));
#3376=FACE_BOUND('',#3377,.T.);
#3377=EDGE_LOOP('',(#3378,#3379,#3380));
#3378=ORIENTED_EDGE('',*,*,#3381,.T.);
#3379=ORIENTED_EDGE('',*,*,#3382,.T.);
#3380=ORIENTED_EDGE('',*,*,#3383,.T.);
#3381=EDGE_CURVE('',#457,#535,#3384,.F.);
#3382=EDGE_CURVE('',#535,#459,#3385,.T.);
#3383=EDGE_CURVE('',#459,#457,#3386,.T.);
#3384=LINE('',#456,#3387);
#3385=LINE('',#534,#3388);
#3386=LINE('',#458,#3389);
#3387=VECTOR('',#3390,1.0);
#3388=VECTOR('',#3391,1.0);
#3389=VECTOR('',#3392,1.0);
#3390=DIRECTION('',(-0.21983912974654354,0,0.9755361382502866));
#3391=DIRECTION('',(1,0,0));
#3392=DIRECTION('',(0,0,-1));
#3393=STYLED_ITEM('',(#25),#3394);
#3394=FACE_SURFACE('',(#3399),#3395,.T.);
#3395=PLANE('',#3396);
#3396=AXIS2_PLACEMENT_3D('',#492,#3397,#3398);
#3397=DIRECTION('',(0,-1,0));
#3398=DIRECTION('',(1,0,0));
#3399=FACE_BOUND('',#3400,.T.);
#3400=EDGE_LOOP('',(#3401,#3402,#3403));
#3401=ORIENTED_EDGE('',*,*,#3404,.T.);
#3402=ORIENTED_EDGE('',*,*,#3405,.T.);
#3403=ORIENTED_EDGE('',*,*,#3406,.T.);
#3404=EDGE_CURVE('',#493,#447,#3407,.F.);
#3405=EDGE_CURVE('',#447,#495,#3408,.T.);
#3406=EDGE_CURVE('',#495,#493,#3409,.T.);
#3407=LINE('',#492,#3410);
#3408=LINE('',#446,#3411);
#3409=LINE('',#494,#3412);
#3410=VECTOR('',#3413,1.0);
#3411=VECTOR('',#3414,1.0);
#3412=VECTOR('',#3415,1.0);
#3413=DIRECTION('',(1,0,0));
#3414=DIRECTION('',(-0.6246950475544244,0,0.7808688094430302));
#3415=DIRECTION('',(0,0,-1));
#3416=STYLED_ITEM('',(#25),#3417);
#3417=FACE_SURFACE('',(#3422),#3418,.T.);
#3418=PLANE('',#3419);
#3419=AXIS2_PLACEMENT_3D('',#540,#3420,#3421);
#3420=DIRECTION('',(0,-0.7071067811865472,-0.7071067811865478));
#3421=DIRECTION('',(0.577350269189626,-0.577350269189626,0.5773502691896254));
#3422=FACE_BOUND('',#3423,.T.);
#3423=EDGE_LOOP('',(#3424,#3425,#3426));
#3424=ORIENTED_EDGE('',*,*,#3427,.T.);
#3425=ORIENTED_EDGE('',*,*,#3428,.T.);
#3426=ORIENTED_EDGE('',*,*,#3429,.T.);
#3427=EDGE_CURVE('',#541,#385,#3430,.F.);
#3428=EDGE_CURVE('',#385,#383,#3431,.T.);
#3429=EDGE_CURVE('',#383,#541,#3432,.T.);
#3430=LINE('',#540,#3433);
#3431=LINE('',#384,#3434);
#3432=LINE('',#382,#3435);
#3433=VECTOR('',#3436,1.0);
#3434=VECTOR('',#3437,1.0);
#3435=VECTOR('',#3438,1.0);
#3436=DIRECTION('',(0.577350269189626,-0.577350269189626,0.5773502691896254));
#3437=DIRECTION('',(-1,0,0));
#3438=DIRECTION('',(0.9045340337332909,0.30151134457776363,-0.30151134457776335));
#3439=STYLED_ITEM('',(#25),#3440);
#3440=FACE_SURFACE('',(#3445),#3441,.T.);
#3441=PLANE('',#3442);
#3442=AXIS2_PLACEMENT_3D('',#540,#3443,#3444);
#3443=DIRECTION('',(-0,-0.7071067811865471,-0.7071067811865478));
#3444=DIRECTION('',(-0.9045340337332909,-0.30151134457776363,0.30151134457776335));
#3445=FACE_BOUND('',#3446,.T.);
#3446=EDGE_LOOP('',(#3447,#3448,#3449));
#3447=ORIENTED_EDGE('',*,*,#3450,.T.);
#3448=ORIENTED_EDGE('',*,*,#3451,.T.);
#3449=ORIENTED_EDGE('',*,*,#3452,.T.);
#3450=EDGE_CURVE('',#541,#383,#3453,.F.);
#3451=EDGE_CURVE('',#383,#543,#3454,.T.);
#3452=EDGE_CURVE('',#543,#541,#3455,.T.);
#3453=LINE('',#540,#3456);
#3454=LINE('',#382,#3457);
#3455=LINE('',#542,#3458);
#3456=VECTOR('',#3459,1.0);
#3457=VECTOR('',#3460,1.0);
#3458=VECTOR('',#3461,1.0);
#3459=DIRECTION('',(-0.9045340337332909,-0.30151134457776363,0.30151134457776335));
#3460=DIRECTION('',(0.577350269189626,0.577350269189626,-0.5773502691896254));
#3461=DIRECTION('',(1,0,0));
#3462=STYLED_ITEM('',(#25),#3463);
#3463=FACE_SURFACE('',(#3468),#3464,.T.);
#3464=PLANE('',#3465);
#3465=AXIS2_PLACEMENT_3D('',#508,#3466,#3467);
#3466=DIRECTION('',(-0.7071067811865437,0,0.7071067811865515));
#3467=DIRECTION('',(0.5773502691896278,0.5773502691896278,0.5773502691896215));
#3468=FACE_BOUND('',#3469,.T.);
#3469=EDGE_LOOP('',(#3470,#3471,#3472));
#3470=ORIENTED_EDGE('',*,*,#3473,.T.);
#3471=ORIENTED_EDGE('',*,*,#3474,.T.);
#3472=ORIENTED_EDGE('',*,*,#3475,.T.);
#3473=EDGE_CURVE('',#509,#347,#3476,.F.);
#3474=EDGE_CURVE('',#347,#515,#3477,.T.);
#3475=EDGE_CURVE('',#515,#509,#3478,.T.);
#3476=LINE('',#508,#3479);
#3477=LINE('',#346,#3480);
#3478=LINE('',#514,#3481);
#3479=VECTOR('',#3482,1.0);
#3480=VECTOR('',#3483,1.0);
#3481=VECTOR('',#3484,1.0);
#3482=DIRECTION('',(0.5773502691896278,0.5773502691896278,0.5773502691896215));
#3483=DIRECTION('',(-0.30151134457776396,0.9045340337332919,-0.30151134457776063));
#3484=DIRECTION('',(0,-1,0));
#3485=STYLED_ITEM('',(#25),#3486);
#3486=FACE_SURFACE('',(#3491),#3487,.T.);
#3487=PLANE('',#3488);
#3488=AXIS2_PLACEMENT_3D('',#344,#3489,#3490);
#3489=DIRECTION('',(-0.7071067811865437,0,0.7071067811865515));
#3490=DIRECTION('',(-0.5773502691896278,0.5773502691896278,-0.5773502691896215));
#3491=FACE_BOUND('',#3492,.T.);
#3492=EDGE_LOOP('',(#3493,#3494,#3495));
#3493=ORIENTED_EDGE('',*,*,#3496,.T.);
#3494=ORIENTED_EDGE('',*,*,#3497,.T.);
#3495=ORIENTED_EDGE('',*,*,#3498,.T.);
#3496=EDGE_CURVE('',#345,#515,#3499,.F.);
#3497=EDGE_CURVE('',#515,#347,#3500,.T.);
#3498=EDGE_CURVE('',#347,#345,#3501,.T.);
#3499=LINE('',#344,#3502);
#3500=LINE('',#514,#3503);
#3501=LINE('',#346,#3504);
#3502=VECTOR('',#3505,1.0);
#3503=VECTOR('',#3506,1.0);
#3504=VECTOR('',#3507,1.0);
#3505=DIRECTION('',(-0.5773502691896278,0.5773502691896278,-0.5773502691896215));
#3506=DIRECTION('',(0.30151134457776396,-0.9045340337332919,0.30151134457776063));
#3507=DIRECTION('',(0,1,0));
#3508=STYLED_ITEM('',(#25),#3509);
#3509=FACE_SURFACE('',(#3514),#3510,.T.);
#3510=PLANE('',#3511);
#3511=AXIS2_PLACEMENT_3D('',#506,#3512,#3513);
#3512=DIRECTION('',(0.707106781186545,0.70710678118655,-0));
#3513=DIRECTION('',(0,0,1));
#3514=FACE_BOUND('',#3515,.T.);
#3515=EDGE_LOOP('',(#3516,#3517,#3518));
#3516=ORIENTED_EDGE('',*,*,#3519,.T.);
#3517=ORIENTED_EDGE('',*,*,#3520,.T.);
#3518=ORIENTED_EDGE('',*,*,#3521,.T.);
#3519=EDGE_CURVE('',#507,#363,#3522,.F.);
#3520=EDGE_CURVE('',#363,#421,#3523,.T.);
#3521=EDGE_CURVE('',#421,#507,#3524,.T.);
#3522=LINE('',#506,#3525);
#3523=LINE('',#362,#3526);
#3524=LINE('',#420,#3527);
#3525=VECTOR('',#3528,1.0);
#3526=VECTOR('',#3529,1.0);
#3527=VECTOR('',#3530,1.0);
#3528=DIRECTION('',(0,0,1));
#3529=DIRECTION('',(0.7071067811865499,-0.707106781186545,0));
#3530=DIRECTION('',(-0.09901475429766798,0.09901475429766729,-0.9901475429766744));
#3531=STYLED_ITEM('',(#25),#3532);
#3532=FACE_SURFACE('',(#3537),#3533,.T.);
#3533=PLANE('',#3534);
#3534=AXIS2_PLACEMENT_3D('',#506,#3535,#3536);
#3535=DIRECTION('',(0.707106781186545,0.70710678118655,0));
#3536=DIRECTION('',(0.09901475429766798,-0.09901475429766729,0.9901475429766744));
#3537=FACE_BOUND('',#3538,.T.);
#3538=EDGE_LOOP('',(#3539,#3540,#3541));
#3539=ORIENTED_EDGE('',*,*,#3542,.T.);
#3540=ORIENTED_EDGE('',*,*,#3543,.T.);
#3541=ORIENTED_EDGE('',*,*,#3544,.T.);
#3542=EDGE_CURVE('',#507,#421,#3545,.F.);
#3543=EDGE_CURVE('',#421,#479,#3546,.T.);
#3544=EDGE_CURVE('',#479,#507,#3547,.T.);
#3545=LINE('',#506,#3548);
#3546=LINE('',#420,#3549);
#3547=LINE('',#478,#3550);
#3548=VECTOR('',#3551,1.0);
#3549=VECTOR('',#3552,1.0);
#3550=VECTOR('',#3553,1.0);
#3551=DIRECTION('',(0.09901475429766798,-0.09901475429766729,0.9901475429766744));
#3552=DIRECTION('',(0,0,-1));
#3553=DIRECTION('',(-0.7071067811865499,0.707106781186545,0));
#3554=STYLED_ITEM('',(#25),#3555);
#3555=FACE_SURFACE('',(#3560),#3556,.T.);
#3556=PLANE('',#3557);
#3557=AXIS2_PLACEMENT_3D('',#362,#3558,#3559);
#3558=DIRECTION('',(0,0,1));
#3559=DIRECTION('',(-0.8149681286956477,0.579505780135379,0));
#3560=FACE_BOUND('',#3561,.T.);
#3561=EDGE_LOOP('',(#3562,#3563,#3564));
#3562=ORIENTED_EDGE('',*,*,#3565,.T.);
#3563=ORIENTED_EDGE('',*,*,#3566,.T.);
#3564=ORIENTED_EDGE('',*,*,#3567,.T.);
#3565=EDGE_CURVE('',#363,#361,#3568,.F.);
#3566=EDGE_CURVE('',#361,#529,#3569,.T.);
#3567=EDGE_CURVE('',#529,#363,#3570,.T.);
#3568=LINE('',#362,#3571);
#3569=LINE('',#360,#3572);
#3570=LINE('',#528,#3573);
#3571=VECTOR('',#3574,1.0);
#3572=VECTOR('',#3575,1.0);
#3573=VECTOR('',#3576,1.0);
#3574=DIRECTION('',(-0.8149681286956477,0.579505780135379,0));
#3575=DIRECTION('',(-0.5909954814448436,-0.8066748669146556,0));
#3576=DIRECTION('',(1,0,0));
#3577=STYLED_ITEM('',(#25),#3578);
#3578=FACE_SURFACE('',(#3583),#3579,.T.);
#3579=PLANE('',#3580);
#3580=AXIS2_PLACEMENT_3D('',#412,#3581,#3582);
#3581=DIRECTION('',(0,-0,-1));
#3582=DIRECTION('',(0,-1,0));
#3583=FACE_BOUND('',#3584,.T.);
#3584=EDGE_LOOP('',(#3585,#3586,#3587));
#3585=ORIENTED_EDGE('',*,*,#3588,.T.);
#3586=ORIENTED_EDGE('',*,*,#3589,.T.);
#3587=ORIENTED_EDGE('',*,*,#3590,.T.);
#3588=EDGE_CURVE('',#413,#417,#3591,.F.);
#3589=EDGE_CURVE('',#417,#425,#3592,.T.);
#3590=EDGE_CURVE('',#425,#413,#3593,.T.);
#3591=LINE('',#412,#3594);
#3592=LINE('',#416,#3595);
#3593=LINE('',#424,#3596);
#3594=VECTOR('',#3597,1.0);
#3595=VECTOR('',#3598,1.0);
#3596=VECTOR('',#3599,1.0);
#3597=DIRECTION('',(0,-1,0));
#3598=DIRECTION('',(-1,0,0));
#3599=DIRECTION('',(0.7071067811865485,0.7071067811865466,0));
#3600=STYLED_ITEM('',(#25),#3601);
#3601=FACE_SURFACE('',(#3606),#3602,.T.);
#3602=PLANE('',#3603);
#3603=AXIS2_PLACEMENT_3D('',#412,#3604,#3605);
#3604=DIRECTION('',(-0,0,-1));
#3605=DIRECTION('',(-0.7071067811865485,-0.7071067811865466,0));
#3606=FACE_BOUND('',#3607,.T.);
#3607=EDGE_LOOP('',(#3608,#3609,#3610));
#3608=ORIENTED_EDGE('',*,*,#3611,.T.);
#3609=ORIENTED_EDGE('',*,*,#3612,.T.);
#3610=ORIENTED_EDGE('',*,*,#3613,.T.);
#3611=EDGE_CURVE('',#413,#425,#3614,.F.);
#3612=EDGE_CURVE('',#425,#355,#3615,.T.);
#3613=EDGE_CURVE('',#355,#413,#3616,.T.);
#3614=LINE('',#412,#3617);
#3615=LINE('',#424,#3618);
#3616=LINE('',#354,#3619);
#3617=VECTOR('',#3620,1.0);
#3618=VECTOR('',#3621,1.0);
#3619=VECTOR('',#3622,1.0);
#3620=DIRECTION('',(-0.7071067811865485,-0.7071067811865466,0));
#3621=DIRECTION('',(0,1,0));
#3622=DIRECTION('',(1,0,0));
#3623=STYLED_ITEM('',(#25),#3624);
#3624=FACE_SURFACE('',(#3629),#3625,.T.);
#3625=PLANE('',#3626);
#3626=AXIS2_PLACEMENT_3D('',#544,#3627,#3628);
#3627=DIRECTION('',(-0.7071067811865471,-0,-0.7071067811865478));
#3628=DIRECTION('',(0,-1,0));
#3629=FACE_BOUND('',#3630,.T.);
#3630=EDGE_LOOP('',(#3631,#3632,#3633));
#3631=ORIENTED_EDGE('',*,*,#3634,.T.);
#3632=ORIENTED_EDGE('',*,*,#3635,.T.);
#3633=ORIENTED_EDGE('',*,*,#3636,.T.);
#3634=EDGE_CURVE('',#545,#543,#3637,.F.);
#3635=EDGE_CURVE('',#543,#525,#3638,.T.);
#3636=EDGE_CURVE('',#525,#545,#3639,.T.);
#3637=LINE('',#544,#3640);
#3638=LINE('',#542,#3641);
#3639=LINE('',#524,#3642);
#3640=VECTOR('',#3643,1.0);
#3641=VECTOR('',#3644,1.0);
#3642=VECTOR('',#3645,1.0);
#3643=DIRECTION('',(0,-1,0));
#3644=DIRECTION('',(-0.30151134457776363,0.9045340337332909,0.30151134457776335));
#3645=DIRECTION('',(0.577350269189626,-0.577350269189626,-0.5773502691896254));
#3646=STYLED_ITEM('',(#25),#3647);
#3647=FACE_SURFACE('',(#3652),#3648,.T.);
#3648=PLANE('',#3649);
#3649=AXIS2_PLACEMENT_3D('',#382,#3650,#3651);
#3650=DIRECTION('',(-0.7071067811865471,0,-0.7071067811865478));
#3651=DIRECTION('',(0,1,0));
#3652=FACE_BOUND('',#3653,.T.);
#3653=EDGE_LOOP('',(#3654,#3655,#3656));
#3654=ORIENTED_EDGE('',*,*,#3657,.T.);
#3655=ORIENTED_EDGE('',*,*,#3658,.T.);
#3656=ORIENTED_EDGE('',*,*,#3659,.T.);
#3657=EDGE_CURVE('',#383,#525,#3660,.F.);
#3658=EDGE_CURVE('',#525,#543,#3661,.T.);
#3659=EDGE_CURVE('',#543,#383,#3662,.T.);
#3660=LINE('',#382,#3663);
#3661=LINE('',#524,#3664);
#3662=LINE('',#542,#3665);
#3663=VECTOR('',#3666,1.0);
#3664=VECTOR('',#3667,1.0);
#3665=VECTOR('',#3668,1.0);
#3666=DIRECTION('',(0,1,0));
#3667=DIRECTION('',(0.30151134457776363,-0.9045340337332909,-0.30151134457776335));
#3668=DIRECTION('',(-0.577350269189626,-0.577350269189626,0.5773502691896254));
#3669=STYLED_ITEM('',(#25),#3670);
#3670=FACE_SURFACE('',(#3675),#3671,.T.);
#3671=PLANE('',#3672);
#3672=AXIS2_PLACEMENT_3D('',#472,#3673,#3674);
#3673=DIRECTION('',(0,0,1));
#3674=DIRECTION('',(0.5909954814448417,-0.8066748669146572,0));
#3675=FACE_BOUND('',#3676,.T.);
#3676=EDGE_LOOP('',(#3677,#3678,#3679));
#3677=ORIENTED_EDGE('',*,*,#3680,.T.);
#3678=ORIENTED_EDGE('',*,*,#3681,.T.);
#3679=ORIENTED_EDGE('',*,*,#3682,.T.);
#3680=EDGE_CURVE('',#473,#547,#3683,.F.);
#3681=EDGE_CURVE('',#547,#423,#3684,.T.);
#3682=EDGE_CURVE('',#423,#473,#3685,.T.);
#3683=LINE('',#472,#3686);
#3684=LINE('',#546,#3687);
#3685=LINE('',#422,#3688);
#3686=VECTOR('',#3689,1.0);
#3687=VECTOR('',#3690,1.0);
#3688=VECTOR('',#3691,1.0);
#3689=DIRECTION('',(0.5909954814448417,-0.8066748669146572,0));
#3690=DIRECTION('',(0.7071067811865487,0.7071067811865462,0));
#3691=DIRECTION('',(-0.8066748669146562,0.590995481444843,0));
#3692=STYLED_ITEM('',(#25),#3693);
#3693=FACE_SURFACE('',(#3698),#3694,.T.);
#3694=PLANE('',#3695);
#3695=AXIS2_PLACEMENT_3D('',#420,#3696,#3697);
#3696=DIRECTION('',(0,0,1));
#3697=DIRECTION('',(-0.5795057801353781,-0.8149681286956484,0));
#3698=FACE_BOUND('',#3699,.T.);
#3699=EDGE_LOOP('',(#3700,#3701,#3702));
#3700=ORIENTED_EDGE('',*,*,#3703,.T.);
#3701=ORIENTED_EDGE('',*,*,#3704,.T.);
#3702=ORIENTED_EDGE('',*,*,#3705,.T.);
#3703=EDGE_CURVE('',#421,#473,#3706,.F.);
#3704=EDGE_CURVE('',#473,#423,#3707,.T.);
#3705=EDGE_CURVE('',#423,#421,#3708,.T.);
#3706=LINE('',#420,#3709);
#3707=LINE('',#472,#3710);
#3708=LINE('',#422,#3711);
#3709=VECTOR('',#3712,1.0);
#3710=VECTOR('',#3713,1.0);
#3711=VECTOR('',#3714,1.0);
#3712=DIRECTION('',(-0.5795057801353781,-0.8149681286956484,0));
#3713=DIRECTION('',(0.8066748669146562,-0.590995481444843,0));
#3714=DIRECTION('',(0,1,0));
#3715=STYLED_ITEM('',(#25),#3716);
#3716=FACE_SURFACE('',(#3721),#3717,.T.);
#3717=PLANE('',#3718);
#3718=AXIS2_PLACEMENT_3D('',#452,#3719,#3720);
#3719=DIRECTION('',(-0,1,0));
#3720=DIRECTION('',(1,0,0));
#3721=FACE_BOUND('',#3722,.T.);
#3722=EDGE_LOOP('',(#3723,#3724,#3725));
#3723=ORIENTED_EDGE('',*,*,#3726,.T.);
#3724=ORIENTED_EDGE('',*,*,#3727,.T.);
#3725=ORIENTED_EDGE('',*,*,#3728,.T.);
#3726=EDGE_CURVE('',#453,#451,#3729,.F.);
#3727=EDGE_CURVE('',#451,#411,#3730,.T.);
#3728=EDGE_CURVE('',#411,#453,#3731,.T.);
#3729=LINE('',#452,#3732);
#3730=LINE('',#450,#3733);
#3731=LINE('',#410,#3734);
#3732=VECTOR('',#3735,1.0);
#3733=VECTOR('',#3736,1.0);
#3734=VECTOR('',#3737,1.0);
#3735=DIRECTION('',(1,0,0));
#3736=DIRECTION('',(-0.10893684089886697,0,-0.9940486732021603));
#3737=DIRECTION('',(0,0,1));
#3738=STYLED_ITEM('',(#25),#3739);
#3739=FACE_SURFACE('',(#3744),#3740,.T.);
#3740=PLANE('',#3741);
#3741=AXIS2_PLACEMENT_3D('',#464,#3742,#3743);
#3742=DIRECTION('',(0,1,-0));
#3743=DIRECTION('',(-1,0,0));
#3744=FACE_BOUND('',#3745,.T.);
#3745=EDGE_LOOP('',(#3746,#3747,#3748));
#3746=ORIENTED_EDGE('',*,*,#3749,.T.);
#3747=ORIENTED_EDGE('',*,*,#3750,.T.);
#3748=ORIENTED_EDGE('',*,*,#3751,.T.);
#3749=EDGE_CURVE('',#465,#411,#3752,.F.);
#3750=EDGE_CURVE('',#411,#451,#3753,.T.);
#3751=EDGE_CURVE('',#451,#465,#3754,.T.);
#3752=LINE('',#464,#3755);
#3753=LINE('',#410,#3756);
#3754=LINE('',#450,#3757);
#3755=VECTOR('',#3758,1.0);
#3756=VECTOR('',#3759,1.0);
#3757=VECTOR('',#3760,1.0);
#3758=DIRECTION('',(-1,0,0));
#3759=DIRECTION('',(0.10893684089886697,0,0.9940486732021603));
#3760=DIRECTION('',(0,0,-1));
#3761=STYLED_ITEM('',(#25),#3762);
#3762=FACE_SURFACE('',(#3767),#3763,.T.);
#3763=PLANE('',#3764);
#3764=AXIS2_PLACEMENT_3D('',#476,#3765,#3766);
#3765=DIRECTION('',(0,0,1));
#3766=DIRECTION('',(-0.8066748669146562,0.590995481444843,0));
#3767=FACE_BOUND('',#3768,.T.);
#3768=EDGE_LOOP('',(#3769,#3770,#3771));
#3769=ORIENTED_EDGE('',*,*,#3772,.T.);
#3770=ORIENTED_EDGE('',*,*,#3773,.T.);
#3771=ORIENTED_EDGE('',*,*,#3774,.T.);
#3772=EDGE_CURVE('',#477,#365,#3775,.F.);
#3773=EDGE_CURVE('',#365,#363,#3776,.T.);
#3774=EDGE_CURVE('',#363,#477,#3777,.T.);
#3775=LINE('',#476,#3778);
#3776=LINE('',#364,#3779);
#3777=LINE('',#362,#3780);
#3778=VECTOR('',#3781,1.0);
#3779=VECTOR('',#3782,1.0);
#3780=VECTOR('',#3783,1.0);
#3781=DIRECTION('',(-0.8066748669146562,0.590995481444843,0));
#3782=DIRECTION('',(0.5909954814448417,-0.8066748669146572,0));
#3783=DIRECTION('',(0.7071067811865487,0.7071067811865462,0));
#3784=STYLED_ITEM('',(#25),#3785);
#3785=FACE_SURFACE('',(#3790),#3786,.T.);
#3786=PLANE('',#3787);
#3787=AXIS2_PLACEMENT_3D('',#436,#3788,#3789);
#3788=DIRECTION('',(0,0,1));
#3789=DIRECTION('',(-0.8066748669146562,-0.590995481444843,0));
#3790=FACE_BOUND('',#3791,.T.);
#3791=EDGE_LOOP('',(#3792,#3793,#3794));
#3792=ORIENTED_EDGE('',*,*,#3795,.T.);
#3793=ORIENTED_EDGE('',*,*,#3796,.T.);
#3794=ORIENTED_EDGE('',*,*,#3797,.T.);
#3795=EDGE_CURVE('',#437,#435,#3798,.F.);
#3796=EDGE_CURVE('',#435,#477,#3799,.T.);
#3797=EDGE_CURVE('',#477,#437,#3800,.T.);
#3798=LINE('',#436,#3801);
#3799=LINE('',#434,#3802);
#3800=LINE('',#476,#3803);
#3801=VECTOR('',#3804,1.0);
#3802=VECTOR('',#3805,1.0);
#3803=VECTOR('',#3806,1.0);
#3804=DIRECTION('',(-0.8066748669146562,-0.590995481444843,0));
#3805=DIRECTION('',(0.5795057801353781,-0.8149681286956484,0));
#3806=DIRECTION('',(0,1,0));
#3807=STYLED_ITEM('',(#25),#3808);
#3808=FACE_SURFACE('',(#3813),#3809,.T.);
#3809=PLANE('',#3810);
#3810=AXIS2_PLACEMENT_3D('',#342,#3811,#3812);
#3811=DIRECTION('',(0,0.7071067811865437,0.7071067811865515));
#3812=DIRECTION('',(0.5773502691896278,0.5773502691896278,-0.5773502691896215));
#3813=FACE_BOUND('',#3814,.T.);
#3814=EDGE_LOOP('',(#3815,#3816,#3817));
#3815=ORIENTED_EDGE('',*,*,#3818,.T.);
#3816=ORIENTED_EDGE('',*,*,#3819,.T.);
#3817=ORIENTED_EDGE('',*,*,#3820,.T.);
#3818=EDGE_CURVE('',#343,#461,#3821,.F.);
#3819=EDGE_CURVE('',#461,#515,#3822,.T.);
#3820=EDGE_CURVE('',#515,#343,#3823,.T.);
#3821=LINE('',#342,#3824);
#3822=LINE('',#460,#3825);
#3823=LINE('',#514,#3826);
#3824=VECTOR('',#3827,1.0);
#3825=VECTOR('',#3828,1.0);
#3826=VECTOR('',#3829,1.0);
#3827=DIRECTION('',(0.5773502691896278,0.5773502691896278,-0.5773502691896215));
#3828=DIRECTION('',(-1,0,0));
#3829=DIRECTION('',(0.9045340337332919,-0.30151134457776396,0.30151134457776063));
#3830=STYLED_ITEM('',(#25),#3831);
#3831=FACE_SURFACE('',(#3836),#3832,.T.);
#3832=PLANE('',#3833);
#3833=AXIS2_PLACEMENT_3D('',#342,#3834,#3835);
#3834=DIRECTION('',(0,0.7071067811865437,0.7071067811865515));
#3835=DIRECTION('',(-0.9045340337332919,0.30151134457776396,-0.30151134457776063));
#3836=FACE_BOUND('',#3837,.T.);
#3837=EDGE_LOOP('',(#3838,#3839,#3840));
#3838=ORIENTED_EDGE('',*,*,#3841,.T.);
#3839=ORIENTED_EDGE('',*,*,#3842,.T.);
#3840=ORIENTED_EDGE('',*,*,#3843,.T.);
#3841=EDGE_CURVE('',#343,#515,#3844,.F.);
#3842=EDGE_CURVE('',#515,#345,#3845,.T.);
#3843=EDGE_CURVE('',#345,#343,#3846,.T.);
#3844=LINE('',#342,#3847);
#3845=LINE('',#514,#3848);
#3846=LINE('',#344,#3849);
#3847=VECTOR('',#3850,1.0);
#3848=VECTOR('',#3851,1.0);
#3849=VECTOR('',#3852,1.0);
#3850=DIRECTION('',(-0.9045340337332919,0.30151134457776396,-0.30151134457776063));
#3851=DIRECTION('',(0.5773502691896278,-0.5773502691896278,0.5773502691896215));
#3852=DIRECTION('',(1,0,0));
#3853=STYLED_ITEM('',(#25),#3854);
#3854=FACE_SURFACE('',(#3859),#3855,.T.);
#3855=PLANE('',#3856);
#3856=AXIS2_PLACEMENT_3D('',#500,#3857,#3858);
#3857=DIRECTION('',(0,0,-1));
#3858=DIRECTION('',(1,0,0));
#3859=FACE_BOUND('',#3860,.T.);
#3860=EDGE_LOOP('',(#3861,#3862,#3863));
#3861=ORIENTED_EDGE('',*,*,#3864,.T.);
#3862=ORIENTED_EDGE('',*,*,#3865,.T.);
#3863=ORIENTED_EDGE('',*,*,#3866,.T.);
#3864=EDGE_CURVE('',#501,#463,#3867,.F.);
#3865=EDGE_CURVE('',#463,#467,#3868,.T.);
#3866=EDGE_CURVE('',#467,#501,#3869,.T.);
#3867=LINE('',#500,#3870);
#3868=LINE('',#462,#3871);
#3869=LINE('',#466,#3872);
#3870=VECTOR('',#3873,1.0);
#3871=VECTOR('',#3874,1.0);
#3872=VECTOR('',#3875,1.0);
#3873=DIRECTION('',(1,0,0));
#3874=DIRECTION('',(0,-1,0));
#3875=DIRECTION('',(-0.707106781186548,0.707106781186547,0));
#3876=STYLED_ITEM('',(#25),#3877);
#3877=FACE_SURFACE('',(#3882),#3878,.T.);
#3878=PLANE('',#3879);
#3879=AXIS2_PLACEMENT_3D('',#500,#3880,#3881);
#3880=DIRECTION('',(0,0,-1));
#3881=DIRECTION('',(0.707106781186548,-0.707106781186547,0));
#3882=FACE_BOUND('',#3883,.T.);
#3883=EDGE_LOOP('',(#3884,#3885,#3886));
#3884=ORIENTED_EDGE('',*,*,#3887,.T.);
#3885=ORIENTED_EDGE('',*,*,#3888,.T.);
#3886=ORIENTED_EDGE('',*,*,#3889,.T.);
#3887=EDGE_CURVE('',#501,#467,#3890,.F.);
#3888=EDGE_CURVE('',#467,#481,#3891,.T.);
#3889=EDGE_CURVE('',#481,#501,#3892,.T.);
#3890=LINE('',#500,#3893);
#3891=LINE('',#466,#3894);
#3892=LINE('',#480,#3895);
#3893=VECTOR('',#3896,1.0);
#3894=VECTOR('',#3897,1.0);
#3895=VECTOR('',#3898,1.0);
#3896=DIRECTION('',(0.707106781186548,-0.707106781186547,0));
#3897=DIRECTION('',(-1,0,0));
#3898=DIRECTION('',(0,1,0));
#3899=STYLED_ITEM('',(#25),#3900);
#3900=FACE_SURFACE('',(#3905),#3901,.T.);
#3901=PLANE('',#3902);
#3902=AXIS2_PLACEMENT_3D('',#524,#3903,#3904);
#3903=DIRECTION('',(0,0.7071067811865471,-0.7071067811865478));
#3904=DIRECTION('',(1,0,0));
#3905=FACE_BOUND('',#3906,.T.);
#3906=EDGE_LOOP('',(#3907,#3908,#3909));
#3907=ORIENTED_EDGE('',*,*,#3910,.T.);
#3908=ORIENTED_EDGE('',*,*,#3911,.T.);
#3909=ORIENTED_EDGE('',*,*,#3912,.T.);
#3910=EDGE_CURVE('',#525,#401,#3913,.F.);
#3911=EDGE_CURVE('',#401,#549,#3914,.T.);
#3912=EDGE_CURVE('',#549,#525,#3915,.T.);
#3913=LINE('',#524,#3916);
#3914=LINE('',#400,#3917);
#3915=LINE('',#548,#3918);
#3916=VECTOR('',#3919,1.0);
#3917=VECTOR('',#3920,1.0);
#3918=VECTOR('',#3921,1.0);
#3919=DIRECTION('',(1,0,0));
#3920=DIRECTION('',(-0.577350269189626,-0.577350269189626,-0.5773502691896254));
#3921=DIRECTION('',(-0.9045340337332909,0.30151134457776363,0.30151134457776335));
#3922=STYLED_ITEM('',(#25),#3923);
#3923=FACE_SURFACE('',(#3928),#3924,.T.);
#3924=PLANE('',#3925);
#3925=AXIS2_PLACEMENT_3D('',#524,#3926,#3927);
#3926=DIRECTION('',(0,0.7071067811865472,-0.7071067811865478));
#3927=DIRECTION('',(0.9045340337332909,-0.30151134457776363,-0.30151134457776335));
#3928=FACE_BOUND('',#3929,.T.);
#3929=EDGE_LOOP('',(#3930,#3931,#3932));
#3930=ORIENTED_EDGE('',*,*,#3933,.T.);
#3931=ORIENTED_EDGE('',*,*,#3934,.T.);
#3932=ORIENTED_EDGE('',*,*,#3935,.T.);
#3933=EDGE_CURVE('',#525,#549,#3936,.F.);
#3934=EDGE_CURVE('',#549,#545,#3937,.T.);
#3935=EDGE_CURVE('',#545,#525,#3938,.T.);
#3936=LINE('',#524,#3939);
#3937=LINE('',#548,#3940);
#3938=LINE('',#544,#3941);
#3939=VECTOR('',#3942,1.0);
#3940=VECTOR('',#3943,1.0);
#3941=VECTOR('',#3944,1.0);
#3942=DIRECTION('',(0.9045340337332909,-0.30151134457776363,-0.30151134457776335));
#3943=DIRECTION('',(-1,0,0));
#3944=DIRECTION('',(-0.577350269189626,0.577350269189626,0.5773502691896254));
#3945=STYLED_ITEM('',(#25),#3946);
#3946=FACE_SURFACE('',(#3951),#3947,.T.);
#3947=PLANE('',#3948);
#3948=AXIS2_PLACEMENT_3D('',#546,#3949,#3950);
#3949=DIRECTION('',(0,0,1));
#3950=DIRECTION('',(-0.5909954814448418,-0.806674866914657,0));
#3951=FACE_BOUND('',#3952,.T.);
#3952=EDGE_LOOP('',(#3953,#3954,#3955));
#3953=ORIENTED_EDGE('',*,*,#3956,.T.);
#3954=ORIENTED_EDGE('',*,*,#3957,.T.);
#3955=ORIENTED_EDGE('',*,*,#3958,.T.);
#3956=EDGE_CURVE('',#547,#457,#3959,.F.);
#3957=EDGE_CURVE('',#457,#427,#3960,.T.);
#3958=EDGE_CURVE('',#427,#547,#3961,.T.);
#3959=LINE('',#546,#3962);
#3960=LINE('',#456,#3963);
#3961=LINE('',#426,#3964);
#3962=VECTOR('',#3965,1.0);
#3963=VECTOR('',#3966,1.0);
#3964=VECTOR('',#3967,1.0);
#3965=DIRECTION('',(-0.5909954814448418,-0.806674866914657,0));
#3966=DIRECTION('',(0.806674866914656,0.5909954814448433,0));
#3967=DIRECTION('',(-0.7071067811865499,0.707106781186545,0));
#3968=STYLED_ITEM('',(#25),#3969);
#3969=FACE_SURFACE('',(#3974),#3970,.T.);
#3970=PLANE('',#3971);
#3971=AXIS2_PLACEMENT_3D('',#472,#3972,#3973);
#3972=DIRECTION('',(0,0,1));
#3973=DIRECTION('',(0,-1,0));
#3974=FACE_BOUND('',#3975,.T.);
#3975=EDGE_LOOP('',(#3976,#3977,#3978));
#3976=ORIENTED_EDGE('',*,*,#3979,.T.);
#3977=ORIENTED_EDGE('',*,*,#3980,.T.);
#3978=ORIENTED_EDGE('',*,*,#3981,.T.);
#3979=EDGE_CURVE('',#473,#457,#3982,.F.);
#3980=EDGE_CURVE('',#457,#547,#3983,.T.);
#3981=EDGE_CURVE('',#547,#473,#3984,.T.);
#3982=LINE('',#472,#3985);
#3983=LINE('',#456,#3986);
#3984=LINE('',#546,#3987);
#3985=VECTOR('',#3988,1.0);
#3986=VECTOR('',#3989,1.0);
#3987=VECTOR('',#3990,1.0);
#3988=DIRECTION('',(0,-1,0));
#3989=DIRECTION('',(0.5909954814448418,0.806674866914657,0));
#3990=DIRECTION('',(-0.5909954814448417,0.8066748669146572,0));
#3991=STYLED_ITEM('',(#25),#3992);
#3992=FACE_SURFACE('',(#3997),#3993,.T.);
#3993=PLANE('',#3994);
#3994=AXIS2_PLACEMENT_3D('',#456,#3995,#3996);
#3995=DIRECTION('',(-0,0,1));
#3996=DIRECTION('',(0,-1,0));
#3997=FACE_BOUND('',#3998,.T.);
#3998=EDGE_LOOP('',(#3999,#4000,#4001));
#3999=ORIENTED_EDGE('',*,*,#4002,.T.);
#4000=ORIENTED_EDGE('',*,*,#4003,.T.);
#4001=ORIENTED_EDGE('',*,*,#4004,.T.);
#4002=EDGE_CURVE('',#457,#429,#4005,.F.);
#4003=EDGE_CURVE('',#429,#427,#4006,.T.);
#4004=EDGE_CURVE('',#427,#457,#4007,.T.);
#4005=LINE('',#456,#4008);
#4006=LINE('',#428,#4009);
#4007=LINE('',#426,#4010);
#4008=VECTOR('',#4011,1.0);
#4009=VECTOR('',#4012,1.0);
#4010=VECTOR('',#4013,1.0);
#4011=DIRECTION('',(0,-1,0));
#4012=DIRECTION('',(0.5795057801353781,0.8149681286956484,0));
#4013=DIRECTION('',(-0.806674866914656,-0.5909954814448433,0));
#4014=STYLED_ITEM('',(#25),#4015);
#4015=FACE_SURFACE('',(#4020),#4016,.T.);
#4016=PLANE('',#4017);
#4017=AXIS2_PLACEMENT_3D('',#376,#4018,#4019);
#4018=DIRECTION('',(0,1,-0));
#4019=DIRECTION('',(-0.6246950475544244,0,0.7808688094430302));
#4020=FACE_BOUND('',#4021,.T.);
#4021=EDGE_LOOP('',(#4022,#4023,#4024));
#4022=ORIENTED_EDGE('',*,*,#4025,.T.);
#4023=ORIENTED_EDGE('',*,*,#4026,.T.);
#4024=ORIENTED_EDGE('',*,*,#4027,.T.);
#4025=EDGE_CURVE('',#377,#393,#4028,.F.);
#4026=EDGE_CURVE('',#393,#433,#4029,.T.);
#4027=EDGE_CURVE('',#433,#377,#4030,.T.);
#4028=LINE('',#376,#4031);
#4029=LINE('',#392,#4032);
#4030=LINE('',#432,#4033);
#4031=VECTOR('',#4034,1.0);
#4032=VECTOR('',#4035,1.0);
#4033=VECTOR('',#4036,1.0);
#4034=DIRECTION('',(-0.6246950475544244,0,0.7808688094430302));
#4035=DIRECTION('',(1,0,0));
#4036=DIRECTION('',(0,0,-1));
#4037=STYLED_ITEM('',(#25),#4038);
#4038=FACE_SURFACE('',(#4043),#4039,.T.);
#4039=PLANE('',#4040);
#4040=AXIS2_PLACEMENT_3D('',#478,#4041,#4042);
#4041=DIRECTION('',(0,-0,-1));
#4042=DIRECTION('',(0,-1,0));
#4043=FACE_BOUND('',#4044,.T.);
#4044=EDGE_LOOP('',(#4045,#4046,#4047));
#4045=ORIENTED_EDGE('',*,*,#4048,.T.);
#4046=ORIENTED_EDGE('',*,*,#4049,.T.);
#4047=ORIENTED_EDGE('',*,*,#4050,.T.);
#4048=EDGE_CURVE('',#479,#419,#4051,.F.);
#4049=EDGE_CURVE('',#419,#445,#4052,.T.);
#4050=EDGE_CURVE('',#445,#479,#4053,.T.);
#4051=LINE('',#478,#4054);
#4052=LINE('',#418,#4055);
#4053=LINE('',#444,#4056);
#4054=VECTOR('',#4057,1.0);
#4055=VECTOR('',#4058,1.0);
#4056=VECTOR('',#4059,1.0);
#4057=DIRECTION('',(0,-1,0));
#4058=DIRECTION('',(-0.5795057801353783,0.8149681286956482,0));
#4059=DIRECTION('',(0.8066748669146558,0.5909954814448436,0));
#4060=STYLED_ITEM('',(#25),#4061);
#4061=FACE_SURFACE('',(#4066),#4062,.T.);
#4062=PLANE('',#4063);
#4063=AXIS2_PLACEMENT_3D('',#400,#4064,#4065);
#4064=DIRECTION('',(0.7071067811865471,0,-0.7071067811865478));
#4065=DIRECTION('',(0,-1,0));
#4066=FACE_BOUND('',#4067,.T.);
#4067=EDGE_LOOP('',(#4068,#4069,#4070));
#4068=ORIENTED_EDGE('',*,*,#4071,.T.);
#4069=ORIENTED_EDGE('',*,*,#4072,.T.);
#4070=ORIENTED_EDGE('',*,*,#4073,.T.);
#4071=EDGE_CURVE('',#401,#385,#4074,.F.);
#4072=EDGE_CURVE('',#385,#541,#4075,.T.);
#4073=EDGE_CURVE('',#541,#401,#4076,.T.);
#4074=LINE('',#400,#4077);
#4075=LINE('',#384,#4078);
#4076=LINE('',#540,#4079);
#4077=VECTOR('',#4080,1.0);
#4078=VECTOR('',#4081,1.0);
#4079=VECTOR('',#4082,1.0);
#4080=DIRECTION('',(0,-1,0));
#4081=DIRECTION('',(-0.577350269189626,0.577350269189626,-0.5773502691896254));
#4082=DIRECTION('',(0.30151134457776363,0.9045340337332909,0.30151134457776335));
#4083=STYLED_ITEM('',(#25),#4084);
#4084=FACE_SURFACE('',(#4089),#4085,.T.);
#4085=PLANE('',#4086);
#4086=AXIS2_PLACEMENT_3D('',#400,#4087,#4088);
#4087=DIRECTION('',(0.7071067811865472,0,-0.7071067811865478));
#4088=DIRECTION('',(-0.30151134457776363,-0.9045340337332909,-0.30151134457776335));
#4089=FACE_BOUND('',#4090,.T.);
#4090=EDGE_LOOP('',(#4091,#4092,#4093));
#4091=ORIENTED_EDGE('',*,*,#4094,.T.);
#4092=ORIENTED_EDGE('',*,*,#4095,.T.);
#4093=ORIENTED_EDGE('',*,*,#4096,.T.);
#4094=EDGE_CURVE('',#401,#541,#4097,.F.);
#4095=EDGE_CURVE('',#541,#549,#4098,.T.);
#4096=EDGE_CURVE('',#549,#401,#4099,.T.);
#4097=LINE('',#400,#4100);
#4098=LINE('',#540,#4101);
#4099=LINE('',#548,#4102);
#4100=VECTOR('',#4103,1.0);
#4101=VECTOR('',#4104,1.0);
#4102=VECTOR('',#4105,1.0);
#4103=DIRECTION('',(-0.30151134457776363,-0.9045340337332909,-0.30151134457776335));
#4104=DIRECTION('',(0,1,0));
#4105=DIRECTION('',(0.577350269189626,0.577350269189626,0.5773502691896254));
#4106=STYLED_ITEM('',(#25),#4107);
#4107=FACE_SURFACE('',(#4112),#4108,.T.);
#4108=PLANE('',#4109);
#4109=AXIS2_PLACEMENT_3D('',#342,#4110,#4111);
#4110=DIRECTION('',(0.7071067811865437,0,0.7071067811865515));
#4111=DIRECTION('',(0,-1,0));
#4112=FACE_BOUND('',#4113,.T.);
#4113=EDGE_LOOP('',(#4114,#4115,#4116));
#4114=ORIENTED_EDGE('',*,*,#4117,.T.);
#4115=ORIENTED_EDGE('',*,*,#4118,.T.);
#4116=ORIENTED_EDGE('',*,*,#4119,.T.);
#4117=EDGE_CURVE('',#343,#341,#4120,.F.);
#4118=EDGE_CURVE('',#341,#461,#4121,.T.);
#4119=EDGE_CURVE('',#461,#343,#4122,.T.);
#4120=LINE('',#342,#4123);
#4121=LINE('',#340,#4124);
#4122=LINE('',#460,#4125);
#4123=VECTOR('',#4126,1.0);
#4124=VECTOR('',#4127,1.0);
#4125=VECTOR('',#4128,1.0);
#4126=DIRECTION('',(0,-1,0));
#4127=DIRECTION('',(0.30151134457776396,0.9045340337332919,-0.30151134457776063));
#4128=DIRECTION('',(-0.5773502691896278,-0.5773502691896278,0.5773502691896215));
#4129=STYLED_ITEM('',(#25),#4130);
#4130=FACE_SURFACE('',(#4135),#4131,.T.);
#4131=PLANE('',#4132);
#4132=AXIS2_PLACEMENT_3D('',#370,#4133,#4134);
#4133=DIRECTION('',(0.7071067811865437,-0,0.7071067811865515));
#4134=DIRECTION('',(0,1,0));
#4135=FACE_BOUND('',#4136,.T.);
#4136=EDGE_LOOP('',(#4137,#4138,#4139));
#4137=ORIENTED_EDGE('',*,*,#4140,.T.);
#4138=ORIENTED_EDGE('',*,*,#4141,.T.);
#4139=ORIENTED_EDGE('',*,*,#4142,.T.);
#4140=EDGE_CURVE('',#371,#461,#4143,.F.);
#4141=EDGE_CURVE('',#461,#341,#4144,.T.);
#4142=EDGE_CURVE('',#341,#371,#4145,.T.);
#4143=LINE('',#370,#4146);
#4144=LINE('',#460,#4147);
#4145=LINE('',#340,#4148);
#4146=VECTOR('',#4149,1.0);
#4147=VECTOR('',#4150,1.0);
#4148=VECTOR('',#4151,1.0);
#4149=DIRECTION('',(0,1,0));
#4150=DIRECTION('',(-0.30151134457776396,-0.9045340337332919,0.30151134457776063));
#4151=DIRECTION('',(0.5773502691896278,-0.5773502691896278,-0.5773502691896215));
#4152=STYLED_ITEM('',(#25),#4153);
#4153=FACE_SURFACE('',(#4158),#4154,.T.);
#4154=PLANE('',#4155);
#4155=AXIS2_PLACEMENT_3D('',#418,#4156,#4157);
#4156=DIRECTION('',(0,0,-1));
#4157=DIRECTION('',(-0.8066748669146562,0.590995481444843,0));
#4158=FACE_BOUND('',#4159,.T.);
#4159=EDGE_LOOP('',(#4160,#4161,#4162));
#4160=ORIENTED_EDGE('',*,*,#4163,.T.);
#4161=ORIENTED_EDGE('',*,*,#4164,.T.);
#4162=ORIENTED_EDGE('',*,*,#4165,.T.);
#4163=EDGE_CURVE('',#419,#409,#4166,.F.);
#4164=EDGE_CURVE('',#409,#445,#4167,.T.);
#4165=EDGE_CURVE('',#445,#419,#4168,.T.);
#4166=LINE('',#418,#4169);
#4167=LINE('',#408,#4170);
#4168=LINE('',#444,#4171);
#4169=VECTOR('',#4172,1.0);
#4170=VECTOR('',#4173,1.0);
#4171=VECTOR('',#4174,1.0);
#4172=DIRECTION('',(-0.8066748669146562,0.590995481444843,0));
#4173=DIRECTION('',(0,1,0));
#4174=DIRECTION('',(0.5795057801353783,-0.8149681286956482,0));
#4175=STYLED_ITEM('',(#25),#4176);
#4176=FACE_SURFACE('',(#4181),#4177,.T.);
#4177=PLANE('',#4178);
#4178=AXIS2_PLACEMENT_3D('',#544,#4179,#4180);
#4179=DIRECTION('',(0,0,-1));
#4180=DIRECTION('',(1,0,0));
#4181=FACE_BOUND('',#4182,.T.);
#4182=EDGE_LOOP('',(#4183,#4184,#4185));
#4183=ORIENTED_EDGE('',*,*,#4186,.T.);
#4184=ORIENTED_EDGE('',*,*,#4187,.T.);
#4185=ORIENTED_EDGE('',*,*,#4188,.T.);
#4186=EDGE_CURVE('',#545,#549,#4189,.F.);
#4187=EDGE_CURVE('',#549,#541,#4190,.T.);
#4188=EDGE_CURVE('',#541,#545,#4191,.T.);
#4189=LINE('',#544,#4192);
#4190=LINE('',#548,#4193);
#4191=LINE('',#540,#4194);
#4192=VECTOR('',#4195,1.0);
#4193=VECTOR('',#4196,1.0);
#4194=VECTOR('',#4197,1.0);
#4195=DIRECTION('',(1,0,0));
#4196=DIRECTION('',(0,-1,0));
#4197=DIRECTION('',(-0.7071067811865476,0.7071067811865476,0));
#4198=STYLED_ITEM('',(#25),#4199);
#4199=FACE_SURFACE('',(#4204),#4200,.T.);
#4200=PLANE('',#4201);
#4201=AXIS2_PLACEMENT_3D('',#544,#4202,#4203);
#4202=DIRECTION('',(0,0,-1));
#4203=DIRECTION('',(0.7071067811865476,-0.7071067811865476,0));
#4204=FACE_BOUND('',#4205,.T.);
#4205=EDGE_LOOP('',(#4206,#4207,#4208));
#4206=ORIENTED_EDGE('',*,*,#4209,.T.);
#4207=ORIENTED_EDGE('',*,*,#4210,.T.);
#4208=ORIENTED_EDGE('',*,*,#4211,.T.);
#4209=EDGE_CURVE('',#545,#541,#4212,.F.);
#4210=EDGE_CURVE('',#541,#543,#4213,.T.);
#4211=EDGE_CURVE('',#543,#545,#4214,.T.);
#4212=LINE('',#544,#4215);
#4213=LINE('',#540,#4216);
#4214=LINE('',#542,#4217);
#4215=VECTOR('',#4218,1.0);
#4216=VECTOR('',#4219,1.0);
#4217=VECTOR('',#4220,1.0);
#4218=DIRECTION('',(0.7071067811865476,-0.7071067811865476,0));
#4219=DIRECTION('',(-1,0,0));
#4220=DIRECTION('',(0,1,0));
#4221=STYLED_ITEM('',(#25),#4222);
#4222=FACE_SURFACE('',(#4227),#4223,.T.);
#4223=PLANE('',#4224);
#4224=AXIS2_PLACEMENT_3D('',#546,#4225,#4226);
#4225=DIRECTION('',(0.7071067811865462,-0.7071067811865487,0));
#4226=DIRECTION('',(0.09901475429766798,0.09901475429766764,-0.9901475429766744));
#4227=FACE_BOUND('',#4228,.T.);
#4228=EDGE_LOOP('',(#4229,#4230,#4231));
#4229=ORIENTED_EDGE('',*,*,#4232,.T.);
#4230=ORIENTED_EDGE('',*,*,#4233,.T.);
#4231=ORIENTED_EDGE('',*,*,#4234,.T.);
#4232=EDGE_CURVE('',#547,#419,#4235,.F.);
#4233=EDGE_CURVE('',#419,#423,#4236,.T.);
#4234=EDGE_CURVE('',#423,#547,#4237,.T.);
#4235=LINE('',#546,#4238);
#4236=LINE('',#418,#4239);
#4237=LINE('',#422,#4240);
#4238=VECTOR('',#4241,1.0);
#4239=VECTOR('',#4242,1.0);
#4240=VECTOR('',#4243,1.0);
#4241=DIRECTION('',(0.09901475429766798,0.09901475429766764,-0.9901475429766744));
#4242=DIRECTION('',(0,0,1));
#4243=DIRECTION('',(-0.7071067811865487,-0.7071067811865462,0));
#4244=STYLED_ITEM('',(#25),#4245);
#4245=FACE_SURFACE('',(#4250),#4246,.T.);
#4246=PLANE('',#4247);
#4247=AXIS2_PLACEMENT_3D('',#388,#4248,#4249);
#4248=DIRECTION('',(-0,0,1));
#4249=DIRECTION('',(0.7071067811865439,-0.7071067811865512,0));
#4250=FACE_BOUND('',#4251,.T.);
#4251=EDGE_LOOP('',(#4252,#4253,#4254));
#4252=ORIENTED_EDGE('',*,*,#4255,.T.);
#4253=ORIENTED_EDGE('',*,*,#4256,.T.);
#4254=ORIENTED_EDGE('',*,*,#4257,.T.);
#4255=EDGE_CURVE('',#389,#529,#4258,.F.);
#4256=EDGE_CURVE('',#529,#361,#4259,.T.);
#4257=EDGE_CURVE('',#361,#389,#4260,.T.);
#4258=LINE('',#388,#4261);
#4259=LINE('',#528,#4262);
#4260=LINE('',#360,#4263);
#4261=VECTOR('',#4264,1.0);
#4262=VECTOR('',#4265,1.0);
#4263=VECTOR('',#4266,1.0);
#4264=DIRECTION('',(0.7071067811865439,-0.7071067811865512,0));
#4265=DIRECTION('',(0.5909954814448436,0.8066748669146556,0));
#4266=DIRECTION('',(-0.8066748669146562,-0.590995481444843,0));
#4267=STYLED_ITEM('',(#25),#4268);
#4268=FACE_SURFACE('',(#4273),#4269,.T.);
#4269=PLANE('',#4270);
#4270=AXIS2_PLACEMENT_3D('',#528,#4271,#4272);
#4271=DIRECTION('',(-0,0,1));
#4272=DIRECTION('',(0.5909954814448436,-0.8066748669146556,0));
#4273=FACE_BOUND('',#4274,.T.);
#4274=EDGE_LOOP('',(#4275,#4276,#4277));
#4275=ORIENTED_EDGE('',*,*,#4278,.T.);
#4276=ORIENTED_EDGE('',*,*,#4279,.T.);
#4277=ORIENTED_EDGE('',*,*,#4280,.T.);
#4278=EDGE_CURVE('',#529,#551,#4281,.F.);
#4279=EDGE_CURVE('',#551,#363,#4282,.T.);
#4280=EDGE_CURVE('',#363,#529,#4283,.T.);
#4281=LINE('',#528,#4284);
#4282=LINE('',#550,#4285);
#4283=LINE('',#362,#4286);
#4284=VECTOR('',#4287,1.0);
#4285=VECTOR('',#4288,1.0);
#4286=VECTOR('',#4289,1.0);
#4287=DIRECTION('',(0.5909954814448436,-0.8066748669146556,0));
#4288=DIRECTION('',(0.8149681286956477,0.579505780135379,0));
#4289=DIRECTION('',(-1,0,0));
#4290=STYLED_ITEM('',(#25),#4291);
#4291=FACE_SURFACE('',(#4296),#4292,.T.);
#4292=PLANE('',#4293);
#4293=AXIS2_PLACEMENT_3D('',#490,#4294,#4295);
#4294=DIRECTION('',(-0,0,1));
#4295=DIRECTION('',(0.8066748669146558,-0.5909954814448436,0));
#4296=FACE_BOUND('',#4297,.T.);
#4297=EDGE_LOOP('',(#4298,#4299,#4300));
#4298=ORIENTED_EDGE('',*,*,#4301,.T.);
#4299=ORIENTED_EDGE('',*,*,#4302,.T.);
#4300=ORIENTED_EDGE('',*,*,#4303,.T.);
#4301=EDGE_CURVE('',#491,#551,#4304,.F.);
#4302=EDGE_CURVE('',#551,#529,#4305,.T.);
#4303=EDGE_CURVE('',#529,#491,#4306,.T.);
#4304=LINE('',#490,#4307);
#4305=LINE('',#550,#4308);
#4306=LINE('',#528,#4309);
#4307=VECTOR('',#4310,1.0);
#4308=VECTOR('',#4311,1.0);
#4309=VECTOR('',#4312,1.0);
#4310=DIRECTION('',(0.8066748669146558,-0.5909954814448436,0));
#4311=DIRECTION('',(-0.5909954814448436,0.8066748669146556,0));
#4312=DIRECTION('',(-0.707106781186545,-0.70710678118655,0));
#4313=STYLED_ITEM('',(#25),#4314);
#4314=FACE_SURFACE('',(#4319),#4315,.T.);
#4315=PLANE('',#4316);
#4316=AXIS2_PLACEMENT_3D('',#550,#4317,#4318);
#4317=DIRECTION('',(0,0,1));
#4318=DIRECTION('',(1,0,0));
#4319=FACE_BOUND('',#4320,.T.);
#4320=EDGE_LOOP('',(#4321,#4322,#4323));
#4321=ORIENTED_EDGE('',*,*,#4324,.T.);
#4322=ORIENTED_EDGE('',*,*,#4325,.T.);
#4323=ORIENTED_EDGE('',*,*,#4326,.T.);
#4324=EDGE_CURVE('',#551,#553,#4327,.F.);
#4325=EDGE_CURVE('',#553,#363,#4328,.T.);
#4326=EDGE_CURVE('',#363,#551,#4329,.T.);
#4327=LINE('',#550,#4330);
#4328=LINE('',#552,#4331);
#4329=LINE('',#362,#4332);
#4330=VECTOR('',#4333,1.0);
#4331=VECTOR('',#4334,1.0);
#4332=VECTOR('',#4335,1.0);
#4333=DIRECTION('',(1,0,0));
#4334=DIRECTION('',(0.5909954814448417,0.8066748669146572,0));
#4335=DIRECTION('',(-0.8149681286956477,-0.579505780135379,0));
#4336=STYLED_ITEM('',(#25),#4337);
#4337=FACE_SURFACE('',(#4342),#4338,.T.);
#4338=PLANE('',#4339);
#4339=AXIS2_PLACEMENT_3D('',#420,#4340,#4341);
#4340=DIRECTION('',(0,0,1));
#4341=DIRECTION('',(-0.7071067811865499,0.707106781186545,0));
#4342=FACE_BOUND('',#4343,.T.);
#4343=EDGE_LOOP('',(#4344,#4345,#4346));
#4344=ORIENTED_EDGE('',*,*,#4347,.T.);
#4345=ORIENTED_EDGE('',*,*,#4348,.T.);
#4346=ORIENTED_EDGE('',*,*,#4349,.T.);
#4347=EDGE_CURVE('',#421,#363,#4350,.F.);
#4348=EDGE_CURVE('',#363,#553,#4351,.T.);
#4349=EDGE_CURVE('',#553,#421,#4352,.T.);
#4350=LINE('',#420,#4353);
#4351=LINE('',#362,#4354);
#4352=LINE('',#552,#4355);
#4353=VECTOR('',#4356,1.0);
#4354=VECTOR('',#4357,1.0);
#4355=VECTOR('',#4358,1.0);
#4356=DIRECTION('',(-0.7071067811865499,0.707106781186545,0));
#4357=DIRECTION('',(-0.5909954814448417,-0.8066748669146572,0));
#4358=DIRECTION('',(0.8066748669146558,0.5909954814448436,0));
#4359=STYLED_ITEM('',(#25),#4360);
#4360=FACE_SURFACE('',(#4365),#4361,.T.);
#4361=PLANE('',#4362);
#4362=AXIS2_PLACEMENT_3D('',#510,#4363,#4364);
#4363=DIRECTION('',(0,0,1));
#4364=DIRECTION('',(0,-1,0));
#4365=FACE_BOUND('',#4366,.T.);
#4366=EDGE_LOOP('',(#4367,#4368,#4369));
#4367=ORIENTED_EDGE('',*,*,#4370,.T.);
#4368=ORIENTED_EDGE('',*,*,#4371,.T.);
#4369=ORIENTED_EDGE('',*,*,#4372,.T.);
#4370=EDGE_CURVE('',#511,#499,#4373,.F.);
#4371=EDGE_CURVE('',#499,#485,#4374,.T.);
#4372=EDGE_CURVE('',#485,#511,#4375,.T.);
#4373=LINE('',#510,#4376);
#4374=LINE('',#498,#4377);
#4375=LINE('',#484,#4378);
#4376=VECTOR('',#4379,1.0);
#4377=VECTOR('',#4380,1.0);
#4378=VECTOR('',#4381,1.0);
#4379=DIRECTION('',(0,-1,0));
#4380=DIRECTION('',(1,0,0));
#4381=DIRECTION('',(-0.7071067811865485,0.7071067811865466,0));
#4382=STYLED_ITEM('',(#25),#4383);
#4383=FACE_SURFACE('',(#4388),#4384,.T.);
#4384=PLANE('',#4385);
#4385=AXIS2_PLACEMENT_3D('',#510,#4386,#4387);
#4386=DIRECTION('',(-0,0,1));
#4387=DIRECTION('',(0.7071067811865485,-0.7071067811865466,0));
#4388=FACE_BOUND('',#4389,.T.);
#4389=EDGE_LOOP('',(#4390,#4391,#4392));
#4390=ORIENTED_EDGE('',*,*,#4393,.T.);
#4391=ORIENTED_EDGE('',*,*,#4394,.T.);
#4392=ORIENTED_EDGE('',*,*,#4395,.T.);
#4393=EDGE_CURVE('',#511,#485,#4396,.F.);
#4394=EDGE_CURVE('',#485,#483,#4397,.T.);
#4395=EDGE_CURVE('',#483,#511,#4398,.T.);
#4396=LINE('',#510,#4399);
#4397=LINE('',#484,#4400);
#4398=LINE('',#482,#4401);
#4399=VECTOR('',#4402,1.0);
#4400=VECTOR('',#4403,1.0);
#4401=VECTOR('',#4404,1.0);
#4402=DIRECTION('',(0.7071067811865485,-0.7071067811865466,0));
#4403=DIRECTION('',(0,1,0));
#4404=DIRECTION('',(-1,0,0));
#4405=STYLED_ITEM('',(#25),#4406);
#4406=FACE_SURFACE('',(#4411),#4407,.T.);
#4407=PLANE('',#4408);
#4408=AXIS2_PLACEMENT_3D('',#408,#4409,#4410);
#4409=DIRECTION('',(1,-0,0));
#4410=DIRECTION('',(0,0.10893684089886684,-0.9940486732021603));
#4411=FACE_BOUND('',#4412,.T.);
#4412=EDGE_LOOP('',(#4413,#4414,#4415));
#4413=ORIENTED_EDGE('',*,*,#4416,.T.);
#4414=ORIENTED_EDGE('',*,*,#4417,.T.);
#4415=ORIENTED_EDGE('',*,*,#4418,.T.);
#4416=EDGE_CURVE('',#409,#415,#4419,.F.);
#4417=EDGE_CURVE('',#415,#445,#4420,.T.);
#4418=EDGE_CURVE('',#445,#409,#4421,.T.);
#4419=LINE('',#408,#4422);
#4420=LINE('',#414,#4423);
#4421=LINE('',#444,#4424);
#4422=VECTOR('',#4425,1.0);
#4423=VECTOR('',#4426,1.0);
#4424=VECTOR('',#4427,1.0);
#4425=DIRECTION('',(0,0.10893684089886684,-0.9940486732021603));
#4426=DIRECTION('',(0,0,1));
#4427=DIRECTION('',(0,-1,0));
#4428=STYLED_ITEM('',(#25),#4429);
#4429=FACE_SURFACE('',(#4434),#4430,.T.);
#4430=PLANE('',#4431);
#4431=AXIS2_PLACEMENT_3D('',#554,#4432,#4433);
#4432=DIRECTION('',(-0,1,0));
#4433=DIRECTION('',(1,0,0));
#4434=FACE_BOUND('',#4435,.T.);
#4435=EDGE_LOOP('',(#4436,#4437,#4438));
#4436=ORIENTED_EDGE('',*,*,#4439,.T.);
#4437=ORIENTED_EDGE('',*,*,#4440,.T.);
#4438=ORIENTED_EDGE('',*,*,#4441,.T.);
#4439=EDGE_CURVE('',#555,#557,#4442,.F.);
#4440=EDGE_CURVE('',#557,#553,#4443,.T.);
#4441=EDGE_CURVE('',#553,#555,#4444,.T.);
#4442=LINE('',#554,#4445);
#4443=LINE('',#556,#4446);
#4444=LINE('',#552,#4447);
#4445=VECTOR('',#4448,1.0);
#4446=VECTOR('',#4449,1.0);
#4447=VECTOR('',#4450,1.0);
#4448=DIRECTION('',(1,0,0));
#4449=DIRECTION('',(0,0,-1));
#4450=DIRECTION('',(-0.21983912974654354,0,0.9755361382502866));
#4451=STYLED_ITEM('',(#25),#4452);
#4452=FACE_SURFACE('',(#4457),#4453,.T.);
#4453=PLANE('',#4454);
#4454=AXIS2_PLACEMENT_3D('',#348,#4455,#4456);
#4455=DIRECTION('',(-0,0,-1));
#4456=DIRECTION('',(-0.806674866914656,-0.5909954814448433,0));
#4457=FACE_BOUND('',#4458,.T.);
#4458=EDGE_LOOP('',(#4459,#4460,#4461));
#4459=ORIENTED_EDGE('',*,*,#4462,.T.);
#4460=ORIENTED_EDGE('',*,*,#4463,.T.);
#4461=ORIENTED_EDGE('',*,*,#4464,.T.);
#4462=EDGE_CURVE('',#349,#451,#4465,.F.);
#4463=EDGE_CURVE('',#451,#559,#4466,.T.);
#4464=EDGE_CURVE('',#559,#349,#4467,.T.);
#4465=LINE('',#348,#4468);
#4466=LINE('',#450,#4469);
#4467=LINE('',#558,#4470);
#4468=VECTOR('',#4471,1.0);
#4469=VECTOR('',#4472,1.0);
#4470=VECTOR('',#4473,1.0);
#4471=DIRECTION('',(-0.806674866914656,-0.5909954814448433,0));
#4472=DIRECTION('',(0.5909954814448418,0.806674866914657,0));
#4473=DIRECTION('',(0.7071067811865499,-0.707106781186545,0));
#4474=STYLED_ITEM('',(#25),#4475);
#4475=FACE_SURFACE('',(#4480),#4476,.T.);
#4476=PLANE('',#4477);
#4477=AXIS2_PLACEMENT_3D('',#526,#4478,#4479);
#4478=DIRECTION('',(0,0,-1));
#4479=DIRECTION('',(0.5909954814448436,0.8066748669146556,0));
#4480=FACE_BOUND('',#4481,.T.);
#4481=EDGE_LOOP('',(#4482,#4483,#4484));
#4482=ORIENTED_EDGE('',*,*,#4485,.T.);
#4483=ORIENTED_EDGE('',*,*,#4486,.T.);
#4484=ORIENTED_EDGE('',*,*,#4487,.T.);
#4485=EDGE_CURVE('',#527,#369,#4488,.F.);
#4486=EDGE_CURVE('',#369,#453,#4489,.T.);
#4487=EDGE_CURVE('',#453,#527,#4490,.T.);
#4488=LINE('',#526,#4491);
#4489=LINE('',#368,#4492);
#4490=LINE('',#452,#4493);
#4491=VECTOR('',#4494,1.0);
#4492=VECTOR('',#4495,1.0);
#4493=VECTOR('',#4496,1.0);
#4494=DIRECTION('',(0.5909954814448436,0.8066748669146556,0));
#4495=DIRECTION('',(0,-1,0));
#4496=DIRECTION('',(-0.5909954814448438,0.8066748669146556,0));
#4497=STYLED_ITEM('',(#25),#4498);
#4498=FACE_SURFACE('',(#4503),#4499,.T.);
#4499=PLANE('',#4500);
#4500=AXIS2_PLACEMENT_3D('',#426,#4501,#4502);
#4501=DIRECTION('',(0.707106781186545,0.70710678118655,0));
#4502=DIRECTION('',(0,0,-1));
#4503=FACE_BOUND('',#4504,.T.);
#4504=EDGE_LOOP('',(#4505,#4506,#4507));
#4505=ORIENTED_EDGE('',*,*,#4508,.T.);
#4506=ORIENTED_EDGE('',*,*,#4509,.T.);
#4507=ORIENTED_EDGE('',*,*,#4510,.T.);
#4508=EDGE_CURVE('',#427,#349,#4511,.F.);
#4509=EDGE_CURVE('',#349,#547,#4512,.T.);
#4510=EDGE_CURVE('',#547,#427,#4513,.T.);
#4511=LINE('',#426,#4514);
#4512=LINE('',#348,#4515);
#4513=LINE('',#546,#4516);
#4514=VECTOR('',#4517,1.0);
#4515=VECTOR('',#4518,1.0);
#4516=VECTOR('',#4519,1.0);
#4517=DIRECTION('',(0,0,-1));
#4518=DIRECTION('',(-0.09901475429766798,0.09901475429766729,0.9901475429766744));
#4519=DIRECTION('',(0.7071067811865499,-0.707106781186545,0));
#4520=STYLED_ITEM('',(#25),#4521);
#4521=FACE_SURFACE('',(#4526),#4522,.T.);
#4522=PLANE('',#4523);
#4523=AXIS2_PLACEMENT_3D('',#528,#4524,#4525);
#4524=DIRECTION('',(-0.7071067811865512,-0.7071067811865438,0));
#4525=DIRECTION('',(-0.7071067811865439,0.7071067811865512,0));
#4526=FACE_BOUND('',#4527,.T.);
#4527=EDGE_LOOP('',(#4528,#4529,#4530));
#4528=ORIENTED_EDGE('',*,*,#4531,.T.);
#4529=ORIENTED_EDGE('',*,*,#4532,.T.);
#4530=ORIENTED_EDGE('',*,*,#4533,.T.);
#4531=EDGE_CURVE('',#529,#389,#4534,.F.);
#4532=EDGE_CURVE('',#389,#531,#4535,.T.);
#4533=EDGE_CURVE('',#531,#529,#4536,.T.);
#4534=LINE('',#528,#4537);
#4535=LINE('',#388,#4538);
#4536=LINE('',#530,#4539);
#4537=VECTOR('',#4540,1.0);
#4538=VECTOR('',#4541,1.0);
#4539=VECTOR('',#4542,1.0);
#4540=DIRECTION('',(-0.7071067811865439,0.7071067811865512,0));
#4541=DIRECTION('',(0,0,-1));
#4542=DIRECTION('',(0.09901475429766661,-0.09901475429766764,0.9901475429766744));
#4543=STYLED_ITEM('',(#25),#4544);
#4544=FACE_SURFACE('',(#4549),#4545,.T.);
#4545=PLANE('',#4546);
#4546=AXIS2_PLACEMENT_3D('',#408,#4547,#4548);
#4547=DIRECTION('',(1,0,0));
#4548=DIRECTION('',(0,0,-1));
#4549=FACE_BOUND('',#4550,.T.);
#4550=EDGE_LOOP('',(#4551,#4552,#4553));
#4551=ORIENTED_EDGE('',*,*,#4554,.T.);
#4552=ORIENTED_EDGE('',*,*,#4555,.T.);
#4553=ORIENTED_EDGE('',*,*,#4556,.T.);
#4554=EDGE_CURVE('',#409,#407,#4557,.F.);
#4555=EDGE_CURVE('',#407,#415,#4558,.T.);
#4556=EDGE_CURVE('',#415,#409,#4559,.T.);
#4557=LINE('',#408,#4560);
#4558=LINE('',#406,#4561);
#4559=LINE('',#414,#4562);
#4560=VECTOR('',#4563,1.0);
#4561=VECTOR('',#4564,1.0);
#4562=VECTOR('',#4565,1.0);
#4563=DIRECTION('',(0,0,-1));
#4564=DIRECTION('',(0,1,0));
#4565=DIRECTION('',(0,-0.10893684089886684,0.9940486732021603));
#4566=STYLED_ITEM('',(#25),#4567);
#4567=FACE_SURFACE('',(#4572),#4568,.T.);
#4568=PLANE('',#4569);
#4569=AXIS2_PLACEMENT_3D('',#520,#4570,#4571);
#4570=DIRECTION('',(0,0,1));
#4571=DIRECTION('',(-1,0,0));
#4572=FACE_BOUND('',#4573,.T.);
#4573=EDGE_LOOP('',(#4574,#4575,#4576));
#4574=ORIENTED_EDGE('',*,*,#4577,.T.);
#4575=ORIENTED_EDGE('',*,*,#4578,.T.);
#4576=ORIENTED_EDGE('',*,*,#4579,.T.);
#4577=EDGE_CURVE('',#521,#537,#4580,.F.);
#4578=EDGE_CURVE('',#537,#533,#4581,.T.);
#4579=EDGE_CURVE('',#533,#521,#4582,.T.);
#4580=LINE('',#520,#4583);
#4581=LINE('',#536,#4584);
#4582=LINE('',#532,#4585);
#4583=VECTOR('',#4586,1.0);
#4584=VECTOR('',#4587,1.0);
#4585=VECTOR('',#4588,1.0);
#4586=DIRECTION('',(-1,0,0));
#4587=DIRECTION('',(0,-1,0));
#4588=DIRECTION('',(0.707106781186548,0.707106781186547,0));
#4589=STYLED_ITEM('',(#25),#4590);
#4590=FACE_SURFACE('',(#4595),#4591,.T.);
#4591=PLANE('',#4592);
#4592=AXIS2_PLACEMENT_3D('',#520,#4593,#4594);
#4593=DIRECTION('',(0,0,1));
#4594=DIRECTION('',(-0.707106781186548,-0.707106781186547,0));
#4595=FACE_BOUND('',#4596,.T.);
#4596=EDGE_LOOP('',(#4597,#4598,#4599));
#4597=ORIENTED_EDGE('',*,*,#4600,.T.);
#4598=ORIENTED_EDGE('',*,*,#4601,.T.);
#4599=ORIENTED_EDGE('',*,*,#4602,.T.);
#4600=EDGE_CURVE('',#521,#533,#4603,.F.);
#4601=EDGE_CURVE('',#533,#523,#4604,.T.);
#4602=EDGE_CURVE('',#523,#521,#4605,.T.);
#4603=LINE('',#520,#4606);
#4604=LINE('',#532,#4607);
#4605=LINE('',#522,#4608);
#4606=VECTOR('',#4609,1.0);
#4607=VECTOR('',#4610,1.0);
#4608=VECTOR('',#4611,1.0);
#4609=DIRECTION('',(-0.707106781186548,-0.707106781186547,0));
#4610=DIRECTION('',(1,0,0));
#4611=DIRECTION('',(0,1,0));
#4612=STYLED_ITEM('',(#25),#4613);
#4613=FACE_SURFACE('',(#4618),#4614,.T.);
#4614=PLANE('',#4615);
#4615=AXIS2_PLACEMENT_3D('',#488,#4616,#4617);
#4616=DIRECTION('',(0,0,-1));
#4617=DIRECTION('',(0,1,0));
#4618=FACE_BOUND('',#4619,.T.);
#4619=EDGE_LOOP('',(#4620,#4621,#4622));
#4620=ORIENTED_EDGE('',*,*,#4623,.T.);
#4621=ORIENTED_EDGE('',*,*,#4624,.T.);
#4622=ORIENTED_EDGE('',*,*,#4625,.T.);
#4623=EDGE_CURVE('',#489,#487,#4626,.F.);
#4624=EDGE_CURVE('',#487,#367,#4627,.T.);
#4625=EDGE_CURVE('',#367,#489,#4628,.T.);
#4626=LINE('',#488,#4629);
#4627=LINE('',#486,#4630);
#4628=LINE('',#366,#4631);
#4629=VECTOR('',#4632,1.0);
#4630=VECTOR('',#4633,1.0);
#4631=VECTOR('',#4634,1.0);
#4632=DIRECTION('',(0,1,0));
#4633=DIRECTION('',(0.8066748669146558,-0.5909954814448436,0));
#4634=DIRECTION('',(-0.5795057801353783,-0.8149681286956482,0));
#4635=STYLED_ITEM('',(#25),#4636);
#4636=FACE_SURFACE('',(#4641),#4637,.T.);
#4637=PLANE('',#4638);
#4638=AXIS2_PLACEMENT_3D('',#488,#4639,#4640);
#4639=DIRECTION('',(0,0,-1));
#4640=DIRECTION('',(0.5795057801353783,0.8149681286956482,0));
#4641=FACE_BOUND('',#4642,.T.);
#4642=EDGE_LOOP('',(#4643,#4644,#4645));
#4643=ORIENTED_EDGE('',*,*,#4646,.T.);
#4644=ORIENTED_EDGE('',*,*,#4647,.T.);
#4645=ORIENTED_EDGE('',*,*,#4648,.T.);
#4646=EDGE_CURVE('',#489,#367,#4649,.F.);
#4647=EDGE_CURVE('',#367,#369,#4650,.T.);
#4648=EDGE_CURVE('',#369,#489,#4651,.T.);
#4649=LINE('',#488,#4652);
#4650=LINE('',#366,#4653);
#4651=LINE('',#368,#4654);
#4652=VECTOR('',#4655,1.0);
#4653=VECTOR('',#4656,1.0);
#4654=VECTOR('',#4657,1.0);
#4655=DIRECTION('',(0.5795057801353783,0.8149681286956482,0));
#4656=DIRECTION('',(0,-1,0));
#4657=DIRECTION('',(-0.8066748669146562,-0.590995481444843,0));
#4658=STYLED_ITEM('',(#25),#4659);
#4659=FACE_SURFACE('',(#4664),#4660,.T.);
#4660=PLANE('',#4661);
#4661=AXIS2_PLACEMENT_3D('',#558,#4662,#4663);
#4662=DIRECTION('',(0.7071067811865462,-0.7071067811865487,0));
#4663=DIRECTION('',(0.7071067811865487,0.7071067811865462,0));
#4664=FACE_BOUND('',#4665,.T.);
#4665=EDGE_LOOP('',(#4666,#4667,#4668));
#4666=ORIENTED_EDGE('',*,*,#4669,.T.);
#4667=ORIENTED_EDGE('',*,*,#4670,.T.);
#4668=ORIENTED_EDGE('',*,*,#4671,.T.);
#4669=EDGE_CURVE('',#559,#419,#4672,.F.);
#4670=EDGE_CURVE('',#419,#547,#4673,.T.);
#4671=EDGE_CURVE('',#547,#559,#4674,.T.);
#4672=LINE('',#558,#4675);
#4673=LINE('',#418,#4676);
#4674=LINE('',#546,#4677);
#4675=VECTOR('',#4678,1.0);
#4676=VECTOR('',#4679,1.0);
#4677=VECTOR('',#4680,1.0);
#4678=DIRECTION('',(0.7071067811865487,0.7071067811865462,0));
#4679=DIRECTION('',(-0.09901475429766798,-0.09901475429766764,0.9901475429766744));
#4680=DIRECTION('',(0,0,-1));
#4681=STYLED_ITEM('',(#25),#4682);
#4682=FACE_SURFACE('',(#4687),#4683,.T.);
#4683=PLANE('',#4684);
#4684=AXIS2_PLACEMENT_3D('',#556,#4685,#4686);
#4685=DIRECTION('',(1,0,0));
#4686=DIRECTION('',(0,-1,0));
#4687=FACE_BOUND('',#4688,.T.);
#4688=EDGE_LOOP('',(#4689,#4690,#4691));
#4689=ORIENTED_EDGE('',*,*,#4692,.T.);
#4690=ORIENTED_EDGE('',*,*,#4693,.T.);
#4691=ORIENTED_EDGE('',*,*,#4694,.T.);
#4692=EDGE_CURVE('',#557,#475,#4695,.F.);
#4693=EDGE_CURVE('',#475,#473,#4696,.T.);
#4694=EDGE_CURVE('',#473,#557,#4697,.T.);
#4695=LINE('',#556,#4698);
#4696=LINE('',#474,#4699);
#4697=LINE('',#472,#4700);
#4698=VECTOR('',#4701,1.0);
#4699=VECTOR('',#4702,1.0);
#4700=VECTOR('',#4703,1.0);
#4701=DIRECTION('',(0,-1,0));
#4702=DIRECTION('',(0,0,-1));
#4703=DIRECTION('',(0,0.21983912974654327,0.9755361382502867));
#4704=STYLED_ITEM('',(#25),#4705);
#4705=FACE_SURFACE('',(#4710),#4706,.T.);
#4706=PLANE('',#4707);
#4707=AXIS2_PLACEMENT_3D('',#486,#4708,#4709);
#4708=DIRECTION('',(-0.70710678118655,0.7071067811865451,0));
#4709=DIRECTION('',(0,0,1));
#4710=FACE_BOUND('',#4711,.T.);
#4711=EDGE_LOOP('',(#4712,#4713,#4714));
#4712=ORIENTED_EDGE('',*,*,#4715,.T.);
#4713=ORIENTED_EDGE('',*,*,#4716,.T.);
#4714=ORIENTED_EDGE('',*,*,#4717,.T.);
#4715=EDGE_CURVE('',#487,#491,#4718,.F.);
#4716=EDGE_CURVE('',#491,#529,#4719,.T.);
#4717=EDGE_CURVE('',#529,#487,#4720,.T.);
#4718=LINE('',#486,#4721);
#4719=LINE('',#490,#4722);
#4720=LINE('',#528,#4723);
#4721=VECTOR('',#4724,1.0);
#4722=VECTOR('',#4725,1.0);
#4723=VECTOR('',#4726,1.0);
#4724=DIRECTION('',(0,0,1));
#4725=DIRECTION('',(0.707106781186545,0.70710678118655,0));
#4726=DIRECTION('',(-0.09901475429766661,-0.09901475429766729,-0.9901475429766744));
#4727=STYLED_ITEM('',(#25),#4728);
#4728=FACE_SURFACE('',(#4733),#4729,.T.);
#4729=PLANE('',#4730);
#4730=AXIS2_PLACEMENT_3D('',#560,#4731,#4732);
#4731=DIRECTION('',(-0,0,1));
#4732=DIRECTION('',(0.5909954814448438,-0.8066748669146556,0));
#4733=FACE_BOUND('',#4734,.T.);
#4734=EDGE_LOOP('',(#4735,#4736,#4737));
#4735=ORIENTED_EDGE('',*,*,#4738,.T.);
#4736=ORIENTED_EDGE('',*,*,#4739,.T.);
#4737=ORIENTED_EDGE('',*,*,#4740,.T.);
#4738=EDGE_CURVE('',#561,#517,#4741,.F.);
#4739=EDGE_CURVE('',#517,#563,#4742,.T.);
#4740=EDGE_CURVE('',#563,#561,#4743,.T.);
#4741=LINE('',#560,#4744);
#4742=LINE('',#516,#4745);
#4743=LINE('',#562,#4746);
#4744=VECTOR('',#4747,1.0);
#4745=VECTOR('',#4748,1.0);
#4746=VECTOR('',#4749,1.0);
#4747=DIRECTION('',(0.5909954814448438,-0.8066748669146556,0));
#4748=DIRECTION('',(0,1,0));
#4749=DIRECTION('',(-0.5909954814448436,-0.8066748669146556,0));
#4750=STYLED_ITEM('',(#25),#4751);
#4751=FACE_SURFACE('',(#4756),#4752,.T.);
#4752=PLANE('',#4753);
#4753=AXIS2_PLACEMENT_3D('',#518,#4754,#4755);
#4754=DIRECTION('',(-0,0,1));
#4755=DIRECTION('',(0.7071067811865439,-0.7071067811865512,0));
#4756=FACE_BOUND('',#4757,.T.);
#4757=EDGE_LOOP('',(#4758,#4759,#4760));
#4758=ORIENTED_EDGE('',*,*,#4761,.T.);
#4759=ORIENTED_EDGE('',*,*,#4762,.T.);
#4760=ORIENTED_EDGE('',*,*,#4763,.T.);
#4761=EDGE_CURVE('',#519,#561,#4764,.F.);
#4762=EDGE_CURVE('',#561,#563,#4765,.T.);
#4763=EDGE_CURVE('',#563,#519,#4766,.T.);
#4764=LINE('',#518,#4767);
#4765=LINE('',#560,#4768);
#4766=LINE('',#562,#4769);
#4767=VECTOR('',#4770,1.0);
#4768=VECTOR('',#4771,1.0);
#4769=VECTOR('',#4772,1.0);
#4770=DIRECTION('',(0.7071067811865439,-0.7071067811865512,0));
#4771=DIRECTION('',(0.5909954814448436,0.8066748669146556,0));
#4772=DIRECTION('',(-0.8066748669146562,-0.590995481444843,0));
#4773=STYLED_ITEM('',(#25),#4774);
#4774=FACE_SURFACE('',(#4779),#4775,.T.);
#4775=PLANE('',#4776);
#4776=AXIS2_PLACEMENT_3D('',#558,#4777,#4778);
#4777=DIRECTION('',(0.707106781186545,0.70710678118655,-0));
#4778=DIRECTION('',(0,0,1));
#4779=FACE_BOUND('',#4780,.T.);
#4780=EDGE_LOOP('',(#4781,#4782,#4783));
#4781=ORIENTED_EDGE('',*,*,#4784,.T.);
#4782=ORIENTED_EDGE('',*,*,#4785,.T.);
#4783=ORIENTED_EDGE('',*,*,#4786,.T.);
#4784=EDGE_CURVE('',#559,#547,#4787,.F.);
#4785=EDGE_CURVE('',#547,#349,#4788,.T.);
#4786=EDGE_CURVE('',#349,#559,#4789,.T.);
#4787=LINE('',#558,#4790);
#4788=LINE('',#546,#4791);
#4789=LINE('',#348,#4792);
#4790=VECTOR('',#4793,1.0);
#4791=VECTOR('',#4794,1.0);
#4792=VECTOR('',#4795,1.0);
#4793=DIRECTION('',(0,0,1));
#4794=DIRECTION('',(0.09901475429766798,-0.09901475429766729,-0.9901475429766744));
#4795=DIRECTION('',(-0.7071067811865499,0.707106781186545,0));
#4796=STYLED_ITEM('',(#25),#4797);
#4797=FACE_SURFACE('',(#4802),#4798,.T.);
#4798=PLANE('',#4799);
#4799=AXIS2_PLACEMENT_3D('',#414,#4800,#4801);
#4800=DIRECTION('',(0,0.7071067811865472,-0.7071067811865478));
#4801=DIRECTION('',(-0.577350269189626,-0.577350269189626,-0.5773502691896254));
#4802=FACE_BOUND('',#4803,.T.);
#4803=EDGE_LOOP('',(#4804,#4805,#4806));
#4804=ORIENTED_EDGE('',*,*,#4807,.T.);
#4805=ORIENTED_EDGE('',*,*,#4808,.T.);
#4806=ORIENTED_EDGE('',*,*,#4809,.T.);
#4807=EDGE_CURVE('',#415,#413,#4810,.F.);
#4808=EDGE_CURVE('',#413,#355,#4811,.T.);
#4809=EDGE_CURVE('',#355,#415,#4812,.T.);
#4810=LINE('',#414,#4813);
#4811=LINE('',#412,#4814);
#4812=LINE('',#354,#4815);
#4813=VECTOR('',#4816,1.0);
#4814=VECTOR('',#4817,1.0);
#4815=VECTOR('',#4818,1.0);
#4816=DIRECTION('',(-0.577350269189626,-0.577350269189626,-0.5773502691896254));
#4817=DIRECTION('',(-1,0,0));
#4818=DIRECTION('',(0.9045340337332909,0.30151134457776363,0.30151134457776335));
#4819=STYLED_ITEM('',(#25),#4820);
#4820=FACE_SURFACE('',(#4825),#4821,.T.);
#4821=PLANE('',#4822);
#4822=AXIS2_PLACEMENT_3D('',#414,#4823,#4824);
#4823=DIRECTION('',(0,0.7071067811865471,-0.7071067811865478));
#4824=DIRECTION('',(-0.9045340337332909,-0.30151134457776363,-0.30151134457776335));
#4825=FACE_BOUND('',#4826,.T.);
#4826=EDGE_LOOP('',(#4827,#4828,#4829));
#4827=ORIENTED_EDGE('',*,*,#4830,.T.);
#4828=ORIENTED_EDGE('',*,*,#4831,.T.);
#4829=ORIENTED_EDGE('',*,*,#4832,.T.);
#4830=EDGE_CURVE('',#415,#355,#4833,.F.);
#4831=EDGE_CURVE('',#355,#359,#4834,.T.);
#4832=EDGE_CURVE('',#359,#415,#4835,.T.);
#4833=LINE('',#414,#4836);
#4834=LINE('',#354,#4837);
#4835=LINE('',#358,#4838);
#4836=VECTOR('',#4839,1.0);
#4837=VECTOR('',#4840,1.0);
#4838=VECTOR('',#4841,1.0);
#4839=DIRECTION('',(-0.9045340337332909,-0.30151134457776363,-0.30151134457776335));
#4840=DIRECTION('',(-0.577350269189626,0.577350269189626,0.5773502691896254));
#4841=DIRECTION('',(1,0,0));
#4842=STYLED_ITEM('',(#25),#4843);
#4843=FACE_SURFACE('',(#4848),#4844,.T.);
#4844=PLANE('',#4845);
#4845=AXIS2_PLACEMENT_3D('',#362,#4846,#4847);
#4846=DIRECTION('',(0.7071067811865462,-0.7071067811865487,0));
#4847=DIRECTION('',(0.09901475429766798,0.09901475429766764,-0.9901475429766744));
#4848=FACE_BOUND('',#4849,.T.);
#4849=EDGE_LOOP('',(#4850,#4851,#4852));
#4850=ORIENTED_EDGE('',*,*,#4853,.T.);
#4851=ORIENTED_EDGE('',*,*,#4854,.T.);
#4852=ORIENTED_EDGE('',*,*,#4855,.T.);
#4853=EDGE_CURVE('',#363,#405,#4856,.F.);
#4854=EDGE_CURVE('',#405,#477,#4857,.T.);
#4855=EDGE_CURVE('',#477,#363,#4858,.T.);
#4856=LINE('',#362,#4859);
#4857=LINE('',#404,#4860);
#4858=LINE('',#476,#4861);
#4859=VECTOR('',#4862,1.0);
#4860=VECTOR('',#4863,1.0);
#4861=VECTOR('',#4864,1.0);
#4862=DIRECTION('',(0.09901475429766798,0.09901475429766764,-0.9901475429766744));
#4863=DIRECTION('',(0,0,1));
#4864=DIRECTION('',(-0.7071067811865487,-0.7071067811865462,0));
#4865=STYLED_ITEM('',(#25),#4866);
#4866=FACE_SURFACE('',(#4871),#4867,.T.);
#4867=PLANE('',#4868);
#4868=AXIS2_PLACEMENT_3D('',#442,#4869,#4870);
#4869=DIRECTION('',(0,0,1));
#4870=DIRECTION('',(0.806674866914656,0.5909954814448433,0));
#4871=FACE_BOUND('',#4872,.T.);
#4872=EDGE_LOOP('',(#4873,#4874,#4875));
#4873=ORIENTED_EDGE('',*,*,#4876,.T.);
#4874=ORIENTED_EDGE('',*,*,#4877,.T.);
#4875=ORIENTED_EDGE('',*,*,#4878,.T.);
#4876=EDGE_CURVE('',#443,#497,#4879,.F.);
#4877=EDGE_CURVE('',#497,#469,#4880,.T.);
#4878=EDGE_CURVE('',#469,#443,#4881,.T.);
#4879=LINE('',#442,#4882);
#4880=LINE('',#496,#4883);
#4881=LINE('',#468,#4884);
#4882=VECTOR('',#4885,1.0);
#4883=VECTOR('',#4886,1.0);
#4884=VECTOR('',#4887,1.0);
#4885=DIRECTION('',(0.806674866914656,0.5909954814448433,0));
#4886=DIRECTION('',(-0.5795057801353781,0.8149681286956484,0));
#4887=DIRECTION('',(0,-1,0));
#4888=STYLED_ITEM('',(#25),#4889);
#4889=FACE_SURFACE('',(#4894),#4890,.T.);
#4890=PLANE('',#4891);
#4891=AXIS2_PLACEMENT_3D('',#560,#4892,#4893);
#4892=DIRECTION('',(0,0,1));
#4893=DIRECTION('',(-0.707106781186545,-0.70710678118655,0));
#4894=FACE_BOUND('',#4895,.T.);
#4895=EDGE_LOOP('',(#4896,#4897,#4898));
#4896=ORIENTED_EDGE('',*,*,#4899,.T.);
#4897=ORIENTED_EDGE('',*,*,#4900,.T.);
#4898=ORIENTED_EDGE('',*,*,#4901,.T.);
#4899=EDGE_CURVE('',#561,#469,#4902,.F.);
#4900=EDGE_CURVE('',#469,#517,#4903,.T.);
#4901=EDGE_CURVE('',#517,#561,#4904,.T.);
#4902=LINE('',#560,#4905);
#4903=LINE('',#468,#4906);
#4904=LINE('',#516,#4907);
#4905=VECTOR('',#4908,1.0);
#4906=VECTOR('',#4909,1.0);
#4907=VECTOR('',#4910,1.0);
#4908=DIRECTION('',(-0.707106781186545,-0.70710678118655,0));
#4909=DIRECTION('',(0.806674866914656,-0.5909954814448433,0));
#4910=DIRECTION('',(-0.5909954814448438,0.8066748669146556,0));
#4911=STYLED_ITEM('',(#25),#4912);
#4912=FACE_SURFACE('',(#4917),#4913,.T.);
#4913=PLANE('',#4914);
#4914=AXIS2_PLACEMENT_3D('',#472,#4915,#4916);
#4915=DIRECTION('',(0,0,1));
#4916=DIRECTION('',(-1,0,0));
#4917=FACE_BOUND('',#4918,.T.);
#4918=EDGE_LOOP('',(#4919,#4920,#4921));
#4919=ORIENTED_EDGE('',*,*,#4922,.T.);
#4920=ORIENTED_EDGE('',*,*,#4923,.T.);
#4921=ORIENTED_EDGE('',*,*,#4924,.T.);
#4922=EDGE_CURVE('',#473,#563,#4925,.F.);
#4923=EDGE_CURVE('',#563,#517,#4926,.T.);
#4924=EDGE_CURVE('',#517,#473,#4927,.T.);
#4925=LINE('',#472,#4928);
#4926=LINE('',#562,#4929);
#4927=LINE('',#516,#4930);
#4928=VECTOR('',#4931,1.0);
#4929=VECTOR('',#4932,1.0);
#4930=VECTOR('',#4933,1.0);
#4931=DIRECTION('',(-1,0,0));
#4932=DIRECTION('',(0,-1,0));
#4933=DIRECTION('',(0.3192188694853208,0.9476810187845452,0));
#4934=STYLED_ITEM('',(#25),#4935);
#4935=FACE_SURFACE('',(#4940),#4936,.T.);
#4936=PLANE('',#4937);
#4937=AXIS2_PLACEMENT_3D('',#502,#4938,#4939);
#4938=DIRECTION('',(0,0,-1));
#4939=DIRECTION('',(0.8066748669146562,-0.590995481444843,0));
#4940=FACE_BOUND('',#4941,.T.);
#4941=EDGE_LOOP('',(#4942,#4943,#4944));
#4942=ORIENTED_EDGE('',*,*,#4945,.T.);
#4943=ORIENTED_EDGE('',*,*,#4946,.T.);
#4944=ORIENTED_EDGE('',*,*,#4947,.T.);
#4945=EDGE_CURVE('',#503,#379,#4948,.F.);
#4946=EDGE_CURVE('',#379,#531,#4949,.T.);
#4947=EDGE_CURVE('',#531,#503,#4950,.T.);
#4948=LINE('',#502,#4951);
#4949=LINE('',#378,#4952);
#4950=LINE('',#530,#4953);
#4951=VECTOR('',#4954,1.0);
#4952=VECTOR('',#4955,1.0);
#4953=VECTOR('',#4956,1.0);
#4954=DIRECTION('',(0.8066748669146562,-0.590995481444843,0));
#4955=DIRECTION('',(-0.5795057801353781,-0.8149681286956484,0));
#4956=DIRECTION('',(0,1,0));
#4957=STYLED_ITEM('',(#25),#4958);
#4958=FACE_SURFACE('',(#4963),#4959,.T.);
#4959=PLANE('',#4960);
#4960=AXIS2_PLACEMENT_3D('',#402,#4961,#4962);
#4961=DIRECTION('',(-0,0,-1));
#4962=DIRECTION('',(-0.8149681286956485,-0.579505780135378,0));
#4963=FACE_BOUND('',#4964,.T.);
#4964=EDGE_LOOP('',(#4965,#4966,#4967));
#4965=ORIENTED_EDGE('',*,*,#4968,.T.);
#4966=ORIENTED_EDGE('',*,*,#4969,.T.);
#4967=ORIENTED_EDGE('',*,*,#4970,.T.);
#4968=EDGE_CURVE('',#403,#505,#4971,.F.);
#4969=EDGE_CURVE('',#505,#381,#4972,.T.);
#4970=EDGE_CURVE('',#381,#403,#4973,.T.);
#4971=LINE('',#402,#4974);
#4972=LINE('',#504,#4975);
#4973=LINE('',#380,#4976);
#4974=VECTOR('',#4977,1.0);
#4975=VECTOR('',#4978,1.0);
#4976=VECTOR('',#4979,1.0);
#4977=DIRECTION('',(-0.8149681286956485,-0.579505780135378,0));
#4978=DIRECTION('',(0.5909954814448436,0.8066748669146556,0));
#4979=DIRECTION('',(1,0,0));
#4980=STYLED_ITEM('',(#25),#4981);
#4981=FACE_SURFACE('',(#4986),#4982,.T.);
#4982=PLANE('',#4983);
#4983=AXIS2_PLACEMENT_3D('',#404,#4984,#4985);
#4984=DIRECTION('',(-0,0,-1));
#4985=DIRECTION('',(-0.7071067811865487,-0.7071067811865462,0));
#4986=FACE_BOUND('',#4987,.T.);
#4987=EDGE_LOOP('',(#4988,#4989,#4990));
#4988=ORIENTED_EDGE('',*,*,#4991,.T.);
#4989=ORIENTED_EDGE('',*,*,#4992,.T.);
#4990=ORIENTED_EDGE('',*,*,#4993,.T.);
#4991=EDGE_CURVE('',#405,#507,#4994,.F.);
#4992=EDGE_CURVE('',#507,#403,#4995,.T.);
#4993=EDGE_CURVE('',#403,#405,#4996,.T.);
#4994=LINE('',#404,#4997);
#4995=LINE('',#506,#4998);
#4996=LINE('',#402,#4999);
#4997=VECTOR('',#5000,1.0);
#4998=VECTOR('',#5001,1.0);
#4999=VECTOR('',#5002,1.0);
#5000=DIRECTION('',(-0.7071067811865487,-0.7071067811865462,0));
#5001=DIRECTION('',(-0.5909954814448417,0.8066748669146572,0));
#5002=DIRECTION('',(0.8066748669146562,-0.590995481444843,0));
#5003=STYLED_ITEM('',(#25),#5004);
#5004=FACE_SURFACE('',(#5009),#5005,.T.);
#5005=PLANE('',#5006);
#5006=AXIS2_PLACEMENT_3D('',#504,#5007,#5008);
#5007=DIRECTION('',(0,0,-1));
#5008=DIRECTION('',(-0.7071067811865439,0.7071067811865512,0));
#5009=FACE_BOUND('',#5010,.T.);
#5010=EDGE_LOOP('',(#5011,#5012,#5013));
#5011=ORIENTED_EDGE('',*,*,#5014,.T.);
#5012=ORIENTED_EDGE('',*,*,#5015,.T.);
#5013=ORIENTED_EDGE('',*,*,#5016,.T.);
#5014=EDGE_CURVE('',#505,#531,#5017,.F.);
#5015=EDGE_CURVE('',#531,#381,#5018,.T.);
#5016=EDGE_CURVE('',#381,#505,#5019,.T.);
#5017=LINE('',#504,#5020);
#5018=LINE('',#530,#5021);
#5019=LINE('',#380,#5022);
#5020=VECTOR('',#5023,1.0);
#5021=VECTOR('',#5024,1.0);
#5022=VECTOR('',#5025,1.0);
#5023=DIRECTION('',(-0.7071067811865439,0.7071067811865512,0));
#5024=DIRECTION('',(0.8066748669146562,0.590995481444843,0));
#5025=DIRECTION('',(-0.5909954814448436,-0.8066748669146556,0));
#5026=STYLED_ITEM('',(#25),#5027);
#5027=FACE_SURFACE('',(#5032),#5028,.T.);
#5028=PLANE('',#5029);
#5029=AXIS2_PLACEMENT_3D('',#560,#5030,#5031);
#5030=DIRECTION('',(-0.7071067811865512,-0.7071067811865438,-0));
#5031=DIRECTION('',(-0.7071067811865439,0.7071067811865512,0));
#5032=FACE_BOUND('',#5033,.T.);
#5033=EDGE_LOOP('',(#5034,#5035,#5036));
#5034=ORIENTED_EDGE('',*,*,#5037,.T.);
#5035=ORIENTED_EDGE('',*,*,#5038,.T.);
#5036=ORIENTED_EDGE('',*,*,#5039,.T.);
#5037=EDGE_CURVE('',#561,#519,#5040,.F.);
#5038=EDGE_CURVE('',#519,#527,#5041,.T.);
#5039=EDGE_CURVE('',#527,#561,#5042,.T.);
#5040=LINE('',#560,#5043);
#5041=LINE('',#518,#5044);
#5042=LINE('',#526,#5045);
#5043=VECTOR('',#5046,1.0);
#5044=VECTOR('',#5047,1.0);
#5045=VECTOR('',#5048,1.0);
#5046=DIRECTION('',(-0.7071067811865439,0.7071067811865512,0));
#5047=DIRECTION('',(0.09901475429766661,-0.09901475429766764,-0.9901475429766744));
#5048=DIRECTION('',(0,0,1));
#5049=STYLED_ITEM('',(#25),#5050);
#5050=FACE_SURFACE('',(#5055),#5051,.T.);
#5051=PLANE('',#5052);
#5052=AXIS2_PLACEMENT_3D('',#482,#5053,#5054);
#5053=DIRECTION('',(0,0.7071067811865437,0.7071067811865515));
#5054=DIRECTION('',(0.5773502691896278,0.5773502691896278,-0.5773502691896215));
#5055=FACE_BOUND('',#5056,.T.);
#5056=EDGE_LOOP('',(#5057,#5058,#5059));
#5057=ORIENTED_EDGE('',*,*,#5060,.T.);
#5058=ORIENTED_EDGE('',*,*,#5061,.T.);
#5059=ORIENTED_EDGE('',*,*,#5062,.T.);
#5060=EDGE_CURVE('',#483,#557,#5063,.F.);
#5061=EDGE_CURVE('',#557,#555,#5064,.T.);
#5062=EDGE_CURVE('',#555,#483,#5065,.T.);
#5063=LINE('',#482,#5066);
#5064=LINE('',#556,#5067);
#5065=LINE('',#554,#5068);
#5066=VECTOR('',#5069,1.0);
#5067=VECTOR('',#5070,1.0);
#5068=VECTOR('',#5071,1.0);
#5069=DIRECTION('',(0.5773502691896278,0.5773502691896278,-0.5773502691896215));
#5070=DIRECTION('',(-1,0,0));
#5071=DIRECTION('',(0.9045340337332919,-0.30151134457776396,0.30151134457776063));
#5072=STYLED_ITEM('',(#25),#5073);
#5073=FACE_SURFACE('',(#5078),#5074,.T.);
#5074=PLANE('',#5075);
#5075=AXIS2_PLACEMENT_3D('',#482,#5076,#5077);
#5076=DIRECTION('',(0,0.7071067811865437,0.7071067811865515));
#5077=DIRECTION('',(-0.9045340337332919,0.30151134457776396,-0.30151134457776063));
#5078=FACE_BOUND('',#5079,.T.);
#5079=EDGE_LOOP('',(#5080,#5081,#5082));
#5080=ORIENTED_EDGE('',*,*,#5083,.T.);
#5081=ORIENTED_EDGE('',*,*,#5084,.T.);
#5082=ORIENTED_EDGE('',*,*,#5085,.T.);
#5083=EDGE_CURVE('',#483,#555,#5086,.F.);
#5084=EDGE_CURVE('',#555,#511,#5087,.T.);
#5085=EDGE_CURVE('',#511,#483,#5088,.T.);
#5086=LINE('',#482,#5089);
#5087=LINE('',#554,#5090);
#5088=LINE('',#510,#5091);
#5089=VECTOR('',#5092,1.0);
#5090=VECTOR('',#5093,1.0);
#5091=VECTOR('',#5094,1.0);
#5092=DIRECTION('',(-0.9045340337332919,0.30151134457776396,-0.30151134457776063));
#5093=DIRECTION('',(0.5773502691896278,-0.5773502691896278,0.5773502691896215));
#5094=DIRECTION('',(1,0,0));
#5095=STYLED_ITEM('',(#25),#5096);
#5096=FACE_SURFACE('',(#5101),#5097,.T.);
#5097=PLANE('',#5098);
#5098=AXIS2_PLACEMENT_3D('',#438,#5099,#5100);
#5099=DIRECTION('',(-0.70710678118655,0.7071067811865451,0));
#5100=DIRECTION('',(0,0,1));
#5101=FACE_BOUND('',#5102,.T.);
#5102=EDGE_LOOP('',(#5103,#5104,#5105));
#5103=ORIENTED_EDGE('',*,*,#5106,.T.);
#5104=ORIENTED_EDGE('',*,*,#5107,.T.);
#5105=ORIENTED_EDGE('',*,*,#5108,.T.);
#5106=EDGE_CURVE('',#439,#469,#5109,.F.);
#5107=EDGE_CURVE('',#469,#527,#5110,.T.);
#5108=EDGE_CURVE('',#527,#439,#5111,.T.);
#5109=LINE('',#438,#5112);
#5110=LINE('',#468,#5113);
#5111=LINE('',#526,#5114);
#5112=VECTOR('',#5115,1.0);
#5113=VECTOR('',#5116,1.0);
#5114=VECTOR('',#5117,1.0);
#5115=DIRECTION('',(0,0,1));
#5116=DIRECTION('',(0.09901475429766661,0.09901475429766729,-0.9901475429766744));
#5117=DIRECTION('',(-0.707106781186545,-0.70710678118655,0));
#5118=STYLED_ITEM('',(#25),#5119);
#5119=FACE_SURFACE('',(#5124),#5120,.T.);
#5120=PLANE('',#5121);
#5121=AXIS2_PLACEMENT_3D('',#560,#5122,#5123);
#5122=DIRECTION('',(-0.70710678118655,0.7071067811865451,0));
#5123=DIRECTION('',(0,0,-1));
#5124=FACE_BOUND('',#5125,.T.);
#5125=EDGE_LOOP('',(#5126,#5127,#5128));
#5126=ORIENTED_EDGE('',*,*,#5129,.T.);
#5127=ORIENTED_EDGE('',*,*,#5130,.T.);
#5128=ORIENTED_EDGE('',*,*,#5131,.T.);
#5129=EDGE_CURVE('',#561,#527,#5132,.F.);
#5130=EDGE_CURVE('',#527,#469,#5133,.T.);
#5131=EDGE_CURVE('',#469,#561,#5134,.T.);
#5132=LINE('',#560,#5135);
#5133=LINE('',#526,#5136);
#5134=LINE('',#468,#5137);
#5135=VECTOR('',#5138,1.0);
#5136=VECTOR('',#5139,1.0);
#5137=VECTOR('',#5140,1.0);
#5138=DIRECTION('',(0,0,-1));
#5139=DIRECTION('',(-0.09901475429766661,-0.09901475429766729,0.9901475429766744));
#5140=DIRECTION('',(0.707106781186545,0.70710678118655,0));
#5141=STYLED_ITEM('',(#25),#5142);
#5142=FACE_SURFACE('',(#5147),#5143,.T.);
#5143=PLANE('',#5144);
#5144=AXIS2_PLACEMENT_3D('',#384,#5145,#5146);
#5145=DIRECTION('',(0,-1,0));
#5146=DIRECTION('',(0,0,1));
#5147=FACE_BOUND('',#5148,.T.);
#5148=EDGE_LOOP('',(#5149,#5150,#5151));
#5149=ORIENTED_EDGE('',*,*,#5152,.T.);
#5150=ORIENTED_EDGE('',*,*,#5153,.T.);
#5151=ORIENTED_EDGE('',*,*,#5154,.T.);
#5152=EDGE_CURVE('',#385,#403,#5155,.F.);
#5153=EDGE_CURVE('',#403,#381,#5156,.T.);
#5154=EDGE_CURVE('',#381,#385,#5157,.T.);
#5155=LINE('',#384,#5158);
#5156=LINE('',#402,#5159);
#5157=LINE('',#380,#5160);
#5158=VECTOR('',#5161,1.0);
#5159=VECTOR('',#5162,1.0);
#5160=VECTOR('',#5163,1.0);
#5161=DIRECTION('',(0,0,1));
#5162=DIRECTION('',(-1,0,0));
#5163=DIRECTION('',(0.10893684089886697,0,-0.9940486732021603));
#5164=STYLED_ITEM('',(#25),#5165);
#5165=FACE_SURFACE('',(#5170),#5166,.T.);
#5166=PLANE('',#5167);
#5167=AXIS2_PLACEMENT_3D('',#562,#5168,#5169);
#5168=DIRECTION('',(0,-1,0));
#5169=DIRECTION('',(1,0,0));
#5170=FACE_BOUND('',#5171,.T.);
#5171=EDGE_LOOP('',(#5172,#5173,#5174));
#5172=ORIENTED_EDGE('',*,*,#5175,.T.);
#5173=ORIENTED_EDGE('',*,*,#5176,.T.);
#5174=ORIENTED_EDGE('',*,*,#5177,.T.);
#5175=EDGE_CURVE('',#563,#473,#5178,.F.);
#5176=EDGE_CURVE('',#473,#471,#5179,.T.);
#5177=EDGE_CURVE('',#471,#563,#5180,.T.);
#5178=LINE('',#562,#5181);
#5179=LINE('',#472,#5182);
#5180=LINE('',#470,#5183);
#5181=VECTOR('',#5184,1.0);
#5182=VECTOR('',#5185,1.0);
#5183=VECTOR('',#5186,1.0);
#5184=DIRECTION('',(1,0,0));
#5185=DIRECTION('',(-0.21983912974654354,0,0.9755361382502866));
#5186=DIRECTION('',(0,0,-1));
#5187=STYLED_ITEM('',(#25),#5188);
#5188=FACE_SURFACE('',(#5193),#5189,.T.);
#5189=PLANE('',#5190);
#5190=AXIS2_PLACEMENT_3D('',#488,#5191,#5192);
#5191=DIRECTION('',(0,0,-1));
#5192=DIRECTION('',(0.8066748669146562,0.590995481444843,0));
#5193=FACE_BOUND('',#5194,.T.);
#5194=EDGE_LOOP('',(#5195,#5196,#5197));
#5195=ORIENTED_EDGE('',*,*,#5198,.T.);
#5196=ORIENTED_EDGE('',*,*,#5199,.T.);
#5197=ORIENTED_EDGE('',*,*,#5200,.T.);
#5198=EDGE_CURVE('',#489,#369,#5201,.F.);
#5199=EDGE_CURVE('',#369,#527,#5202,.T.);
#5200=EDGE_CURVE('',#527,#489,#5203,.T.);
#5201=LINE('',#488,#5204);
#5202=LINE('',#368,#5205);
#5203=LINE('',#526,#5206);
#5204=VECTOR('',#5207,1.0);
#5205=VECTOR('',#5208,1.0);
#5206=VECTOR('',#5209,1.0);
#5207=DIRECTION('',(0.8066748669146562,0.590995481444843,0));
#5208=DIRECTION('',(-0.5909954814448436,-0.8066748669146556,0));
#5209=DIRECTION('',(-0.7071067811865439,0.7071067811865512,0));
#5210=STYLED_ITEM('',(#25),#5211);
#5211=FACE_SURFACE('',(#5216),#5212,.T.);
#5212=PLANE('',#5213);
#5213=AXIS2_PLACEMENT_3D('',#408,#5214,#5215);
#5214=DIRECTION('',(-0,0,-1));
#5215=DIRECTION('',(-0.3192188694853208,-0.9476810187845452,0));
#5216=FACE_BOUND('',#5217,.T.);
#5217=EDGE_LOOP('',(#5218,#5219,#5220));
#5218=ORIENTED_EDGE('',*,*,#5221,.T.);
#5219=ORIENTED_EDGE('',*,*,#5222,.T.);
#5220=ORIENTED_EDGE('',*,*,#5223,.T.);
#5221=EDGE_CURVE('',#409,#453,#5224,.F.);
#5222=EDGE_CURVE('',#453,#369,#5225,.T.);
#5223=EDGE_CURVE('',#369,#409,#5226,.T.);
#5224=LINE('',#408,#5227);
#5225=LINE('',#452,#5228);
#5226=LINE('',#368,#5229);
#5227=VECTOR('',#5230,1.0);
#5228=VECTOR('',#5231,1.0);
#5229=VECTOR('',#5232,1.0);
#5230=DIRECTION('',(-0.3192188694853208,-0.9476810187845452,0));
#5231=DIRECTION('',(0,1,0));
#5232=DIRECTION('',(1,0,0));
#5233=STYLED_ITEM('',(#25),#5234);
#5234=FACE_SURFACE('',(#5239),#5235,.T.);
#5235=PLANE('',#5236);
#5236=AXIS2_PLACEMENT_3D('',#552,#5237,#5238);
#5237=DIRECTION('',(0,1,0));
#5238=DIRECTION('',(-1,0,0));
#5239=FACE_BOUND('',#5240,.T.);
#5240=EDGE_LOOP('',(#5241,#5242,#5243));
#5241=ORIENTED_EDGE('',*,*,#5244,.T.);
#5242=ORIENTED_EDGE('',*,*,#5245,.T.);
#5243=ORIENTED_EDGE('',*,*,#5246,.T.);
#5244=EDGE_CURVE('',#553,#551,#5247,.F.);
#5245=EDGE_CURVE('',#551,#555,#5248,.T.);
#5246=EDGE_CURVE('',#555,#553,#5249,.T.);
#5247=LINE('',#552,#5250);
#5248=LINE('',#550,#5251);
#5249=LINE('',#554,#5252);
#5250=VECTOR('',#5253,1.0);
#5251=VECTOR('',#5254,1.0);
#5252=VECTOR('',#5255,1.0);
#5253=DIRECTION('',(-1,0,0));
#5254=DIRECTION('',(0,0,1));
#5255=DIRECTION('',(0.21983912974654354,0,-0.9755361382502866));
#5256=STYLED_ITEM('',(#25),#5257);
#5257=FACE_SURFACE('',(#5262),#5258,.T.);
#5258=PLANE('',#5259);
#5259=AXIS2_PLACEMENT_3D('',#482,#5260,#5261);
#5260=DIRECTION('',(0.7071067811865436,0,0.7071067811865515));
#5261=DIRECTION('',(0.3015113445777644,-0.9045340337332916,-0.3015113445777611));
#5262=FACE_BOUND('',#5263,.T.);
#5263=EDGE_LOOP('',(#5264,#5265,#5266));
#5264=ORIENTED_EDGE('',*,*,#5267,.T.);
#5265=ORIENTED_EDGE('',*,*,#5268,.T.);
#5266=ORIENTED_EDGE('',*,*,#5269,.T.);
#5267=EDGE_CURVE('',#483,#475,#5270,.F.);
#5268=EDGE_CURVE('',#475,#557,#5271,.T.);
#5269=EDGE_CURVE('',#557,#483,#5272,.T.);
#5270=LINE('',#482,#5273);
#5271=LINE('',#474,#5274);
#5272=LINE('',#556,#5275);
#5273=VECTOR('',#5276,1.0);
#5274=VECTOR('',#5277,1.0);
#5275=VECTOR('',#5278,1.0);
#5276=DIRECTION('',(0.3015113445777644,-0.9045340337332916,-0.3015113445777611));
#5277=DIRECTION('',(0,1,0));
#5278=DIRECTION('',(-0.5773502691896278,-0.5773502691896278,0.5773502691896215));
#5279=STYLED_ITEM('',(#25),#5280);
#5280=FACE_SURFACE('',(#5285),#5281,.T.);
#5281=PLANE('',#5282);
#5282=AXIS2_PLACEMENT_3D('',#562,#5283,#5284);
#5283=DIRECTION('',(0,0,1));
#5284=DIRECTION('',(-0.5795057801353781,0.8149681286956484,0));
#5285=FACE_BOUND('',#5286,.T.);
#5286=EDGE_LOOP('',(#5287,#5288,#5289));
#5287=ORIENTED_EDGE('',*,*,#5290,.T.);
#5288=ORIENTED_EDGE('',*,*,#5291,.T.);
#5289=ORIENTED_EDGE('',*,*,#5292,.T.);
#5290=EDGE_CURVE('',#563,#491,#5293,.F.);
#5291=EDGE_CURVE('',#491,#519,#5294,.T.);
#5292=EDGE_CURVE('',#519,#563,#5295,.T.);
#5293=LINE('',#562,#5296);
#5294=LINE('',#490,#5297);
#5295=LINE('',#518,#5298);
#5296=VECTOR('',#5299,1.0);
#5297=VECTOR('',#5300,1.0);
#5298=VECTOR('',#5301,1.0);
#5299=DIRECTION('',(-0.5795057801353781,0.8149681286956484,0));
#5300=DIRECTION('',(0,-1,0));
#5301=DIRECTION('',(0.8066748669146562,0.590995481444843,0));
#5302=STYLED_ITEM('',(#25),#5303);
#5303=FACE_SURFACE('',(#5308),#5304,.T.);
#5304=PLANE('',#5305);
#5305=AXIS2_PLACEMENT_3D('',#376,#5306,#5307);
#5306=DIRECTION('',(-0,0,-1));
#5307=DIRECTION('',(-0.8149681286956479,-0.5795057801353787,0));
#5308=FACE_BOUND('',#5309,.T.);
#5309=EDGE_LOOP('',(#5310,#5311,#5312));
#5310=ORIENTED_EDGE('',*,*,#5313,.T.);
#5311=ORIENTED_EDGE('',*,*,#5314,.T.);
#5312=ORIENTED_EDGE('',*,*,#5315,.T.);
#5313=EDGE_CURVE('',#377,#379,#5316,.F.);
#5314=EDGE_CURVE('',#379,#539,#5317,.T.);
#5315=EDGE_CURVE('',#539,#377,#5318,.T.);
#5316=LINE('',#376,#5319);
#5317=LINE('',#378,#5320);
#5318=LINE('',#538,#5321);
#5319=VECTOR('',#5322,1.0);
#5320=VECTOR('',#5323,1.0);
#5321=VECTOR('',#5324,1.0);
#5322=DIRECTION('',(-0.8149681286956479,-0.5795057801353787,0));
#5323=DIRECTION('',(-0.5909954814448439,0.8066748669146554,0));
#5324=DIRECTION('',(1,0,0));
#5325=STYLED_ITEM('',(#25),#5326);
#5326=FACE_SURFACE('',(#5331),#5327,.T.);
#5327=PLANE('',#5328);
#5328=AXIS2_PLACEMENT_3D('',#502,#5329,#5330);
#5329=DIRECTION('',(0,0,-1));
#5330=DIRECTION('',(0.707106781186545,0.70710678118655,0));
#5331=FACE_BOUND('',#5332,.T.);
#5332=EDGE_LOOP('',(#5333,#5334,#5335));
#5333=ORIENTED_EDGE('',*,*,#5336,.T.);
#5334=ORIENTED_EDGE('',*,*,#5337,.T.);
#5335=ORIENTED_EDGE('',*,*,#5338,.T.);
#5336=EDGE_CURVE('',#503,#539,#5339,.F.);
#5337=EDGE_CURVE('',#539,#379,#5340,.T.);
#5338=EDGE_CURVE('',#379,#503,#5341,.T.);
#5339=LINE('',#502,#5342);
#5340=LINE('',#538,#5343);
#5341=LINE('',#378,#5344);
#5342=VECTOR('',#5345,1.0);
#5343=VECTOR('',#5346,1.0);
#5344=VECTOR('',#5347,1.0);
#5345=DIRECTION('',(0.707106781186545,0.70710678118655,0));
#5346=DIRECTION('',(0.5909954814448439,-0.8066748669146554,0));
#5347=DIRECTION('',(-0.8066748669146562,0.590995481444843,0));
#5348=STYLED_ITEM('',(#25),#5349);
#5349=FACE_SURFACE('',(#5354),#5350,.T.);
#5350=PLANE('',#5351);
#5351=AXIS2_PLACEMENT_3D('',#380,#5352,#5353);
#5352=DIRECTION('',(-0,0,-1));
#5353=DIRECTION('',(-0.8066748669146562,-0.590995481444843,0));
#5354=FACE_BOUND('',#5355,.T.);
#5355=EDGE_LOOP('',(#5356,#5357,#5358));
#5356=ORIENTED_EDGE('',*,*,#5359,.T.);
#5357=ORIENTED_EDGE('',*,*,#5360,.T.);
#5358=ORIENTED_EDGE('',*,*,#5361,.T.);
#5359=EDGE_CURVE('',#381,#531,#5362,.F.);
#5360=EDGE_CURVE('',#531,#379,#5363,.T.);
#5361=EDGE_CURVE('',#379,#381,#5364,.T.);
#5362=LINE('',#380,#5365);
#5363=LINE('',#530,#5366);
#5364=LINE('',#378,#5367);
#5365=VECTOR('',#5368,1.0);
#5366=VECTOR('',#5369,1.0);
#5367=VECTOR('',#5370,1.0);
#5368=DIRECTION('',(-0.8066748669146562,-0.590995481444843,0));
#5369=DIRECTION('',(0.5795057801353781,0.8149681286956484,0));
#5370=DIRECTION('',(0,-1,0));
#5371=STYLED_ITEM('',(#25),#5372);
#5372=FACE_SURFACE('',(#5377),#5373,.T.);
#5373=PLANE('',#5374);
#5374=AXIS2_PLACEMENT_3D('',#420,#5375,#5376);
#5375=DIRECTION('',(0,0,1));
#5376=DIRECTION('',(-0.8066748669146558,-0.5909954814448436,0));
#5377=FACE_BOUND('',#5378,.T.);
#5378=EDGE_LOOP('',(#5379,#5380,#5381));
#5379=ORIENTED_EDGE('',*,*,#5382,.T.);
#5380=ORIENTED_EDGE('',*,*,#5383,.T.);
#5381=ORIENTED_EDGE('',*,*,#5384,.T.);
#5382=EDGE_CURVE('',#421,#553,#5385,.F.);
#5383=EDGE_CURVE('',#553,#473,#5386,.T.);
#5384=EDGE_CURVE('',#473,#421,#5387,.T.);
#5385=LINE('',#420,#5388);
#5386=LINE('',#552,#5389);
#5387=LINE('',#472,#5390);
#5388=VECTOR('',#5391,1.0);
#5389=VECTOR('',#5392,1.0);
#5390=VECTOR('',#5393,1.0);
#5391=DIRECTION('',(-0.8066748669146558,-0.5909954814448436,0));
#5392=DIRECTION('',(0,-1,0));
#5393=DIRECTION('',(0.5795057801353781,0.8149681286956484,0));
#5394=STYLED_ITEM('',(#25),#5395);
#5395=FACE_SURFACE('',(#5400),#5396,.T.);
#5396=PLANE('',#5397);
#5397=AXIS2_PLACEMENT_3D('',#470,#5398,#5399);
#5398=DIRECTION('',(-0.7071067811865436,0,0.7071067811865515));
#5399=DIRECTION('',(0.3015113445777644,0.9045340337332916,0.3015113445777611));
#5400=FACE_BOUND('',#5401,.T.);
#5401=EDGE_LOOP('',(#5402,#5403,#5404));
#5402=ORIENTED_EDGE('',*,*,#5405,.T.);
#5403=ORIENTED_EDGE('',*,*,#5406,.T.);
#5404=ORIENTED_EDGE('',*,*,#5407,.T.);
#5405=EDGE_CURVE('',#471,#511,#5408,.F.);
#5406=EDGE_CURVE('',#511,#555,#5409,.T.);
#5407=EDGE_CURVE('',#555,#471,#5410,.T.);
#5408=LINE('',#470,#5411);
#5409=LINE('',#510,#5412);
#5410=LINE('',#554,#5413);
#5411=VECTOR('',#5414,1.0);
#5412=VECTOR('',#5415,1.0);
#5413=VECTOR('',#5416,1.0);
#5414=DIRECTION('',(0.3015113445777644,0.9045340337332916,0.3015113445777611));
#5415=DIRECTION('',(-0.5773502691896278,0.5773502691896278,-0.5773502691896215));
#5416=DIRECTION('',(0,-1,0));
#5417=STYLED_ITEM('',(#25),#5418);
#5418=FACE_SURFACE('',(#5423),#5419,.T.);
#5419=PLANE('',#5420);
#5420=AXIS2_PLACEMENT_3D('',#418,#5421,#5422);
#5421=DIRECTION('',(-0,0,-1));
#5422=DIRECTION('',(-0.7071067811865487,-0.7071067811865462,0));
#5423=FACE_BOUND('',#5424,.T.);
#5424=EDGE_LOOP('',(#5425,#5426,#5427));
#5425=ORIENTED_EDGE('',*,*,#5428,.T.);
#5426=ORIENTED_EDGE('',*,*,#5429,.T.);
#5427=ORIENTED_EDGE('',*,*,#5430,.T.);
#5428=EDGE_CURVE('',#419,#559,#5431,.F.);
#5429=EDGE_CURVE('',#559,#409,#5432,.T.);
#5430=EDGE_CURVE('',#409,#419,#5433,.T.);
#5431=LINE('',#418,#5434);
#5432=LINE('',#558,#5435);
#5433=LINE('',#408,#5436);
#5434=VECTOR('',#5437,1.0);
#5435=VECTOR('',#5438,1.0);
#5436=VECTOR('',#5439,1.0);
#5437=DIRECTION('',(-0.7071067811865487,-0.7071067811865462,0));
#5438=DIRECTION('',(-0.5909954814448417,0.8066748669146572,0));
#5439=DIRECTION('',(0.8066748669146562,-0.590995481444843,0));
#5440=STYLED_ITEM('',(#25),#5441);
#5441=FACE_SURFACE('',(#5446),#5442,.T.);
#5442=PLANE('',#5443);
#5443=AXIS2_PLACEMENT_3D('',#558,#5444,#5445);
#5444=DIRECTION('',(-0,0,-1));
#5445=DIRECTION('',(-0.5909954814448418,-0.806674866914657,0));
#5446=FACE_BOUND('',#5447,.T.);
#5447=EDGE_LOOP('',(#5448,#5449,#5450));
#5448=ORIENTED_EDGE('',*,*,#5451,.T.);
#5449=ORIENTED_EDGE('',*,*,#5452,.T.);
#5450=ORIENTED_EDGE('',*,*,#5453,.T.);
#5451=EDGE_CURVE('',#559,#451,#5454,.F.);
#5452=EDGE_CURVE('',#451,#409,#5455,.T.);
#5453=EDGE_CURVE('',#409,#559,#5456,.T.);
#5454=LINE('',#558,#5457);
#5455=LINE('',#450,#5458);
#5456=LINE('',#408,#5459);
#5457=VECTOR('',#5460,1.0);
#5458=VECTOR('',#5461,1.0);
#5459=VECTOR('',#5462,1.0);
#5460=DIRECTION('',(-0.5909954814448418,-0.806674866914657,0));
#5461=DIRECTION('',(0,1,0));
#5462=DIRECTION('',(0.5909954814448417,-0.8066748669146572,0));
#5463=STYLED_ITEM('',(#25),#5464);
#5464=FACE_SURFACE('',(#5469),#5465,.T.);
#5465=PLANE('',#5466);
#5466=AXIS2_PLACEMENT_3D('',#392,#5467,#5468);
#5467=DIRECTION('',(-0.70710678118655,0.7071067811865451,0));
#5468=DIRECTION('',(0,0,-1));
#5469=FACE_BOUND('',#5470,.T.);
#5470=EDGE_LOOP('',(#5471,#5472,#5473));
#5471=ORIENTED_EDGE('',*,*,#5474,.T.);
#5472=ORIENTED_EDGE('',*,*,#5475,.T.);
#5473=ORIENTED_EDGE('',*,*,#5476,.T.);
#5474=EDGE_CURVE('',#393,#539,#5477,.F.);
#5475=EDGE_CURVE('',#539,#391,#5478,.T.);
#5476=EDGE_CURVE('',#391,#393,#5479,.T.);
#5477=LINE('',#392,#5480);
#5478=LINE('',#538,#5481);
#5479=LINE('',#390,#5482);
#5480=VECTOR('',#5483,1.0);
#5481=VECTOR('',#5484,1.0);
#5482=VECTOR('',#5485,1.0);
#5483=DIRECTION('',(0,0,-1));
#5484=DIRECTION('',(-0.09901475429766661,-0.09901475429766729,0.9901475429766744));
#5485=DIRECTION('',(0.707106781186545,0.70710678118655,0));
#5486=STYLED_ITEM('',(#25),#5487);
#5487=FACE_SURFACE('',(#5492),#5488,.T.);
#5488=PLANE('',#5489);
#5489=AXIS2_PLACEMENT_3D('',#502,#5490,#5491);
#5490=DIRECTION('',(-0.70710678118655,0.7071067811865451,0));
#5491=DIRECTION('',(0,0,1));
#5492=FACE_BOUND('',#5493,.T.);
#5493=EDGE_LOOP('',(#5494,#5495,#5496));
#5494=ORIENTED_EDGE('',*,*,#5497,.T.);
#5495=ORIENTED_EDGE('',*,*,#5498,.T.);
#5496=ORIENTED_EDGE('',*,*,#5499,.T.);
#5497=EDGE_CURVE('',#503,#391,#5500,.F.);
#5498=EDGE_CURVE('',#391,#539,#5501,.T.);
#5499=EDGE_CURVE('',#539,#503,#5502,.T.);
#5500=LINE('',#502,#5503);
#5501=LINE('',#390,#5504);
#5502=LINE('',#538,#5505);
#5503=VECTOR('',#5506,1.0);
#5504=VECTOR('',#5507,1.0);
#5505=VECTOR('',#5508,1.0);
#5506=DIRECTION('',(0,0,1));
#5507=DIRECTION('',(0.09901475429766661,0.09901475429766729,-0.9901475429766744));
#5508=DIRECTION('',(-0.707106781186545,-0.70710678118655,0));
#5509=STYLED_ITEM('',(#25),#5510);
#5510=FACE_SURFACE('',(#5515),#5511,.T.);
#5511=PLANE('',#5512);
#5512=AXIS2_PLACEMENT_3D('',#526,#5513,#5514);
#5513=DIRECTION('',(-0.7071067811865512,-0.7071067811865438,0));
#5514=DIRECTION('',(-0.09901475429766661,0.09901475429766764,0.9901475429766744));
#5515=FACE_BOUND('',#5516,.T.);
#5516=EDGE_LOOP('',(#5517,#5518,#5519));
#5517=ORIENTED_EDGE('',*,*,#5520,.T.);
#5518=ORIENTED_EDGE('',*,*,#5521,.T.);
#5519=ORIENTED_EDGE('',*,*,#5522,.T.);
#5520=EDGE_CURVE('',#527,#519,#5523,.F.);
#5521=EDGE_CURVE('',#519,#489,#5524,.T.);
#5522=EDGE_CURVE('',#489,#527,#5525,.T.);
#5523=LINE('',#526,#5526);
#5524=LINE('',#518,#5527);
#5525=LINE('',#488,#5528);
#5526=VECTOR('',#5529,1.0);
#5527=VECTOR('',#5530,1.0);
#5528=VECTOR('',#5531,1.0);
#5529=DIRECTION('',(-0.09901475429766661,0.09901475429766764,0.9901475429766744));
#5530=DIRECTION('',(0,0,-1));
#5531=DIRECTION('',(0.7071067811865439,-0.7071067811865512,0));
#5532=STYLED_ITEM('',(#25),#5533);
#5533=FACE_SURFACE('',(#5538),#5534,.T.);
#5534=PLANE('',#5535);
#5535=AXIS2_PLACEMENT_3D('',#552,#5536,#5537);
#5536=DIRECTION('',(1,0,-0));
#5537=DIRECTION('',(0,0,1));
#5538=FACE_BOUND('',#5539,.T.);
#5539=EDGE_LOOP('',(#5540,#5541,#5542));
#5540=ORIENTED_EDGE('',*,*,#5543,.T.);
#5541=ORIENTED_EDGE('',*,*,#5544,.T.);
#5542=ORIENTED_EDGE('',*,*,#5545,.T.);
#5543=EDGE_CURVE('',#553,#557,#5546,.F.);
#5544=EDGE_CURVE('',#557,#473,#5547,.T.);
#5545=EDGE_CURVE('',#473,#553,#5548,.T.);
#5546=LINE('',#552,#5549);
#5547=LINE('',#556,#5550);
#5548=LINE('',#472,#5551);
#5549=VECTOR('',#5552,1.0);
#5550=VECTOR('',#5553,1.0);
#5551=VECTOR('',#5554,1.0);
#5552=DIRECTION('',(0,0,1));
#5553=DIRECTION('',(0,-0.21983912974654327,-0.9755361382502867));
#5554=DIRECTION('',(0,1,0));
#5555=STYLED_ITEM('',(#25),#5556);
#5556=FACE_SURFACE('',(#5561),#5557,.T.);
#5557=PLANE('',#5558);
#5558=AXIS2_PLACEMENT_3D('',#550,#5559,#5560);
#5559=DIRECTION('',(0,0,1));
#5560=DIRECTION('',(-0.8066748669146558,0.5909954814448436,0));
#5561=FACE_BOUND('',#5562,.T.);
#5562=EDGE_LOOP('',(#5563,#5564,#5565));
#5563=ORIENTED_EDGE('',*,*,#5566,.T.);
#5564=ORIENTED_EDGE('',*,*,#5567,.T.);
#5565=ORIENTED_EDGE('',*,*,#5568,.T.);
#5566=EDGE_CURVE('',#551,#491,#5569,.F.);
#5567=EDGE_CURVE('',#491,#563,#5570,.T.);
#5568=EDGE_CURVE('',#563,#551,#5571,.T.);
#5569=LINE('',#550,#5572);
#5570=LINE('',#490,#5573);
#5571=LINE('',#562,#5574);
#5572=VECTOR('',#5575,1.0);
#5573=VECTOR('',#5576,1.0);
#5574=VECTOR('',#5577,1.0);
#5575=DIRECTION('',(-0.8066748669146558,0.5909954814448436,0));
#5576=DIRECTION('',(0.5795057801353781,-0.8149681286956484,0));
#5577=DIRECTION('',(0,1,0));
#5578=STYLED_ITEM('',(#25),#5579);
#5579=FACE_SURFACE('',(#5584),#5580,.T.);
#5580=PLANE('',#5581);
#5581=AXIS2_PLACEMENT_3D('',#470,#5582,#5583);
#5582=DIRECTION('',(-1,0,0));
#5583=DIRECTION('',(0,1,0));
#5584=FACE_BOUND('',#5585,.T.);
#5585=EDGE_LOOP('',(#5586,#5587,#5588));
#5586=ORIENTED_EDGE('',*,*,#5589,.T.);
#5587=ORIENTED_EDGE('',*,*,#5590,.T.);
#5588=ORIENTED_EDGE('',*,*,#5591,.T.);
#5589=EDGE_CURVE('',#471,#555,#5592,.F.);
#5590=EDGE_CURVE('',#555,#563,#5593,.T.);
#5591=EDGE_CURVE('',#563,#471,#5594,.T.);
#5592=LINE('',#470,#5595);
#5593=LINE('',#554,#5596);
#5594=LINE('',#562,#5597);
#5595=VECTOR('',#5598,1.0);
#5596=VECTOR('',#5599,1.0);
#5597=VECTOR('',#5600,1.0);
#5598=DIRECTION('',(0,1,0));
#5599=DIRECTION('',(0,-0.21983912974654327,-0.9755361382502867));
#5600=DIRECTION('',(0,0,1));
#5601=STYLED_ITEM('',(#25),#5602);
#5602=FACE_SURFACE('',(#5607),#5603,.T.);
#5603=PLANE('',#5604);
#5604=AXIS2_PLACEMENT_3D('',#550,#5605,#5606);
#5605=DIRECTION('',(-1,0,0));
#5606=DIRECTION('',(0,-1,0));
#5607=FACE_BOUND('',#5608,.T.);
#5608=EDGE_LOOP('',(#5609,#5610,#5611));
#5609=ORIENTED_EDGE('',*,*,#5612,.T.);
#5610=ORIENTED_EDGE('',*,*,#5613,.T.);
#5611=ORIENTED_EDGE('',*,*,#5614,.T.);
#5612=EDGE_CURVE('',#551,#563,#5615,.F.);
#5613=EDGE_CURVE('',#563,#555,#5616,.T.);
#5614=EDGE_CURVE('',#555,#551,#5617,.T.);
#5615=LINE('',#550,#5618);
#5616=LINE('',#562,#5619);
#5617=LINE('',#554,#5620);
#5618=VECTOR('',#5621,1.0);
#5619=VECTOR('',#5622,1.0);
#5620=VECTOR('',#5623,1.0);
#5621=DIRECTION('',(0,-1,0));
#5622=DIRECTION('',(0,0.21983912974654327,0.9755361382502867));
#5623=DIRECTION('',(0,0,-1));
ENDSEC;
END-ISO-10303-21;
